"linha","tipo","marca","modelo","nome","descricao","tem_pdf","pdf_url"
"1","Trator Agrícola","CASE","8940","CATALOGO DE PEÇAS DE REPOSIÇÃO PARA TRATORES DA MARCA CASE","-","true","https://cdn.appmaq.com.br/appmaq-media/manuals/0196f443-bf80-77da-8e2b-e19db53d71fd/019e1796-ab82-7b30-b986-79a965d4d5f3.pdf"
"2","Trator Agrícola","CASE","8940","CATALOGO DE PEÇAS DO TRATOR CASE IH 8940 EM INGLES","-","true","https://cdn.appmaq.com.br/appmaq-media/manuals/0196f443-bf80-77da-8e2b-e19db53d71fd/019e1796-abd2-79fa-8faf-6c3013f23008.pdf"
"3","Trator Agrícola","CASE","8940","MANUAL DE RELATORIO TECNICO DO TRATOR CASE IH 8940 EM INGLES","-","true","https://cdn.appmaq.com.br/appmaq-media/manuals/0196f443-bf80-77da-8e2b-e19db53d71fd/019e1796-ac94-72b4-8bd4-d749006e9643.pdf"
"4","Trator Agrícola","CASE","FARMALL 100 CAB","CATALOGO DE PEÇAS DE REPOSIÇÃO PARA TRATORES DA MARCA CASE","-","true","https://cdn.appmaq.com.br/appmaq-media/manuals/01957100-b0de-7311-84a0-cd8a8b3bea13/019e179c-9583-789e-8f34-52db6f445fe8.pdf"
"5","Trator Agrícola","CASE","FARMALL 100 CAB","ESPECIFICAÇÕES TECNICAS DOS TRATORES CASE IH 80 - 90 - 100","-","true","https://cdn.appmaq.com.br/appmaq-media/manuals/01957100-b0de-7311-84a0-cd8a8b3bea13/019e179c-95d4-7626-8846-6722e6260ff4.pdf"
"6","Trator Agrícola","CASE","FARMALL 100 CAB","FOLHETO TECNICO DOS TRATORES CASE MODELOS 100 E 110","-","true","https://cdn.appmaq.com.br/appmaq-media/manuals/01957100-b0de-7311-84a0-cd8a8b3bea13/019e179c-96bc-7f4b-9f83-6a5f07014740.pdf"
"7","Trator Agrícola","CASE","FARMALL 100 CAB","FOLHETO TECNICO DOS TRATORES CASE MODELOS 80 – 90 – 100","-","true","https://cdn.appmaq.com.br/appmaq-media/manuals/01957100-b0de-7311-84a0-cd8a8b3bea13/019e179c-95f8-7f82-9fda-25cf48d287e8.pdf"
"8","Trator Agrícola","CASE","FARMALL 100C HI-LO CAB","CATALOGO DE PEÇAS DE REPOSIÇÃO PARA TRATORES DA MARCA CASE","-","true","https://cdn.appmaq.com.br/appmaq-media/manuals/0198e2ab-6ad9-7877-9205-06f6fd751e7a/019e179d-083d-7944-815e-2e6f84a92a24.pdf"
"9","Trator Agrícola","CASE","FARMALL 100C HI-LO CAB","ESPECIFICAÇÕES TECNICAS DOS TRATORES CASE IH 100 E 110","-","true","https://cdn.appmaq.com.br/appmaq-media/manuals/0198e2ab-6ad9-7877-9205-06f6fd751e7a/019e179d-08bf-7669-b7a7-819e00778126.pdf"
"10","Trator Agrícola","CASE","FARMALL 100C HI-LO CAB","ESPECIFICAÇÕES TECNICAS DOS TRATORES CASE IH 80 - 90 - 100","-","true","https://cdn.appmaq.com.br/appmaq-media/manuals/0198e2ab-6ad9-7877-9205-06f6fd751e7a/019e179d-088b-736e-a305-1adf6bb1527d.pdf"
"11","Trator Agrícola","CASE","FARMALL 100C HI-LO CAB","FOLHETO TECNICO DOS TRATORES CASE MODELOS 100 E 110","-","true","https://cdn.appmaq.com.br/appmaq-media/manuals/0198e2ab-6ad9-7877-9205-06f6fd751e7a/019e179d-09df-75f7-94da-fe570e93d112.pdf"
"12","Trator Agrícola","CASE","FARMALL 100C HI-LO CAB","FOLHETO TECNICO DOS TRATORES CASE MODELOS 80 – 90 – 100","-","true","https://cdn.appmaq.com.br/appmaq-media/manuals/0198e2ab-6ad9-7877-9205-06f6fd751e7a/019e179d-0940-70d6-af9d-06527180f15c.pdf"
"13","Trator Agrícola","CASE","FARMALL 100C HI-LO PLAT","CATALOGO DE PEÇAS DE REPOSIÇÃO PARA TRATORES DA MARCA CASE","-","true","https://cdn.appmaq.com.br/appmaq-media/manuals/0198e2ab-d01c-78e1-8479-8b11162e60fe/019e179d-75d8-7ab8-8b94-0664a69a309c.pdf"
"14","Trator Agrícola","CASE","FARMALL 100C HI-LO PLAT","ESPECIFICAÇÕES TECNICAS DOS TRATORES CASE IH 100 E 110","-","true","https://cdn.appmaq.com.br/appmaq-media/manuals/0198e2ab-d01c-78e1-8479-8b11162e60fe/019e179d-76ac-7573-807f-d394c0569e20.pdf"
"15","Trator Agrícola","CASE","FARMALL 100C HI-LO PLAT","ESPECIFICAÇÕES TECNICAS DOS TRATORES CASE IH 80 - 90 - 100","-","true","https://cdn.appmaq.com.br/appmaq-media/manuals/0198e2ab-d01c-78e1-8479-8b11162e60fe/019e179d-7626-7d4f-8fe3-f558300b80c6.pdf"
"16","Trator Agrícola","CASE","FARMALL 100C HI-LO PLAT","FOLHETO TECNICO DOS TRATORES CASE MODELOS 100 E 110","-","true","https://cdn.appmaq.com.br/appmaq-media/manuals/0198e2ab-d01c-78e1-8479-8b11162e60fe/019e179d-777a-7cac-b1fa-5ed9c2847bdd.pdf"
"17","Trator Agrícola","CASE","FARMALL 100C HI-LO PLAT","FOLHETO TECNICO DOS TRATORES CASE MODELOS 80 – 90 – 100","-","true","https://cdn.appmaq.com.br/appmaq-media/manuals/0198e2ab-d01c-78e1-8479-8b11162e60fe/019e179d-7702-732a-a777-55592fcf7b66.pdf"
"18","Trator Agrícola","CASE","FARMALL 100C MECH CAB","CATALOGO DE PEÇAS DE REPOSIÇÃO PARA TRATORES DA MARCA CASE","-","true","https://cdn.appmaq.com.br/appmaq-media/manuals/0198e2ac-7959-77ef-9477-583e2a259cf1/019e179d-fe91-720c-99a3-ca74f75979a0.pdf"
"19","Trator Agrícola","CASE","FARMALL 100C MECH CAB","ESPECIFICAÇÕES TECNICAS DOS TRATORES CASE IH 100 E 110","-","true","https://cdn.appmaq.com.br/appmaq-media/manuals/0198e2ac-7959-77ef-9477-583e2a259cf1/019e179d-ff28-7171-b60e-76f9c90b2567.pdf"
"20","Trator Agrícola","CASE","FARMALL 100C MECH CAB","ESPECIFICAÇÕES TECNICAS DOS TRATORES CASE IH 80 - 90 - 100","-","true","https://cdn.appmaq.com.br/appmaq-media/manuals/0198e2ac-7959-77ef-9477-583e2a259cf1/019e179d-fee8-77de-9f04-4bc0bf95950f.pdf"
"21","Trator Agrícola","CASE","FARMALL 100C MECH CAB","FOLHETO TECNICO DOS TRATORES CASE MODELOS 100 E 110","-","true","https://cdn.appmaq.com.br/appmaq-media/manuals/0198e2ac-7959-77ef-9477-583e2a259cf1/019e179e-003d-7242-9567-643f7904eb86.pdf"
"22","Trator Agrícola","CASE","FARMALL 100C MECH CAB","FOLHETO TECNICO DOS TRATORES CASE MODELOS 80 – 90 – 100","-","true","https://cdn.appmaq.com.br/appmaq-media/manuals/0198e2ac-7959-77ef-9477-583e2a259cf1/019e179d-ffce-76dd-a657-81119136d4b4.pdf"
"23","Trator Agrícola","CASE","FARMALL 100C MECH ROPS","CATALOGO DE PEÇAS DE REPOSIÇÃO PARA TRATORES DA MARCA CASE","-","true","https://cdn.appmaq.com.br/appmaq-media/manuals/0198e2ac-be98-7e64-9c4a-f04052669202/019e179e-7b8d-7a45-9cff-73efc6b75e3e.pdf"
"24","Trator Agrícola","CASE","FARMALL 100C MECH ROPS","ESPECIFICAÇÕES TECNICAS DOS TRATORES CASE IH 100 E 110","-","true","https://cdn.appmaq.com.br/appmaq-media/manuals/0198e2ac-be98-7e64-9c4a-f04052669202/019e179e-7bfd-7574-95a1-72673324b8d4.pdf"
"25","Trator Agrícola","CASE","FARMALL 100C MECH ROPS","ESPECIFICAÇÕES TECNICAS DOS TRATORES CASE IH 80 - 90 - 100","-","true","https://cdn.appmaq.com.br/appmaq-media/manuals/0198e2ac-be98-7e64-9c4a-f04052669202/019e179e-7bdd-7826-8de3-417a496dec29.pdf"
"26","Trator Agrícola","CASE","FARMALL 100C MECH ROPS","FOLHETO TECNICO DOS TRATORES CASE MODELOS 100 E 110","-","true","https://cdn.appmaq.com.br/appmaq-media/manuals/0198e2ac-be98-7e64-9c4a-f04052669202/019e179e-7cd9-7b82-91b4-fe79bbaed4ff.pdf"
"27","Trator Agrícola","CASE","FARMALL 100C MECH ROPS","FOLHETO TECNICO DOS TRATORES CASE MODELOS 80 – 90 – 100","-","true","https://cdn.appmaq.com.br/appmaq-media/manuals/0198e2ac-be98-7e64-9c4a-f04052669202/019e179e-7c85-79ea-9fdf-5942b65330ef.pdf"
"28","Trator Agrícola","CASE","FARMALL 100 PLAT","CATALOGO DE PEÇAS DE REPOSIÇÃO PARA TRATORES DA MARCA CASE","-","true","https://cdn.appmaq.com.br/appmaq-media/manuals/0198e2a4-e6b2-7d91-9ec3-6c7d447bb4ac/019e17a5-1591-73e2-8b40-ac6b769c8412.pdf"
"29","Trator Agrícola","CASE","FARMALL 100 PLAT","ESPECIFICAÇÕES TECNICAS DOS TRATORES CASE IH 80 - 90 - 100","-","true","https://cdn.appmaq.com.br/appmaq-media/manuals/0198e2a4-e6b2-7d91-9ec3-6c7d447bb4ac/019e17a5-15e5-758f-a7ac-1c0a80ff49c5.pdf"
"30","Trator Agrícola","CASE","FARMALL 100 PLAT","FOLHETO TECNICO DOS TRATORES CASE MODELOS 100 E 110","-","true","https://cdn.appmaq.com.br/appmaq-media/manuals/0198e2a4-e6b2-7d91-9ec3-6c7d447bb4ac/019e17a5-16dd-75de-ab33-965efbf6e873.pdf"
"31","Trator Agrícola","CASE","FARMALL 100 PLAT","FOLHETO TECNICO DOS TRATORES CASE MODELOS 80 – 90 – 100","-","true","https://cdn.appmaq.com.br/appmaq-media/manuals/0198e2a4-e6b2-7d91-9ec3-6c7d447bb4ac/019e17a5-1612-7da2-ba56-65bb8c3b5931.pdf"
"32","Trator Agrícola","CASE","FARMALL 110A CAB","CATALOGO DE PEÇAS DE REPOSIÇÃO PARA TRATORES DA MARCA CASE","-","true","https://cdn.appmaq.com.br/appmaq-media/manuals/01957100-b0de-7512-bc71-9d796d7eb3b3/019e17a5-c98d-7e00-95b2-6dffa7892f8f.pdf"
"33","Trator Agrícola","CASE","FARMALL 110A CAB","ESPECIFICAÇÕES TECNICAS DOS TRATORES CASE IH 100 E 110","-","true","https://cdn.appmaq.com.br/appmaq-media/manuals/01957100-b0de-7512-bc71-9d796d7eb3b3/019e17a5-c9dc-70db-8382-9358e2733d78.pdf"
"34","Trator Agrícola","CASE","FARMALL 110A CAB","FOLHETO TECNICO DOS TRATORES CASE MODELOS 100 E 110","-","true","https://cdn.appmaq.com.br/appmaq-media/manuals/01957100-b0de-7512-bc71-9d796d7eb3b3/019e17a5-c9fa-77d0-9b30-c650874f4af3.pdf"
"35","Trator Agrícola","CASE","FARMALL 110A CAB","MANUAL DO OPERADOR PARA OS TRATORES CASE IH FARMALL 110 - 120A E 130A","-","true","https://cdn.appmaq.com.br/appmaq-media/manuals/01957100-b0de-7512-bc71-9d796d7eb3b3/019e17a5-cb25-7f4b-9417-5666e6ddb317.pdf"
"36","Trator Agrícola","CASE","FARMALL 110C MECH CAB","CATALOGO DE PEÇAS DE REPOSIÇÃO PARA TRATORES DA MARCA CASE","-","true","https://cdn.appmaq.com.br/appmaq-media/manuals/0198e2ae-74f3-7f17-904b-eef1030659ca/019e17a6-a3ee-7f3d-81db-94ebb0e9e9fa.pdf"
"37","Trator Agrícola","CASE","FARMALL 110C MECH CAB","ESPECIFICAÇÕES TECNICAS DOS TRATORES CASE IH 100 E 110","-","true","https://cdn.appmaq.com.br/appmaq-media/manuals/0198e2ae-74f3-7f17-904b-eef1030659ca/019e17a6-a4c2-7e25-ae81-96e3bbfb9e3d.pdf"
"38","Trator Agrícola","CASE","FARMALL 110C MECH CAB","ESPECIFICAÇÕES TECNICAS DOS TRATORES CASE IH 80 - 90 - 100","-","true","https://cdn.appmaq.com.br/appmaq-media/manuals/0198e2ae-74f3-7f17-904b-eef1030659ca/019e17a6-a440-7169-bd31-00dfed0e93de.pdf"
"39","Trator Agrícola","CASE","FARMALL 110C MECH CAB","FOLHETO TECNICO DOS TRATORES CASE MODELOS 100 E 110","-","true","https://cdn.appmaq.com.br/appmaq-media/manuals/0198e2ae-74f3-7f17-904b-eef1030659ca/019e17a6-a58b-777c-a354-c82dc305e966.pdf"
"40","Trator Agrícola","CASE","FARMALL 110C MECH CAB","FOLHETO TECNICO DOS TRATORES CASE MODELOS 80 – 90 – 100","-","true","https://cdn.appmaq.com.br/appmaq-media/manuals/0198e2ae-74f3-7f17-904b-eef1030659ca/019e17a6-a4d6-7b4f-8a50-1153f86bc370.pdf"
"41","Trator Agrícola","CASE","FARMALL 110C MECH PLAT","CATALOGO DE PEÇAS DE REPOSIÇÃO PARA TRATORES DA MARCA CASE","-","true","https://cdn.appmaq.com.br/appmaq-media/manuals/0198e2ae-fed3-7d7e-83d5-c4b1ada11997/019e17a7-4624-7b24-b840-0df44e211157.pdf"
"42","Trator Agrícola","CASE","FARMALL 110C MECH PLAT","ESPECIFICAÇÕES TECNICAS DOS TRATORES CASE IH 100 E 110","-","true","https://cdn.appmaq.com.br/appmaq-media/manuals/0198e2ae-fed3-7d7e-83d5-c4b1ada11997/019e17a7-4695-7030-82e5-b51bc15e03f8.pdf"
"43","Trator Agrícola","CASE","FARMALL 110C MECH PLAT","FOLHETO TECNICO DOS TRATORES CASE MODELOS 100 E 110","-","true","https://cdn.appmaq.com.br/appmaq-media/manuals/0198e2ae-fed3-7d7e-83d5-c4b1ada11997/019e17a7-46b3-7cee-8349-2b792585060b.pdf"
"44","Trator Agrícola","CASE","FARMALL 110 HI-LO CAB","CATALOGO DE PEÇAS DE REPOSIÇÃO PARA TRATORES DA MARCA CASE","-","true","https://cdn.appmaq.com.br/appmaq-media/manuals/0198e2a9-c8e1-77ef-91c2-4919de35d645/019e17a7-d57a-7293-83af-489d9397f292.pdf"
"45","Trator Agrícola","CASE","FARMALL 110 HI-LO CAB","ESPECIFICAÇÕES TECNICAS DOS TRATORES CASE IH 100 E 110","-","true","https://cdn.appmaq.com.br/appmaq-media/manuals/0198e2a9-c8e1-77ef-91c2-4919de35d645/019e17a7-d5ca-7f05-84e0-4385ce0195f6.pdf"
"46","Trator Agrícola","CASE","FARMALL 110 HI-LO CAB","FOLHETO TECNICO DOS TRATORES CASE MODELOS 100 E 110","-","true","https://cdn.appmaq.com.br/appmaq-media/manuals/0198e2a9-c8e1-77ef-91c2-4919de35d645/019e17a7-d5fd-744f-b319-8f4c4c6126f6.pdf"
"47","Trator Agrícola","CASE","FARMALL 110 HI-LO PLAT","CATALOGO DE PEÇAS DE REPOSIÇÃO PARA TRATORES DA MARCA CASE","-","true","https://cdn.appmaq.com.br/appmaq-media/manuals/0198e2aa-5140-7262-b9b5-f50e69df8123/019e17a8-75b9-7d77-8905-c6a1d02919c4.pdf"
"48","Trator Agrícola","CASE","FARMALL 110 HI-LO PLAT","ESPECIFICAÇÕES TECNICAS DOS TRATORES CASE IH 100 E 110","-","true","https://cdn.appmaq.com.br/appmaq-media/manuals/0198e2aa-5140-7262-b9b5-f50e69df8123/019e17a8-7608-7d64-a63c-3ea8e7f5f1bd.pdf"
"49","Trator Agrícola","CASE","FARMALL 110 HI-LO PLAT","FOLHETO TECNICO DOS TRATORES CASE MODELOS 100 E 110","-","true","https://cdn.appmaq.com.br/appmaq-media/manuals/0198e2aa-5140-7262-b9b5-f50e69df8123/019e17a8-76a6-7833-94ce-152728f89ebd.pdf"
"50","Trator Agrícola","CASE","FARMALL 110 ROPS","CATALOGO DE PEÇAS DE REPOSIÇÃO PARA TRATORES DA MARCA CASE","-","true","https://cdn.appmaq.com.br/appmaq-media/manuals/0198e2b3-e1d4-7dd7-8bbb-451b404b4c58/019e17a9-00c6-7d70-a804-0ad8d82d919b.pdf"
"51","Trator Agrícola","CASE","FARMALL 110 ROPS","ESPECIFICAÇÕES TECNICAS DOS TRATORES CASE IH 100 E 110","-","true","https://cdn.appmaq.com.br/appmaq-media/manuals/0198e2b3-e1d4-7dd7-8bbb-451b404b4c58/019e17a9-0117-71b2-bf95-580ca5e816e7.pdf"
"52","Trator Agrícola","CASE","FARMALL 110 ROPS","FOLHETO TECNICO DOS TRATORES CASE MODELOS 100 E 110","-","true","https://cdn.appmaq.com.br/appmaq-media/manuals/0198e2b3-e1d4-7dd7-8bbb-451b404b4c58/019e17a9-0128-7859-9f3a-0388ed2637f9.pdf"
"53","Trator Agrícola","CASE","FARMALL 120A","CATALOGO DE PEÇAS DE REPOSIÇÃO PARA TRATORES DA MARCA CASE","-","true","https://cdn.appmaq.com.br/appmaq-media/manuals/0195b3ba-39a6-7958-9837-23d24d037f0d/019e17a9-719a-70cc-921e-bf3d8c7ec877.pdf"
"54","Trator Agrícola","CASE","FARMALL 120A","MANUAL DO OPERADOR PARA OS TRATORES CASE IH FARMALL 110 - 120A E 130A","-","true","https://cdn.appmaq.com.br/appmaq-media/manuals/0195b3ba-39a6-7958-9837-23d24d037f0d/019e17a9-721d-7336-b55c-509602720688.pdf"
"55","Trator Agrícola","CASE","FARMALL 130A CAB","CATALOGO DE PEÇAS DE REPOSIÇÃO PARA TRATORES DA MARCA CASE","-","true","https://cdn.appmaq.com.br/appmaq-media/manuals/0196f443-bf95-77a7-bd1a-814cdb7269ab/019e17a9-e486-73b2-b318-4cd8705ff7d1.pdf"
"56","Trator Agrícola","CASE","FARMALL 130A CAB","FOLHETO TECNICO DO TRATOR CASE MODELO 130A","-","true","https://cdn.appmaq.com.br/appmaq-media/manuals/0196f443-bf95-77a7-bd1a-814cdb7269ab/019e17a9-e4d5-729e-b0a8-c21807a79caf.pdf"
"57","Trator Agrícola","CASE","FARMALL 130A CAB","MANUAL DO OPERADOR PARA OS TRATORES CASE IH FARMALL 110 - 120A E 130A","-","true","https://cdn.appmaq.com.br/appmaq-media/manuals/0196f443-bf95-77a7-bd1a-814cdb7269ab/019e17a9-e534-7504-a157-5528fb8e9ac2.pdf"
"58","Trator Agrícola","CASE","FARMALL 130 ROPS","CATALOGO DE PEÇAS DE REPOSIÇÃO PARA TRATORES DA MARCA CASE","-","true","https://cdn.appmaq.com.br/appmaq-media/manuals/0195b3ba-39a6-7155-851e-10fc984b312c/019e17aa-555b-7065-bc64-d77f59fbf7a0.pdf"
"59","Trator Agrícola","CASE","FARMALL 130 ROPS","FOLHETO TECNICO DO TRATOR CASE MODELO 130A","-","true","https://cdn.appmaq.com.br/appmaq-media/manuals/0195b3ba-39a6-7155-851e-10fc984b312c/019e17aa-55a9-78fe-a145-e0e2d20cd31c.pdf"
"60","Trator Agrícola","CASE","FARMALL 130 ROPS","MANUAL DO OPERADOR PARA OS TRATORES CASE IH FARMALL 110 - 120A E 130A","-","true","https://cdn.appmaq.com.br/appmaq-media/manuals/0195b3ba-39a6-7155-851e-10fc984b312c/019e17aa-55ce-73ac-be72-1f157cc066dd.pdf"
"61","Trator Agrícola","CASE","FARMALL 60","CATALOGO DE PEÇAS DE REPOSIÇÃO PARA TRATORES DA MARCA CASE","-","true","https://cdn.appmaq.com.br/appmaq-media/manuals/019e178e-700f-7e2a-b896-c83ac046235d/019e1798-6ab8-75ff-b11a-65961091f92f.pdf"
"62","Trator Agrícola","CASE","FARMALL 60","MANUAL DE SERVIÇOS DOS TRATORES CASE IH FARMAL 60 - 70 – 80 - 95","-","true","https://cdn.appmaq.com.br/appmaq-media/manuals/019e178e-700f-7e2a-b896-c83ac046235d/019e1798-6b08-7e36-ab92-6cb8de4832cc.pdf"
"63","Trator Agrícola","CASE","FARMALL 60","MANUAL DO OPERADOR PARA OS TRATORES FARMALL 60, 70, 80 E 95","-","true","https://cdn.appmaq.com.br/appmaq-media/manuals/019e178e-700f-7e2a-b896-c83ac046235d/019e1798-790e-7ae3-aa37-2ed135a52512.pdf"
"64","Trator Agrícola","CASE","FARMALL 70","CATALOGO DE PEÇAS DE REPOSIÇÃO PARA TRATORES DA MARCA CASE","-","true","https://cdn.appmaq.com.br/appmaq-media/manuals/019e178e-a3b3-7b75-8384-b10338bef4bd/019e1799-e804-7787-9629-bab66260bc16.pdf"
"65","Trator Agrícola","CASE","FARMALL 70","MANUAL DE SERVIÇOS DOS TRATORES CASE IH FARMAL 60 - 70 – 80 - 95","-","true","https://cdn.appmaq.com.br/appmaq-media/manuals/019e178e-a3b3-7b75-8384-b10338bef4bd/019e1799-e85e-7dc9-bdd2-c01e41d891a1.pdf"
"66","Trator Agrícola","CASE","FARMALL 70","MANUAL DO OPERADOR PARA OS TRATORES FARMALL 60, 70, 80 E 95","-","true","https://cdn.appmaq.com.br/appmaq-media/manuals/019e178e-a3b3-7b75-8384-b10338bef4bd/019e1799-f656-787d-9c70-d2d0eb09b0fc.pdf"
"67","Trator Agrícola","CASE","FARMALL 80","CATALOGO DE PEÇAS DE REPOSIÇÃO PARA TRATORES DA MARCA CASE","-","true","https://cdn.appmaq.com.br/appmaq-media/manuals/019e178f-2538-720a-9474-0289c56900d1/019e179b-645e-7cdf-a4cf-75020f938a20.pdf"
"68","Trator Agrícola","CASE","FARMALL 80","ESPECIFICAÇÕES TECNICAS DOS TRATORES CASE IH 80 - 90 - 100","-","true","https://cdn.appmaq.com.br/appmaq-media/manuals/019e178f-2538-720a-9474-0289c56900d1/019e179b-64ae-7ba4-88d8-800ed67bbc50.pdf"
"69","Trator Agrícola","CASE","FARMALL 80","FOLHETO TECNICO DOS TRATORES CASE MODELOS 80 – 90 – 100","-","true","https://cdn.appmaq.com.br/appmaq-media/manuals/019e178f-2538-720a-9474-0289c56900d1/019e179b-64c9-72ee-9b19-27e91173481a.pdf"
"70","Trator Agrícola","CASE","FARMALL 80","MANUAL DE SERVIÇOS DOS TRATORES CASE IH FARMAL 60 - 70 – 80 - 95","-","true","https://cdn.appmaq.com.br/appmaq-media/manuals/019e178f-2538-720a-9474-0289c56900d1/019e179b-6562-7a04-8ed1-da66b6787ff3.pdf"
"71","Trator Agrícola","CASE","FARMALL 80","MANUAL DO OPERADOR PARA OS TRATORES FARMALL 60, 70, 80 E 95","-","true","https://cdn.appmaq.com.br/appmaq-media/manuals/019e178f-2538-720a-9474-0289c56900d1/019e179b-73fb-74b9-89a2-167c3a13f8cd.pdf"
"72","Trator Agrícola","CASE","FARMALL 80 CAB","CATALOGO DE PEÇAS DE REPOSIÇÃO PARA TRATORES DA MARCA CASE","-","true","https://cdn.appmaq.com.br/appmaq-media/manuals/01957100-b0de-7caf-821c-b370c6442708/019e17ab-ada4-73fe-bdad-48360df2891f.pdf"
"73","Trator Agrícola","CASE","FARMALL 80 CAB","ESPECIFICAÇÕES TECNICAS DOS TRATORES CASE IH 80 - 90 - 100","-","true","https://cdn.appmaq.com.br/appmaq-media/manuals/01957100-b0de-7caf-821c-b370c6442708/019e17ab-adf4-722e-aa11-a31a8e71a4f2.pdf"
"74","Trator Agrícola","CASE","FARMALL 80 CAB","FOLHETO TECNICO DOS TRATORES CASE MODELOS 80 – 90 – 100","-","true","https://cdn.appmaq.com.br/appmaq-media/manuals/01957100-b0de-7caf-821c-b370c6442708/019e17ab-ae1f-7821-a9de-c1ee9876bf4a.pdf"
"75","Trator Agrícola","CASE","FARMALL 80 CAB","MANUAL DE SERVIÇOS DOS TRATORES CASE IH FARMAL 60 - 70 – 80 - 95","-","true","https://cdn.appmaq.com.br/appmaq-media/manuals/01957100-b0de-7caf-821c-b370c6442708/019e17ab-aeea-72f0-a341-453480963081.pdf"
"76","Trator Agrícola","CASE","FARMALL 80 PLAT","CATALOGO DE PEÇAS DE REPOSIÇÃO PARA TRATORES DA MARCA CASE","-","true","https://cdn.appmaq.com.br/appmaq-media/manuals/0198e2a2-5eac-74ca-86da-7ee676ba453c/019e17ad-2244-7e5e-a502-7f3484b19f4a.pdf"
"77","Trator Agrícola","CASE","FARMALL 80 PLAT","ESPECIFICAÇÕES TECNICAS DOS TRATORES CASE IH 80 - 90 - 100","-","true","https://cdn.appmaq.com.br/appmaq-media/manuals/0198e2a2-5eac-74ca-86da-7ee676ba453c/019e17ad-2296-7812-98c1-be70299ed91c.pdf"
"78","Trator Agrícola","CASE","FARMALL 80 PLAT","FOLHETO TECNICO DOS TRATORES CASE MODELOS 80 – 90 – 100","-","true","https://cdn.appmaq.com.br/appmaq-media/manuals/0198e2a2-5eac-74ca-86da-7ee676ba453c/019e17ad-22b0-795b-84d1-fa8db9b7e5bf.pdf"
"79","Trator Agrícola","CASE","FARMALL 80 PLAT","MANUAL DE SERVIÇOS DOS TRATORES CASE IH FARMAL 60 - 70 – 80 - 95","-","true","https://cdn.appmaq.com.br/appmaq-media/manuals/0198e2a2-5eac-74ca-86da-7ee676ba453c/019e17ad-2371-702f-a1f0-1ee67c617fd7.pdf"
"80","Trator Agrícola","CASE","FARMALL 90 CAB","CATALOGO DE PEÇAS DE REPOSIÇÃO PARA TRATORES DA MARCA CASE","-","true","https://cdn.appmaq.com.br/appmaq-media/manuals/0196f443-bf95-7f36-9d04-b678b99a980a/019e17ad-c6af-7bc4-975f-b2d56d505648.pdf"
"81","Trator Agrícola","CASE","FARMALL 90 CAB","ESPECIFICAÇÕES TECNICAS DOS TRATORES CASE IH 80 - 90 - 100","-","true","https://cdn.appmaq.com.br/appmaq-media/manuals/0196f443-bf95-7f36-9d04-b678b99a980a/019e17ad-c700-733e-a30f-7dcd890c4a8d.pdf"
"82","Trator Agrícola","CASE","FARMALL 90 CAB","FOLHETO TECNICO DOS TRATORES CASE MODELOS 80 – 90 – 100","-","true","https://cdn.appmaq.com.br/appmaq-media/manuals/0196f443-bf95-7f36-9d04-b678b99a980a/019e17ad-c725-7920-857b-9b93053f27b9.pdf"
"83","Trator Agrícola","CASE","FARMALL 90 PLAT","CATALOGO DE PEÇAS DE REPOSIÇÃO PARA TRATORES DA MARCA CASE","-","true","https://cdn.appmaq.com.br/appmaq-media/manuals/0198e2a3-67fb-7ffa-bf3b-9545de1b3999/019e17ae-41a8-74b3-a1ae-7757376ba8a4.pdf"
"84","Trator Agrícola","CASE","FARMALL 90 PLAT","ESPECIFICAÇÕES TECNICAS DOS TRATORES CASE IH 80 - 90 - 100","-","true","https://cdn.appmaq.com.br/appmaq-media/manuals/0198e2a3-67fb-7ffa-bf3b-9545de1b3999/019e17ae-41f6-736f-a781-bb9795449bdc.pdf"
"85","Trator Agrícola","CASE","FARMALL 90 PLAT","FOLHETO TECNICO DOS TRATORES CASE MODELOS 80 – 90 – 100","-","true","https://cdn.appmaq.com.br/appmaq-media/manuals/0198e2a3-67fb-7ffa-bf3b-9545de1b3999/019e17ae-427a-71d7-a5cc-6f9930eea380.pdf"
"86","Trator Agrícola","CASE","FARMALL 95 CAB","CATALOGO DE PEÇAS DE REPOSIÇÃO PARA TRATORES DA MARCA CASE","-","true","https://cdn.appmaq.com.br/appmaq-media/manuals/01957100-b0de-7edf-8133-248b8598b9ff/019e17af-c797-7f6c-b0c9-0d51525e8169.pdf"
"87","Trator Agrícola","CASE","FARMALL 95 CAB","ESPECIFICAÇÕES DOS TRATORES CASE IH FARMALL 80 E 95","-","true","https://cdn.appmaq.com.br/appmaq-media/manuals/01957100-b0de-7edf-8133-248b8598b9ff/019e17af-c7eb-711f-9f2c-76a8d92ea715.pdf"
"88","Trator Agrícola","CASE","FARMALL 95 CAB","MANUAL DE SERVIÇOS DOS TRATORES CASE IH FARMAL 60 - 70 – 80 - 95","-","true","https://cdn.appmaq.com.br/appmaq-media/manuals/01957100-b0de-7edf-8133-248b8598b9ff/019e17af-c897-736d-8086-bc47f028cc0a.pdf"
"89","Trator Agrícola","CASE","FARMALL 95 CAB","MANUAL DO OPERADOR TRATOR CASE IH FARMALL 95","-","true","https://cdn.appmaq.com.br/appmaq-media/manuals/01957100-b0de-7edf-8133-248b8598b9ff/019e17af-d6fa-7c5e-8f08-3291c7b60211.pdf"
"90","Trator Agrícola","CASE","FARMALL MAX 140","CATALOGO DE PEÇAS DE REPOSIÇÃO PARA TRATORES DA MARCA CASE","-","true","https://cdn.appmaq.com.br/appmaq-media/manuals/0198e2ce-769d-76be-b444-c1c8715894b2/019e17b2-5352-7299-aab8-beb142fc4fa4.pdf"
"91","Trator Agrícola","CASE","FARMALL MAX 140","ESPECIFICAÇÕES TECNICAS DO TRATOR CASE FARMALL MAX 140","-","true","https://cdn.appmaq.com.br/appmaq-media/manuals/0198e2ce-769d-76be-b444-c1c8715894b2/019e17b2-53a5-7e4f-9b40-dc5a461fb79e.pdf"
"92","Trator Agrícola","CASE","FARMALL MAX 140","FOLHETO TECNICO DO TRATOR CASE FARMALL MAX 140","-","true","https://cdn.appmaq.com.br/appmaq-media/manuals/0198e2ce-769d-76be-b444-c1c8715894b2/019e17b2-53c9-792c-93ef-af4276bfbac0.pdf"
"93","Trator Agrícola","CASE","MAGNUM 180","DIAGNOSTICO ELÉTRICO TRATORES CASE - MAGNUM - ESP","-","true","https://cdn.appmaq.com.br/appmaq-media/manuals/01957100-b0de-7ce3-8b5f-ea90e1565816/019e92e2-2c84-7aec-8ebb-d27868d891f4.pdf"
"94","Trator Agrícola","CASE","MAGNUM 180","MANUAL DE SERVIÇO DA CASE MAGNUM 180 -200 -220 -240 EM INGLES","-","true","https://cdn.appmaq.com.br/appmaq-media/manuals/01957100-b0de-7ce3-8b5f-ea90e1565816/019e21b2-fb85-79fa-8115-2bc13366d0a7.pdf"
"95","Trator Agrícola","CASE","MAGNUM 180","MANUAL DO OPERADOR DOS TRATORES CASE MAGNUM 180 -200 -220 -240 EM INGLES","-","true","https://cdn.appmaq.com.br/appmaq-media/manuals/01957100-b0de-7ce3-8b5f-ea90e1565816/019e21b2-fbf8-7803-b13d-f2fae93294ee.pdf"
"96","Trator Agrícola","CASE","MAGNUM 215","DIAGNOSTICO ELÉTRICO TRATORES CASE - MAGNUM - ESP","-","true","https://cdn.appmaq.com.br/appmaq-media/manuals/019e28d5-4520-7493-9721-2116961d555d/019e92e2-aeb0-7ebb-960f-9604bd5d1ceb.pdf"
"97","Trator Agrícola","CASE","MAGNUM 215","MANUAL DE SERVIÇO DO TRATOR CASE IH MAXXUM 215 EM INGLES","-","true","https://cdn.appmaq.com.br/appmaq-media/manuals/019e28d5-4520-7493-9721-2116961d555d/019e28d8-6d3d-7f29-a6b2-a6659bc5fbb8.pdf"
"98","Trator Agrícola","CASE","MAGNUM 220","APRESENTAÇÃO TÉCNICA TRATORES MAGNUM - 220-240 - 270 - CASE","-","true","https://cdn.appmaq.com.br/appmaq-media/manuals/019e21aa-b7f2-7c77-8315-cbd1c9e37903/019e27ca-93ba-7db3-b8cb-1a7b1a85fa16.pdf"
"99","Trator Agrícola","CASE","MAGNUM 220","DIAGNOSTICO ELÉTRICO TRATORES CASE - MAGNUM - ESP","-","true","https://cdn.appmaq.com.br/appmaq-media/manuals/019e21aa-b7f2-7c77-8315-cbd1c9e37903/019e92e3-481d-72ef-bdd3-25b170cf0888.pdf"
"100","Trator Agrícola","CASE","MAGNUM 220","ESPECIFICAÇÃO TÉCNICA TRATOR CASE - MAGNUM 220 - 240 - 270 - 305","-","true","https://cdn.appmaq.com.br/appmaq-media/manuals/019e21aa-b7f2-7c77-8315-cbd1c9e37903/019e27ca-9482-7a8a-96e2-d6a13fdde67f.pdf"
"101","Trator Agrícola","CASE","MAGNUM 220","MANUAL DE SERVIÇO DA CASE MAGNUM 180 -200 -220 -240 EM INGLES","-","true","https://cdn.appmaq.com.br/appmaq-media/manuals/019e21aa-b7f2-7c77-8315-cbd1c9e37903/019e21b3-66f4-725a-b9f2-d42da7e84bfb.pdf"
"102","Trator Agrícola","CASE","MAGNUM 220","MANUAL DO OPERADOR DOS TRATORES CASE MAGNUM 180 -200 -220 -240 EM INGLES","-","true","https://cdn.appmaq.com.br/appmaq-media/manuals/019e21aa-b7f2-7c77-8315-cbd1c9e37903/019e21b3-6764-7a8d-afcb-d00748467e4e.pdf"
"103","Trator Agrícola","CASE","MAGNUM 235","CÁUCULO DE LASTRO PARA TRATORES - CASE","-","true","https://cdn.appmaq.com.br/appmaq-media/manuals/01957100-b0de-773c-b22b-a84380444585/019e21ce-4c56-725c-92fa-0b6f76bbf6f8.pdf"
"104","Trator Agrícola","CASE","MAGNUM 235","DIAGNOSTICO ELÉTRICO TRATORES CASE - MAGNUM - ESP","-","true","https://cdn.appmaq.com.br/appmaq-media/manuals/01957100-b0de-773c-b22b-a84380444585/019e92e3-d179-76ba-9973-a3cd1d38e5d4.pdf"
"105","Trator Agrícola","CASE","MAGNUM 235","ESQUEMA HIDRAULICO DO TRATOR CASE IH MAGNUM 235-260-290-315-340-370","-","true","https://cdn.appmaq.com.br/appmaq-media/manuals/01957100-b0de-773c-b22b-a84380444585/019e21b3-c17f-7555-bf78-893f32bec48e.pdf"
"106","Trator Agrícola","CASE","MAGNUM 235","MANUAL DE ENTREGA TÉCNICA E DIAGNÓSTICO TRATORES MAGNUM - CASE","-","true","https://cdn.appmaq.com.br/appmaq-media/manuals/01957100-b0de-773c-b22b-a84380444585/019e21ce-4c8a-74bb-bab6-99c1dab70393.pdf"
"107","Trator Agrícola","CASE","MAGNUM 235","MANUAL DE SERVIÇO DO CASE MAGNUM 235 MAGNUM 260 MAGNUM 290 MAGNUM 315 MAGNUM 340 MAGNUM 370","-","true","https://cdn.appmaq.com.br/appmaq-media/manuals/01957100-b0de-773c-b22b-a84380444585/019e21b3-c1b7-71de-b3e1-da9fb3b29293.pdf"
"108","Trator Agrícola","CASE","MAGNUM 235","MANUAL DE SERVIÇO TRATORES MAGNUM - CASE - 235-","-","true","https://cdn.appmaq.com.br/appmaq-media/manuals/01957100-b0de-773c-b22b-a84380444585/019e21ce-4db2-7d55-96a1-c1fd48b8ddff.pdf"
"109","Trator Agrícola","CASE","MAGNUM 235","MANUAL DO OPERADOR DO CASE MAGNUM 235 MAGNUM 260 MAGNUM 290 MAGNUM 315 MAGNUM 340","-","true","https://cdn.appmaq.com.br/appmaq-media/manuals/01957100-b0de-773c-b22b-a84380444585/019e21b3-c207-7935-af84-dab0bdefdf6c.pdf"
"110","Trator Agrícola","CASE","MAGNUM 235","MANUTENÇÃO E DIAGNOSTICOS DE TRATORES MAGNUM - CASE","-","true","https://cdn.appmaq.com.br/appmaq-media/manuals/01957100-b0de-773c-b22b-a84380444585/019e21ce-5cf2-740f-a149-e049da8d318b.pdf"
"111","Trator Agrícola","CASE","MAGNUM 235","SISTEMA DE TRANSMISÃO TRATORES MAGNUM - CASE","-","true","https://cdn.appmaq.com.br/appmaq-media/manuals/01957100-b0de-773c-b22b-a84380444585/019e21ce-657c-7c29-8265-faf3a1fe1ae1.pdf"
"112","Trator Agrícola","CASE","MAGNUM 240","APRESENTAÇÃO TÉCNICA TRATORES MAGNUM - 220-240 - 270 - CASE","-","true","https://cdn.appmaq.com.br/appmaq-media/manuals/01957100-b0de-765c-bb5c-cce5da154c1e/019e27cb-dceb-7bd6-8b57-cd31745433e8.pdf"
"113","Trator Agrícola","CASE","MAGNUM 240","DIAGNOSTICO ELÉTRICO TRATORES CASE - MAGNUM - ESP","-","true","https://cdn.appmaq.com.br/appmaq-media/manuals/01957100-b0de-765c-bb5c-cce5da154c1e/019e92e4-631c-77bb-be21-695a99ca2135.pdf"
"114","Trator Agrícola","CASE","MAGNUM 240","ESPECIFICAÇÃO TÉCNICA TRATOR CASE - MAGNUM 220 - 240 - 270 - 305","-","true","https://cdn.appmaq.com.br/appmaq-media/manuals/01957100-b0de-765c-bb5c-cce5da154c1e/019e27cb-ddb4-7533-b0f7-5521d7089813.pdf"
"115","Trator Agrícola","CASE","MAGNUM 240","MANUAL DE SERVIÇO DA CASE MAGNUM 180 -200 -220 -240 EM INGLES","-","true","https://cdn.appmaq.com.br/appmaq-media/manuals/01957100-b0de-765c-bb5c-cce5da154c1e/019e21b4-1d60-72f8-9b1b-272bec7c7c45.pdf"
"116","Trator Agrícola","CASE","MAGNUM 240","MANUAL DO OPERADOR DOS TRATORES CASE MAGNUM 180 -200 -220 -240 EM INGLES","-","true","https://cdn.appmaq.com.br/appmaq-media/manuals/01957100-b0de-765c-bb5c-cce5da154c1e/019e21b4-1dd3-748a-a292-d063cfb37f69.pdf"
"117","Trator Agrícola","CASE","MAGNUM 245","DIAGNOSTICO ELÉTRICO TRATORES CASE - MAGNUM - ESP","-","true","https://cdn.appmaq.com.br/appmaq-media/manuals/019e28d6-0f44-7d30-97c4-1169004ff18d/019e92e5-8ee5-7493-a9e7-b545187d0933.pdf"
"118","Trator Agrícola","CASE","MAGNUM 245","DIAGNOSTICO ELÉTRICO TRATORES CASE - MAGNUM - ESP","-","true","https://cdn.appmaq.com.br/appmaq-media/manuals/019e28d6-0f44-7d30-97c4-1169004ff18d/019e92e4-df2d-7f22-9efd-a62e59cf0d51.pdf"
"119","Trator Agrícola","CASE","MAGNUM 245","MANUAL DE SERVIÇO DO TRATOR CASE IH MAGNUM 245 EM INGLES","-","true","https://cdn.appmaq.com.br/appmaq-media/manuals/019e28d6-0f44-7d30-97c4-1169004ff18d/019e28db-53e4-7c1a-b097-cef7ee4f5ad6.pdf"
"120","Trator Agrícola","CASE","MAGNUM 260","CÁUCULO DE LASTRO PARA TRATORES - CASE","-","true","https://cdn.appmaq.com.br/appmaq-media/manuals/0195b3ba-39a6-7c5d-8694-44f370b2d4e5/019e21d0-aeb1-7dc9-92ee-0715ef1b949e.pdf"
"121","Trator Agrícola","CASE","MAGNUM 260","DIAGNOSTICO ELÉTRICO TRATORES CASE - MAGNUM - ESP","-","true","https://cdn.appmaq.com.br/appmaq-media/manuals/0195b3ba-39a6-7c5d-8694-44f370b2d4e5/019e92e6-0d5f-7045-b023-3d1bdfe4f260.pdf"
"122","Trator Agrícola","CASE","MAGNUM 260","ESQUEMA HIDRAULICO DO TRATOR CASE IH MAGNUM 235-260-290-315-340-370","-","true","https://cdn.appmaq.com.br/appmaq-media/manuals/0195b3ba-39a6-7c5d-8694-44f370b2d4e5/019e21b5-1557-709f-a7ee-1e3103fb22e8.pdf"
"123","Trator Agrícola","CASE","MAGNUM 260","ESQUEMA HIDRAULICO DO TRATOR CASE IH MAGNUM 235-260-290-315-340-370","-","true","https://cdn.appmaq.com.br/appmaq-media/manuals/0195b3ba-39a6-7c5d-8694-44f370b2d4e5/019e21b5-6b54-7e86-b0a2-9284075d19b4.pdf"
"124","Trator Agrícola","CASE","MAGNUM 260","MANUAL DE ENTREGA TÉCNICA E DIAGNÓSTICO TRATORES MAGNUM - CASE","-","true","https://cdn.appmaq.com.br/appmaq-media/manuals/0195b3ba-39a6-7c5d-8694-44f370b2d4e5/019e21d0-aee4-7b28-9cb0-8a698d56e9d4.pdf"
"125","Trator Agrícola","CASE","MAGNUM 260","MANUAL DE SERVIÇO DO CASE MAGNUM 235 MAGNUM 260 MAGNUM 290 MAGNUM 315 MAGNUM 340 MAGNUM 370","-","true","https://cdn.appmaq.com.br/appmaq-media/manuals/0195b3ba-39a6-7c5d-8694-44f370b2d4e5/019e21b5-6b8b-7502-9589-cfdb2df83c50.pdf"
"126","Trator Agrícola","CASE","MAGNUM 260","MANUAL DE SERVIÇO DO CASE MAGNUM 235 MAGNUM 260 MAGNUM 290 MAGNUM 315 MAGNUM 340 MAGNUM 370","-","true","https://cdn.appmaq.com.br/appmaq-media/manuals/0195b3ba-39a6-7c5d-8694-44f370b2d4e5/019e21b5-158e-72ab-b660-a7267dee9a2f.pdf"
"127","Trator Agrícola","CASE","MAGNUM 260","MANUAL DE SERVIÇO TRATORES MAGNUM - CASE -260 -","-","true","https://cdn.appmaq.com.br/appmaq-media/manuals/0195b3ba-39a6-7c5d-8694-44f370b2d4e5/019e21d0-b044-7950-9b59-b3a9d6ac47b9.pdf"
"128","Trator Agrícola","CASE","MAGNUM 260","MANUAL DO OPERADOR DO CASE MAGNUM 235 MAGNUM 260 MAGNUM 290 MAGNUM 315 MAGNUM 340","-","true","https://cdn.appmaq.com.br/appmaq-media/manuals/0195b3ba-39a6-7c5d-8694-44f370b2d4e5/019e21b5-6c20-7369-b6fa-cddfa92c5942.pdf"
"129","Trator Agrícola","CASE","MAGNUM 260","MANUAL DO OPERADOR DO CASE MAGNUM 235 MAGNUM 260 MAGNUM 290 MAGNUM 315 MAGNUM 340","-","true","https://cdn.appmaq.com.br/appmaq-media/manuals/0195b3ba-39a6-7c5d-8694-44f370b2d4e5/019e21b5-162f-70d5-ae15-6d9660b66b5a.pdf"
"130","Trator Agrícola","CASE","MAGNUM 260","MANUTENÇÃO E DIAGNOSTICOS DE TRATORES MAGNUM - CASE","-","true","https://cdn.appmaq.com.br/appmaq-media/manuals/0195b3ba-39a6-7c5d-8694-44f370b2d4e5/019e21d0-bfd9-7ec2-8e1f-f6e547124d6e.pdf"
"131","Trator Agrícola","CASE","MAGNUM 260","SISTEMA DE TRANSMISÃO TRATORES MAGNUM - CASE","-","true","https://cdn.appmaq.com.br/appmaq-media/manuals/0195b3ba-39a6-7c5d-8694-44f370b2d4e5/019e21d0-c28d-70cb-8fe0-3b8161950650.pdf"
"132","Trator Agrícola","CASE","MAGNUM 260","TREINAMENTO TÉCNICO DE SERVIÇOS - TRATORES - CASE - SÉRIE - MAGNUM - 260 - 290 - 315 - 340 - 380 -","-","true","https://cdn.appmaq.com.br/appmaq-media/manuals/0195b3ba-39a6-7c5d-8694-44f370b2d4e5/019ed629-d442-7dc4-996f-d7e0cebd0744.pdf"
"133","Trator Agrícola","CASE","MAGNUM 265","DIAGNOSTICO ELÉTRICO TRATORES CASE - MAGNUM - ESP","-","true","https://cdn.appmaq.com.br/appmaq-media/manuals/0196f443-bf7b-7555-bfaf-ebc1b74b62e6/019e92e6-88ec-77c8-9b4b-2f558ff4e841.pdf"
"134","Trator Agrícola","CASE","MAGNUM 265","ESPECIFICAÇÕES TECNICAS DOS TRATORES CASE IH MAGNUM 265 - 295 - 325 - 355 - 380 - 405","-","true","https://cdn.appmaq.com.br/appmaq-media/manuals/0196f443-bf7b-7555-bfaf-ebc1b74b62e6/019e21b5-d578-7451-8b2d-ead592e3fe75.pdf"
"135","Trator Agrícola","CASE","MAGNUM 265","FOLHETO DOS TRATORES CASE IH MAGNUM 265 - 295 - 325 - 355 - 380 - 405","-","true","https://cdn.appmaq.com.br/appmaq-media/manuals/0196f443-bf7b-7555-bfaf-ebc1b74b62e6/019e21b5-d58d-7022-841c-f33f673f2f64.pdf"
"136","Trator Agrícola","CASE","MAGNUM 270","APRESENTAÇÃO TÉCNICA TRATORES MAGNUM - 220-240 - 270 - CASE","-","true","https://cdn.appmaq.com.br/appmaq-media/manuals/01957100-b0de-7654-a890-00135692c05a/019e2718-2e1a-723d-bd08-03757e71b089.pdf"
"137","Trator Agrícola","CASE","MAGNUM 270","CATALOGO DE PEÇAS CAIXA DE TRANSFERÊNCIA - TRATOR CASE - MAGNUM 270","-","true","https://cdn.appmaq.com.br/appmaq-media/manuals/01957100-b0de-7654-a890-00135692c05a/019e2718-2ee3-7a97-8e14-ac4f35dac1e7.pdf"
"138","Trator Agrícola","CASE","MAGNUM 270","CATALOGO DE PEÇAS TRATORES CASE - MAGNUM 270","-","true","https://cdn.appmaq.com.br/appmaq-media/manuals/01957100-b0de-7654-a890-00135692c05a/019e2718-2f13-7bd2-967e-9c72e62db616.pdf"
"139","Trator Agrícola","CASE","MAGNUM 270","DIAGNOSTICO ELÉTRICO TRATORES CASE - MAGNUM - ESP","-","true","https://cdn.appmaq.com.br/appmaq-media/manuals/01957100-b0de-7654-a890-00135692c05a/019e92e7-1202-782f-9b93-da6ce8ee8770.pdf"
"140","Trator Agrícola","CASE","MAGNUM 270","ESPECIFICAÇÃO TÉCNICA TRATOR CASE - MAGNUM 220 - 240 - 270 - 305","-","true","https://cdn.appmaq.com.br/appmaq-media/manuals/01957100-b0de-7654-a890-00135692c05a/019e2718-302c-72a6-9c73-4a61afcd1bc0.pdf"
"141","Trator Agrícola","CASE","MAGNUM 270","MANUAL DO OPERADOR TRATOR CASE MAGNUM 270","-","true","https://cdn.appmaq.com.br/appmaq-media/manuals/01957100-b0de-7654-a890-00135692c05a/019e21b6-4a01-7ab2-9629-2d40ec665a30.pdf"
"142","Trator Agrícola","CASE","MAGNUM 275","DIAGNOSTICO ELÉTRICO TRATORES CASE - MAGNUM - ESP","-","true","https://cdn.appmaq.com.br/appmaq-media/manuals/019e28d6-8416-7549-a4b3-55e56ac1e4e0/019e92e7-9292-7b3d-adf9-4318c3f4e33c.pdf"
"143","Trator Agrícola","CASE","MAGNUM 275","MANUAL DE SERVIÇO DO TRATOR CASE IH MAGNUM 275 EM INGLES","-","true","https://cdn.appmaq.com.br/appmaq-media/manuals/019e28d6-8416-7549-a4b3-55e56ac1e4e0/019e28dd-326a-7757-934f-f9d9ab3beba7.pdf"
"144","Trator Agrícola","CASE","MAGNUM 290","CÁUCULO DE LASTRO PARA TRATORES - CASE","-","true","https://cdn.appmaq.com.br/appmaq-media/manuals/0195b3ba-39a6-7791-85d5-2dd1c0e2d514/019e21de-fc63-7628-b522-2fd69e186cb8.pdf"
"145","Trator Agrícola","CASE","MAGNUM 290","ESQUEMA HIDRAULICO DO TRATOR CASE IH MAGNUM 235-260-290-315-340-370","-","true","https://cdn.appmaq.com.br/appmaq-media/manuals/0195b3ba-39a6-7791-85d5-2dd1c0e2d514/019e21b6-a13f-7a93-be01-b046f878d49b.pdf"
"146","Trator Agrícola","CASE","MAGNUM 290","MANUAL DE ENTREGA TÉCNICA E DIAGNÓSTICO TRATORES MAGNUM - CASE","-","true","https://cdn.appmaq.com.br/appmaq-media/manuals/0195b3ba-39a6-7791-85d5-2dd1c0e2d514/019e21de-fc94-7ade-b4f7-eb2ad39977a3.pdf"
"147","Trator Agrícola","CASE","MAGNUM 290","MANUAL DE SERVIÇO DO CASE MAGNUM 235 MAGNUM 260 MAGNUM 290 MAGNUM 315 MAGNUM 340 MAGNUM 370","-","true","https://cdn.appmaq.com.br/appmaq-media/manuals/0195b3ba-39a6-7791-85d5-2dd1c0e2d514/019e21b6-a178-710d-ad96-ff44c4cd3ddb.pdf"
"148","Trator Agrícola","CASE","MAGNUM 290","MANUAL DE SERVIÇO TRATORES MAGNUM - CASE - 290 -","-","true","https://cdn.appmaq.com.br/appmaq-media/manuals/0195b3ba-39a6-7791-85d5-2dd1c0e2d514/019e21de-fdb5-7158-a494-88bc7edce241.pdf"
"149","Trator Agrícola","CASE","MAGNUM 290","MANUAL DO OPERADOR DO CASE MAGNUM 235 MAGNUM 260 MAGNUM 290 MAGNUM 315 MAGNUM 340","-","true","https://cdn.appmaq.com.br/appmaq-media/manuals/0195b3ba-39a6-7791-85d5-2dd1c0e2d514/019e21b6-a1dc-7d6b-9a4a-d194897d651f.pdf"
"150","Trator Agrícola","CASE","MAGNUM 290","MANUTENÇÃO E DIAGNOSTICOS DE TRATORES MAGNUM - CASE","-","true","https://cdn.appmaq.com.br/appmaq-media/manuals/0195b3ba-39a6-7791-85d5-2dd1c0e2d514/019e21df-0d00-7d49-9c9b-218cca80e5e9.pdf"
"151","Trator Agrícola","CASE","MAGNUM 290","SISTEMA DE TRANSMISÃO TRATORES MAGNUM - CASE","-","true","https://cdn.appmaq.com.br/appmaq-media/manuals/0195b3ba-39a6-7791-85d5-2dd1c0e2d514/019e21df-0de3-7b3d-af37-9c67c02f0068.pdf"
"152","Trator Agrícola","CASE","MAGNUM 290","TREINAMENTO TÉCNICO DE SERVIÇOS - TRATORES - CASE - SÉRIE - MAGNUM - 260 - 290 - 315 - 340 - 380 -","-","true","https://cdn.appmaq.com.br/appmaq-media/manuals/0195b3ba-39a6-7791-85d5-2dd1c0e2d514/019ed62a-4c73-7100-b058-402d59a7477d.pdf"
"153","Trator Agrícola","CASE","MAGNUM 295","DIAGNOSTICO ELÉTRICO TRATORES CASE - MAGNUM - ESP","-","true","https://cdn.appmaq.com.br/appmaq-media/manuals/0196f443-bf7b-771b-9962-33d17a5e4cc1/019e92e8-3947-7608-a9ab-302561a9c014.pdf"
"154","Trator Agrícola","CASE","MAGNUM 295","ESPECIFICAÇÕES TECNICAS DOS TRATORES CASE IH MAGNUM 265 - 295 - 325 - 355 - 380 - 405","-","true","https://cdn.appmaq.com.br/appmaq-media/manuals/0196f443-bf7b-771b-9962-33d17a5e4cc1/019e21b7-3cfd-7bee-bfc3-17d5c7862fe0.pdf"
"155","Trator Agrícola","CASE","MAGNUM 295","FOLHETO DOS TRATORES CASE IH MAGNUM 265 - 295 - 325 - 355 - 380 - 405","-","true","https://cdn.appmaq.com.br/appmaq-media/manuals/0196f443-bf7b-771b-9962-33d17a5e4cc1/019e21b7-3d13-7d5a-88b3-2c0b9771aea6.pdf"
"156","Trator Agrícola","CASE","MAGNUM 305","DIAGNOSTICO ELÉTRICO TRATORES CASE - MAGNUM - ESP","-","true","https://cdn.appmaq.com.br/appmaq-media/manuals/0196f443-bf7b-799e-8570-7015b0729196/019e92e8-c0aa-7ad9-9ce4-7e4a7b7c14cb.pdf"
"157","Trator Agrícola","CASE","MAGNUM 305","ESPECIFICAÇÃO TÉCNICA TRATOR CASE - MAGNUM 220 - 240 - 270 - 305","-","true","https://cdn.appmaq.com.br/appmaq-media/manuals/0196f443-bf7b-799e-8570-7015b0729196/019e27cc-a29b-7164-aa0e-0e67abf781db.pdf"
"158","Trator Agrícola","CASE","MAGNUM 305","MANUAL DE SERVIÇO DO TRATOR CASE IH MAGNUM 305 EM INGLES","-","true","https://cdn.appmaq.com.br/appmaq-media/manuals/0196f443-bf7b-799e-8570-7015b0729196/019e28dd-b4f2-7433-bdb0-818d51a96806.pdf"
"159","Trator Agrícola","CASE","MAGNUM 305","MANUAL DE SERVIÇO DO TRATOR CASE IH MAXXUM 305 EM INGLES","-","true","https://cdn.appmaq.com.br/appmaq-media/manuals/0196f443-bf7b-799e-8570-7015b0729196/019e21be-b458-78e6-aef3-d962684f75b4.pdf"
"160","Trator Agrícola","CASE","MAGNUM 315","CÁUCULO DE LASTRO PARA TRATORES - CASE","-","true","https://cdn.appmaq.com.br/appmaq-media/manuals/01957100-b0de-7370-843a-8cb1eabcf846/019e21e1-ee01-7275-a6f1-96a300ff8a8c.pdf"
"161","Trator Agrícola","CASE","MAGNUM 315","DIAGNOSTICO ELÉTRICO TRATORES CASE - MAGNUM - ESP","-","true","https://cdn.appmaq.com.br/appmaq-media/manuals/01957100-b0de-7370-843a-8cb1eabcf846/019e92e9-44bd-7b20-b01a-8f9d45b22fe2.pdf"
"162","Trator Agrícola","CASE","MAGNUM 315","ESQUEMA HIDRAULICO DO TRATOR CASE IH MAGNUM 235-260-290-315-340-370","-","true","https://cdn.appmaq.com.br/appmaq-media/manuals/01957100-b0de-7370-843a-8cb1eabcf846/019e21bf-2fe0-7f0c-87a2-777e193c2ee8.pdf"
"163","Trator Agrícola","CASE","MAGNUM 315","MANUAL DE ENTREGA TÉCNICA E DIAGNÓSTICO TRATORES MAGNUM - CASE","-","true","https://cdn.appmaq.com.br/appmaq-media/manuals/01957100-b0de-7370-843a-8cb1eabcf846/019e21e1-ee6e-7266-91c1-5f64499af1bf.pdf"
"164","Trator Agrícola","CASE","MAGNUM 315","MANUAL DE SERVIÇO DO CASE MAGNUM 235 MAGNUM 260 MAGNUM 290 MAGNUM 315 MAGNUM 340 MAGNUM 370","-","true","https://cdn.appmaq.com.br/appmaq-media/manuals/01957100-b0de-7370-843a-8cb1eabcf846/019e21bf-302a-7c17-b8c4-c15b30ae47a1.pdf"
"165","Trator Agrícola","CASE","MAGNUM 315","MANUAL DE SERVIÇO TRATORES MAGNUM - CASE - 315 -","-","true","https://cdn.appmaq.com.br/appmaq-media/manuals/01957100-b0de-7370-843a-8cb1eabcf846/019e21e1-efb9-7a0b-80d2-7eb7a97834b3.pdf"
"166","Trator Agrícola","CASE","MAGNUM 315","MANUAL DO OPERADOR DO CASE MAGNUM 235 MAGNUM 260 MAGNUM 290 MAGNUM 315 MAGNUM 340","-","true","https://cdn.appmaq.com.br/appmaq-media/manuals/01957100-b0de-7370-843a-8cb1eabcf846/019e21bf-30a0-7d25-bb9c-a7cfa8c8ce56.pdf"
"167","Trator Agrícola","CASE","MAGNUM 315","MANUTENÇÃO E DIAGNOSTICOS DE TRATORES MAGNUM - CASE","-","true","https://cdn.appmaq.com.br/appmaq-media/manuals/01957100-b0de-7370-843a-8cb1eabcf846/019e21e2-0021-759c-a4e0-c6a6f5eb8f68.pdf"
"168","Trator Agrícola","CASE","MAGNUM 315","SISTEMA DE TRANSMISÃO TRATORES MAGNUM - CASE","-","true","https://cdn.appmaq.com.br/appmaq-media/manuals/01957100-b0de-7370-843a-8cb1eabcf846/019e21e2-0100-7de1-8684-dc5e8eb5c959.pdf"
"169","Trator Agrícola","CASE","MAGNUM 315","TREINAMENTO TÉCNICO DE SERVIÇOS - TRATORES - CASE - SÉRIE - MAGNUM - 260 - 290 - 315 - 340 - 380 -","-","true","https://cdn.appmaq.com.br/appmaq-media/manuals/01957100-b0de-7370-843a-8cb1eabcf846/019ed62a-b027-7fda-8c89-8ec7f2c25424.pdf"
"170","Trator Agrícola","CASE","MAGNUM 325","DIAGNOSTICO ELÉTRICO TRATORES CASE - MAGNUM - ESP","-","true","https://cdn.appmaq.com.br/appmaq-media/manuals/0198e2c8-4c8a-77ff-a7c8-1c6a97081709/019e92e9-cf40-76df-ae2b-8e2c156000a0.pdf"
"171","Trator Agrícola","CASE","MAGNUM 325","ESPECIFICAÇÕES TECNICAS DOS TRATORES CASE IH MAGNUM 265 - 295 - 325 - 355 - 380 - 405","-","true","https://cdn.appmaq.com.br/appmaq-media/manuals/0198e2c8-4c8a-77ff-a7c8-1c6a97081709/019e21bf-aff7-76e3-94fe-c1dc86c30b99.pdf"
"172","Trator Agrícola","CASE","MAGNUM 325","FOLHETO DOS TRATORES CASE IH MAGNUM 265 - 295 - 325 - 355 - 380 - 405","-","true","https://cdn.appmaq.com.br/appmaq-media/manuals/0198e2c8-4c8a-77ff-a7c8-1c6a97081709/019e21bf-b00d-7e97-8104-24524f7d21ed.pdf"
"173","Trator Agrícola","CASE","MAGNUM 335","DIAGNOSTICO ELÉTRICO TRATORES CASE - MAGNUM - ESP","-","true","https://cdn.appmaq.com.br/appmaq-media/manuals/019e28d7-02bc-7b94-b877-9fc334e91df4/019e92ea-4ba9-7dbf-b559-d5737f6d215a.pdf"
"174","Trator Agrícola","CASE","MAGNUM 335","MANUAL DE SERVIÇO DO TRATOR CASE IH MAGNUM 335 EM INGLES","-","true","https://cdn.appmaq.com.br/appmaq-media/manuals/019e28d7-02bc-7b94-b877-9fc334e91df4/019e28de-7936-72ba-a095-60f4700366ab.pdf"
"175","Trator Agrícola","CASE","MAGNUM 340","CÁUCULO DE LASTRO PARA TRATORES - CASE","-","true","https://cdn.appmaq.com.br/appmaq-media/manuals/01957100-b0de-7071-bd95-94562c9d0139/019e27cd-b49f-739a-af1f-ded9a6b1093c.pdf"
"176","Trator Agrícola","CASE","MAGNUM 340","DIAGNOSTICO ELÉTRICO TRATORES CASE - MAGNUM - ESP","-","true","https://cdn.appmaq.com.br/appmaq-media/manuals/01957100-b0de-7071-bd95-94562c9d0139/019e92eb-5492-7d94-8922-f506aff6d275.pdf"
"177","Trator Agrícola","CASE","MAGNUM 340","DIAGNOSTICO ELÉTRICO TRATORES CASE - MAGNUM - ESP","-","true","https://cdn.appmaq.com.br/appmaq-media/manuals/01957100-b0de-7071-bd95-94562c9d0139/019e92ea-cd31-7024-ae6a-4c6220ab3754.pdf"
"178","Trator Agrícola","CASE","MAGNUM 340","ESQUEMA HIDRAULICO DO TRATOR CASE IH MAGNUM 235-260-290-315-340-370","-","true","https://cdn.appmaq.com.br/appmaq-media/manuals/01957100-b0de-7071-bd95-94562c9d0139/019e21c0-6af4-74d9-a606-1a4d4bc7edcc.pdf"
"179","Trator Agrícola","CASE","MAGNUM 340","MANUAL DE ENTREGA TÉCNICA E DIAGNÓSTICO TRATORES MAGNUM - CASE","-","true","https://cdn.appmaq.com.br/appmaq-media/manuals/01957100-b0de-7071-bd95-94562c9d0139/019e27cd-b4d2-72b5-b958-fd8d507af5e3.pdf"
"180","Trator Agrícola","CASE","MAGNUM 340","MANUAL DE SERVIÇO DO CASE MAGNUM 235 MAGNUM 260 MAGNUM 290 MAGNUM 315 MAGNUM 340 MAGNUM 370","-","true","https://cdn.appmaq.com.br/appmaq-media/manuals/01957100-b0de-7071-bd95-94562c9d0139/019e21c0-6b30-7599-81e4-029b8b1b786f.pdf"
"181","Trator Agrícola","CASE","MAGNUM 340","MANUAL DE SERVIÇO TRATORES MAGNUM - CASE - 340","-","true","https://cdn.appmaq.com.br/appmaq-media/manuals/01957100-b0de-7071-bd95-94562c9d0139/019e27cd-b61e-7912-b870-395eb6022fd9.pdf"
"182","Trator Agrícola","CASE","MAGNUM 340","MANUAL DO OPERADOR DO CASE MAGNUM 235 MAGNUM 260 MAGNUM 290 MAGNUM 315 MAGNUM 340","-","true","https://cdn.appmaq.com.br/appmaq-media/manuals/01957100-b0de-7071-bd95-94562c9d0139/019e21c0-6be2-7832-b2a6-e6b7974cceca.pdf"
"183","Trator Agrícola","CASE","MAGNUM 340","MANUTENÇÃO E DIAGNOSTICOS DE TRATORES MAGNUM - CASE","-","true","https://cdn.appmaq.com.br/appmaq-media/manuals/01957100-b0de-7071-bd95-94562c9d0139/019e27cd-c53d-70d1-a382-d84e1f71f0c1.pdf"
"184","Trator Agrícola","CASE","MAGNUM 340","SISTEMA DE TRANSMISÃO TRATORES MAGNUM - CASE","-","true","https://cdn.appmaq.com.br/appmaq-media/manuals/01957100-b0de-7071-bd95-94562c9d0139/019e27cd-c7d9-735f-8c7d-c61eb7526cb8.pdf"
"185","Trator Agrícola","CASE","MAGNUM 340","TREINAMENTO TÉCNICO DE SERVIÇOS - TRATORES - CASE - SÉRIE - MAGNUM - 260 - 290 - 315 - 340 - 380 -","-","true","https://cdn.appmaq.com.br/appmaq-media/manuals/01957100-b0de-7071-bd95-94562c9d0139/019ed62b-1f39-74b2-a2d7-3fd24fda1d0c.pdf"
"186","Trator Agrícola","CASE","MAGNUM 355","DIAGNOSTICO ELÉTRICO TRATORES CASE - MAGNUM - ESP","-","true","https://cdn.appmaq.com.br/appmaq-media/manuals/0198e2c8-fcaa-71ed-80cd-2ce52227ae43/019e92eb-f08e-72d8-bb95-5dfb752249c6.pdf"
"187","Trator Agrícola","CASE","MAGNUM 355","ESPECIFICAÇÕES TECNICAS DOS TRATORES CASE IH MAGNUM 265 - 295 - 325 - 355 - 380 - 405","-","true","https://cdn.appmaq.com.br/appmaq-media/manuals/0198e2c8-fcaa-71ed-80cd-2ce52227ae43/019e21c1-52bd-76f5-83b1-58041c641675.pdf"
"188","Trator Agrícola","CASE","MAGNUM 355","FOLHETO DOS TRATORES CASE IH MAGNUM 265 - 295 - 325 - 355 - 380 - 405","-","true","https://cdn.appmaq.com.br/appmaq-media/manuals/0198e2c8-fcaa-71ed-80cd-2ce52227ae43/019e21c1-52d4-78b0-8f0b-6e4b3782ea04.pdf"
"189","Trator Agrícola","CASE","MAGNUM 370","DIAGNOSTICO ELÉTRICO TRATORES CASE - MAGNUM - ESP","-","true","https://cdn.appmaq.com.br/appmaq-media/manuals/019e21ad-1c96-7217-91db-5e6a8cf18dc3/019e92ec-6890-72fe-a8cb-47051b8ba0a1.pdf"
"190","Trator Agrícola","CASE","MAGNUM 370","ESQUEMA HIDRAULICO DO TRATOR CASE IH MAGNUM 235-260-290-315-340-370","-","true","https://cdn.appmaq.com.br/appmaq-media/manuals/019e21ad-1c96-7217-91db-5e6a8cf18dc3/019e21e6-edea-7c3a-a1f8-b6b375497853.pdf"
"191","Trator Agrícola","CASE","MAGNUM 370","MANUAL DE SERVIÇO DO CASE MAGNUM 235 MAGNUM 260 MAGNUM 290 MAGNUM 315 MAGNUM 340 MAGNUM 370","-","true","https://cdn.appmaq.com.br/appmaq-media/manuals/019e21ad-1c96-7217-91db-5e6a8cf18dc3/019e21e6-ee26-753a-922c-880e4414968e.pdf"
"192","Trator Agrícola","CASE","MAGNUM 370","MANUAL DO OPERADOR TRATOR CASE MAGNUM 270","-","true","https://cdn.appmaq.com.br/appmaq-media/manuals/019e21ad-1c96-7217-91db-5e6a8cf18dc3/019e21c1-f3d6-7ed1-b8f9-e82b45356057.pdf"
"193","Trator Agrícola","CASE","MAGNUM 380","DIAGNOSTICO ELÉTRICO TRATORES CASE - MAGNUM - ESP","-","true","https://cdn.appmaq.com.br/appmaq-media/manuals/0195b3ba-39a6-71a1-9b8e-4cdc0a709487/019e92ec-ea03-7aa9-b31b-94bf32357c9d.pdf"
"194","Trator Agrícola","CASE","MAGNUM 380","ESPECIFICAÇÕES TECNICAS DOS TRATORES CASE IH MAGNUM 265 - 295 - 325 - 355 - 380 - 405","-","true","https://cdn.appmaq.com.br/appmaq-media/manuals/0195b3ba-39a6-71a1-9b8e-4cdc0a709487/019e21c3-1a06-7b39-b574-2c879660ec6a.pdf"
"195","Trator Agrícola","CASE","MAGNUM 380","FOLHETO DOS TRATORES CASE IH MAGNUM 265 - 295 - 325 - 355 - 380 - 405","-","true","https://cdn.appmaq.com.br/appmaq-media/manuals/0195b3ba-39a6-71a1-9b8e-4cdc0a709487/019e21c3-1a1c-705b-9062-a898cddd6229.pdf"
"196","Trator Agrícola","CASE","MAGNUM 380","TREINAMENTO TÉCNICO DE SERVIÇOS - TRATORES - CASE - SÉRIE - MAGNUM - 260 - 290 - 315 - 340 - 380 -","-","true","https://cdn.appmaq.com.br/appmaq-media/manuals/0195b3ba-39a6-71a1-9b8e-4cdc0a709487/019ed62b-8176-7933-88f3-f3eebf15ad9c.pdf"
"197","Trator Agrícola","CASE","MAGNUM 400","DIAGNOSTICO ELÉTRICO TRATORES CASE - MAGNUM - ESP","-","true","https://cdn.appmaq.com.br/appmaq-media/manuals/0198e2c9-82d2-745e-9ae2-03354bcd6e07/019e92ed-e423-7b45-a29d-a7f50c4c4225.pdf"
"198","Trator Agrícola","CASE","MAGNUM 400","ESQUEMA ELÉTRICO TRATOR - CASE - MAGNUM 400 - AFS-CONNECT","-","true","https://cdn.appmaq.com.br/appmaq-media/manuals/0198e2c9-82d2-745e-9ae2-03354bcd6e07/019e59cb-342d-767b-a525-721e4a1adf46.pdf"
"199","Trator Agrícola","CASE","MAGNUM 400","FOLHETO DO TRATOR CASE IH MAGNUM 400","-","true","https://cdn.appmaq.com.br/appmaq-media/manuals/0198e2c9-82d2-745e-9ae2-03354bcd6e07/019e21e7-ff3b-7d5f-a6e3-fa408c1a3810.pdf"
"200","Trator Agrícola","CASE","MAGNUM 405","DIAGNOSTICO ELÉTRICO TRATORES CASE - MAGNUM - ESP","-","true","https://cdn.appmaq.com.br/appmaq-media/manuals/0198e2ca-ac50-7e2d-82e2-5b1782c3a51e/019e92ee-55b0-79e5-bb24-be83784ffe05.pdf"
"201","Trator Agrícola","CASE","MAGNUM 405","ESPECIFICAÇÕES TECNICAS DOS TRATORES CASE IH MAGNUM 265 - 295 - 325 - 355 - 380 - 405","-","true","https://cdn.appmaq.com.br/appmaq-media/manuals/0198e2ca-ac50-7e2d-82e2-5b1782c3a51e/019e21e8-c5a9-746a-bfe9-8b73146084f9.pdf"
"202","Trator Agrícola","CASE","MAGNUM 405","FOLHETO DOS TRATORES CASE IH MAGNUM 265 - 295 - 325 - 355 - 380 - 405","-","true","https://cdn.appmaq.com.br/appmaq-media/manuals/0198e2ca-ac50-7e2d-82e2-5b1782c3a51e/019e21e8-c5bd-72f0-9dd1-b5f93b60829c.pdf"
"203","Trator Agrícola","CASE","MAXXUM 100","CATALOGO DE PEÇAS DOS TRATORES CASE IH MAXXUM 100-110-115-120-125-130-140 EM INGLES","-","true","https://cdn.appmaq.com.br/appmaq-media/manuals/019e21ae-54fc-7cff-9a7d-a12e04c88e39/019e21e9-54bd-7ac2-be55-593e1c375825.pdf"
"204","Trator Agrícola","CASE","MAXXUM 100","MANUAL DE SERVIÇO DOS TRATORES CASE IH MAXXUM 100-110-115-120-125-130-140 EM INGLES","-","true","https://cdn.appmaq.com.br/appmaq-media/manuals/019e21ae-54fc-7cff-9a7d-a12e04c88e39/019e21e9-55e3-7196-925d-1b2ad655aa9a.pdf"
"205","Trator Agrícola","CASE","MAXXUM 100","MANUAL DE SERVIÇO TRATOR - CASE - MAXXUM- 100 - 110 - 115 - 120 - 125 - 130 - 140 -","-","true","https://cdn.appmaq.com.br/appmaq-media/manuals/019e21ae-54fc-7cff-9a7d-a12e04c88e39/019ed692-42c3-78b3-83ea-55989d320b78.pdf"
"206","Trator Agrícola","CASE","MAXXUM 110","CATALOGO DE PEÇAS DOS TRATORES CASE IH MAXXUM 100-110-115-120-125-130-140 EM INGLES","-","true","https://cdn.appmaq.com.br/appmaq-media/manuals/0196f443-bf9b-7168-b36d-0ea637deff35/019e21ed-01d0-7954-8283-e6f43e3f1e18.pdf"
"207","Trator Agrícola","CASE","MAXXUM 110","FOLHETO DOS TRATORES CASE IH MAXXUM 110 E 125","-","true","https://cdn.appmaq.com.br/appmaq-media/manuals/0196f443-bf9b-7168-b36d-0ea637deff35/019e21ed-02ed-75e5-99cd-9674308b88d9.pdf"
"208","Trator Agrícola","CASE","MAXXUM 110","MANUAL DE SERVIÇO DOS TRATORES CASE IH MAXXUM 100-110-115-120-125-130-140 EM INGLES","-","true","https://cdn.appmaq.com.br/appmaq-media/manuals/0196f443-bf9b-7168-b36d-0ea637deff35/019e21ed-0357-7c31-8d91-624f958375d2.pdf"
"209","Trator Agrícola","CASE","MAXXUM 110","MANUAL DE SERVIÇO TRATOR - CASE - MAXXUM- 100 - 110 - 115 - 120 - 125 - 130 - 140 -","-","true","https://cdn.appmaq.com.br/appmaq-media/manuals/0196f443-bf9b-7168-b36d-0ea637deff35/019ed692-d726-7b36-a5a6-8b1fe7d26e73.pdf"
"210","Trator Agrícola","CASE","MAXXUM 115","CATALOGO DE PEÇAS DOS TRATORES CASE IH MAXXUM 100-110-115-120-125-130-140 EM INGLES","-","true","https://cdn.appmaq.com.br/appmaq-media/manuals/019e21ae-a100-7cf5-a79b-7ee0b4fc228e/019e21ed-a057-7e9d-85a3-24924c544254.pdf"
"211","Trator Agrícola","CASE","MAXXUM 115","MANUAL DE SERVIÇO DOS TRATORES CASE IH MAXXUM 100-110-115-120-125-130-140 EM INGLES","-","true","https://cdn.appmaq.com.br/appmaq-media/manuals/019e21ae-a100-7cf5-a79b-7ee0b4fc228e/019e21ed-a179-784c-ae24-7dbeb1780280.pdf"
"212","Trator Agrícola","CASE","MAXXUM 115","MANUAL DE SERVIÇO TRATOR - CASE - MAXXUM- 100 - 110 - 115 - 120 - 125 - 130 - 140 -","-","true","https://cdn.appmaq.com.br/appmaq-media/manuals/019e21ae-a100-7cf5-a79b-7ee0b4fc228e/019ed693-6c66-7753-b4ba-985a65cba7d6.pdf"
"213","Trator Agrícola","CASE","MAXXUM 120","CATALOGO DE PEÇAS DOS TRATORES CASE IH MAXXUM 100-110-115-120-125-130-140 EM INGLES","-","true","https://cdn.appmaq.com.br/appmaq-media/manuals/019e21ae-fcf3-72b6-b95b-cbdab937f594/019e21ee-1c0f-7601-a96d-a211e47a5745.pdf"
"214","Trator Agrícola","CASE","MAXXUM 120","MANUAL DE SERVIÇO DOS TRATORES CASE IH MAXXUM 100-110-115-120-125-130-140 EM INGLES","-","true","https://cdn.appmaq.com.br/appmaq-media/manuals/019e21ae-fcf3-72b6-b95b-cbdab937f594/019e21ee-1d2e-7d3c-b480-f19d94ac95c2.pdf"
"215","Trator Agrícola","CASE","MAXXUM 120","MANUAL DE SERVIÇO TRATOR - CASE - MAXXUM- 100 - 110 - 115 - 120 - 125 - 130 - 140 -","-","true","https://cdn.appmaq.com.br/appmaq-media/manuals/019e21ae-fcf3-72b6-b95b-cbdab937f594/019ed693-ccf4-7366-8006-b11ab63a766f.pdf"
"216","Trator Agrícola","CASE","MAXXUM 125","CATALOGO DE PEÇAS DOS TRATORES CASE IH MAXXUM 100-110-115-120-125-130-140 EM INGLES","-","true","https://cdn.appmaq.com.br/appmaq-media/manuals/019e21af-73c3-779b-8c70-13c393446734/019e21ee-b3f0-788b-9a05-3ba5889868ad.pdf"
"217","Trator Agrícola","CASE","MAXXUM 125","FOLHETO DOS TRATORES CASE IH MAXXUM 110 E 125","-","true","https://cdn.appmaq.com.br/appmaq-media/manuals/019e21af-73c3-779b-8c70-13c393446734/019e21ee-b508-7720-b39f-73a872917323.pdf"
"218","Trator Agrícola","CASE","MAXXUM 125","MANUAL DE SERVIÇO DOS TRATORES CASE IH MAXXUM 100-110-115-120-125-130-140 EM INGLES","-","true","https://cdn.appmaq.com.br/appmaq-media/manuals/019e21af-73c3-779b-8c70-13c393446734/019e21ee-b610-7233-a15d-f779cd640775.pdf"
"219","Trator Agrícola","CASE","MAXXUM 125","MANUAL DE SERVIÇO TRATOR - CASE - MAXXUM- 100 - 110 - 115 - 120 - 125 - 130 - 140 -","-","true","https://cdn.appmaq.com.br/appmaq-media/manuals/019e21af-73c3-779b-8c70-13c393446734/019ed694-2081-7f16-a9a8-852770db9d9d.pdf"
"220","Trator Agrícola","CASE","MAXXUM 130","MANUAL DE SERVIÇO TRATOR - CASE - MAXXUM- 100 - 110 - 115 - 120 - 125 - 130 - 140 -","-","true","https://cdn.appmaq.com.br/appmaq-media/manuals/019ed695-d0c9-768e-b9cb-faad363a18cf/019ed696-721f-7eb3-a87b-db964a103240.pdf"
"221","Trator Agrícola","CASE","MAXXUM 135","CATALOGO DE PEÇAS DOS TRATORES CASE IH MAXXUM 100-110-115-120-125-130-140 EM INGLES","-","true","https://cdn.appmaq.com.br/appmaq-media/manuals/0196f443-bf9b-7b85-87e8-19ec6ddd406b/019e21f0-048f-7f3e-9ae6-05caf4036a59.pdf"
"222","Trator Agrícola","CASE","MAXXUM 135","CÁUCULO DE LASTRO PARA TRATORES - CASE","-","true","https://cdn.appmaq.com.br/appmaq-media/manuals/0196f443-bf9b-7b85-87e8-19ec6ddd406b/019e21ed-10e7-7213-991e-10c2ffde2cc1.pdf"
"223","Trator Agrícola","CASE","MAXXUM 135","FOLHETO TÉCNICO DE TRATORES MAXXUM - 135 - CASE","-","true","https://cdn.appmaq.com.br/appmaq-media/manuals/0196f443-bf9b-7b85-87e8-19ec6ddd406b/019e21ed-1119-749c-bfb5-fc18822eb314.pdf"
"224","Trator Agrícola","CASE","MAXXUM 135","MANUAL DE REPARAÇÃO MAXXUM - 135 - 150 - 165 - 180","-","true","https://cdn.appmaq.com.br/appmaq-media/manuals/0196f443-bf9b-7b85-87e8-19ec6ddd406b/019ee009-abd8-7f7b-a84d-fade60f2ef77.pdf"
"225","Trator Agrícola","CASE","MAXXUM 135","MANUAL DE SERVIÇO DOS TRATORES CASE IH MAXXUM 100-110-115-120-125-130-140 EM INGLES","-","true","https://cdn.appmaq.com.br/appmaq-media/manuals/0196f443-bf9b-7b85-87e8-19ec6ddd406b/019e21f0-05ab-7112-a032-21112829161e.pdf"
"226","Trator Agrícola","CASE","MAXXUM 140","CATALOGO DE PEÇAS DOS TRATORES CASE IH MAXXUM 100-110-115-120-125-130-140 EM INGLES","-","true","https://cdn.appmaq.com.br/appmaq-media/manuals/019e21b0-062d-79b6-9faf-563accb72599/019e21fa-5448-7dd5-ba45-5e55ec51a924.pdf"
"227","Trator Agrícola","CASE","MAXXUM 140","MANUAL DE SERVIÇO DOS TRATORES CASE IH MAXXUM 100-110-115-120-125-130-140 EM INGLES","-","true","https://cdn.appmaq.com.br/appmaq-media/manuals/019e21b0-062d-79b6-9faf-563accb72599/019e21fa-5561-75d1-9d68-3bdf52b04610.pdf"
"228","Trator Agrícola","CASE","MAXXUM 140","MANUAL DE SERVIÇO TRATOR - CASE - MAXXUM- 100 - 110 - 115 - 120 - 125 - 130 - 140 -","-","true","https://cdn.appmaq.com.br/appmaq-media/manuals/019e21b0-062d-79b6-9faf-563accb72599/019ed695-75ed-7b28-9a19-33ef4860ff65.pdf"
"229","Trator Agrícola","CASE","MAXXUM 150","CÁUCULO DE LASTRO PARA TRATORES - CASE","-","true","https://cdn.appmaq.com.br/appmaq-media/manuals/0196f443-bf9b-78a6-929e-a1194a1ddb84/019e21ed-d3cc-7a72-a2ec-54b70536baf8.pdf"
"230","Trator Agrícola","CASE","MAXXUM 150","FOLHETO TÉCNICO DE TRATORES MAXXUM - 150 - CASE","-","true","https://cdn.appmaq.com.br/appmaq-media/manuals/0196f443-bf9b-78a6-929e-a1194a1ddb84/019e21ed-d3fc-7d2c-a990-3b864bed5013.pdf"
"231","Trator Agrícola","CASE","MAXXUM 150","MANUAL DE REPARAÇÃO MAXXUM - 135 - 150 - 165 - 180","-","true","https://cdn.appmaq.com.br/appmaq-media/manuals/0196f443-bf9b-78a6-929e-a1194a1ddb84/019ee00a-11d6-76a1-acc1-7f5236c72561.pdf"
"232","Trator Agrícola","CASE","MAXXUM 165","CÁUCULO DE LASTRO PARA TRATORES - CASE","-","true","https://cdn.appmaq.com.br/appmaq-media/manuals/019e188b-ed7a-7c3d-983e-b3b652067b8a/019e21ee-7483-7146-b94d-88db9334c457.pdf"
"233","Trator Agrícola","CASE","MAXXUM 165","FOLHETO TÉCNICO DE TRATORES MAXXUM - 165 - CASE","-","true","https://cdn.appmaq.com.br/appmaq-media/manuals/019e188b-ed7a-7c3d-983e-b3b652067b8a/019e21ee-74b1-7c87-a8a3-a0d90c51766f.pdf"
"234","Trator Agrícola","CASE","MAXXUM 165","MANUAL DE REPARAÇÃO MAXXUM - 135 - 150 - 165 - 180","-","true","https://cdn.appmaq.com.br/appmaq-media/manuals/019e188b-ed7a-7c3d-983e-b3b652067b8a/019ee00a-7295-7f89-aae0-5a064f890510.pdf"
"235","Trator Agrícola","CASE","MAXXUM 180","CÁUCULO DE LASTRO PARA TRATORES - CASE","-","true","https://cdn.appmaq.com.br/appmaq-media/manuals/0196f443-bf9c-7e9d-9e53-1a329984f2c4/019e21ef-16c0-7d9c-ab2c-2077ae09fe11.pdf"
"236","Trator Agrícola","CASE","MAXXUM 180","FOLHETO TÉCNICO DE TRATORES MAXXUM - 180 - CASE","-","true","https://cdn.appmaq.com.br/appmaq-media/manuals/0196f443-bf9c-7e9d-9e53-1a329984f2c4/019e21ef-1709-7817-bdff-7e4b8e65ef5e.pdf"
"237","Trator Agrícola","CASE","MAXXUM 180","MANUAL DE REPARAÇÃO MAXXUM - 135 - 150 - 165 - 180","-","true","https://cdn.appmaq.com.br/appmaq-media/manuals/0196f443-bf9c-7e9d-9e53-1a329984f2c4/019ee00a-e02a-756d-901a-1238a5ede0a7.pdf"
"238","Trator Agrícola","CASE","PUMA 140","APOSTILHA MECÂNICA HIDRÁULICA ELÉTRICA E DIAGNÓSTICO - TRATORES CASE 140","-","true","https://cdn.appmaq.com.br/appmaq-media/manuals/01957100-b0de-73bf-998b-5b52d70942b2/019e2195-d7a3-7f8d-a715-c2fe5e36121b.pdf"
"239","Trator Agrícola","CASE","PUMA 140","CALIBRAÇÃO DE MÓDULOS ELETRÔNICOS DE TRATORES - CASE - PUMA","-","true","https://cdn.appmaq.com.br/appmaq-media/manuals/01957100-b0de-73bf-998b-5b52d70942b2/019e2195-d8be-7fad-8a68-644c4806a3ac.pdf"
"240","Trator Agrícola","CASE","PUMA 140","CÁUCULO DE LASTRO PARA TRATORES - CASE","-","true","https://cdn.appmaq.com.br/appmaq-media/manuals/01957100-b0de-73bf-998b-5b52d70942b2/019e2195-d96e-7896-b7b0-9bae38938823.pdf"
"241","Trator Agrícola","CASE","PUMA 140","ESQUEMA ELÉTRICO TRATORES - CASE - PUMA -","-","true","https://cdn.appmaq.com.br/appmaq-media/manuals/01957100-b0de-73bf-998b-5b52d70942b2/019e611d-4891-7251-bcc3-db81d051222f.pdf"
"242","Trator Agrícola","CASE","PUMA 140","MANUAL DE CALIBRAÇÔES DE CONTROLADORA DOS TRATORES PUMA - CASE","-","true","https://cdn.appmaq.com.br/appmaq-media/manuals/01957100-b0de-73bf-998b-5b52d70942b2/019e2195-da35-7feb-8671-870ecfb24eec.pdf"
"243","Trator Agrícola","CASE","PUMA 140","MANUAL DE ENTREGA TÉCNICA TRATORES CASE - SÉRIE PUMA","-","true","https://cdn.appmaq.com.br/appmaq-media/manuals/01957100-b0de-73bf-998b-5b52d70942b2/019e2195-da89-7832-b274-669dce273182.pdf"
"244","Trator Agrícola","CASE","PUMA 140","MANUAL DE MANUTENÇÃO TRATORES PUMA","-","true","https://cdn.appmaq.com.br/appmaq-media/manuals/01957100-b0de-73bf-998b-5b52d70942b2/019e2195-dba7-7af9-a9cb-283e3c7078da.pdf"
"245","Trator Agrícola","CASE","PUMA 140","MANUAL DO OPERADOR TRATOR PUMA 140 - CASE","-","true","https://cdn.appmaq.com.br/appmaq-media/manuals/01957100-b0de-73bf-998b-5b52d70942b2/019e2195-dd11-75ec-a708-21eacabfce85.pdf"
"246","Trator Agrícola","CASE","PUMA 140","TREINAMENTO AVANÇADO TRATORES PUMA - CASE","-","true","https://cdn.appmaq.com.br/appmaq-media/manuals/01957100-b0de-73bf-998b-5b52d70942b2/019e2195-df26-7d35-a704-2ad40af18135.pdf"
"247","Trator Agrícola","CASE","PUMA 140","TREINAMENTO TÉCNICO E DIAGNÓSTICO DOS TRATORES CASE - PUMA SPS-FPS-PUMA 140 -","-","true","https://cdn.appmaq.com.br/appmaq-media/manuals/01957100-b0de-73bf-998b-5b52d70942b2/019e2195-e08e-7715-8175-3a44a7665a6a.pdf"
"248","Trator Agrícola","CASE","PUMA 155","APOSTILHA MECÂNICA HIDRÁULICA ELÉTRICA E DIAGNÓSTICO - TRATORES CASE 155","-","true","https://cdn.appmaq.com.br/appmaq-media/manuals/01957100-b0de-7645-97ed-f5594252fd21/019e2197-2ce9-79b9-a3d1-7b2c8efe507c.pdf"
"249","Trator Agrícola","CASE","PUMA 155","CALIBRAÇÃO DE MÓDULOS ELETRÔNICOS DE TRATORES - CASE - PUMA","-","true","https://cdn.appmaq.com.br/appmaq-media/manuals/01957100-b0de-7645-97ed-f5594252fd21/019e2197-2e05-749b-90bc-c295b1c5a647.pdf"
"250","Trator Agrícola","CASE","PUMA 155","CÁUCULO DE LASTRO PARA TRATORES - CASE","-","true","https://cdn.appmaq.com.br/appmaq-media/manuals/01957100-b0de-7645-97ed-f5594252fd21/019e2197-2ea8-7de4-860a-97f81d02ed86.pdf"
"251","Trator Agrícola","CASE","PUMA 155","ESQUEMA ELÉTRICO TRATORES - CASE - PUMA -","-","true","https://cdn.appmaq.com.br/appmaq-media/manuals/01957100-b0de-7645-97ed-f5594252fd21/019e611d-e8ef-7054-a3e6-3becd6cffe2e.pdf"
"252","Trator Agrícola","CASE","PUMA 155","MANUAL DE CALIBRAÇÔES DE CONTROLADORA DOS TRATORES PUMA - CASE","-","true","https://cdn.appmaq.com.br/appmaq-media/manuals/01957100-b0de-7645-97ed-f5594252fd21/019e2197-2fa0-70e6-895b-94331524951c.pdf"
"253","Trator Agrícola","CASE","PUMA 155","MANUAL DE ENTREGA TÉCNICA TRATORES CASE - SÉRIE PUMA","-","true","https://cdn.appmaq.com.br/appmaq-media/manuals/01957100-b0de-7645-97ed-f5594252fd21/019e2197-3000-751b-9578-532f222fd91e.pdf"
"254","Trator Agrícola","CASE","PUMA 155","MANUAL DE MANUTENÇÃO TRATORES PUMA","-","true","https://cdn.appmaq.com.br/appmaq-media/manuals/01957100-b0de-7645-97ed-f5594252fd21/019e2197-30c0-74c2-8a66-3c5f0359ddaf.pdf"
"255","Trator Agrícola","CASE","PUMA 155","MANUAL DO OPERADOR TRATOR PUMA 155 -CASE","-","true","https://cdn.appmaq.com.br/appmaq-media/manuals/01957100-b0de-7645-97ed-f5594252fd21/019e2197-3269-7ffa-8e7e-9ec62c657de0.pdf"
"256","Trator Agrícola","CASE","PUMA 155","TREINAMENTO AVANÇADO TRATORES PUMA - CASE","-","true","https://cdn.appmaq.com.br/appmaq-media/manuals/01957100-b0de-7645-97ed-f5594252fd21/019e2197-346f-700a-9eab-d2a8e411b873.pdf"
"257","Trator Agrícola","CASE","PUMA 155","TREINAMENTO TÉCNICO E DIAGNÓSTICO DOS TRATORES CASE - PUMA SPS-FPS-PUMA 155 -","-","true","https://cdn.appmaq.com.br/appmaq-media/manuals/01957100-b0de-7645-97ed-f5594252fd21/019e2197-35e5-74d0-8ffd-bb47926b2a11.pdf"
"258","Trator Agrícola","CASE","PUMA 165","CÁUCULO DE LASTRO PARA TRATORES - CASE","-","true","https://cdn.appmaq.com.br/appmaq-media/manuals/019e2198-b62e-7172-ba28-d31bb99f666f/019e2199-a13a-79dc-bd3d-be0fbdbac8de.pdf"
"259","Trator Agrícola","CASE","PUMA 165","ESPECIFICAÇÃO TRATORES CASE - PUMA -165- INGLES","-","true","https://cdn.appmaq.com.br/appmaq-media/manuals/019e2198-b62e-7172-ba28-d31bb99f666f/019e2199-a16c-7253-8bb0-5637ef30f2aa.pdf"
"260","Trator Agrícola","CASE","PUMA 165","ESQUEMA ELÉTRICO TRATORES - CASE - PUMA -","-","true","https://cdn.appmaq.com.br/appmaq-media/manuals/019e2198-b62e-7172-ba28-d31bb99f666f/019e611e-75c5-747b-8296-7d1c60989c59.pdf"
"261","Trator Agrícola","CASE","PUMA 165","MANUAL DO OPERADOR TRATORES CASE - PUMA 165","-","true","https://cdn.appmaq.com.br/appmaq-media/manuals/019e2198-b62e-7172-ba28-d31bb99f666f/019e2199-a20d-787c-bab9-086f14b509af.pdf"
"262","Trator Agrícola","CASE","PUMA 170","APOSTILHA MECÂNICA HIDRÁULICA ELÉTRICA E DIAGNÓSTICO - TRATORES CASE 170","-","true","https://cdn.appmaq.com.br/appmaq-media/manuals/0195b3ba-39a6-7c74-a375-33848d6ef523/019e219a-872f-7672-9002-a9d43af7b496.pdf"
"263","Trator Agrícola","CASE","PUMA 170","CALIBRAÇÃO DE MÓDULOS ELETRÔNICOS DE TRATORES - CASE - PUMA","-","true","https://cdn.appmaq.com.br/appmaq-media/manuals/0195b3ba-39a6-7c74-a375-33848d6ef523/019e219a-8848-7c6c-8066-1cb657257b06.pdf"
"264","Trator Agrícola","CASE","PUMA 170","CÁUCULO DE LASTRO PARA TRATORES - CASE","-","true","https://cdn.appmaq.com.br/appmaq-media/manuals/0195b3ba-39a6-7c74-a375-33848d6ef523/019e219a-89c8-7ea8-aa1c-e48f74e0774b.pdf"
"265","Trator Agrícola","CASE","PUMA 170","ESQUEMA ELÉTRICO TRATORES - CASE - PUMA -","-","true","https://cdn.appmaq.com.br/appmaq-media/manuals/0195b3ba-39a6-7c74-a375-33848d6ef523/019e611f-0fab-77e8-a450-abb3a2c83517.pdf"
"266","Trator Agrícola","CASE","PUMA 170","MANUAL DE CALIBRAÇÔES DE CONTROLADORA DOS TRATORES PUMA - CASE","-","true","https://cdn.appmaq.com.br/appmaq-media/manuals/0195b3ba-39a6-7c74-a375-33848d6ef523/019e219a-8a6a-75c7-92a9-0159c32b6699.pdf"
"267","Trator Agrícola","CASE","PUMA 170","MANUAL DE ENTREGA TÉCNICA TRATORES CASE - SÉRIE PUMA","-","true","https://cdn.appmaq.com.br/appmaq-media/manuals/0195b3ba-39a6-7c74-a375-33848d6ef523/019e219a-8acf-774f-9125-e9f6eebbdff8.pdf"
"268","Trator Agrícola","CASE","PUMA 170","MANUAL DE MANUTENÇÃO TRATORES PUMA","-","true","https://cdn.appmaq.com.br/appmaq-media/manuals/0195b3ba-39a6-7c74-a375-33848d6ef523/019e219a-8bac-71a4-9d36-86aaf20597e7.pdf"
"269","Trator Agrícola","CASE","PUMA 170","MANUAL DE SERVIÇOS TRATORES - CASE - PUMA 170 CVX - 185 CVX - 200 CVX - 215 CVX - 230 CVX - PUMA - 170 - 185 - 200 - 215 - ESP -","-","true","https://cdn.appmaq.com.br/appmaq-media/manuals/0195b3ba-39a6-7c74-a375-33848d6ef523/019e92d6-d26a-7567-a297-4582ecad22c1.pdf"
"270","Trator Agrícola","CASE","PUMA 170","MANUAL DO OPERADOR TRATOR PUMA 170 -CASE","-","true","https://cdn.appmaq.com.br/appmaq-media/manuals/0195b3ba-39a6-7c74-a375-33848d6ef523/019e219a-8ccc-7ce3-a2d1-3212975f7ba2.pdf"
"271","Trator Agrícola","CASE","PUMA 170","TREINAMENTO AVANÇADO TRATORES PUMA - CASE","-","true","https://cdn.appmaq.com.br/appmaq-media/manuals/0195b3ba-39a6-7c74-a375-33848d6ef523/019e219a-8e7c-7de3-b5d5-abe1b8ff4b25.pdf"
"272","Trator Agrícola","CASE","PUMA 170","TREINAMENTO TÉCNICO E DIAGNÓSTICO DOS TRATORES CASE - PUMA SPS-FPS-PUMA 170 -","-","true","https://cdn.appmaq.com.br/appmaq-media/manuals/0195b3ba-39a6-7c74-a375-33848d6ef523/019e219a-9054-7a66-bd03-5a188d2a15de.pdf"
"273","Trator Agrícola","CASE","PUMA 180","CÁUCULO DE LASTRO PARA TRATORES - CASE","-","true","https://cdn.appmaq.com.br/appmaq-media/manuals/019e219b-55fa-7468-bc4e-d29ae327bb0b/019e219b-fe3d-7864-ac9a-d86b08b7e5f3.pdf"
"274","Trator Agrícola","CASE","PUMA 180","ESPECIFICAÇÃO TRATORES CASE - PUMA -180- INGLES","-","true","https://cdn.appmaq.com.br/appmaq-media/manuals/019e219b-55fa-7468-bc4e-d29ae327bb0b/019e219b-fe71-77fe-a0c1-30bf66725aab.pdf"
"275","Trator Agrícola","CASE","PUMA 180","ESQUEMA ELÉTRICO TRATORES - CASE - PUMA -","-","true","https://cdn.appmaq.com.br/appmaq-media/manuals/019e219b-55fa-7468-bc4e-d29ae327bb0b/019e611f-821a-7474-9512-64e25f220131.pdf"
"276","Trator Agrícola","CASE","PUMA 180","MANUAL DO OPERADOR TRATORES CASE - PUMA 180","-","true","https://cdn.appmaq.com.br/appmaq-media/manuals/019e219b-55fa-7468-bc4e-d29ae327bb0b/019e219b-fe9b-73a4-a9f8-9396d482b586.pdf"
"277","Trator Agrícola","CASE","PUMA 185","APOSTILHA MECÂNICA HIDRÁULICA ELÉTRICA E DIAGNÓSTICO - TRATORES CASE 185","-","true","https://cdn.appmaq.com.br/appmaq-media/manuals/01957100-b0de-79ac-8734-96809f0fee64/019e219c-c3b4-7660-bc2b-62707d408f68.pdf"
"278","Trator Agrícola","CASE","PUMA 185","CALIBRAÇÃO DE MÓDULOS ELETRÔNICOS DE TRATORES - CASE - PUMA","-","true","https://cdn.appmaq.com.br/appmaq-media/manuals/01957100-b0de-79ac-8734-96809f0fee64/019e219c-c4d4-7ca6-8b79-3ef6fa78a97b.pdf"
"279","Trator Agrícola","CASE","PUMA 185","CÁUCULO DE LASTRO PARA TRATORES - CASE","-","true","https://cdn.appmaq.com.br/appmaq-media/manuals/01957100-b0de-79ac-8734-96809f0fee64/019e219c-c591-7254-8f52-6dd3ac35fcd2.pdf"
"280","Trator Agrícola","CASE","PUMA 185","ESQUEMA ELÉTRICO TRATORES - CASE - PUMA -","-","true","https://cdn.appmaq.com.br/appmaq-media/manuals/01957100-b0de-79ac-8734-96809f0fee64/019e611f-ea3a-7e61-9053-c520d76e84f9.pdf"
"281","Trator Agrícola","CASE","PUMA 185","MANUAL DE CALIBRAÇÔES DE CONTROLADORA DOS TRATORES PUMA - CASE","-","true","https://cdn.appmaq.com.br/appmaq-media/manuals/01957100-b0de-79ac-8734-96809f0fee64/019e219c-c5fe-7816-b66f-7f70c0fd0de9.pdf"
"282","Trator Agrícola","CASE","PUMA 185","MANUAL DE ENTREGA TÉCNICA TRATORES CASE - SÉRIE PUMA","-","true","https://cdn.appmaq.com.br/appmaq-media/manuals/01957100-b0de-79ac-8734-96809f0fee64/019e219c-c6e5-7d5c-bcc1-c769265d2253.pdf"
"283","Trator Agrícola","CASE","PUMA 185","MANUAL DE MANUTENÇÃO TRATORES PUMA","-","true","https://cdn.appmaq.com.br/appmaq-media/manuals/01957100-b0de-79ac-8734-96809f0fee64/019e219c-c78b-7e56-a82b-99ce5050c399.pdf"
"284","Trator Agrícola","CASE","PUMA 185","MANUAL DE SERVIÇOS TRATORES - CASE - PUMA 170 CVX - 185 CVX - 200 CVX - 215 CVX - 230 CVX - PUMA - 170 - 185 - 200 - 215 - ESP -","-","true","https://cdn.appmaq.com.br/appmaq-media/manuals/01957100-b0de-79ac-8734-96809f0fee64/019e92d8-2d0f-77ca-a031-76ef602e22c3.pdf"
"285","Trator Agrícola","CASE","PUMA 185","MANUAL DO OPERADOR TRATOR PUMA 185 - CASE","-","true","https://cdn.appmaq.com.br/appmaq-media/manuals/01957100-b0de-79ac-8734-96809f0fee64/019e219c-c8ef-7e29-8b61-d285ff2c51b2.pdf"
"286","Trator Agrícola","CASE","PUMA 185","PEÇAS ELÉTRICAS CAPÔ DIANTEIRO TRATOR PUMA 185","-","true","https://cdn.appmaq.com.br/appmaq-media/manuals/01957100-b0de-79ac-8734-96809f0fee64/019e219c-cafc-74b8-bd85-35368cd34207.pdf"
"287","Trator Agrícola","CASE","PUMA 185","TREINAMENTO AVANÇADO TRATORES PUMA - CASE","-","true","https://cdn.appmaq.com.br/appmaq-media/manuals/01957100-b0de-79ac-8734-96809f0fee64/019e219c-cb39-787f-9623-31ef0a21e4f9.pdf"
"288","Trator Agrícola","CASE","PUMA 185","TREINAMENTO TÉCNICO E DIAGNÓSTICO DOS TRATORES CASE - PUMA SPS-FPS-PUMA 185 -","-","true","https://cdn.appmaq.com.br/appmaq-media/manuals/01957100-b0de-79ac-8734-96809f0fee64/019e219c-cdd4-7969-b285-6b9d4f749720.pdf"
"289","Trator Agrícola","CASE","PUMA 190","MANUAL DE SERVIÇO TRATORES - CASE - PUMA 190 -","-","true","https://cdn.appmaq.com.br/appmaq-media/manuals/019e92c9-3ca8-7816-836d-bd84f081aa17/019e92cb-5a9e-7c59-986c-1496bd3ad63e.pdf"
"290","Trator Agrícola","CASE","PUMA 195","CÁUCULO DE LASTRO PARA TRATORES - CASE","-","true","https://cdn.appmaq.com.br/appmaq-media/manuals/019e219d-bd53-70a0-b314-0fe95b1cdbac/019e219e-961a-76ed-97f2-4be9e6a58866.pdf"
"291","Trator Agrícola","CASE","PUMA 195","ESPECIFICAÇÃO TRATORES CASE - PUMA -195- INGLES","-","true","https://cdn.appmaq.com.br/appmaq-media/manuals/019e219d-bd53-70a0-b314-0fe95b1cdbac/019e219e-9652-79a1-81d3-ad5d7db9083e.pdf"
"292","Trator Agrícola","CASE","PUMA 195","ESQUEMA ELÉTRICO TRATORES - CASE - PUMA -","-","true","https://cdn.appmaq.com.br/appmaq-media/manuals/019e219d-bd53-70a0-b314-0fe95b1cdbac/019e6120-7558-782a-af91-60ab35e8dcb4.pdf"
"293","Trator Agrícola","CASE","PUMA 195","MANUAL DO OPERADOR TRATORES CASE - PUMA 195","-","true","https://cdn.appmaq.com.br/appmaq-media/manuals/019e219d-bd53-70a0-b314-0fe95b1cdbac/019e219e-9685-7dde-a42e-a1aa38f01f0c.pdf"
"294","Trator Agrícola","CASE","PUMA 200","APOSTILHA MECÂNICA HIDRÁULICA ELÉTRICA E DIAGNÓSTICO - TRATORES CASE 200","-","true","https://cdn.appmaq.com.br/appmaq-media/manuals/01957100-b0de-7b2f-a009-fc290e8c6938/019e219f-b342-78c6-a5f4-e340d3c1a064.pdf"
"295","Trator Agrícola","CASE","PUMA 200","CALIBRAÇÃO DE MÓDULOS ELETRÔNICOS DE TRATORES - CASE - PUMA","-","true","https://cdn.appmaq.com.br/appmaq-media/manuals/01957100-b0de-7b2f-a009-fc290e8c6938/019e219f-b45c-7407-8cab-c243369e9c87.pdf"
"296","Trator Agrícola","CASE","PUMA 200","CÁUCULO DE LASTRO PARA TRATORES - CASE","-","true","https://cdn.appmaq.com.br/appmaq-media/manuals/01957100-b0de-7b2f-a009-fc290e8c6938/019e219f-b59e-71c0-b959-ab6cfa855328.pdf"
"297","Trator Agrícola","CASE","PUMA 200","ESPECIFICAÇÃO TÉCNICA TRATOR CASE - PUMA 200- PUMA 215- PUMA 230","-","true","https://cdn.appmaq.com.br/appmaq-media/manuals/01957100-b0de-7b2f-a009-fc290e8c6938/019e219f-b69d-70b5-b6b0-caba121d37d5.pdf"
"298","Trator Agrícola","CASE","PUMA 200","ESQUEMA ELÉTRICO TRATORES - CASE - PUMA -","-","true","https://cdn.appmaq.com.br/appmaq-media/manuals/01957100-b0de-7b2f-a009-fc290e8c6938/019e6120-d407-7e38-8a53-0293668b1913.pdf"
"299","Trator Agrícola","CASE","PUMA 200","FOLHETO TÉCNICO TRATOR CASE - PUMA 200 - PUMA 215 - PUMA 230","-","true","https://cdn.appmaq.com.br/appmaq-media/manuals/01957100-b0de-7b2f-a009-fc290e8c6938/019e219f-b74a-79ce-a180-36d6d07e807a.pdf"
"300","Trator Agrícola","CASE","PUMA 200","MANUAL DE CALIBRAÇÔES DE CONTROLADORA DOS TRATORES PUMA - CASE","-","true","https://cdn.appmaq.com.br/appmaq-media/manuals/01957100-b0de-7b2f-a009-fc290e8c6938/019e219f-b7c0-70a5-bad1-a1a544519a56.pdf"
"301","Trator Agrícola","CASE","PUMA 200","MANUAL DE ENTREGA TÉCNICA TRATORES CASE - SÉRIE PUMA","-","true","https://cdn.appmaq.com.br/appmaq-media/manuals/01957100-b0de-7b2f-a009-fc290e8c6938/019e219f-b824-7343-9a08-67c025d9df84.pdf"
"302","Trator Agrícola","CASE","PUMA 200","MANUAL DE MANUTENÇÃO TRATORES PUMA","-","true","https://cdn.appmaq.com.br/appmaq-media/manuals/01957100-b0de-7b2f-a009-fc290e8c6938/019e219f-b8ce-720a-b3fe-0413dc333cdc.pdf"
"303","Trator Agrícola","CASE","PUMA 200","MANUAL DE SERVIÇOS TRATORES - CASE- PUMA 170 CVX - 185 CVX - 200 CVX - 215 CVX - 230 CVX - PUMA - 170 - 185 - 200 - 215 - ESP -","-","true","https://cdn.appmaq.com.br/appmaq-media/manuals/01957100-b0de-7b2f-a009-fc290e8c6938/019e92d9-31a8-7fa7-b0b1-6b1719e9e365.pdf"
"304","Trator Agrícola","CASE","PUMA 200","MANUAL DE SERVIÇO TRATORES - CASE - PUMA 200 -","-","true","https://cdn.appmaq.com.br/appmaq-media/manuals/01957100-b0de-7b2f-a009-fc290e8c6938/019e92cc-a2c0-79cd-b0f4-62b74eca4b0b.pdf"
"305","Trator Agrícola","CASE","PUMA 200","TREINAMENTO AVANÇADO TRATORES PUMA - CASE","-","true","https://cdn.appmaq.com.br/appmaq-media/manuals/01957100-b0de-7b2f-a009-fc290e8c6938/019e219f-b9ea-7e29-b600-e4c878645f57.pdf"
"306","Trator Agrícola","CASE","PUMA 205","CALIBRAÇÃO DE MÓDULOS AVANÇADOS TRATOTES CASE - PUMA 205 - PUMA 225","-","true","https://cdn.appmaq.com.br/appmaq-media/manuals/01957100-b0de-7896-92c8-fef8dd32022e/019e59d7-f8ca-790a-8ce6-11eaf68250ee.pdf"
"307","Trator Agrícola","CASE","PUMA 205","CALIBRAÇÃO DE MÓDULOS ELETRÔNICOS DE TRATORES - CASE - PUMA","-","true","https://cdn.appmaq.com.br/appmaq-media/manuals/01957100-b0de-7896-92c8-fef8dd32022e/019e21a0-8a75-7854-93a7-e9987593ad1a.pdf"
"308","Trator Agrícola","CASE","PUMA 205","CÁUCULO DE LASTRO PARA TRATORES - CASE","-","true","https://cdn.appmaq.com.br/appmaq-media/manuals/01957100-b0de-7896-92c8-fef8dd32022e/019e21a0-8af9-78dc-ad02-a70a4a415c7b.pdf"
"309","Trator Agrícola","CASE","PUMA 205","ENTREGA TÉCNICA TRATORES CASE - PUMA 205 -","-","true","https://cdn.appmaq.com.br/appmaq-media/manuals/01957100-b0de-7896-92c8-fef8dd32022e/019e21a0-8b3b-7ccd-bf04-c4ef65ab0d27.pdf"
"310","Trator Agrícola","CASE","PUMA 205","ESQUEMA ELÉTRICO TRATORES - CASE - PUMA -","-","true","https://cdn.appmaq.com.br/appmaq-media/manuals/01957100-b0de-7896-92c8-fef8dd32022e/019e6121-4b7d-729b-8bb7-a72a34c8431d.pdf"
"311","Trator Agrícola","CASE","PUMA 205","MANUAL DE CALIBRAÇÔES DE CONTROLADORA DOS TRATORES PUMA - CASE","-","true","https://cdn.appmaq.com.br/appmaq-media/manuals/01957100-b0de-7896-92c8-fef8dd32022e/019e21a0-8ca9-73cf-b581-e381030daf4b.pdf"
"312","Trator Agrícola","CASE","PUMA 205","MANUAL DE ENTREGA TÉCNICA TRATORES CASE - SÉRIE PUMA","-","true","https://cdn.appmaq.com.br/appmaq-media/manuals/01957100-b0de-7896-92c8-fef8dd32022e/019e21a0-8d30-7346-ba9d-2c7f1b92c2d9.pdf"
"313","Trator Agrícola","CASE","PUMA 205","MANUAL DE MANUTENÇÃO TRATORES PUMA","-","true","https://cdn.appmaq.com.br/appmaq-media/manuals/01957100-b0de-7896-92c8-fef8dd32022e/019e21a0-8dbc-7b3e-946a-c9a2acce4aa5.pdf"
"314","Trator Agrícola","CASE","PUMA 205","SISTEMA ELÉTRICOS E MODULOS ELETRÔNICOS - TRATORES PUMA 205 - PUMA 225 - CASE","-","true","https://cdn.appmaq.com.br/appmaq-media/manuals/01957100-b0de-7896-92c8-fef8dd32022e/019e233e-9494-75a0-8c53-d3b297e87c98.pdf"
"315","Trator Agrícola","CASE","PUMA 205","TREINAMENTO AVANÇADO TRATORES PUMA - CASE","-","true","https://cdn.appmaq.com.br/appmaq-media/manuals/01957100-b0de-7896-92c8-fef8dd32022e/019e21a0-8f0a-7711-9cc8-9d12cbc6ca30.pdf"
"316","Trator Agrícola","CASE","PUMA 210","CÁUCULO DE LASTRO PARA TRATORES - CASE","-","true","https://cdn.appmaq.com.br/appmaq-media/manuals/019e21a1-abc8-7b70-975b-6ba8740dfa82/019e21a2-9fbb-771b-86cd-3c6fdd521dd0.pdf"
"317","Trator Agrícola","CASE","PUMA 210","ESPECIFICAÇÃO TRATORES CASE - PUMA -210- INGLES","-","true","https://cdn.appmaq.com.br/appmaq-media/manuals/019e21a1-abc8-7b70-975b-6ba8740dfa82/019e21a2-9fed-7b09-ac74-be6050084871.pdf"
"318","Trator Agrícola","CASE","PUMA 210","ESQUEMA ELÉTRICO TRATORES - CASE - PUMA -","-","true","https://cdn.appmaq.com.br/appmaq-media/manuals/019e21a1-abc8-7b70-975b-6ba8740dfa82/019e6121-af19-760b-9cf3-57754b9ea210.pdf"
"319","Trator Agrícola","CASE","PUMA 210","MANUAL DO OPERADOR TRATORES CASE - PUMA 210","-","true","https://cdn.appmaq.com.br/appmaq-media/manuals/019e21a1-abc8-7b70-975b-6ba8740dfa82/019e21a2-a07a-7106-927b-85420fb18b6e.pdf"
"320","Trator Agrícola","CASE","PUMA 215","APOSTILHA MECÂNICA HIDRÁULICA ELÉTRICA E DIAGNÓSTICO - TRATORES CASE 215","-","true","https://cdn.appmaq.com.br/appmaq-media/manuals/01957100-b0de-7935-a19f-460e1892c349/019e21a3-d7e5-76e8-bd92-d660f17394ba.pdf"
"321","Trator Agrícola","CASE","PUMA 215","CALIBRAÇÃO DE MÓDULOS ELETRÔNICOS DE TRATORES - CASE - PUMA","-","true","https://cdn.appmaq.com.br/appmaq-media/manuals/01957100-b0de-7935-a19f-460e1892c349/019e21a3-d912-7d77-a818-cf8d096645ec.pdf"
"322","Trator Agrícola","CASE","PUMA 215","CÁUCULO DE LASTRO PARA TRATORES - CASE","-","true","https://cdn.appmaq.com.br/appmaq-media/manuals/01957100-b0de-7935-a19f-460e1892c349/019e21a3-da2b-794a-8eee-e5a6df677b7d.pdf"
"323","Trator Agrícola","CASE","PUMA 215","ESPECIFICAÇÃO TÉCNICA TRATOR CASE - PUMA 200- PUMA 215- PUMA 230","-","true","https://cdn.appmaq.com.br/appmaq-media/manuals/01957100-b0de-7935-a19f-460e1892c349/019e21a3-daff-74f1-8112-93f52540a947.pdf"
"324","Trator Agrícola","CASE","PUMA 215","FOLHETO TÉCNICO TRATOR CASE - PUMA 200 - PUMA 215 - PUMA 230","-","true","https://cdn.appmaq.com.br/appmaq-media/manuals/01957100-b0de-7935-a19f-460e1892c349/019e21a3-db85-7f6e-ac49-6ab746fde44e.pdf"
"325","Trator Agrícola","CASE","PUMA 215","MANUAL DE CALIBRAÇÔES DE CONTROLADORA DOS TRATORES PUMA - CASE","-","true","https://cdn.appmaq.com.br/appmaq-media/manuals/01957100-b0de-7935-a19f-460e1892c349/019e21a3-dc02-79fb-a63a-753fa1bc9a9d.pdf"
"326","Trator Agrícola","CASE","PUMA 215","MANUAL DE ENTREGA TÉCNICA TRATORES CASE - SÉRIE PUMA","-","true","https://cdn.appmaq.com.br/appmaq-media/manuals/01957100-b0de-7935-a19f-460e1892c349/019e21a3-dc6c-7590-b2f5-e445ecd6642e.pdf"
"327","Trator Agrícola","CASE","PUMA 215","MANUAL DE MANUTENÇÃO TRATORES PUMA","-","true","https://cdn.appmaq.com.br/appmaq-media/manuals/01957100-b0de-7935-a19f-460e1892c349/019e21a3-dd0b-786c-9c32-1f520c0d5fbf.pdf"
"328","Trator Agrícola","CASE","PUMA 215","MANUAL DE SERVIÇOS TRATORES - CASE- PUMA 170 CVX - 185 CVX - 200 CVX - 215 CVX - 230 CVX - PUMA - 170 - 185 - 200 - 215 - ESP -","-","true","https://cdn.appmaq.com.br/appmaq-media/manuals/01957100-b0de-7935-a19f-460e1892c349/019e92da-32f0-73bd-8470-10ccc80e8af8.pdf"
"329","Trator Agrícola","CASE","PUMA 215","MANUAL DE SERVIÇO TRATORES - CASE - PUMA 215 -","-","true","https://cdn.appmaq.com.br/appmaq-media/manuals/01957100-b0de-7935-a19f-460e1892c349/019e92ce-0482-7467-a077-5276da284a0a.pdf"
"330","Trator Agrícola","CASE","PUMA 215","PEÇAS E MANUTENÇÃO TRATOR PUMA 215 - CORREIA E POLIA","-","true","https://cdn.appmaq.com.br/appmaq-media/manuals/01957100-b0de-7935-a19f-460e1892c349/019e21a3-de34-7641-af4f-20e31563dee1.pdf"
"331","Trator Agrícola","CASE","PUMA 215","TREINAMENTO AVANÇADO TRATORES PUMA - CASE","-","true","https://cdn.appmaq.com.br/appmaq-media/manuals/01957100-b0de-7935-a19f-460e1892c349/019e21a3-de4e-736b-b666-a2768b2741f0.pdf"
"332","Trator Agrícola","CASE","PUMA 225","CALIBRAÇÃO DE MÓDULOS AVANÇADOS TRATOTES CASE - PUMA 205 - PUMA 225","-","true","https://cdn.appmaq.com.br/appmaq-media/manuals/0198e2bb-061b-7035-9564-ff4a72e29736/019e59d8-741c-76a2-9764-b027bec01f4a.pdf"
"333","Trator Agrícola","CASE","PUMA 225","CALIBRAÇÃO DE MÓDULOS ELETRÔNICOS DE TRATORES - CASE - PUMA","-","true","https://cdn.appmaq.com.br/appmaq-media/manuals/0198e2bb-061b-7035-9564-ff4a72e29736/019e21a4-a37b-7e9e-9ac6-0abc2c3f208a.pdf"
"334","Trator Agrícola","CASE","PUMA 225","CÁUCULO DE LASTRO PARA TRATORES - CASE","-","true","https://cdn.appmaq.com.br/appmaq-media/manuals/0198e2bb-061b-7035-9564-ff4a72e29736/019e21a4-a400-713d-8fda-9e56ca3b35d0.pdf"
"335","Trator Agrícola","CASE","PUMA 225","ENTREGA TÉCNICA TRATORES CASE - PUMA 225 -","-","true","https://cdn.appmaq.com.br/appmaq-media/manuals/0198e2bb-061b-7035-9564-ff4a72e29736/019e21a4-a4d0-73c1-b2eb-371a90a21221.pdf"
"336","Trator Agrícola","CASE","PUMA 225","ESQUEMA ELÉTRICO TRATORES - CASE - PUMA -","-","true","https://cdn.appmaq.com.br/appmaq-media/manuals/0198e2bb-061b-7035-9564-ff4a72e29736/019e6122-fe00-7d33-846c-d70624a33800.pdf"
"337","Trator Agrícola","CASE","PUMA 225","MANUAL DE CALIBRAÇÔES DE CONTROLADORA DOS TRATORES PUMA - CASE","-","true","https://cdn.appmaq.com.br/appmaq-media/manuals/0198e2bb-061b-7035-9564-ff4a72e29736/019e21a4-a591-7536-8e62-3dbfdd65038c.pdf"
"338","Trator Agrícola","CASE","PUMA 225","MANUAL DE ENTREGA TÉCNICA TRATORES CASE - SÉRIE PUMA","-","true","https://cdn.appmaq.com.br/appmaq-media/manuals/0198e2bb-061b-7035-9564-ff4a72e29736/019e21a4-a617-75f2-b65f-35f58761e74b.pdf"
"339","Trator Agrícola","CASE","PUMA 225","MANUAL DE MANUTENÇÃO TRATORES PUMA","-","true","https://cdn.appmaq.com.br/appmaq-media/manuals/0198e2bb-061b-7035-9564-ff4a72e29736/019e21a4-a6a1-73c0-80f3-7968f1a41d54.pdf"
"340","Trator Agrícola","CASE","PUMA 225","SISTEMA ELÉTRICOS E MODULOS ELETRÔNICOS - TRATORES PUMA 205 - PUMA 225 - CASE","-","true","https://cdn.appmaq.com.br/appmaq-media/manuals/0198e2bb-061b-7035-9564-ff4a72e29736/019e233f-2395-7fb2-9e10-d4bc5b78d4c1.pdf"
"341","Trator Agrícola","CASE","PUMA 225","TREINAMENTO AVANÇADO TRATORES PUMA - CASE","-","true","https://cdn.appmaq.com.br/appmaq-media/manuals/0198e2bb-061b-7035-9564-ff4a72e29736/019e21a4-a817-716b-a0f8-1f1aa57c1690.pdf"
"342","Trator Agrícola","CASE","PUMA 230","APOSTILHA MECÂNICA HIDRÁULICA ELÉTRICA E DIAGNÓSTICO - TRATORES CASE 230","-","true","https://cdn.appmaq.com.br/appmaq-media/manuals/01957100-b0de-72cd-9af9-829c4b21e58f/019e21a5-7d2e-7e1b-a9ee-ae009616540e.pdf"
"343","Trator Agrícola","CASE","PUMA 230","BARRA DE TRAÇÃO PARA TRATOR PUMA 230","-","true","https://cdn.appmaq.com.br/appmaq-media/manuals/01957100-b0de-72cd-9af9-829c4b21e58f/019e21a5-7e44-747c-a97a-7b8ce8ff0069.pdf"
"344","Trator Agrícola","CASE","PUMA 230","CALIBRAÇÃO DE MÓDULOS ELETRÔNICOS DE TRATORES - CASE - PUMA","-","true","https://cdn.appmaq.com.br/appmaq-media/manuals/01957100-b0de-72cd-9af9-829c4b21e58f/019e21a5-7e60-7872-a4d8-c153d41ebda6.pdf"
"345","Trator Agrícola","CASE","PUMA 230","CÁUCULO DE LASTRO PARA TRATORES - CASE","-","true","https://cdn.appmaq.com.br/appmaq-media/manuals/01957100-b0de-72cd-9af9-829c4b21e58f/019e21a5-7fdc-72f0-97ef-301d42dbe9c5.pdf"
"346","Trator Agrícola","CASE","PUMA 230","ESPECIFICAÇÃO TÉCNICA TRATOR CASE - PUMA 200- PUMA 215- PUMA 230","-","true","https://cdn.appmaq.com.br/appmaq-media/manuals/01957100-b0de-72cd-9af9-829c4b21e58f/019e21a5-8024-720c-a3ca-4c15f147e3ea.pdf"
"347","Trator Agrícola","CASE","PUMA 230","ESQUEMA ELÉTRICO TRATOR CASE - PUMA 230","-","true","https://cdn.appmaq.com.br/appmaq-media/manuals/01957100-b0de-72cd-9af9-829c4b21e58f/019e59cd-2eed-70eb-941d-5a118bc74dae.pdf"
"348","Trator Agrícola","CASE","PUMA 230","ESQUEMA ELÉTRICO TRATORES - CASE - PUMA -","-","true","https://cdn.appmaq.com.br/appmaq-media/manuals/01957100-b0de-72cd-9af9-829c4b21e58f/019e6123-7b2c-7f8c-b01f-3c23e070513c.pdf"
"349","Trator Agrícola","CASE","PUMA 230","FOLHETO TÉCNICO TRATOR CASE - PUMA 200 - PUMA 215 - PUMA 230","-","true","https://cdn.appmaq.com.br/appmaq-media/manuals/01957100-b0de-72cd-9af9-829c4b21e58f/019e21a5-80f8-7461-b976-eb0d464f0a0c.pdf"
"350","Trator Agrícola","CASE","PUMA 230","MANUAL DE CALIBRAÇÔES DE CONTROLADORA DOS TRATORES PUMA - CASE","-","true","https://cdn.appmaq.com.br/appmaq-media/manuals/01957100-b0de-72cd-9af9-829c4b21e58f/019e21a5-812c-7cd1-9d5c-fee0a26ef17a.pdf"
"351","Trator Agrícola","CASE","PUMA 230","MANUAL DE ENTREGA TÉCNICA TRATORES CASE - SÉRIE PUMA","-","true","https://cdn.appmaq.com.br/appmaq-media/manuals/01957100-b0de-72cd-9af9-829c4b21e58f/019e21a5-81a6-7b80-b362-8703ec8f306f.pdf"
"352","Trator Agrícola","CASE","PUMA 230","MANUAL DE MANUTENÇÃO TRATORES PUMA","-","true","https://cdn.appmaq.com.br/appmaq-media/manuals/01957100-b0de-72cd-9af9-829c4b21e58f/019e21a5-824b-76bc-9bec-088c57ec5b3f.pdf"
"353","Trator Agrícola","CASE","PUMA 230","MANUAL DE SERVIÇOS TRATORES - CASE - PUMA 170 CVX - 185 CVX - 200 CVX - 215 CVX - 230 CVX - PUMA - 170 - 185 - 200 - 215 - ESP -","-","true","https://cdn.appmaq.com.br/appmaq-media/manuals/01957100-b0de-72cd-9af9-829c4b21e58f/019e92db-6017-7e47-93c8-04937bc885ea.pdf"
"354","Trator Agrícola","CASE","PUMA 230","MANUAL DE SERVIÇO TRATORES - CASE - PUMA 230 -","-","true","https://cdn.appmaq.com.br/appmaq-media/manuals/01957100-b0de-72cd-9af9-829c4b21e58f/019e92cf-3188-7dd5-a656-4cb5c5dab06a.pdf"
"355","Trator Agrícola","CASE","PUMA 230","TREINAMENTO AVANÇADO TRATORES PUMA - CASE","-","true","https://cdn.appmaq.com.br/appmaq-media/manuals/01957100-b0de-72cd-9af9-829c4b21e58f/019e21a5-83bc-7417-b697-77f790f875d6.pdf"
"356","Trator Agrícola","CASE","PUMA 260 CVT","ESQUEMA ELÉTRICO TRATORES - CASE - PUMA -","-","true","https://cdn.appmaq.com.br/appmaq-media/manuals/0198e2d4-744d-7a4d-8ea5-435555830542/019e6123-ff89-7729-ae4e-6ec8ee025e89.pdf"
"357","Trator Agrícola","CASE","PUMA 260 CVX","ESQUEMA ELÉTRICO TRATORES - CASE - PUMA -","-","true","https://cdn.appmaq.com.br/appmaq-media/manuals/01963fa1-f424-7b4b-9ea7-1289ffc85c29/019e6124-6d3f-765e-bb7e-69fdd358b771.pdf"
"358","Trator Agrícola","CASE","STEIGER 350","CÁUCULO DE LASTRO PARA TRATORES - CASE","-","true","https://cdn.appmaq.com.br/appmaq-media/manuals/019e188e-2b8e-7e15-9f01-d46caa2195dc/019e28ec-4ede-7c8c-8191-161b6b1cf068.pdf"
"359","Trator Agrícola","CASE","STEIGER 350","TREINAMENTO TRANSMISSÃO TRATORES STEIGER - CASE - STEIGER 350 -","-","true","https://cdn.appmaq.com.br/appmaq-media/manuals/019e188e-2b8e-7e15-9f01-d46caa2195dc/019e28ec-4f10-73db-8933-70d27c04f0da.pdf"
"360","Trator Agrícola","CASE","STEIGER 370","CÁUCULO DE LASTRO PARA TRATORES - CASE","-","true","https://cdn.appmaq.com.br/appmaq-media/manuals/019669a7-25dd-752f-977b-80e2e2b5d203/019e28ed-1a7e-7138-94e1-0fd72cd180bc.pdf"
"361","Trator Agrícola","CASE","STEIGER 370","MANUAL DE OPERADOR - TRATORES CASE - STEIGER 470","-","true","https://cdn.appmaq.com.br/appmaq-media/manuals/019669a7-25dd-752f-977b-80e2e2b5d203/019e28ed-1ac1-73f5-8571-dc4914d5d1d2.pdf"
"362","Trator Agrícola","CASE","STEIGER 370","MANUAL DE SERVIÇO TRATOR STEIGER 370 - CASE - 2017","-","true","https://cdn.appmaq.com.br/appmaq-media/manuals/019669a7-25dd-752f-977b-80e2e2b5d203/019e318c-4fbd-7fa2-9fbc-6e5a0bc09e38.pdf"
"363","Trator Agrícola","CASE","STEIGER 370","MANUAL DO OPERADOR TRATOR STEIGER 370 - CASE","-","true","https://cdn.appmaq.com.br/appmaq-media/manuals/019669a7-25dd-752f-977b-80e2e2b5d203/019e318c-5767-70ff-a479-fe19c834cadc.pdf"
"364","Trator Agrícola","CASE","STEIGER 400","CÁUCULO DE LASTRO PARA TRATORES - CASE","-","true","https://cdn.appmaq.com.br/appmaq-media/manuals/019e188e-cea9-7484-904e-13d44f910c3e/019e28ed-b747-7358-89b0-4ac858926ccd.pdf"
"365","Trator Agrícola","CASE","STEIGER 400","TREINAMENTO TRANSMISSÃO TRATORES STEIGER - CASE - STEIGER 400 -","-","true","https://cdn.appmaq.com.br/appmaq-media/manuals/019e188e-cea9-7484-904e-13d44f910c3e/019e28ed-b77b-7d34-8a3a-f61339872334.pdf"
"366","Trator Agrícola","CASE","STEIGER 420","CÁUCULO DE LASTRO PARA TRATORES - CASE","-","true","https://cdn.appmaq.com.br/appmaq-media/manuals/0195b3ba-39a6-7ac8-8e6d-680c6f973954/019e28ee-9aef-714a-9a49-b607338d0074.pdf"
"367","Trator Agrícola","CASE","STEIGER 420","MANUAL DE OPERADOR - TRATORES CASE - STEIGER 420","-","true","https://cdn.appmaq.com.br/appmaq-media/manuals/0195b3ba-39a6-7ac8-8e6d-680c6f973954/019e28ee-9b21-75e5-87b4-5a0dd6da7da9.pdf"
"368","Trator Agrícola","CASE","STEIGER 420","MANUAL DE SERVIÇO TRATOR STEIGER 420 - CASE - 2017","-","true","https://cdn.appmaq.com.br/appmaq-media/manuals/0195b3ba-39a6-7ac8-8e6d-680c6f973954/019e318e-04bf-718c-9c33-aaa6746d930f.pdf"
"369","Trator Agrícola","CASE","STEIGER 420","MANUAL DO OPERADOR TRATOR STEIGER 420 - CASE","-","true","https://cdn.appmaq.com.br/appmaq-media/manuals/0195b3ba-39a6-7ac8-8e6d-680c6f973954/019e318e-0a10-76c7-95be-9613a40f7684.pdf"
"370","Trator Agrícola","CASE","STEIGER 420 ROWTRAC","CÁUCULO DE LASTRO PARA TRATORES - CASE","-","true","https://cdn.appmaq.com.br/appmaq-media/manuals/019e1891-63fe-7312-86be-76aa9392f492/019e28ef-d77c-74ce-b564-7997ab5f66db.pdf"
"371","Trator Agrícola","CASE","STEIGER 420 ROWTRAC","MANUAL DE OPERADOR - TRATORES CASE - STEIGER 420 ROWTRAC","-","true","https://cdn.appmaq.com.br/appmaq-media/manuals/019e1891-63fe-7312-86be-76aa9392f492/019e28ef-d923-7918-970e-b5b0d70dabbb.pdf"
"372","Trator Agrícola","CASE","STEIGER 425","CÁUCULO DE LASTRO PARA TRATORES - CASE","-","true","https://cdn.appmaq.com.br/appmaq-media/manuals/01963fa0-1389-7d0c-8bb5-7d5bc94a4fa4/019e28f0-700c-778a-9cb7-5fb83c21abe6.pdf"
"373","Trator Agrícola","CASE","STEIGER 425","TREINAMENTO TRANSMISSÃO TRATORES STEIGER - CASE - STEIGER 450 -","-","true","https://cdn.appmaq.com.br/appmaq-media/manuals/01963fa0-1389-7d0c-8bb5-7d5bc94a4fa4/019e28f0-703c-7ee3-bc64-954abc8d3768.pdf"
"374","Trator Agrícola","CASE","STEIGER 450","CÁUCULO DE LASTRO PARA TRATORES - CASE","-","true","https://cdn.appmaq.com.br/appmaq-media/manuals/019e1892-14e8-73f4-a7b8-726a83f6b4b5/019e28f2-843f-755f-8a1c-a89a37437382.pdf"
"375","Trator Agrícola","CASE","STEIGER 450","TREINAMENTO TRANSMISSÃO TRATORES STEIGER - CASE - STEIGER 450 -","-","true","https://cdn.appmaq.com.br/appmaq-media/manuals/019e1892-14e8-73f4-a7b8-726a83f6b4b5/019e28f2-8470-7235-bf73-a08093b0cbbb.pdf"
"376","Trator Agrícola","CASE","STEIGER 470","CÁUCULO DE LASTRO PARA TRATORES - CASE","-","true","https://cdn.appmaq.com.br/appmaq-media/manuals/0198e2d5-7629-7c53-9f63-c7e95866a246/019e28f1-873e-743a-9884-d338e62c4479.pdf"
"377","Trator Agrícola","CASE","STEIGER 470","MANUAL DE OPERADOR - TRATORES CASE - STEIGER 470","-","true","https://cdn.appmaq.com.br/appmaq-media/manuals/0198e2d5-7629-7c53-9f63-c7e95866a246/019e28f1-87a5-743f-ae6e-92a01ba0a2d8.pdf"
"378","Trator Agrícola","CASE","STEIGER 470","MANUAL DE SERVIÇO TRATOR STEIGER 470 - CASE - 2017","-","true","https://cdn.appmaq.com.br/appmaq-media/manuals/0198e2d5-7629-7c53-9f63-c7e95866a246/019e318f-553c-748b-b333-eb736e1adff3.pdf"
"379","Trator Agrícola","CASE","STEIGER 470","MANUAL DO OPERADOR TRATOR STEIGER 470 - CASE","-","true","https://cdn.appmaq.com.br/appmaq-media/manuals/0198e2d5-7629-7c53-9f63-c7e95866a246/019e318f-5a3e-7e37-9549-bd79806cc74e.pdf"
"380","Trator Agrícola","CASE","STEIGER 470 QUADTRAC","CÁUCULO DE LASTRO PARA TRATORES - CASE","-","true","https://cdn.appmaq.com.br/appmaq-media/manuals/019e1893-aeab-7d9e-9746-5d87738b2861/019e28f5-686c-7017-a1ee-e69df17ab415.pdf"
"381","Trator Agrícola","CASE","STEIGER 470 QUADTRAC","MANUAL DE OPERADOR - TRATORES CASE - STEIGER 470 QUADTRAC","-","true","https://cdn.appmaq.com.br/appmaq-media/manuals/019e1893-aeab-7d9e-9746-5d87738b2861/019e28f5-68ba-7590-9706-f8c0c974662c.pdf"
"382","Trator Agrícola","CASE","STEIGER 470 ROWTRAC","CÁUCULO DE LASTRO PARA TRATORES - CASE","-","true","https://cdn.appmaq.com.br/appmaq-media/manuals/019e1893-3851-762d-97e8-c37ad970c85c/019e28f6-c7d2-7891-813c-f9bedc86fde8.pdf"
"383","Trator Agrícola","CASE","STEIGER 470 ROWTRAC","MANUAL DE OPERADOR - TRATORES CASE - STEIGER 470 ROWTRAC","-","true","https://cdn.appmaq.com.br/appmaq-media/manuals/019e1893-3851-762d-97e8-c37ad970c85c/019e28f6-c827-7815-b883-5e54bd9b8f90.pdf"
"384","Trator Agrícola","CASE","STEIGER 500","CÁUCULO DE LASTRO PARA TRATORES - CASE","-","true","https://cdn.appmaq.com.br/appmaq-media/manuals/0196f443-bfa1-752c-a0aa-e14ad4fe8b3b/019e28f8-937c-7327-b092-6d4de4e49de7.pdf"
"385","Trator Agrícola","CASE","STEIGER 500","MANUAL DE OPERADOR - TRATORES CASE - STEIGER 500","-","true","https://cdn.appmaq.com.br/appmaq-media/manuals/0196f443-bfa1-752c-a0aa-e14ad4fe8b3b/019e28f8-93c5-701a-a69d-ea1ca8e32add.pdf"
"386","Trator Agrícola","CASE","STEIGER 500","MANUAL DO OPERADOR TRATOR STEIGER 500 - CASE","-","true","https://cdn.appmaq.com.br/appmaq-media/manuals/0196f443-bfa1-752c-a0aa-e14ad4fe8b3b/019e319e-a332-7ac6-b7b0-2ffa643bab10.pdf"
"387","Trator Agrícola","CASE","STEIGER 500","TREINAMENTO TRANSMISSÃO TRATORES STEIGER - CASE - STEIGER 500 -","-","true","https://cdn.appmaq.com.br/appmaq-media/manuals/0196f443-bfa1-752c-a0aa-e14ad4fe8b3b/019e28f8-9a0b-75ca-ae20-75f5a95495ff.pdf"
"388","Trator Agrícola","CASE","STEIGER 500 QUADTRAC","CÁUCULO DE LASTRO PARA TRATORES - CASE","-","true","https://cdn.appmaq.com.br/appmaq-media/manuals/019e1898-08f1-7040-b6f8-e3cd992ec003/019e28f9-92e3-7e82-a895-8a3cd2fc4edf.pdf"
"389","Trator Agrícola","CASE","STEIGER 500 QUADTRAC","MANUAL DE OPERADOR - TRATORES CASE - STEIGER 500 QUADTRAC","-","true","https://cdn.appmaq.com.br/appmaq-media/manuals/019e1898-08f1-7040-b6f8-e3cd992ec003/019e28f9-9314-7de4-97bb-2957e907d128.pdf"
"390","Trator Agrícola","CASE","STEIGER 500 ROWTRAC","CÁUCULO DE LASTRO PARA TRATORES - CASE","-","true","https://cdn.appmaq.com.br/appmaq-media/manuals/019e1898-765f-7a5f-8898-d26999e54a1b/019e28fa-95f6-75cf-9f54-1ff0e6f70b04.pdf"
"391","Trator Agrícola","CASE","STEIGER 500 ROWTRAC","MANUAL DE OPERADOR - TRATORES CASE - STEIGER 500 ROWTRAC","-","true","https://cdn.appmaq.com.br/appmaq-media/manuals/019e1898-765f-7a5f-8898-d26999e54a1b/019e28fa-962a-7fe9-b51b-d2ca922acaaa.pdf"
"392","Trator Agrícola","CASE","STEIGER 500 SCRAPER","CÁUCULO DE LASTRO PARA TRATORES - CASE","-","true","https://cdn.appmaq.com.br/appmaq-media/manuals/019e1899-bb9b-7886-ba62-35762ba6ea13/019e28fb-cc09-7c26-9b70-7b880476a6dd.pdf"
"393","Trator Agrícola","CASE","STEIGER 500 SCRAPER","TREINAMENTO TRANSMISSÃO TRATORES STEIGER - CASE - STEIGER 500 SCRAPER -","-","true","https://cdn.appmaq.com.br/appmaq-media/manuals/019e1899-bb9b-7886-ba62-35762ba6ea13/019e28fb-cc3a-7520-94c6-188760ba88c3.pdf"
"394","Trator Agrícola","CASE","STEIGER 540","CÁUCULO DE LASTRO PARA TRATORES - CASE","-","true","https://cdn.appmaq.com.br/appmaq-media/manuals/0195b3ba-39a6-7456-83c1-15e4ec6aaa97/019e28fd-4eae-7e43-9a0a-41e05936b7d9.pdf"
"395","Trator Agrícola","CASE","STEIGER 540","MANUAL DE OPERADOR - TRATORES CASE - STEIGER 540","-","true","https://cdn.appmaq.com.br/appmaq-media/manuals/0195b3ba-39a6-7456-83c1-15e4ec6aaa97/019e28fd-4edf-7dc3-9a01-120ea5ccf543.pdf"
"396","Trator Agrícola","CASE","STEIGER 540","MANUAL DO OPERADOR TRATOR STEIGER 540 - CASE","-","true","https://cdn.appmaq.com.br/appmaq-media/manuals/0195b3ba-39a6-7456-83c1-15e4ec6aaa97/019e31a2-5535-779f-a2b9-220e5b66fe5a.pdf"
"397","Trator Agrícola","CASE","STEIGER 540 QUADTRAC","CÁUCULO DE LASTRO PARA TRATORES - CASE","-","true","https://cdn.appmaq.com.br/appmaq-media/manuals/019e1899-4c90-76f2-88cc-f2ffd9ad4848/019e28fe-11bb-7c5a-9923-b285e53b5b42.pdf"
"398","Trator Agrícola","CASE","STEIGER 540 QUADTRAC","MANUAL DE OPERADOR - TRATORES CASE - STEIGER 540 QUADTRAC","-","true","https://cdn.appmaq.com.br/appmaq-media/manuals/019e1899-4c90-76f2-88cc-f2ffd9ad4848/019e28fe-11ed-77aa-a946-be9d16ebbc6d.pdf"
"399","Trator Agrícola","CASE","STEIGER 550","CÁUCULO DE LASTRO PARA TRATORES - CASE","-","true","https://cdn.appmaq.com.br/appmaq-media/manuals/0198e2d7-b851-796f-aeab-ef6ed4f8f13b/019e2901-1b81-76d1-ae33-80ceda563975.pdf"
"400","Trator Agrícola","CASE","STEIGER 550","TREINAMENTO TRANSMISSÃO TRATORES STEIGER - CASE - STEIGER 550 -","-","true","https://cdn.appmaq.com.br/appmaq-media/manuals/0198e2d7-b851-796f-aeab-ef6ed4f8f13b/019e2901-1bb4-7934-b31f-5860ea5cc863.pdf"
"401","Trator Agrícola","CASE","STEIGER 580","CÁUCULO DE LASTRO PARA TRATORES - CASE","-","true","https://cdn.appmaq.com.br/appmaq-media/manuals/0195b3ba-39a6-7aa2-ad12-e4dfca267d93/019e2902-b770-7e47-b107-c5b6c75e7790.pdf"
"402","Trator Agrícola","CASE","STEIGER 580","MANUAL DE OPERADOR - TRATORES CASE - STEIGER 580","-","true","https://cdn.appmaq.com.br/appmaq-media/manuals/0195b3ba-39a6-7aa2-ad12-e4dfca267d93/019e2902-b7c9-7a85-a7f5-82a39d23e9d8.pdf"
"403","Trator Agrícola","CASE","STEIGER 580","MANUAL DE SERVIÇO TRATOR STEIGER 580 - CASE - 2017","-","true","https://cdn.appmaq.com.br/appmaq-media/manuals/0195b3ba-39a6-7aa2-ad12-e4dfca267d93/019e3190-897f-7675-bb5a-2ae9d256149c.pdf"
"404","Trator Agrícola","CASE","STEIGER 580","MANUAL DO OPERADOR TRATOR - STEIGER 580 - CASE","-","true","https://cdn.appmaq.com.br/appmaq-media/manuals/0195b3ba-39a6-7aa2-ad12-e4dfca267d93/019e3190-8e9f-7d61-8487-599e40cf7a65.pdf"
"405","Trator Agrícola","CASE","STEIGER 580 QUADTRAC","CÁUCULO DE LASTRO PARA TRATORES - CASE","-","true","https://cdn.appmaq.com.br/appmaq-media/manuals/019e189a-a635-7ed9-8a6b-8f1aae871664/019e2903-f10c-701d-a69b-7f21642bfcfb.pdf"
"406","Trator Agrícola","CASE","STEIGER 580 QUADTRAC","MANUAL DE OPERADOR - TRATORES CASE - STEIGER 580 QUADTRAC","-","true","https://cdn.appmaq.com.br/appmaq-media/manuals/019e189a-a635-7ed9-8a6b-8f1aae871664/019e2903-f13d-7c65-84cb-c7e68aba8888.pdf"
"407","Trator Agrícola","CASE","STEIGER 600","CÁUCULO DE LASTRO PARA TRATORES - CASE","-","true","https://cdn.appmaq.com.br/appmaq-media/manuals/019e189b-12a6-7313-ab0b-5a2c3c4bc90d/019e2906-20a4-79ab-ba0a-6b5e3f9e8d54.pdf"
"408","Trator Agrícola","CASE","STEIGER 600","TREINAMENTO TRANSMISSÃO TRATORES STEIGER - CASE - STEIGER 600","-","true","https://cdn.appmaq.com.br/appmaq-media/manuals/019e189b-12a6-7313-ab0b-5a2c3c4bc90d/019e2906-20d5-71c8-b09a-6a54cfddb2f8.pdf"
"409","Trator Agrícola","CASE","STEIGER 620","CÁUCULO DE LASTRO PARA TRATORES - CASE","-","true","https://cdn.appmaq.com.br/appmaq-media/manuals/0195b3ba-39a6-74e8-89a6-c38ddc6cd785/019e2907-63dc-7a19-8da6-085fb42ade8c.pdf"
"410","Trator Agrícola","CASE","STEIGER 620","MANUAL DE OPERADOR - TRATORES CASE - STEIGER 620","-","true","https://cdn.appmaq.com.br/appmaq-media/manuals/0195b3ba-39a6-74e8-89a6-c38ddc6cd785/019e2907-640d-7917-8912-8c57b1459cba.pdf"
"411","Trator Agrícola","CASE","STEIGER 620","MANUAL DO OPERADOR TRATOR STEIGER 620 - CASE","-","true","https://cdn.appmaq.com.br/appmaq-media/manuals/0195b3ba-39a6-74e8-89a6-c38ddc6cd785/019e31a0-1163-7589-9406-1aa88843f047.pdf"
"412","Trator Agrícola","CASE","STEIGER 620 QUADTRAC Tier 4B","CÁUCULO DE LASTRO PARA TRATORES - CASE","-","true","https://cdn.appmaq.com.br/appmaq-media/manuals/019e189b-be70-7a06-9ffc-4d701ebd4ac6/019e2908-20b4-7fca-82e7-6ba9e65798e6.pdf"
"413","Trator Agrícola","CASE","STEIGER 620 QUADTRAC Tier 4B","MANUAL DE OPERADOR - TRATORES CASE - STEIGER 620 QUADTRAC tier 4B","-","true","https://cdn.appmaq.com.br/appmaq-media/manuals/019e189b-be70-7a06-9ffc-4d701ebd4ac6/019e2908-20e5-7b4e-b64a-25468a78f9c4.pdf"
"414","Trator Agrícola","FENDT","1038 VARIO","CÓDIGOS DE FALHAS TRATORES - FENDT - SÉRIE 1000 VARIO GEN3 -","-","true","https://cdn.appmaq.com.br/appmaq-media/manuals/019e6fd2-5417-7d15-9bd0-749fbdf19e47/019e6fef-4db5-77fe-b198-01740aa4c23d.pdf"
"415","Trator Agrícola","FENDT","1038 VARIO","FOLHETO TÉCNICO TRATORES FENDT - SÉRIE VARIO","-","true","https://cdn.appmaq.com.br/appmaq-media/manuals/019e6fd2-5417-7d15-9bd0-749fbdf19e47/019e6fef-5325-7042-8b07-3c21c81e64d7.pdf"
"416","Trator Agrícola","FENDT","1038 VARIO","MANUAL DE MANUTENÇÃO TRATORES - FENDT - 1038 VARIO GEN3- 1042 VARIO GEN3 - 1046 VARIO GEN3 - 1050 VARIO GEN3 -","-","true","https://cdn.appmaq.com.br/appmaq-media/manuals/019e6fd2-5417-7d15-9bd0-749fbdf19e47/019e6fef-542a-7c01-8796-3cb5bb3362d8.pdf"
"417","Trator Agrícola","FENDT","1038 VARIO","MANUAL DE OPERAÇÃO E MANUTENÇÃO PERIÓDICA TRATORES - FENDT -","-","true","https://cdn.appmaq.com.br/appmaq-media/manuals/019e6fd2-5417-7d15-9bd0-749fbdf19e47/019e6fef-5850-7bb5-bf49-5fbac69e73a8.pdf"
"418","Trator Agrícola","FENDT","1038 VARIO","MANUAL DE OPERAÇÃO SÉRIE 1000 VARIO GEN3","-","true","https://cdn.appmaq.com.br/appmaq-media/manuals/019e6fd2-5417-7d15-9bd0-749fbdf19e47/019e6fef-5ad5-7f6f-a6f8-479872603596.pdf"
"419","Trator Agrícola","FENDT","1038 VARIO","MANUAL DO OPERADOR VARIO GUIDE DOS TRATORES - FENDT - SÉRIE - VÁRIO -","-","true","https://cdn.appmaq.com.br/appmaq-media/manuals/019e6fd2-5417-7d15-9bd0-749fbdf19e47/019e6fef-69b6-7fb6-9af0-097b6bcc5e4a.pdf"
"420","Trator Agrícola","FENDT","1038 VARIO","OPERAÇÃO DE ENTRAGA TÉCNICA TRATORES - FENDT - -SÉRIE 900 VARIO GEN7 - 1000 VARIO GEN3 -","-","true","https://cdn.appmaq.com.br/appmaq-media/manuals/019e6fd2-5417-7d15-9bd0-749fbdf19e47/019e6fef-724a-71a5-ba16-23fce0ef18c6.pdf"
"421","Trator Agrícola","FENDT","1038 VARIO","TREINAMENTOS PARA TRATORES FENDT - SÉRIE 900 VÁRIO GEN7 - SÉRIE 1000 GEN3","-","true","https://cdn.appmaq.com.br/appmaq-media/manuals/019e6fd2-5417-7d15-9bd0-749fbdf19e47/019e6fef-75c4-749d-9fe8-8005f29cb6cf.pdf"
"422","Trator Agrícola","FENDT","1042 VARIO","CÓDIGOS DE FALHAS TRATORES - FENDT - SÉRIE 1000 VARIO GEN3 -","-","true","https://cdn.appmaq.com.br/appmaq-media/manuals/019e6fd2-9dab-7eae-a3e8-61e44daaaac7/019e6ff0-ab66-7ff4-af3d-6f1e66be985e.pdf"
"423","Trator Agrícola","FENDT","1042 VARIO","FOLHETO TÉCNICO TRATORES FENDT - SÉRIE VARIO","-","true","https://cdn.appmaq.com.br/appmaq-media/manuals/019e6fd2-9dab-7eae-a3e8-61e44daaaac7/019e6ff0-b190-7d23-8f1b-0ddf120afb5b.pdf"
"424","Trator Agrícola","FENDT","1042 VARIO","MANUAL DE MANUTENÇÃO TRATORES - FENDT - 1038 VARIO GEN3- 1042 VARIO GEN3 - 1046 VARIO GEN3 - 1050 VARIO GEN3 -","-","true","https://cdn.appmaq.com.br/appmaq-media/manuals/019e6fd2-9dab-7eae-a3e8-61e44daaaac7/019e6ff0-bb07-7565-8644-4e0cf63ee052.pdf"
"425","Trator Agrícola","FENDT","1042 VARIO","MANUAL DE OPERAÇÃO E MANUTENÇÃO PERIÓDICA TRATORES - FENDT -","-","true","https://cdn.appmaq.com.br/appmaq-media/manuals/019e6fd2-9dab-7eae-a3e8-61e44daaaac7/019e6ff0-bf4d-733d-a4f3-e189b5cc0572.pdf"
"426","Trator Agrícola","FENDT","1042 VARIO","MANUAL DE OPERAÇÃO SÉRIE 1000 VARIO GEN3","-","true","https://cdn.appmaq.com.br/appmaq-media/manuals/019e6fd2-9dab-7eae-a3e8-61e44daaaac7/019e6ff0-c26c-70e0-adb2-3ea87e0ff868.pdf"
"427","Trator Agrícola","FENDT","1042 VARIO","MANUAL DO OPERADOR VARIO GUIDE DOS TRATORES - FENDT - SÉRIE - VÁRIO -","-","true","https://cdn.appmaq.com.br/appmaq-media/manuals/019e6fd2-9dab-7eae-a3e8-61e44daaaac7/019e6ff0-c9a4-7276-a938-f79370f56fb3.pdf"
"428","Trator Agrícola","FENDT","1042 VARIO","OPERAÇÃO DE ENTRAGA TÉCNICA TRATORES - FENDT - -SÉRIE 900 VARIO GEN7 - 1000 VARIO GEN3 -","-","true","https://cdn.appmaq.com.br/appmaq-media/manuals/019e6fd2-9dab-7eae-a3e8-61e44daaaac7/019e6ff0-d267-78e3-940a-ac417f74390a.pdf"
"429","Trator Agrícola","FENDT","1042 VARIO","TREINAMENTOS PARA TRATORES FENDT - SÉRIE 900 VÁRIO GEN7 - SÉRIE 1000 GEN3","-","true","https://cdn.appmaq.com.br/appmaq-media/manuals/019e6fd2-9dab-7eae-a3e8-61e44daaaac7/019e6ff0-d4c3-7753-b037-a385685037d6.pdf"
"430","Trator Agrícola","FENDT","1046 VARIO","CÓDIGOS DE FALHAS TRATORES - FENDT - SÉRIE 1000 VARIO GEN3 -","-","true","https://cdn.appmaq.com.br/appmaq-media/manuals/0196aaa3-ef0d-78b5-a29c-9cdfac0f9f18/019e6ff1-e28b-756e-b0e2-87d77d01c2fa.pdf"
"431","Trator Agrícola","FENDT","1046 VARIO","FOLHETO TÉCNICO TRATORES FENDT - SÉRIE VARIO","-","true","https://cdn.appmaq.com.br/appmaq-media/manuals/0196aaa3-ef0d-78b5-a29c-9cdfac0f9f18/019e6ff1-e6b4-716e-8a47-6ac3f12b0310.pdf"
"432","Trator Agrícola","FENDT","1046 VARIO","MANUAL DE MANUTENÇÃO TRATORES - FENDT - 1038 VARIO GEN3- 1042 VARIO GEN3 - 1046 VARIO GEN3 - 1050 VARIO GEN3 -","-","true","https://cdn.appmaq.com.br/appmaq-media/manuals/0196aaa3-ef0d-78b5-a29c-9cdfac0f9f18/019e6ff1-e704-786c-b8d7-b0842335a297.pdf"
"433","Trator Agrícola","FENDT","1046 VARIO","MANUAL DE OPERAÇÃO E MANUTENÇÃO PERIÓDICA TRATORES - FENDT -","-","true","https://cdn.appmaq.com.br/appmaq-media/manuals/0196aaa3-ef0d-78b5-a29c-9cdfac0f9f18/019e6ff1-ee0b-7117-9498-0652bdeca1f7.pdf"
"434","Trator Agrícola","FENDT","1046 VARIO","MANUAL DE OPERAÇÃO SÉRIE 1000 VARIO GEN3","-","true","https://cdn.appmaq.com.br/appmaq-media/manuals/0196aaa3-ef0d-78b5-a29c-9cdfac0f9f18/019e6ff1-ef92-78e8-8e5a-62b0572e92d4.pdf"
"435","Trator Agrícola","FENDT","1046 VARIO","MANUAL DO OPERADOR VARIO GUIDE DOS TRATORES - FENDT - SÉRIE - VÁRIO -","-","true","https://cdn.appmaq.com.br/appmaq-media/manuals/0196aaa3-ef0d-78b5-a29c-9cdfac0f9f18/019e6ff1-f9a3-7b2f-9c53-71adc544507a.pdf"
"436","Trator Agrícola","FENDT","1046 VARIO","OPERAÇÃO DE ENTRAGA TÉCNICA TRATORES - FENDT - -SÉRIE 900 VARIO GEN7 - 1000 VARIO GEN3 -","-","true","https://cdn.appmaq.com.br/appmaq-media/manuals/0196aaa3-ef0d-78b5-a29c-9cdfac0f9f18/019e6ff2-0270-7558-9562-f01f476fb3e7.pdf"
"437","Trator Agrícola","FENDT","1046 VARIO","TREINAMENTOS PARA TRATORES FENDT - SÉRIE 900 VÁRIO GEN7 - SÉRIE 1000 GEN3","-","true","https://cdn.appmaq.com.br/appmaq-media/manuals/0196aaa3-ef0d-78b5-a29c-9cdfac0f9f18/019e6ff2-044d-7d3d-af24-059e08f99da4.pdf"
"438","Trator Agrícola","FENDT","1050 VARIO","CÓDIGOS DE FALHAS TRATORES - FENDT - SÉRIE 1000 VARIO GEN3 -","-","true","https://cdn.appmaq.com.br/appmaq-media/manuals/0196aaa4-a2b2-77fb-a88e-5c6243d19378/019e6ff3-45a6-73c5-aed9-c59c0cfe3d95.pdf"
"439","Trator Agrícola","FENDT","1050 VARIO","FOLHETO TÉCNICO TRATORES FENDT - SÉRIE VARIO","-","true","https://cdn.appmaq.com.br/appmaq-media/manuals/0196aaa4-a2b2-77fb-a88e-5c6243d19378/019e6ff3-49c6-767e-90d6-88a2f5354195.pdf"
"440","Trator Agrícola","FENDT","1050 VARIO","MANUAL DE MANUTENÇÃO TRATORES - FENDT - 1038 VARIO GEN3- 1042 VARIO GEN3 - 1046 VARIO GEN3 - 1050 VARIO GEN3 -","-","true","https://cdn.appmaq.com.br/appmaq-media/manuals/0196aaa4-a2b2-77fb-a88e-5c6243d19378/019e6ff3-4a0a-779c-90e2-43cf435fc54b.pdf"
"441","Trator Agrícola","FENDT","1050 VARIO","MANUAL DE OPERAÇÃO E MANUTENÇÃO PERIÓDICA TRATORES - FENDT -","-","true","https://cdn.appmaq.com.br/appmaq-media/manuals/0196aaa4-a2b2-77fb-a88e-5c6243d19378/019e6ff3-4dbf-7ee0-b547-b0c3783d01df.pdf"
"442","Trator Agrícola","FENDT","1050 VARIO","MANUAL DE OPERAÇÃO SÉRIE 1000 VARIO GEN3","-","true","https://cdn.appmaq.com.br/appmaq-media/manuals/0196aaa4-a2b2-77fb-a88e-5c6243d19378/019e6ff3-4e74-72f7-b378-59640ba4c1a4.pdf"
"443","Trator Agrícola","FENDT","1050 VARIO","MANUAL DO OPERADOR VARIO GUIDE DOS TRATORES - FENDT - SÉRIE - VÁRIO -","-","true","https://cdn.appmaq.com.br/appmaq-media/manuals/0196aaa4-a2b2-77fb-a88e-5c6243d19378/019e6ff3-55c0-7b8f-bc96-aa9a30d7e864.pdf"
"444","Trator Agrícola","FENDT","1050 VARIO","OPERAÇÃO DE ENTRAGA TÉCNICA TRATORES - FENDT - -SÉRIE 900 VARIO GEN7 - 1000 VARIO GEN3 -","-","true","https://cdn.appmaq.com.br/appmaq-media/manuals/0196aaa4-a2b2-77fb-a88e-5c6243d19378/019e6ff3-5b5f-70c8-b7fe-2210d2f39a07.pdf"
"445","Trator Agrícola","FENDT","1050 VARIO","TREINAMENTOS PARA TRATORES FENDT - SÉRIE 900 VÁRIO GEN7 - SÉRIE 1000 GEN3","-","true","https://cdn.appmaq.com.br/appmaq-media/manuals/0196aaa4-a2b2-77fb-a88e-5c6243d19378/019e6ff3-5ce9-7522-8dad-de49c6257a5f.pdf"
"446","Trator Agrícola","FENDT","1151 VARIO MT","MANUAL DO OPERADOR TRATOR DE ESTEIRA DE BORRACHA - FENDT - 1151 VÁRIO MT -","-","true","https://cdn.appmaq.com.br/appmaq-media/manuals/019e6eed-2a0b-7514-a637-0859402f6e27/019e6ff4-6ab6-7e07-b623-a2f17bda0c44.pdf"
"447","Trator Agrícola","FENDT","1151 VARIO MT","MANUAL DO OPERADOR VARIO GUIDE DOS TRATORES - FENDT - SÉRIE - VÁRIO -","-","true","https://cdn.appmaq.com.br/appmaq-media/manuals/019e6eed-2a0b-7514-a637-0859402f6e27/019e6ff4-7275-70d5-a94e-9bc37e3a9ef4.pdf"
"448","Trator Agrícola","FENDT","1156 VARIO MT","MANUAL DO OPERADOR TRATOR DE ESTEIRA DE BORRACHA - FENDT - 1156 VÁRIO MT-","-","true","https://cdn.appmaq.com.br/appmaq-media/manuals/019e6eee-4cea-78c3-999e-f16218524eec/019e6ff5-5d89-7982-ab4c-57d42ac0333a.pdf"
"449","Trator Agrícola","FENDT","1156 VARIO MT","MANUAL DO OPERADOR VARIO GUIDE DOS TRATORES - FENDT - SÉRIE - VÁRIO -","-","true","https://cdn.appmaq.com.br/appmaq-media/manuals/019e6eee-4cea-78c3-999e-f16218524eec/019e6ff5-6595-7bbb-ada1-04b1cb23e7ff.pdf"
"450","Trator Agrícola","FENDT","1162 VARIO MT","MANUAL DO OPERADOR TRATOR DE ESTEIRA DE BORRACHA - FENDT - 1162 VÁRIO MT -","-","true","https://cdn.appmaq.com.br/appmaq-media/manuals/019e6eee-ba12-7da5-994c-a6083fb9cabe/019e6ff6-748e-7b76-b9a3-4c17bfa7307c.pdf"
"451","Trator Agrícola","FENDT","1162 VARIO MT","MANUAL DO OPERADOR VARIO GUIDE DOS TRATORES - FENDT - SÉRIE - VÁRIO -","-","true","https://cdn.appmaq.com.br/appmaq-media/manuals/019e6eee-ba12-7da5-994c-a6083fb9cabe/019e6ff6-7cc2-7b36-bfd5-5ae2b07803b5.pdf"
"452","Trator Agrícola","FENDT","1167 VARIO MT","MANUAL DO OPERADOR TRATOR DE ESTEIRA DE BORRACHA - FENDT - 1167 - VÁRIO MT","-","true","https://cdn.appmaq.com.br/appmaq-media/manuals/0196aaa6-8eb6-74fa-ae2c-0988387212cf/019e6ff7-74b0-7238-8034-23c7a9fd0864.pdf"
"453","Trator Agrícola","FENDT","1167 VARIO MT","MANUAL DO OPERADOR VARIO GUIDE DOS TRATORES - FENDT - SÉRIE - VÁRIO -","-","true","https://cdn.appmaq.com.br/appmaq-media/manuals/0196aaa6-8eb6-74fa-ae2c-0988387212cf/019e6ff7-7d22-7c75-a6f4-9f4307b06b66.pdf"
"454","Trator Agrícola","FENDT","726 VARIO","CÓDIGO DE FALHAS TRATORES - FENDT - SÉRIE 700","-","true","https://cdn.appmaq.com.br/appmaq-media/manuals/0196aabf-3c8f-724f-bcd2-4b1e3a47e8ed/019e6ff8-74be-77e8-b7c7-8fd4831b3e88.pdf"
"455","Trator Agrícola","FENDT","726 VARIO","MANUAL DE MANUTENÇÃO TRATORES FENDT - SÉRIE - 700-800","-","true","https://cdn.appmaq.com.br/appmaq-media/manuals/0196aabf-3c8f-724f-bcd2-4b1e3a47e8ed/019e7dc4-6a68-70b1-b865-956eb596db27.pdf"
"456","Trator Agrícola","FENDT","726 VARIO","MANUAL DO OPERADOR VARIO GUIDE DOS TRATORES - FENDT - SÉRIE - VÁRIO -","-","true","https://cdn.appmaq.com.br/appmaq-media/manuals/0196aabf-3c8f-724f-bcd2-4b1e3a47e8ed/019e6ff8-795e-762a-9b78-101c9f092171.pdf"
"457","Trator Agrícola","FENDT","728 VARIO","CÓDIGO DE FALHAS TRATORES - FENDT - SÉRIE 700","-","true","https://cdn.appmaq.com.br/appmaq-media/manuals/0196aac1-1b88-7bae-9bb5-6e0f435c9094/019e6ffa-06ed-73c1-862b-fcd1c501ca8a.pdf"
"458","Trator Agrícola","FENDT","728 VARIO","MANUAL DE MANUTENÇÃO TRATORES FENDT - SÉRIE - 700-800","-","true","https://cdn.appmaq.com.br/appmaq-media/manuals/0196aac1-1b88-7bae-9bb5-6e0f435c9094/019e7dc4-cb30-7508-867e-d857f958d61b.pdf"
"459","Trator Agrícola","FENDT","728 VARIO","MANUAL DO OPERADOR VARIO GUIDE DOS TRATORES - FENDT - SÉRIE - VÁRIO -","-","true","https://cdn.appmaq.com.br/appmaq-media/manuals/0196aac1-1b88-7bae-9bb5-6e0f435c9094/019e6ffa-0b94-7df3-8672-863496e2e47a.pdf"
"460","Trator Agrícola","FENDT","930 VARIO","ESPECIFICAÇÃO TÉCNICA TRATOR - FENDT - 900 VARIO -","-","true","https://cdn.appmaq.com.br/appmaq-media/manuals/019e6fd1-4c6a-72d7-a096-83227949b2ff/019e6ffa-ef10-7afb-a4ff-7bcf13cb0c2e.pdf"
"461","Trator Agrícola","FENDT","930 VARIO","FOLHETO TÉCNICO TRATORES FENDT - SÉRIE VARIO","-","true","https://cdn.appmaq.com.br/appmaq-media/manuals/019e6fd1-4c6a-72d7-a096-83227949b2ff/019e6ffa-ef66-758d-bee6-6eafb028bd61.pdf"
"462","Trator Agrícola","FENDT","930 VARIO","MANUAL DE OPERAÇÃO E MANUTENÇÃO PERIÓDICA TRATORES - FENDT -","-","true","https://cdn.appmaq.com.br/appmaq-media/manuals/019e6fd1-4c6a-72d7-a096-83227949b2ff/019e6ffa-efa2-7cf3-be8d-a227bb11276a.pdf"
"463","Trator Agrícola","FENDT","930 VARIO","MANUAL DE OPERAÇÃO TRATORES - FENDT - SÉRIE 900 VARIO GEN7","-","true","https://cdn.appmaq.com.br/appmaq-media/manuals/019e6fd1-4c6a-72d7-a096-83227949b2ff/019e6ffa-f13d-77e7-bd5f-76a993a7a95f.pdf"
"464","Trator Agrícola","FENDT","930 VARIO","MANUAL DO OPERADOR VARIO GUIDE DOS TRATORES - FENDT - SÉRIE - VÁRIO -","-","true","https://cdn.appmaq.com.br/appmaq-media/manuals/019e6fd1-4c6a-72d7-a096-83227949b2ff/019e6ffa-f5ed-7b85-8570-dc0455e871a5.pdf"
"465","Trator Agrícola","FENDT","930 VARIO","OPERAÇÃO DE ENTRAGA TÉCNICA TRATORES - FENDT - -SÉRIE 900 VARIO GEN7 - 1000 VARIO GEN3 -","-","true","https://cdn.appmaq.com.br/appmaq-media/manuals/019e6fd1-4c6a-72d7-a096-83227949b2ff/019e6ffa-fa54-7b45-94c5-f4a06f232fdf.pdf"
"466","Trator Agrícola","FENDT","933 VARIO","ESPECIFICAÇÃO TÉCNICA TRATOR - FENDT - 900 VARIO -","-","true","https://cdn.appmaq.com.br/appmaq-media/manuals/019e6fd1-b364-7964-8111-1905f23b3665/019e6ffb-fd3a-7f55-8cb9-6fa9b3caae48.pdf"
"467","Trator Agrícola","FENDT","933 VARIO","FOLHETO TÉCNICO TRATORES FENDT - SÉRIE VARIO","-","true","https://cdn.appmaq.com.br/appmaq-media/manuals/019e6fd1-b364-7964-8111-1905f23b3665/019e6ffb-fd93-72e1-8227-40c9498d6123.pdf"
"468","Trator Agrícola","FENDT","933 VARIO","MANUAL DE OPERAÇÃO E MANUTENÇÃO PERIÓDICA TRATORES - FENDT -","-","true","https://cdn.appmaq.com.br/appmaq-media/manuals/019e6fd1-b364-7964-8111-1905f23b3665/019e6ffb-fdd7-780b-b452-dd0d0a3ac109.pdf"
"469","Trator Agrícola","FENDT","933 VARIO","MANUAL DE OPERAÇÃO TRATORES - FENDT - SÉRIE 900 VARIO GEN7","-","true","https://cdn.appmaq.com.br/appmaq-media/manuals/019e6fd1-b364-7964-8111-1905f23b3665/019e6ffb-feb9-7a85-b450-c4ff34522da1.pdf"
"470","Trator Agrícola","FENDT","933 VARIO","MANUAL DO OPERADOR VARIO GUIDE DOS TRATORES - FENDT - SÉRIE - VÁRIO -","-","true","https://cdn.appmaq.com.br/appmaq-media/manuals/019e6fd1-b364-7964-8111-1905f23b3665/019e6ffc-04ae-7cf7-8553-11e0c5164398.pdf"
"471","Trator Agrícola","FENDT","933 VARIO","OPERAÇÃO DE ENTRAGA TÉCNICA TRATORES - FENDT - -SÉRIE 900 VARIO GEN7 - 1000 VARIO GEN3 -","-","true","https://cdn.appmaq.com.br/appmaq-media/manuals/019e6fd1-b364-7964-8111-1905f23b3665/019e6ffc-0777-7834-9756-cab7fad6d8b3.pdf"
"472","Trator Agrícola","FENDT","936 VARIO","ESPECIFICAÇÃO TÉCNICA TRATOR - FENDT - 900 VARIO -","-","true","https://cdn.appmaq.com.br/appmaq-media/manuals/0196ac22-af7b-7ea4-be9e-fe0685929b63/019e6ffd-2263-7c24-bb02-a6a5e83a5551.pdf"
"473","Trator Agrícola","FENDT","936 VARIO","FOLHETO TÉCNICO TRATORES FENDT - SÉRIE VARIO","-","true","https://cdn.appmaq.com.br/appmaq-media/manuals/0196ac22-af7b-7ea4-be9e-fe0685929b63/019e6ffd-22b9-7d13-ba67-0dee2be209c6.pdf"
"474","Trator Agrícola","FENDT","936 VARIO","MANUAL DE OPERAÇÃO E MANUTENÇÃO PERIÓDICA TRATORES - FENDT -","-","true","https://cdn.appmaq.com.br/appmaq-media/manuals/0196ac22-af7b-7ea4-be9e-fe0685929b63/019e6ffd-235d-749c-a5a9-fd2acb38555c.pdf"
"475","Trator Agrícola","FENDT","936 VARIO","MANUAL DE OPERAÇÃO TRATORES - FENDT - SÉRIE 900 VARIO GEN7","-","true","https://cdn.appmaq.com.br/appmaq-media/manuals/0196ac22-af7b-7ea4-be9e-fe0685929b63/019e6ffd-24c2-7890-bb7c-d421e5103e69.pdf"
"476","Trator Agrícola","FENDT","936 VARIO","MANUAL DO OPERADOR VARIO GUIDE DOS TRATORES - FENDT - SÉRIE - VÁRIO -","-","true","https://cdn.appmaq.com.br/appmaq-media/manuals/0196ac22-af7b-7ea4-be9e-fe0685929b63/019e6ffd-29b5-7d4e-b3d9-a979ec79d3cf.pdf"
"477","Trator Agrícola","FENDT","936 VARIO","OPERAÇÃO DE ENTRAGA TÉCNICA TRATORES - FENDT - -SÉRIE 900 VARIO GEN7 - 1000 VARIO GEN3 -","-","true","https://cdn.appmaq.com.br/appmaq-media/manuals/0196ac22-af7b-7ea4-be9e-fe0685929b63/019e6ffd-2eef-7841-8249-7ba1ee5cb70e.pdf"
"478","Trator Agrícola","FENDT","936 VARIO","TREINAMENTOS PARA TRATORES FENDT - SÉRIE 900 VÁRIO GEN7 - SÉRIE 1000 GEN3","-","true","https://cdn.appmaq.com.br/appmaq-media/manuals/0196ac22-af7b-7ea4-be9e-fe0685929b63/019e6ffd-313d-7cc3-99ba-5ab406f6e583.pdf"
"479","Trator Agrícola","FENDT","939 VARIO","ESPECIFICAÇÃO TÉCNICA TRATOR - FENDT - 900 VARIO -","-","true","https://cdn.appmaq.com.br/appmaq-media/manuals/0196aab5-4c5f-737b-b3f9-3d2816ba2261/019e6ffe-29a4-7d21-8e9d-6e735532ae78.pdf"
"480","Trator Agrícola","FENDT","939 VARIO","FOLHETO TÉCNICO TRATORES FENDT - SÉRIE VARIO","-","true","https://cdn.appmaq.com.br/appmaq-media/manuals/0196aab5-4c5f-737b-b3f9-3d2816ba2261/019e6ffe-29fb-7042-94c3-02c13891b661.pdf"
"481","Trator Agrícola","FENDT","939 VARIO","MANUAL DE OPERAÇÃO E MANUTENÇÃO PERIÓDICA TRATORES - FENDT -","-","true","https://cdn.appmaq.com.br/appmaq-media/manuals/0196aab5-4c5f-737b-b3f9-3d2816ba2261/019e6ffe-2a43-74fb-8208-57973bf72c0c.pdf"
"482","Trator Agrícola","FENDT","939 VARIO","MANUAL DE OPERAÇÃO TRATORES - FENDT - SÉRIE 900 VARIO GEN7","-","true","https://cdn.appmaq.com.br/appmaq-media/manuals/0196aab5-4c5f-737b-b3f9-3d2816ba2261/019e6ffe-2b2f-7468-98f1-a811fab1d698.pdf"
"483","Trator Agrícola","FENDT","939 VARIO","MANUAL DO OPERADOR VARIO GUIDE DOS TRATORES - FENDT - SÉRIE - VÁRIO -","-","true","https://cdn.appmaq.com.br/appmaq-media/manuals/0196aab5-4c5f-737b-b3f9-3d2816ba2261/019e6ffe-30b0-7b49-82c8-4380d3a1818a.pdf"
"484","Trator Agrícola","FENDT","939 VARIO","OPERAÇÃO DE ENTRAGA TÉCNICA TRATORES - FENDT - -SÉRIE 900 VARIO GEN7 - 1000 VARIO GEN3 -","-","true","https://cdn.appmaq.com.br/appmaq-media/manuals/0196aab5-4c5f-737b-b3f9-3d2816ba2261/019e6ffe-33b9-768f-9f34-adbd3c9bfe1e.pdf"
"485","Trator Agrícola","FENDT","939 VARIO","TREINAMENTOS PARA TRATORES FENDT - SÉRIE 900 VÁRIO GEN7 - SÉRIE 1000 GEN3","-","true","https://cdn.appmaq.com.br/appmaq-media/manuals/0196aab5-4c5f-737b-b3f9-3d2816ba2261/019e6ffe-354a-798d-86e3-3b0b4247adfe.pdf"
"486","Trator Agrícola","FENDT","942 VARIO","ESPECIFICAÇÃO TÉCNICA TRATOR - FENDT - 900 VARIO -","-","true","https://cdn.appmaq.com.br/appmaq-media/manuals/0195b3ba-39a6-7e82-8440-5cdcd1da4ab7/019e6fff-13af-78b7-bbd7-0d9febd4910e.pdf"
"487","Trator Agrícola","FENDT","942 VARIO","ESPECIFICAÇÃO TÉCNICA TRATOR - FENDT - 942 VARIO","-","true","https://cdn.appmaq.com.br/appmaq-media/manuals/0195b3ba-39a6-7e82-8440-5cdcd1da4ab7/019e6fff-1406-753d-9750-f300f8568a01.pdf"
"488","Trator Agrícola","FENDT","942 VARIO","FOLHETO TÉCNICO TRATORES FENDT - SÉRIE VARIO","-","true","https://cdn.appmaq.com.br/appmaq-media/manuals/0195b3ba-39a6-7e82-8440-5cdcd1da4ab7/019e6fff-1435-7bee-8bdc-98c62c59360f.pdf"
"489","Trator Agrícola","FENDT","942 VARIO","MANUAL DE OPERAÇÃO E MANUTENÇÃO PERIÓDICA TRATORES - FENDT -","-","true","https://cdn.appmaq.com.br/appmaq-media/manuals/0195b3ba-39a6-7e82-8440-5cdcd1da4ab7/019e6fff-14ed-7528-a45d-6079fdd83e99.pdf"
"490","Trator Agrícola","FENDT","942 VARIO","MANUAL DE OPERAÇÃO TRATORES - FENDT - SÉRIE 900 VARIO GEN7","-","true","https://cdn.appmaq.com.br/appmaq-media/manuals/0195b3ba-39a6-7e82-8440-5cdcd1da4ab7/019e6fff-1614-7e5a-9d45-1ad704cd41d0.pdf"
"491","Trator Agrícola","FENDT","942 VARIO","MANUAL DO OPERADOR VARIO GUIDE DOS TRATORES - FENDT - SÉRIE - VÁRIO -","-","true","https://cdn.appmaq.com.br/appmaq-media/manuals/0195b3ba-39a6-7e82-8440-5cdcd1da4ab7/019e6fff-1af8-73bd-8834-53685a84264c.pdf"
"492","Trator Agrícola","FENDT","942 VARIO","OPERAÇÃO DE ENTRAGA TÉCNICA TRATORES - FENDT - -SÉRIE 900 VARIO GEN7 - 1000 VARIO GEN3 -","-","true","https://cdn.appmaq.com.br/appmaq-media/manuals/0195b3ba-39a6-7e82-8440-5cdcd1da4ab7/019e6fff-1f86-72e7-8320-30d3115d0334.pdf"
"493","Trator Agrícola","FENDT","942 VARIO","TREINAMENTOS PARA TRATORES FENDT - SÉRIE 900 VÁRIO GEN7 - SÉRIE 1000 GEN3","-","true","https://cdn.appmaq.com.br/appmaq-media/manuals/0195b3ba-39a6-7e82-8440-5cdcd1da4ab7/019e6fff-21ea-7219-bcbe-dc83684a5fd7.pdf"
"494","Trator Agrícola","JOHN DEERE","3025E","MANUAL DE REPARO PARA OS TRATORES JOHN DEERE 3025E, 3032E, 3036E E 3038E.EM INGLES","-","true","https://cdn.appmaq.com.br/appmaq-media/manuals/019e3ca1-931e-7fd7-a567-b700c1f579e4/019e3ca3-a380-75d3-84d4-4c15bcc92531.pdf"
"495","Trator Agrícola","JOHN DEERE","3032E","MANUAL DE REPARO PARA OS TRATORES JOHN DEERE 3025E, 3032E, 3036E E 3038E.EM INGLES","-","true","https://cdn.appmaq.com.br/appmaq-media/manuals/019e3ca2-aed2-7cd8-9c11-3b90556e5853/019e3ca3-f9a3-7480-9a6b-6cc2010b524c.pdf"
"496","Trator Agrícola","JOHN DEERE","3032E","MANUAL TECNICO DOS TRATORES JOHN DEERE 3032E, 3036E, 3038E EM INGLES","-","true","https://cdn.appmaq.com.br/appmaq-media/manuals/019e3ca2-aed2-7cd8-9c11-3b90556e5853/019e3ca3-f9cc-7599-bdba-5b210452066f.pdf"
"497","Trator Agrícola","JOHN DEERE","3036E","CATALOGO DE PEÇAS DO TRATO JOHN DEERE 3036E EM INGLES","-","true","https://cdn.appmaq.com.br/appmaq-media/manuals/0196f443-bf84-7c1c-b030-6c43a5d65c38/019e3ca4-7ca6-77d3-b30d-0eab1163abb4.pdf"
"498","Trator Agrícola","JOHN DEERE","3036E","ESPECIFICAÇÕES TECNICAS DO TRATOR JOHN DEERE 3036E PORTUGUES","-","true","https://cdn.appmaq.com.br/appmaq-media/manuals/0196f443-bf84-7c1c-b030-6c43a5d65c38/019e3ca4-7d85-7f53-a4b1-ddf9ae2b9112.pdf"
"499","Trator Agrícola","JOHN DEERE","3036E","ESPECIFICAÇOES TÉCNICAS DO TRATOR TRATOR JOHN DEERE 3036E EM INGLES","-","true","https://cdn.appmaq.com.br/appmaq-media/manuals/0196f443-bf84-7c1c-b030-6c43a5d65c38/019e3ca4-7e4d-73dc-927d-6fa4873c1a28.pdf"
"500","Trator Agrícola","JOHN DEERE","3036E","FOLHETO TÉCNICO DO TRATOR JOHN DEERE 3036E","-","true","https://cdn.appmaq.com.br/appmaq-media/manuals/0196f443-bf84-7c1c-b030-6c43a5d65c38/019e3ca4-7e9f-7d93-a7b8-a447783d61f4.pdf"
"501","Trator Agrícola","JOHN DEERE","3036E","MANUAL DE REPARO PARA OS TRATORES JOHN DEERE 3025E, 3032E, 3036E E 3038E.EM INGLES","-","true","https://cdn.appmaq.com.br/appmaq-media/manuals/0196f443-bf84-7c1c-b030-6c43a5d65c38/019e3ca4-7f36-76ab-b288-48d4f64f8165.pdf"
"502","Trator Agrícola","JOHN DEERE","3036E","MANUAL TECNICO DOS TRATORES JOHN DEERE 3032E, 3036E, 3038E EM INGLES","-","true","https://cdn.appmaq.com.br/appmaq-media/manuals/0196f443-bf84-7c1c-b030-6c43a5d65c38/019e3ca4-7fb9-7c83-aaa4-a0e058f79329.pdf"
"503","Trator Agrícola","JOHN DEERE","3036E","PEÇAS DE REPOSIÇÃO PARA TRATORES TRATOR JOHN DEERE EM INGLES","-","true","https://cdn.appmaq.com.br/appmaq-media/manuals/0196f443-bf84-7c1c-b030-6c43a5d65c38/019e3ca4-8052-77b5-8a8d-8ff817f278da.pdf"
"504","Trator Agrícola","JOHN DEERE","5055E","GUIA DE FILTRO DOS TRATORES JOHN DEERE 5055E - INGLES","-","true","https://cdn.appmaq.com.br/appmaq-media/manuals/01957100-b0df-7a4c-937c-8d8b1f31c64e/019e3ca7-3392-7762-89bc-042c9f689fe9.pdf"
"505","Trator Agrícola","JOHN DEERE","5055E","GUIA DE REFERÊNCIA RÁPIDA TRATOR JOHN DEERE - 5055E","-","true","https://cdn.appmaq.com.br/appmaq-media/manuals/01957100-b0df-7a4c-937c-8d8b1f31c64e/019e421d-1c25-78f0-8ad1-86429b2a6673.pdf"
"506","Trator Agrícola","JOHN DEERE","5055E","MANUAL TÉCNICO DE REPAROS DO TRATOR JOHN DEERE 5055E","-","true","https://cdn.appmaq.com.br/appmaq-media/manuals/01957100-b0df-7a4c-937c-8d8b1f31c64e/019e3ca7-33f3-7476-8bce-1cd35f877bd9.pdf"
"507","Trator Agrícola","JOHN DEERE","5055E","PEÇAS DE REPOSIÇÃO PARA TRATORES TRATOR JOHN DEERE EM INGLES","-","true","https://cdn.appmaq.com.br/appmaq-media/manuals/01957100-b0df-7a4c-937c-8d8b1f31c64e/019e3ca7-35a1-70bd-83ce-a30d422495b6.pdf"
"508","Trator Agrícola","JOHN DEERE","5060E","CATALOGO DE FILTROS DOS TRATORES JOHN DEERE DA SERIA 5E","-","true","https://cdn.appmaq.com.br/appmaq-media/manuals/01957100-b0df-7aa0-aed7-8b39784f3b03/019e3ca7-ce9e-771e-8929-d627352de60b.pdf"
"509","Trator Agrícola","JOHN DEERE","5060E","ESPECIFICAÇOES TÉCNICAS DO TRATORES DA SERIE 5E TRATOR JOHN DEERE","-","true","https://cdn.appmaq.com.br/appmaq-media/manuals/01957100-b0df-7aa0-aed7-8b39784f3b03/019e3ca7-ceae-793d-8693-d23022d7d4e7.pdf"
"510","Trator Agrícola","JOHN DEERE","5060E","FOLHETO DOS TRATORES DA SERIE 5E TRATOR JOHN DEERE","-","true","https://cdn.appmaq.com.br/appmaq-media/manuals/01957100-b0df-7aa0-aed7-8b39784f3b03/019e3ca7-cf03-7136-9247-0b428d1532fd.pdf"
"511","Trator Agrícola","JOHN DEERE","5060E","MANUAL DO OPERADOR DO TRATORES JOHN DEERE 5060E 5070E 5080E","-","true","https://cdn.appmaq.com.br/appmaq-media/manuals/01957100-b0df-7aa0-aed7-8b39784f3b03/019e3ca7-cf88-7ecf-97d0-791790a9774b.pdf"
"512","Trator Agrícola","JOHN DEERE","5060E","PEÇAS DE REPOSIÇÃO PARA TRATORES TRATOR JOHN DEERE EM INGLES","-","true","https://cdn.appmaq.com.br/appmaq-media/manuals/01957100-b0df-7aa0-aed7-8b39784f3b03/019e3ca7-d11a-717c-9649-a302403a5a3f.pdf"
"513","Trator Agrícola","JOHN DEERE","5065E","CATALOGO DE FILTROS DOS TRATORES JOHN DEERE 5045E, 5055E, 5065E, 5075E","-","true","https://cdn.appmaq.com.br/appmaq-media/manuals/01957100-b0df-7070-9031-4962916bf0e5/019e3cae-8365-7996-b103-105c679f06b0.pdf"
"514","Trator Agrícola","JOHN DEERE","5065E","CATALOGO DE PEÇAS DO TRATOR JOHN DEERE 5065E","-","true","https://cdn.appmaq.com.br/appmaq-media/manuals/01957100-b0df-7070-9031-4962916bf0e5/019e3cae-8379-7713-8f3e-50ca2b3ab9bb.pdf"
"515","Trator Agrícola","JOHN DEERE","5065E","ESPECIFICAÇÕES DOS TRATORES JOHN DEERE 5065E","-","true","https://cdn.appmaq.com.br/appmaq-media/manuals/01957100-b0df-7070-9031-4962916bf0e5/019e3cae-8441-7c5e-ba03-5cf652e56f15.pdf"
"516","Trator Agrícola","JOHN DEERE","5065E","GUIA DE REFERÊNCIA RÁPIDA TRATOR JOHN DEERE - 5065E","-","true","https://cdn.appmaq.com.br/appmaq-media/manuals/01957100-b0df-7070-9031-4962916bf0e5/019e421c-5af5-7f2a-ae6e-22041d7393a8.pdf"
"517","Trator Agrícola","JOHN DEERE","5065E","MANUAL DO OPERADOR DO TRATOR JOHN DEERE 5065E E 5075E","-","true","https://cdn.appmaq.com.br/appmaq-media/manuals/01957100-b0df-7070-9031-4962916bf0e5/019e3cae-84ef-799b-a229-6b3d4e09cdb0.pdf"
"518","Trator Agrícola","JOHN DEERE","5065E","MANUAL TÉCNICO DE REPAROS DO TRATOR JOHN DEERE 5055E 5065E 5075E 5078E 5085E E 5090E","-","true","https://cdn.appmaq.com.br/appmaq-media/manuals/01957100-b0df-7070-9031-4962916bf0e5/019e3cae-85e2-7e47-8b4c-c25a7de67aad.pdf"
"519","Trator Agrícola","JOHN DEERE","5065E","PEÇAS DE REPOSIÇÃO PARA TRATORES TRATOR JOHN DEERE EM INGLES","-","true","https://cdn.appmaq.com.br/appmaq-media/manuals/01957100-b0df-7070-9031-4962916bf0e5/019e3cae-877a-7c20-9320-4eb576159d0b.pdf"
"520","Trator Agrícola","JOHN DEERE","5070E","CATALOGO DE FILTROS DOS TRATORES JOHN DEERE DA SERIA 5E","-","true","https://cdn.appmaq.com.br/appmaq-media/manuals/01957100-b0df-7489-af0d-b8b14d1033fb/019e3caf-8964-7e98-9d89-a7db6f557dc0.pdf"
"521","Trator Agrícola","JOHN DEERE","5070E","ESPECIFICAÇOES TÉCNICAS DO TRATORES DA SERIE 5E TRATOR JOHN DEERE","-","true","https://cdn.appmaq.com.br/appmaq-media/manuals/01957100-b0df-7489-af0d-b8b14d1033fb/019e3caf-8974-74ae-820c-384da775cd41.pdf"
"522","Trator Agrícola","JOHN DEERE","5070E","FOLHETO DOS TRATORES DA SERIE 5E TRATOR JOHN DEERE","-","true","https://cdn.appmaq.com.br/appmaq-media/manuals/01957100-b0df-7489-af0d-b8b14d1033fb/019e3caf-89d7-75ef-a0cd-3af509073411.pdf"
"523","Trator Agrícola","JOHN DEERE","5070E","MANUAL DO OPERADOR DO TRATORES JOHN DEERE 5060E 5070E 5080E","-","true","https://cdn.appmaq.com.br/appmaq-media/manuals/01957100-b0df-7489-af0d-b8b14d1033fb/019e3caf-8a1a-785b-9d76-ed1fcd169af5.pdf"
"524","Trator Agrícola","JOHN DEERE","5070E","MANUAL DO OPERADOR DO TRATORES JOHN DEERE 5070E","-","true","https://cdn.appmaq.com.br/appmaq-media/manuals/01957100-b0df-7489-af0d-b8b14d1033fb/019e3caf-8be4-7698-93ec-3ae877a5e6dd.pdf"
"525","Trator Agrícola","JOHN DEERE","5070E","PEÇAS DE REPOSIÇÃO PARA TRATORES TRATOR JOHN DEERE EM INGLES","-","true","https://cdn.appmaq.com.br/appmaq-media/manuals/01957100-b0df-7489-af0d-b8b14d1033fb/019e3caf-8cf2-7a35-b879-8d95eadce824.pdf"
"526","Trator Agrícola","JOHN DEERE","5075E","CATALOGO DE FILTROS DOS TRATORES JOHN DEERE 5045E, 5055E, 5065E, 5075E","-","true","https://cdn.appmaq.com.br/appmaq-media/manuals/01957100-b0df-72c8-91a2-af946a1be520/019e3cb0-627e-7aac-8eda-935fcd3a815b.pdf"
"527","Trator Agrícola","JOHN DEERE","5075E","ESPECIFICAÇÕES DOS TRATORES JOHN DEERE 5065E E 5075E","-","true","https://cdn.appmaq.com.br/appmaq-media/manuals/01957100-b0df-72c8-91a2-af946a1be520/019e3cb0-628f-7ba9-9f16-78fe66987442.pdf"
"528","Trator Agrícola","JOHN DEERE","5075E","MANUAL DO OPERADOR DO TRATORES JOHN DEERE 5075E 5078E 5085E E5090E","-","true","https://cdn.appmaq.com.br/appmaq-media/manuals/01957100-b0df-72c8-91a2-af946a1be520/019e3cb0-63da-7006-bd49-5b3ec2b6e3b7.pdf"
"529","Trator Agrícola","JOHN DEERE","5075E","MANUAL DO OPERADOR DO TRATOR JOHN DEERE 5065E E 5075E","-","true","https://cdn.appmaq.com.br/appmaq-media/manuals/01957100-b0df-72c8-91a2-af946a1be520/019e3cb0-62bc-7924-84fc-4eed665c82fe.pdf"
"530","Trator Agrícola","JOHN DEERE","5075E","MANUAL TÉCNICO DE REPAROS DO TRATOR JOHN DEERE 5055E 5065E 5075E 5078E 5085E E 5090E","-","true","https://cdn.appmaq.com.br/appmaq-media/manuals/01957100-b0df-72c8-91a2-af946a1be520/019e3cb0-6469-7329-906a-e7672fc1b09b.pdf"
"531","Trator Agrícola","JOHN DEERE","5075E","PEÇAS DE REPOSIÇÃO PARA TRATORES TRATOR JOHN DEERE EM INGLES","-","true","https://cdn.appmaq.com.br/appmaq-media/manuals/01957100-b0df-72c8-91a2-af946a1be520/019e3cb0-6632-7548-93b2-77f89dc5f7af.pdf"
"532","Trator Agrícola","JOHN DEERE","5075EF","MANUAL DO OPERADOR DO TRATORES JOHN DEERE 5075E 5078E 5085E E5090E","-","true","https://cdn.appmaq.com.br/appmaq-media/manuals/01957100-b0df-7c8c-b02d-50fd9bd8c581/019e3cb1-0bfd-7b9b-b957-60f4ebde5ec8.pdf"
"533","Trator Agrícola","JOHN DEERE","5075EF","MANUAL DO OPERADOR DO TRATOR JOHN DEERE 5065E E 5075E","-","true","https://cdn.appmaq.com.br/appmaq-media/manuals/01957100-b0df-7c8c-b02d-50fd9bd8c581/019e3cb1-0b3f-74de-8d4d-2571b15721cb.pdf"
"534","Trator Agrícola","JOHN DEERE","5075EF","MANUAL TÉCNICO DE REPAROS DO TRATOR JOHN DEERE 5055E 5065E 5075E 5078E 5085E E 5090E","-","true","https://cdn.appmaq.com.br/appmaq-media/manuals/01957100-b0df-7c8c-b02d-50fd9bd8c581/019e3cb1-0ce6-76f8-8248-45400ad36e9b.pdf"
"535","Trator Agrícola","JOHN DEERE","5075EF","PEÇAS DE REPOSIÇÃO PARA TRATORES TRATOR JOHN DEERE EM INGLES","-","true","https://cdn.appmaq.com.br/appmaq-media/manuals/01957100-b0df-7c8c-b02d-50fd9bd8c581/019e3cb1-0f8c-7dc7-b472-31e4802f6d4c.pdf"
"536","Trator Agrícola","JOHN DEERE","5078E","ESPECIFICAÇOES TÉCNICAS DO TRATORES DA SERIE 5E TRATOR JOHN DEERE","-","true","https://cdn.appmaq.com.br/appmaq-media/manuals/01957100-b0df-7557-bbbd-28f03d7c3120/019e3cb1-f0be-77ce-a0b1-fd4a1ecc75ec.pdf"
"537","Trator Agrícola","JOHN DEERE","5078E","FOLHETO DOS TRATORES DA SERIE 5E TRATOR JOHN DEERE","-","true","https://cdn.appmaq.com.br/appmaq-media/manuals/01957100-b0df-7557-bbbd-28f03d7c3120/019e3cb1-f0dc-74c7-8cd0-c28b1af91228.pdf"
"538","Trator Agrícola","JOHN DEERE","5078E","MANUAL DO OPERADOR DO TRATORES JOHN DEERE 5075E 5078E 5085E E5090E","-","true","https://cdn.appmaq.com.br/appmaq-media/manuals/01957100-b0df-7557-bbbd-28f03d7c3120/019e3cb1-f14a-72fd-8859-b69ae6ee53e2.pdf"
"539","Trator Agrícola","JOHN DEERE","5078E","MANUAL TÉCNICO DE REPAROS DO TRATOR JOHN DEERE 5055E 5065E 5075E 5078E 5085E E 5090E","-","true","https://cdn.appmaq.com.br/appmaq-media/manuals/01957100-b0df-7557-bbbd-28f03d7c3120/019e3cb1-f22b-700c-8d6b-13aa42b9fe6d.pdf"
"540","Trator Agrícola","JOHN DEERE","5078E","PEÇAS DE REPOSIÇÃO PARA TRATORES TRATOR JOHN DEERE EM INGLES","-","true","https://cdn.appmaq.com.br/appmaq-media/manuals/01957100-b0df-7557-bbbd-28f03d7c3120/019e3cb1-f370-72a4-aa3f-3871a47681bb.pdf"
"541","Trator Agrícola","JOHN DEERE","5080E","CATALOGO DE FILTROS DOS TRATORES JOHN DEERE DA SERIA 5E","-","true","https://cdn.appmaq.com.br/appmaq-media/manuals/01957100-b0df-7a77-a0f3-3ec71352f32f/019e3cb4-c60a-736d-954f-db770c337271.pdf"
"542","Trator Agrícola","JOHN DEERE","5080E","ESPECIFICAÇOES TÉCNICAS DO TRATORES DA SERIE 5E TRATOR JOHN DEERE","-","true","https://cdn.appmaq.com.br/appmaq-media/manuals/01957100-b0df-7a77-a0f3-3ec71352f32f/019e3cb4-c621-7e68-a2e9-9326871afd9d.pdf"
"543","Trator Agrícola","JOHN DEERE","5080E","FOLHETO DOS TRATORES DA SERIE 5E TRATOR JOHN DEERE","-","true","https://cdn.appmaq.com.br/appmaq-media/manuals/01957100-b0df-7a77-a0f3-3ec71352f32f/019e3cb4-c6c6-77fb-989d-1fd8cd55d36f.pdf"
"544","Trator Agrícola","JOHN DEERE","5080E","MANUAL DO OPERADOR DO TRATORES JOHN DEERE 5060E 5070E 5080E","-","true","https://cdn.appmaq.com.br/appmaq-media/manuals/01957100-b0df-7a77-a0f3-3ec71352f32f/019e3cb4-c722-7e24-8284-7ed96366cd14.pdf"
"545","Trator Agrícola","JOHN DEERE","5080E","PEÇAS DE REPOSIÇÃO PARA TRATORES TRATOR JOHN DEERE EM INGLES","-","true","https://cdn.appmaq.com.br/appmaq-media/manuals/01957100-b0df-7a77-a0f3-3ec71352f32f/019e3cb4-c8b7-7a31-9c03-bd5bb6124d00.pdf"
"546","Trator Agrícola","JOHN DEERE","5085E","FOLHETO DOS TRATORES DA SERIE 5E TRATOR JOHN DEERE","-","true","https://cdn.appmaq.com.br/appmaq-media/manuals/01957100-b0df-7e2b-a64d-3569a6f991b7/019e3cb5-6a00-7a62-bd9b-95e66f43ccbf.pdf"
"547","Trator Agrícola","JOHN DEERE","5085E","MANUAL DO OPERADOR DO TRATORES JOHN DEERE 5075E 5078E 5085E E5090E","-","true","https://cdn.appmaq.com.br/appmaq-media/manuals/01957100-b0df-7e2b-a64d-3569a6f991b7/019e3cb5-6a2c-7083-b663-4bf7585e2f30.pdf"
"548","Trator Agrícola","JOHN DEERE","5085E","MANUAL TÉCNICO DE REPAROS DO TRATOR JOHN DEERE 5055E 5065E 5075E 5078E 5085E E 5090E","-","true","https://cdn.appmaq.com.br/appmaq-media/manuals/01957100-b0df-7e2b-a64d-3569a6f991b7/019e3cb5-6ae6-70f1-b92d-fd27149c9455.pdf"
"549","Trator Agrícola","JOHN DEERE","5085E","PEÇAS DE REPOSIÇÃO PARA TRATORES TRATOR JOHN DEERE EM INGLES","-","true","https://cdn.appmaq.com.br/appmaq-media/manuals/01957100-b0df-7e2b-a64d-3569a6f991b7/019e3cb5-6c77-7ca7-ac8e-3a755dcac03c.pdf"
"550","Trator Agrícola","JOHN DEERE","5090E","CATALOGO DE FILTROS DOS TRATORES JOHN DEERE DA SERIA 5E","-","true","https://cdn.appmaq.com.br/appmaq-media/manuals/01957100-b0df-77b5-ae1d-3eef6e231d1d/019e3cb6-0167-777f-a99f-1402d2030c1c.pdf"
"551","Trator Agrícola","JOHN DEERE","5090E","ESPECIFICAÇOES TÉCNICAS DO TRATORES DA SERIE 5E TRATOR JOHN DEERE","-","true","https://cdn.appmaq.com.br/appmaq-media/manuals/01957100-b0df-77b5-ae1d-3eef6e231d1d/019e3cb6-0177-7558-81ab-77d3e4192299.pdf"
"552","Trator Agrícola","JOHN DEERE","5090E","FOLHETO DOS TRATORES DA SERIE 5E TRATOR JOHN DEERE","-","true","https://cdn.appmaq.com.br/appmaq-media/manuals/01957100-b0df-77b5-ae1d-3eef6e231d1d/019e3cb6-01da-75b4-bab0-026140dae25e.pdf"
"553","Trator Agrícola","JOHN DEERE","5090E","INSTRUÇÕES PARA INSTALAÇÃO DO TRATO JOHN DEERE 5090E EM INGLES","-","true","https://cdn.appmaq.com.br/appmaq-media/manuals/01957100-b0df-77b5-ae1d-3eef6e231d1d/019e3cb6-0267-77f0-9559-e135d40d1434.pdf"
"554","Trator Agrícola","JOHN DEERE","5090E","MANUAL DO OPERADOR DO TRATORES JOHN DEERE 5075E 5078E 5085E E5090E","-","true","https://cdn.appmaq.com.br/appmaq-media/manuals/01957100-b0df-77b5-ae1d-3eef6e231d1d/019e3cb6-02ed-70f8-8335-8da346571ece.pdf"
"555","Trator Agrícola","JOHN DEERE","5090E","MANUAL TÉCNICO DE REPAROS DO TRATOR JOHN DEERE 5055E 5065E 5075E 5078E 5085E E 5090E","-","true","https://cdn.appmaq.com.br/appmaq-media/manuals/01957100-b0df-77b5-ae1d-3eef6e231d1d/019e3cb6-037b-7023-ac3b-ee72bafee463.pdf"
"556","Trator Agrícola","JOHN DEERE","5090E","PEÇAS DE REPOSIÇÃO PARA TRATORES TRATOR JOHN DEERE EM INGLES","-","true","https://cdn.appmaq.com.br/appmaq-media/manuals/01957100-b0df-77b5-ae1d-3eef6e231d1d/019e3cb6-04ff-7cf7-9d90-7acd3eaabfcb.pdf"
"557","Trator Agrícola","JOHN DEERE","5303","ESPECIFICAÇÕES DOS TRATORES JOHN DEERE DA SÉRIE 5","-","true","https://cdn.appmaq.com.br/appmaq-media/manuals/01957100-b0df-79ce-876d-131d5c08d4b7/019e3cb6-8b37-717c-9189-7110c314cb88.pdf"
"558","Trator Agrícola","JOHN DEERE","5303","MANUAL DE INSTRUÇOES E OPERAÇÃO PARA OS TRATORES DA SERIE 5","-","true","https://cdn.appmaq.com.br/appmaq-media/manuals/01957100-b0df-79ce-876d-131d5c08d4b7/019e3cb6-8b4b-788b-8191-df879630c328.pdf"
"559","Trator Agrícola","JOHN DEERE","5303","PEÇAS DE REPOSIÇÃO PARA TRATORES TRATOR JOHN DEERE EM INGLES","-","true","https://cdn.appmaq.com.br/appmaq-media/manuals/01957100-b0df-79ce-876d-131d5c08d4b7/019e3cb6-8b79-7afd-aba7-178abb4b52bb.pdf"
"560","Trator Agrícola","JOHN DEERE","5403","ESPECIFICAÇÕES DOS TRATORES JOHN DEERE DA SÉRIE 5","-","true","https://cdn.appmaq.com.br/appmaq-media/manuals/01957100-b0df-7fd3-a6b8-26dc1bad3550/019e3cb6-f273-7e37-a475-35ed87dfe739.pdf"
"561","Trator Agrícola","JOHN DEERE","5403","MANUAL DE INSTRUÇOES E OPERAÇÃO PARA OS TRATORES DA SERIE 5","-","true","https://cdn.appmaq.com.br/appmaq-media/manuals/01957100-b0df-7fd3-a6b8-26dc1bad3550/019e3cb6-f287-7650-8a50-3a1d2e25dff0.pdf"
"562","Trator Agrícola","JOHN DEERE","5403","PEÇAS DE REPOSIÇÃO PARA TRATORES TRATOR JOHN DEERE EM INGLES","-","true","https://cdn.appmaq.com.br/appmaq-media/manuals/01957100-b0df-7fd3-a6b8-26dc1bad3550/019e3cb6-f2ae-79ff-8ab8-bcc5f0ce6061.pdf"
"563","Trator Agrícola","JOHN DEERE","5425N","ESPECIFICAÇÕES DOS TRATORES JOHN DEERE DA SÉRIE 5","-","true","https://cdn.appmaq.com.br/appmaq-media/manuals/01957100-b0df-7e20-8e05-8f8d6e589bae/019e3cb7-7b2f-720e-a01a-ce2be399f524.pdf"
"564","Trator Agrícola","JOHN DEERE","5425N","MANUAL DE INSTRUÇOES E OPERAÇÃO PARA OS TRATORES DA SERIE 5","-","true","https://cdn.appmaq.com.br/appmaq-media/manuals/01957100-b0df-7e20-8e05-8f8d6e589bae/019e3cb7-7b47-724a-bd9b-efbd42212564.pdf"
"565","Trator Agrícola","JOHN DEERE","5425N","PEÇAS DE REPOSIÇÃO PARA TRATORES TRATOR JOHN DEERE EM INGLES","-","true","https://cdn.appmaq.com.br/appmaq-media/manuals/01957100-b0df-7e20-8e05-8f8d6e589bae/019e3cb7-7bac-7f8b-b51c-7650a64274ac.pdf"
"566","Trator Agrícola","JOHN DEERE","5603","CATALOGO DE PEÇAS DOS TRATORES JOHN DEERE","-","true","https://cdn.appmaq.com.br/appmaq-media/manuals/01957100-b0df-76e3-8868-402755169f8b/019e4159-bb94-7b0e-aecb-6e0154e73a35.pdf"
"567","Trator Agrícola","JOHN DEERE","5603","PEÇAS DE REPOSIÇÃO PARA TRATORES TRATOR JOHN DEERE EM INGLES","-","true","https://cdn.appmaq.com.br/appmaq-media/manuals/01957100-b0df-76e3-8868-402755169f8b/019e4159-bdce-700c-8476-2a4d13552093.pdf"
"568","Trator Agrícola","JOHN DEERE","5605","CATALOGO DE PEÇAS DOS TRATORES JOHN DEERE","-","true","https://cdn.appmaq.com.br/appmaq-media/manuals/01957100-b0df-7862-9b95-1265848a40d6/019e415a-7831-73c4-8340-ef0910faf859.pdf"
"569","Trator Agrícola","JOHN DEERE","5605","CATALOGO DE PEÇAS DOS TRATORES JOHN DEERE 5605 E 5705","-","true","https://cdn.appmaq.com.br/appmaq-media/manuals/01957100-b0df-7862-9b95-1265848a40d6/019e415a-77cc-7c80-965f-3c4c15ebce9a.pdf"
"570","Trator Agrícola","JOHN DEERE","5605","PEÇAS DE REPOSIÇÃO PARA TRATORES TRATOR JOHN DEERE EM INGLES","-","true","https://cdn.appmaq.com.br/appmaq-media/manuals/01957100-b0df-7862-9b95-1265848a40d6/019e415a-7a7c-7928-a432-3956194b8795.pdf"
"571","Trator Agrícola","JOHN DEERE","5700","CATALOGO DE PEÇAS DOS TRATORES JOHN DEERE","-","true","https://cdn.appmaq.com.br/appmaq-media/manuals/01957100-b0df-7255-aeac-7c9ed59a24a7/019e415b-1b75-73fa-b9b9-3e27298b5396.pdf"
"572","Trator Agrícola","JOHN DEERE","5700","PEÇAS DE REPOSIÇÃO PARA TRATORES TRATOR JOHN DEERE EM INGLES","-","true","https://cdn.appmaq.com.br/appmaq-media/manuals/01957100-b0df-7255-aeac-7c9ed59a24a7/019e415b-1de0-78e9-b128-9b6ad59b8434.pdf"
"573","Trator Agrícola","JOHN DEERE","5705","CATALOGO DE PEÇAS DOS TRATORES JOHN DEERE","-","true","https://cdn.appmaq.com.br/appmaq-media/manuals/01957100-b0df-70b8-8529-e58f06c69a05/019e4160-abd3-71a0-842b-6be50b2fd601.pdf"
"574","Trator Agrícola","JOHN DEERE","5705","CATALOGO DE PEÇAS DOS TRATORES JOHN DEERE 5605 E 5705","-","true","https://cdn.appmaq.com.br/appmaq-media/manuals/01957100-b0df-70b8-8529-e58f06c69a05/019e4160-ab69-703b-af63-032cb5375a38.pdf"
"575","Trator Agrícola","JOHN DEERE","5705","PEÇAS DE REPOSIÇÃO PARA TRATORES TRATOR JOHN DEERE EM INGLES","-","true","https://cdn.appmaq.com.br/appmaq-media/manuals/01957100-b0df-70b8-8529-e58f06c69a05/019e4160-aeb4-767b-9b67-0633462fb0cc.pdf"
"576","Trator Agrícola","JOHN DEERE","6100E","CATALOGO DE PEÇAS DOS TRATORES JOHN DEERE","-","true","https://cdn.appmaq.com.br/appmaq-media/manuals/0196f443-bf86-7200-bdb1-5e41a59dfe84/019e4161-5ede-71ac-b6e0-5874d1503790.pdf"
"577","Trator Agrícola","JOHN DEERE","6100E","DIAGNÓSTICO EM ELÉTRICA TRATORES JOHN DEERE - SÉRIE 6E - 6J -","-","true","https://cdn.appmaq.com.br/appmaq-media/manuals/0196f443-bf86-7200-bdb1-5e41a59dfe84/019e7dde-b2a6-7c95-b7c1-91075ab5d66f.pdf"
"578","Trator Agrícola","JOHN DEERE","6100E","ESPECIFICAÇOES TÉCNICAS DO TRATOR TRATOR JOHN DEERE 6100E","-","true","https://cdn.appmaq.com.br/appmaq-media/manuals/0196f443-bf86-7200-bdb1-5e41a59dfe84/019e4161-6304-7d7b-90c0-53cb92d75b0d.pdf"
"579","Trator Agrícola","JOHN DEERE","6100E","INFORMAÇOES DOS TRATORES JOHN DEERE DA SERIE 6100E","-","true","https://cdn.appmaq.com.br/appmaq-media/manuals/0196f443-bf86-7200-bdb1-5e41a59dfe84/019e4161-6360-7a5b-9f7f-eea47e1921df.pdf"
"580","Trator Agrícola","JOHN DEERE","6100E","MANUAL DE INSTRUÇÕES SOBRE SEGURANÇA, COMPONENTES, SISTEMAS E OPERAÇÃO DOS TRATORES JOHN DEERE 6100E E 6125E","-","true","https://cdn.appmaq.com.br/appmaq-media/manuals/0196f443-bf86-7200-bdb1-5e41a59dfe84/019e4161-64fa-7d1e-8482-1b00f326ac37.pdf"
"581","Trator Agrícola","JOHN DEERE","6100E","MANUAL DE TREINAMENTO PARA TRATORES JOHN DEERE SERIE 6E E 6J","-","true","https://cdn.appmaq.com.br/appmaq-media/manuals/0196f443-bf86-7200-bdb1-5e41a59dfe84/019e4161-695c-7874-84a9-ea9899b3eece.pdf"
"582","Trator Agrícola","JOHN DEERE","6100E","PEÇAS DE REPOSIÇÃO PARA TRATORES TRATOR JOHN DEERE EM INGLES","-","true","https://cdn.appmaq.com.br/appmaq-media/manuals/0196f443-bf86-7200-bdb1-5e41a59dfe84/019e4161-6b6b-7707-bd0c-525cf8998543.pdf"
"583","Trator Agrícola","JOHN DEERE","6100E","Transmissao e diagnóstico tratores John deere - Série 6 -1","-","true","https://cdn.appmaq.com.br/appmaq-media/manuals/0196f443-bf86-7200-bdb1-5e41a59dfe84/019ef5ae-a2cd-7574-9acf-cb0c73fff966.pdf"
"584","Trator Agrícola","JOHN DEERE","6100J","CATALOGO DE PEÇAS DOS TRATORES JOHN DEERE","-","true","https://cdn.appmaq.com.br/appmaq-media/manuals/01957100-b0df-7fb5-bfd9-b6195ffe40d3/019e4162-377c-76ea-8f1f-f430adbe4f68.pdf"
"585","Trator Agrícola","JOHN DEERE","6100J","DIAGNÓSTICO EM ELÉTRICA TRATORES JOHN DEERE - SÉRIE 6E - 6J -","-","true","https://cdn.appmaq.com.br/appmaq-media/manuals/01957100-b0df-7fb5-bfd9-b6195ffe40d3/019e7ddf-355c-7d54-848a-0b0523c62997.pdf"
"586","Trator Agrícola","JOHN DEERE","6100J","ESPECIFICAÇÕES DOS TRATORES JOHN DEERE DA SERIE 6J","-","true","https://cdn.appmaq.com.br/appmaq-media/manuals/01957100-b0df-7fb5-bfd9-b6195ffe40d3/019e4162-3eed-7a7b-b288-9a5d2f5d4b62.pdf"
"587","Trator Agrícola","JOHN DEERE","6100J","FOLHETO DOS TRATORES JOHN DEERE DA SERIE 6J 6100J 6115J 6125J","-","true","https://cdn.appmaq.com.br/appmaq-media/manuals/01957100-b0df-7fb5-bfd9-b6195ffe40d3/019e4162-412b-7f23-bafc-5f6a420eb19a.pdf"
"588","Trator Agrícola","JOHN DEERE","6100J","INFORMAÇOES DOS TRATORES JOHN DEERE DA SERIE 6100J","-","true","https://cdn.appmaq.com.br/appmaq-media/manuals/01957100-b0df-7fb5-bfd9-b6195ffe40d3/019e4162-4346-7c98-8a23-44a617bdeaf8.pdf"
"589","Trator Agrícola","JOHN DEERE","6100J","MANUAL DE TREINAMENTO PARA TRATORES JOHN DEERE SERIE 6E E 6J","-","true","https://cdn.appmaq.com.br/appmaq-media/manuals/01957100-b0df-7fb5-bfd9-b6195ffe40d3/019e4162-44af-7244-95c0-b13975767ea2.pdf"
"590","Trator Agrícola","JOHN DEERE","6100J","MANUAL DO OPERADOR DO TRATOR JOHN DEERE DA SERIE 6J 6105J 6140J ATUALIZADO EM ESPANHOL","-","true","https://cdn.appmaq.com.br/appmaq-media/manuals/01957100-b0df-7fb5-bfd9-b6195ffe40d3/019e4162-4c20-7165-8034-34498bbd88e1.pdf"
"591","Trator Agrícola","JOHN DEERE","6100J","MANUAL TÉCNICO DE DIAGNÓSTICO DOS TRATORES JOHN DEERE 6100J 6130J","-","true","https://cdn.appmaq.com.br/appmaq-media/manuals/01957100-b0df-7fb5-bfd9-b6195ffe40d3/019e4162-59e8-781c-abbd-b870e7ae684b.pdf"
"592","Trator Agrícola","JOHN DEERE","6100J","PEÇAS DE REPOSIÇÃO PARA TRATORES TRATOR JOHN DEERE EM INGLES","-","true","https://cdn.appmaq.com.br/appmaq-media/manuals/01957100-b0df-7fb5-bfd9-b6195ffe40d3/019e4162-6528-7b54-8533-dc297bcb3f6b.pdf"
"593","Trator Agrícola","JOHN DEERE","6100J","Transmissao e diagnóstico tratores John deere - Série 6 -1","-","true","https://cdn.appmaq.com.br/appmaq-media/manuals/01957100-b0df-7fb5-bfd9-b6195ffe40d3/019ef5af-2a47-718d-8689-dcb5d7f82cba.pdf"
"594","Trator Agrícola","JOHN DEERE","6110E","CATALOGO DE PEÇAS DOS TRATORES JOHN DEERE","-","true","https://cdn.appmaq.com.br/appmaq-media/manuals/01957100-b0df-7056-aa89-b0298ea94101/019e4163-0288-72e0-bc28-d09999647053.pdf"
"595","Trator Agrícola","JOHN DEERE","6110E","DIAGNÓSTICO EM ELÉTRICA TRATORES JOHN DEERE - SÉRIE 6E - 6J -","-","true","https://cdn.appmaq.com.br/appmaq-media/manuals/01957100-b0df-7056-aa89-b0298ea94101/019e7ddf-a36a-704d-8aa7-db62ca2ef131.pdf"
"596","Trator Agrícola","JOHN DEERE","6110E","MANUAL DE TREINAMENTO PARA TRATORES JOHN DEERE SERIE 6E E 6J","-","true","https://cdn.appmaq.com.br/appmaq-media/manuals/01957100-b0df-7056-aa89-b0298ea94101/019e4163-0499-77e9-a63b-e0c92cfa303f.pdf"
"597","Trator Agrícola","JOHN DEERE","6110E","MANUAL DO OPERADOR DOS TRATORES JOHN DEERE 6110E E 6125E","-","true","https://cdn.appmaq.com.br/appmaq-media/manuals/01957100-b0df-7056-aa89-b0298ea94101/019e4163-05c5-75bd-a7b0-8e1dd9820d7e.pdf"
"598","Trator Agrícola","JOHN DEERE","6110E","PEÇAS DE REPOSIÇÃO PARA TRATORES TRATOR JOHN DEERE EM INGLES","-","true","https://cdn.appmaq.com.br/appmaq-media/manuals/01957100-b0df-7056-aa89-b0298ea94101/019e4163-06e6-77f8-9627-0735856c4004.pdf"
"599","Trator Agrícola","JOHN DEERE","6110E","Transmissao e diagnóstico tratores John deere - Série 6 -1","-","true","https://cdn.appmaq.com.br/appmaq-media/manuals/01957100-b0df-7056-aa89-b0298ea94101/019ef5af-c605-774c-b95a-3dcd63a2316d.pdf"
"600","Trator Agrícola","JOHN DEERE","6110J","CATALOGO DE PEÇAS DOS TRATORES JOHN DEERE","-","true","https://cdn.appmaq.com.br/appmaq-media/manuals/01957100-b0df-701f-bdb8-112a03a365e6/019e4164-1130-7bc9-bbab-30c17ddc17ed.pdf"
"601","Trator Agrícola","JOHN DEERE","6110J","DIAGNÓSTICO EM ELÉTRICA TRATORES JOHN DEERE - SÉRIE 6E - 6J -","-","true","https://cdn.appmaq.com.br/appmaq-media/manuals/01957100-b0df-701f-bdb8-112a03a365e6/019e7de0-2adf-7d50-9c42-9d8c389078c4.pdf"
"602","Trator Agrícola","JOHN DEERE","6110J","MANUAL DE DIAGNOSTICO DOS TRATORES JOHN DEERE 6110J 6125J 6130J 6145J","-","true","https://cdn.appmaq.com.br/appmaq-media/manuals/01957100-b0df-701f-bdb8-112a03a365e6/019e4164-1357-750b-a1ed-5f3d89897103.pdf"
"603","Trator Agrícola","JOHN DEERE","6110J","MANUAL DE TREINAMENTO PARA TRATORES JOHN DEERE SERIE 6E E 6J","-","true","https://cdn.appmaq.com.br/appmaq-media/manuals/01957100-b0df-701f-bdb8-112a03a365e6/019e4164-1503-7922-abd0-b201407ba771.pdf"
"604","Trator Agrícola","JOHN DEERE","6110J","MANUAL DO OPERADOR DOS TRATORES JOHN DEERE 6110J 6125J 6130J","-","true","https://cdn.appmaq.com.br/appmaq-media/manuals/01957100-b0df-701f-bdb8-112a03a365e6/019e4164-1643-7e0b-8daa-6b9713c58e6e.pdf"
"605","Trator Agrícola","JOHN DEERE","6110J","MANUAL TECNICO DE REPARAÇÃO PARA TRATORES JOHN DEERE 6110J 6125J 6145J","-","true","https://cdn.appmaq.com.br/appmaq-media/manuals/01957100-b0df-701f-bdb8-112a03a365e6/019e4164-1754-7763-9676-32e8323acb80.pdf"
"606","Trator Agrícola","JOHN DEERE","6110J","PEÇAS DE REPOSIÇÃO PARA TRATORES TRATOR JOHN DEERE EM INGLES","-","true","https://cdn.appmaq.com.br/appmaq-media/manuals/01957100-b0df-701f-bdb8-112a03a365e6/019e4164-1d46-76c2-b482-955ffd4a03c4.pdf"
"607","Trator Agrícola","JOHN DEERE","6110J","Transmissao e diagnóstico tratores John deere - Série 6 -1","-","true","https://cdn.appmaq.com.br/appmaq-media/manuals/01957100-b0df-701f-bdb8-112a03a365e6/019ef5b0-6f5e-714b-b3b3-1eba2b921c98.pdf"
"608","Trator Agrícola","JOHN DEERE","6115J","CATALOGO DE PEÇAS DOS TRATORES JOHN DEERE","-","true","https://cdn.appmaq.com.br/appmaq-media/manuals/01957100-b0df-7185-8760-37961adfdc1e/019e4164-b4f7-7e0f-8eeb-9b990dc106c0.pdf"
"609","Trator Agrícola","JOHN DEERE","6115J","DIAGNÓSTICO EM ELÉTRICA TRATORES JOHN DEERE - SÉRIE 6E - 6J -","-","true","https://cdn.appmaq.com.br/appmaq-media/manuals/01957100-b0df-7185-8760-37961adfdc1e/019e7de0-ca4b-7f68-8629-b8010428e476.pdf"
"610","Trator Agrícola","JOHN DEERE","6115J","ESPECIFICAÇÕES DOS TRATORES JOHN DEERE DA SERIE 6J","-","true","https://cdn.appmaq.com.br/appmaq-media/manuals/01957100-b0df-7185-8760-37961adfdc1e/019e4164-b724-7d21-b153-0c369f0c7d12.pdf"
"611","Trator Agrícola","JOHN DEERE","6115J","FOLHETO DOS TRATORES JOHN DEERE DA SERIE 6J 6100J 6115J 6125J","-","true","https://cdn.appmaq.com.br/appmaq-media/manuals/01957100-b0df-7185-8760-37961adfdc1e/019e4164-b769-708f-a7d3-b8359aab5a1e.pdf"
"612","Trator Agrícola","JOHN DEERE","6115J","INFORMAÇOES DOS TRATORES JOHN DEERE DA SERIE 6115J","-","true","https://cdn.appmaq.com.br/appmaq-media/manuals/01957100-b0df-7185-8760-37961adfdc1e/019e4164-b817-7fcc-9d8a-ed978bc939e0.pdf"
"613","Trator Agrícola","JOHN DEERE","6115J","MANUAL DE TREINAMENTO PARA TRATORES JOHN DEERE SERIE 6E E 6J","-","true","https://cdn.appmaq.com.br/appmaq-media/manuals/01957100-b0df-7185-8760-37961adfdc1e/019e4164-b97f-7f47-af30-f6d783a3d0b1.pdf"
"614","Trator Agrícola","JOHN DEERE","6115J","MANUAL DO OPERADOR DO TRATOR JOHN DEERE 6115J","-","true","https://cdn.appmaq.com.br/appmaq-media/manuals/01957100-b0df-7185-8760-37961adfdc1e/019e4164-baef-7fc5-b849-f5f80c651f7c.pdf"
"615","Trator Agrícola","JOHN DEERE","6115J","PEÇAS DE REPOSIÇÃO PARA TRATORES TRATOR JOHN DEERE EM INGLES","-","true","https://cdn.appmaq.com.br/appmaq-media/manuals/01957100-b0df-7185-8760-37961adfdc1e/019e4164-bb9e-7b0e-889e-eb687960793b.pdf"
"616","Trator Agrícola","JOHN DEERE","6115J","Transmissao e diagnóstico tratores John deere - Série 6 -1","-","true","https://cdn.appmaq.com.br/appmaq-media/manuals/01957100-b0df-7185-8760-37961adfdc1e/019ef5b1-34f5-7047-91c9-1e70eb6510b4.pdf"
"617","Trator Agrícola","JOHN DEERE","6125D","CATALOGO DE PEÇAS DOS TRATORES JOHN DEERE","-","true","https://cdn.appmaq.com.br/appmaq-media/manuals/0195b3ba-39a6-79e6-872d-87a005e5f470/019e4165-baba-72be-80f9-69f1fe205f79.pdf"
"618","Trator Agrícola","JOHN DEERE","6125D","CATALOGO DE PEÇAS DOS TRATORES JOHN DEERE 6100D 6110D 6115D 6125D 6130D 6140D","-","true","https://cdn.appmaq.com.br/appmaq-media/manuals/0195b3ba-39a6-79e6-872d-87a005e5f470/019e4165-ba6a-71f6-82d1-f30a71662ce4.pdf"
"619","Trator Agrícola","JOHN DEERE","6125D","CODIGO DE ERRO DOS TRATORES JOHN DEERE 6100D 6110D 6115D 6125D 6130D 6140D EM INGLES","-","true","https://cdn.appmaq.com.br/appmaq-media/manuals/0195b3ba-39a6-79e6-872d-87a005e5f470/019e4165-bd10-7109-8194-3d0fa3ec3626.pdf"
"620","Trator Agrícola","JOHN DEERE","6125D","ESPECIFICAÇÕES DOS TRATORES JOHN DEERE 6110D E 6125D","-","true","https://cdn.appmaq.com.br/appmaq-media/manuals/0195b3ba-39a6-79e6-872d-87a005e5f470/019e4165-bd4e-7894-a2cf-bdf776bdd679.pdf"
"621","Trator Agrícola","JOHN DEERE","6125D","MANUAL DE REPARO DOS TRATORES JOHN DEERE 6100D 6110D 6115D 6125D 6130D 6140D","-","true","https://cdn.appmaq.com.br/appmaq-media/manuals/0195b3ba-39a6-79e6-872d-87a005e5f470/019e4165-bd86-7767-8fc3-30c9ce89dede.pdf"
"622","Trator Agrícola","JOHN DEERE","6125D","MANUAL TECNICO DE DIAGNOSTICOS DOS TRATORES JOHN DEERE 6100D 6110D 6115D 6125D 6130D 6140D","-","true","https://cdn.appmaq.com.br/appmaq-media/manuals/0195b3ba-39a6-79e6-872d-87a005e5f470/019e4165-bfc0-7f55-93f1-11f657a8aae2.pdf"
"623","Trator Agrícola","JOHN DEERE","6125D","PEÇAS DE REPOSIÇÃO PARA TRATORES TRATOR JOHN DEERE EM INGLES","-","true","https://cdn.appmaq.com.br/appmaq-media/manuals/0195b3ba-39a6-79e6-872d-87a005e5f470/019e4165-c2f0-737e-a6a2-556815cc7042.pdf"
"624","Trator Agrícola","JOHN DEERE","6125D","Transmissao e diagnóstico tratores John deere - Série 6 -1","-","true","https://cdn.appmaq.com.br/appmaq-media/manuals/0195b3ba-39a6-79e6-872d-87a005e5f470/019ef5b2-0560-7772-87e9-32e820db237e.pdf"
"625","Trator Agrícola","JOHN DEERE","6125E","CATALOGO DE PEÇAS DOS TRATORES JOHN DEERE","-","true","https://cdn.appmaq.com.br/appmaq-media/manuals/01957100-b0df-7c67-bba9-f85c3479046c/019e4166-ae67-7f3d-a5e8-8c1f18afef42.pdf"
"626","Trator Agrícola","JOHN DEERE","6125E","CATALOGO DE PEÇAS DO TRATOR JOHN DEERE 6125E","-","true","https://cdn.appmaq.com.br/appmaq-media/manuals/01957100-b0df-7c67-bba9-f85c3479046c/019e4166-ada5-7430-8497-e79cc726b772.pdf"
"627","Trator Agrícola","JOHN DEERE","6125E","DIAGNÓSTICO EM ELÉTRICA TRATORES JOHN DEERE - SÉRIE 6E - 6J -","-","true","https://cdn.appmaq.com.br/appmaq-media/manuals/01957100-b0df-7c67-bba9-f85c3479046c/019e7de1-6f88-7383-bf00-64c4d5263736.pdf"
"628","Trator Agrícola","JOHN DEERE","6125E","MANUAL DE INSTRUÇÕES SOBRE SEGURANÇA, COMPONENTES, SISTEMAS E OPERAÇÃO DOS TRATORES JOHN DEERE 6100E E 6125E","-","true","https://cdn.appmaq.com.br/appmaq-media/manuals/01957100-b0df-7c67-bba9-f85c3479046c/019e4166-b096-704d-995f-05ad514fa245.pdf"
"629","Trator Agrícola","JOHN DEERE","6125E","MANUAL DE TREINAMENTO PARA TRATORES JOHN DEERE SERIE 6E E 6J","-","true","https://cdn.appmaq.com.br/appmaq-media/manuals/01957100-b0df-7c67-bba9-f85c3479046c/019e4166-b210-777c-9a35-27a721565100.pdf"
"630","Trator Agrícola","JOHN DEERE","6125E","MANUAL DO OPERADOR DOS TRATORES JOHN DEERE 6110E E 6125E","-","true","https://cdn.appmaq.com.br/appmaq-media/manuals/01957100-b0df-7c67-bba9-f85c3479046c/019e4166-b3e0-74f3-bb7c-64219908b3ac.pdf"
"631","Trator Agrícola","JOHN DEERE","6125E","PEÇAS DE REPOSIÇÃO PARA TRATORES TRATOR JOHN DEERE EM INGLES","-","true","https://cdn.appmaq.com.br/appmaq-media/manuals/01957100-b0df-7c67-bba9-f85c3479046c/019e4166-b48e-72d7-a735-24369a8a3aa6.pdf"
"632","Trator Agrícola","JOHN DEERE","6125E","Transmissao e diagnóstico tratores John deere - Série 6 -1","-","true","https://cdn.appmaq.com.br/appmaq-media/manuals/01957100-b0df-7c67-bba9-f85c3479046c/019ef5b2-a910-7c6e-a5ae-fa3a4d8cf05f.pdf"
"633","Trator Agrícola","JOHN DEERE","6125J","CATALOGO DE PEÇAS DOS TRATORES JOHN DEERE","-","true","https://cdn.appmaq.com.br/appmaq-media/manuals/01957100-b0df-7dde-b26a-f13e4b694a67/019e4167-c3b2-70c1-88c2-7b828a04bcd7.pdf"
"634","Trator Agrícola","JOHN DEERE","6125J","CATALOGO DE PEÇAS DO TRATOR JOHN DEERE 6125J","-","true","https://cdn.appmaq.com.br/appmaq-media/manuals/01957100-b0df-7dde-b26a-f13e4b694a67/019e4167-c247-78c2-897a-3cc742a64a57.pdf"
"635","Trator Agrícola","JOHN DEERE","6125J","DIAGNÓSTICO EM ELÉTRICA TRATORES JOHN DEERE - SÉRIE 6E - 6J -","-","true","https://cdn.appmaq.com.br/appmaq-media/manuals/01957100-b0df-7dde-b26a-f13e4b694a67/019e7de1-e409-77c8-ad8b-4023ffc08773.pdf"
"636","Trator Agrícola","JOHN DEERE","6125J","FOLHETO DOS TRATORES JOHN DEERE DA SERIE 6J 6100J 6115J 6125J","-","true","https://cdn.appmaq.com.br/appmaq-media/manuals/01957100-b0df-7dde-b26a-f13e4b694a67/019e4167-c5eb-7019-ab02-2a8acb41800e.pdf"
"637","Trator Agrícola","JOHN DEERE","6125J","INFORMAÇOES DOS TRATORES JOHN DEERE DA SERIE 6125J","-","true","https://cdn.appmaq.com.br/appmaq-media/manuals/01957100-b0df-7dde-b26a-f13e4b694a67/019e4167-c659-73ed-8beb-814e84133f63.pdf"
"638","Trator Agrícola","JOHN DEERE","6125J","MANUAL DE DIAGNOSTICO DOS TRATORES JOHN DEERE 6110J 6125J 6130J 6145J","-","true","https://cdn.appmaq.com.br/appmaq-media/manuals/01957100-b0df-7dde-b26a-f13e4b694a67/019e4167-c74a-7834-961c-dec836c43477.pdf"
"639","Trator Agrícola","JOHN DEERE","6125J","MANUAL DE TREINAMENTO PARA TRATORES JOHN DEERE SERIE 6E E 6J","-","true","https://cdn.appmaq.com.br/appmaq-media/manuals/01957100-b0df-7dde-b26a-f13e4b694a67/019e4167-cb03-7241-96e8-4b419f1c00ba.pdf"
"640","Trator Agrícola","JOHN DEERE","6125J","MANUAL DO OPERADOR DOS TRATORES JOHN DEERE 6110J 6125J 6130J","-","true","https://cdn.appmaq.com.br/appmaq-media/manuals/01957100-b0df-7dde-b26a-f13e4b694a67/019e4167-cbaa-7a4b-8717-c0c3452fba7c.pdf"
"641","Trator Agrícola","JOHN DEERE","6125J","MANUAL TECNICO DE REPARAÇÃO PARA TRATORES JOHN DEERE 6110J 6125J 6145J","-","true","https://cdn.appmaq.com.br/appmaq-media/manuals/01957100-b0df-7dde-b26a-f13e4b694a67/019e4167-cd6a-76ef-985c-f37e97195957.pdf"
"642","Trator Agrícola","JOHN DEERE","6125J","PEÇAS DE REPOSIÇÃO PARA TRATORES TRATOR JOHN DEERE EM INGLES","-","true","https://cdn.appmaq.com.br/appmaq-media/manuals/01957100-b0df-7dde-b26a-f13e4b694a67/019e4167-d254-72c2-900e-7edbd9a31a92.pdf"
"643","Trator Agrícola","JOHN DEERE","6125J","Transmissao e diagnóstico tratores John deere - Série 6 -1","-","true","https://cdn.appmaq.com.br/appmaq-media/manuals/01957100-b0df-7dde-b26a-f13e4b694a67/019ef5b3-cf7c-7306-8e71-c2b340f2726c.pdf"
"644","Trator Agrícola","JOHN DEERE","6130J","CATALOGO DE PEÇAS DOS TRATORES JOHN DEERE","-","true","https://cdn.appmaq.com.br/appmaq-media/manuals/01957100-b0df-70c2-91b8-21d73e429c31/019e4168-b915-7e1d-b902-f97e9971cf69.pdf"
"645","Trator Agrícola","JOHN DEERE","6130J","DIAGNÓSTICO EM ELÉTRICA TRATORES JOHN DEERE - SÉRIE 6E - 6J -","-","true","https://cdn.appmaq.com.br/appmaq-media/manuals/01957100-b0df-70c2-91b8-21d73e429c31/019e7de2-5772-7b98-b055-d76363bd60d6.pdf"
"646","Trator Agrícola","JOHN DEERE","6130J","MANUAL DE DIAGNOSTICO DOS TRATORES JOHN DEERE 6110J 6125J 6130J 6145J","-","true","https://cdn.appmaq.com.br/appmaq-media/manuals/01957100-b0df-70c2-91b8-21d73e429c31/019e4168-bb73-7867-a45a-f63dd09d29f0.pdf"
"647","Trator Agrícola","JOHN DEERE","6130J","MANUAL DE TREINAMENTO PARA TRATORES JOHN DEERE SERIE 6E E 6J","-","true","https://cdn.appmaq.com.br/appmaq-media/manuals/01957100-b0df-70c2-91b8-21d73e429c31/019e4168-be9a-7190-84f5-c1c81a1d35c6.pdf"
"648","Trator Agrícola","JOHN DEERE","6130J","MANUAL DO OPERADOR DOS TRATORES JOHN DEERE 6110J 6125J 6130J","-","true","https://cdn.appmaq.com.br/appmaq-media/manuals/01957100-b0df-70c2-91b8-21d73e429c31/019e4168-bf37-7ad8-a450-e636bd7f43a0.pdf"
"649","Trator Agrícola","JOHN DEERE","6130J","MANUAL TÉCNICO DE DIAGNÓSTICO DOS TRATORES JOHN DEERE 6100J 6130J","-","true","https://cdn.appmaq.com.br/appmaq-media/manuals/01957100-b0df-70c2-91b8-21d73e429c31/019e4168-c04a-72b4-bbe0-d390808c9b12.pdf"
"650","Trator Agrícola","JOHN DEERE","6130J","PEÇAS DE REPOSIÇÃO PARA TRATORES TRATOR JOHN DEERE EM INGLES","-","true","https://cdn.appmaq.com.br/appmaq-media/manuals/01957100-b0df-70c2-91b8-21d73e429c31/019e4168-c443-7f31-b1b6-f80c288af63e.pdf"
"651","Trator Agrícola","JOHN DEERE","6130J","Transmissao e diagnóstico tratores John deere - Série 6 -1","-","true","https://cdn.appmaq.com.br/appmaq-media/manuals/01957100-b0df-70c2-91b8-21d73e429c31/019ef5bf-8dec-7ecd-9bed-5b5472d93a39.pdf"
"652","Trator Agrícola","JOHN DEERE","6135J","CATALOGO DE FILTROS DOS TRATORES JOHN DEERE 6135J, 6150J, 6170J, 6190J, 6210J","-","true","https://cdn.appmaq.com.br/appmaq-media/manuals/01957100-b0df-7678-9bab-6dff431f37ee/019e4169-d762-7694-9e58-4179cea50308.pdf"
"653","Trator Agrícola","JOHN DEERE","6135J","CATALOGO DE PEÇAS DOS TRATORES JOHN DEERE","-","true","https://cdn.appmaq.com.br/appmaq-media/manuals/01957100-b0df-7678-9bab-6dff431f37ee/019e4169-d77b-727f-a9e4-7c08db113812.pdf"
"654","Trator Agrícola","JOHN DEERE","6135J","DIAGNÓSTICO EM ELÉTRICA TRATORES JOHN DEERE - SÉRIE 6E - 6J -","-","true","https://cdn.appmaq.com.br/appmaq-media/manuals/01957100-b0df-7678-9bab-6dff431f37ee/019e7de2-b5d6-7861-b892-0b0287d9d91b.pdf"
"655","Trator Agrícola","JOHN DEERE","6135J","ESPECIFICAÇÕES DOS TRATORES JOHN DEERE DA SERIE 6J","-","true","https://cdn.appmaq.com.br/appmaq-media/manuals/01957100-b0df-7678-9bab-6dff431f37ee/019e4169-dab6-7218-b5dc-3ef45641f8b9.pdf"
"656","Trator Agrícola","JOHN DEERE","6135J","INFORMAÇOES DOS TRATORES JOHN DEERE DA SERIE 6135J","-","true","https://cdn.appmaq.com.br/appmaq-media/manuals/01957100-b0df-7678-9bab-6dff431f37ee/019e4169-dcf6-73a9-b53d-d98a856016e7.pdf"
"657","Trator Agrícola","JOHN DEERE","6135J","MANUAL DE TREINAMENTO PARA TRATORES JOHN DEERE SERIE 6E E 6J","-","true","https://cdn.appmaq.com.br/appmaq-media/manuals/01957100-b0df-7678-9bab-6dff431f37ee/019e4169-de1e-7ffa-a90d-09c0275ceec4.pdf"
"658","Trator Agrícola","JOHN DEERE","6135J","MANUAL DO OPERADOR DOS TRATORES JOHN DEERE 6135J 6150J 6170J 6190J 6210J","-","true","https://cdn.appmaq.com.br/appmaq-media/manuals/01957100-b0df-7678-9bab-6dff431f37ee/019e4169-dec4-7f94-8db0-125971269c88.pdf"
"659","Trator Agrícola","JOHN DEERE","6135J","PEÇAS DE REPOSIÇÃO PARA TRATORES TRATOR JOHN DEERE EM INGLES","-","true","https://cdn.appmaq.com.br/appmaq-media/manuals/01957100-b0df-7678-9bab-6dff431f37ee/019e4169-dfc4-77dc-a11c-70eb260ebb52.pdf"
"660","Trator Agrícola","JOHN DEERE","6135J","Transmissao e diagnóstico tratores John deere - Série 6 -1","-","true","https://cdn.appmaq.com.br/appmaq-media/manuals/01957100-b0df-7678-9bab-6dff431f37ee/019ef5c0-5d37-75b5-a39f-3695d9ce5db2.pdf"
"661","Trator Agrícola","JOHN DEERE","6135M","MANUAL DO OPERADOR TRATOR JOHN DEERE - 6135M","-","true","https://cdn.appmaq.com.br/appmaq-media/manuals/019e5f69-f49e-7127-9b70-fc5bb1a1201c/019e5f73-a2dc-781b-92fc-6bc4f82d53af.pdf"
"662","Trator Agrícola","JOHN DEERE","6135M","Transmissao e diagnóstico tratores John deere - Série 6 -1","-","true","https://cdn.appmaq.com.br/appmaq-media/manuals/019e5f69-f49e-7127-9b70-fc5bb1a1201c/019ef5c1-2337-7dab-8782-9bce1972d229.pdf"
"663","Trator Agrícola","JOHN DEERE","6145J","CATALOGO DE PEÇAS DOS TRATORES JOHN DEERE","-","true","https://cdn.appmaq.com.br/appmaq-media/manuals/01957100-b0df-7a0c-b7c7-bc0a400b661c/019e416a-d537-7e71-b2c1-76848113116f.pdf"
"664","Trator Agrícola","JOHN DEERE","6145J","CATALOGO DE PEÇAS TRATOR JOHN DEERE -6145J -","-","true","https://cdn.appmaq.com.br/appmaq-media/manuals/01957100-b0df-7a0c-b7c7-bc0a400b661c/019eff97-d8d0-782c-a761-421ff60c7609.pdf"
"665","Trator Agrícola","JOHN DEERE","6145J","DIAGNÓSTICO EM ELÉTRICA TRATORES JOHN DEERE - SÉRIE 6E - 6J -","-","true","https://cdn.appmaq.com.br/appmaq-media/manuals/01957100-b0df-7a0c-b7c7-bc0a400b661c/019e7de3-29ef-7144-939b-606f261e0c5c.pdf"
"666","Trator Agrícola","JOHN DEERE","6145J","MANUAL DE DIAGNOSTICO DOS TRATORES JOHN DEERE 6110J 6125J 6130J 6145J","-","true","https://cdn.appmaq.com.br/appmaq-media/manuals/01957100-b0df-7a0c-b7c7-bc0a400b661c/019e416a-d747-7148-83b6-526452c3feb0.pdf"
"667","Trator Agrícola","JOHN DEERE","6145J","MANUAL DE TREINAMENTO PARA TRATORES JOHN DEERE SERIE 6E E 6J","-","true","https://cdn.appmaq.com.br/appmaq-media/manuals/01957100-b0df-7a0c-b7c7-bc0a400b661c/019e416a-daa9-7bb5-a9c8-426352011862.pdf"
"668","Trator Agrícola","JOHN DEERE","6145J","MANUAL DO OPERADOR TRATOR JOHN DEERE - 6145J - 6165J - 6180J -","-","true","https://cdn.appmaq.com.br/appmaq-media/manuals/01957100-b0df-7a0c-b7c7-bc0a400b661c/019f0553-52fe-7361-8a13-131a483146b2.pdf"
"669","Trator Agrícola","JOHN DEERE","6145J","MANUAL TECNICO DE REPARAÇÃO PARA TRATORES JOHN DEERE 6110J 6125J 6145J","-","true","https://cdn.appmaq.com.br/appmaq-media/manuals/01957100-b0df-7a0c-b7c7-bc0a400b661c/019e416a-db53-7029-994a-b140fbb7a673.pdf"
"670","Trator Agrícola","JOHN DEERE","6145J","MANUAL TÉCNICO DE REPAROS TRATOR - JOHN DEERE -6145J - 6165J - 6180J - 6205J -","-","true","https://cdn.appmaq.com.br/appmaq-media/manuals/01957100-b0df-7a0c-b7c7-bc0a400b661c/019ed101-ffbc-7fdd-90f2-9bfbff875099.pdf"
"671","Trator Agrícola","JOHN DEERE","6145J","PEÇAS DE REPOSIÇÃO PARA TRATORES TRATOR JOHN DEERE EM INGLES","-","true","https://cdn.appmaq.com.br/appmaq-media/manuals/01957100-b0df-7a0c-b7c7-bc0a400b661c/019e416a-e123-73c7-81e4-12796396ad38.pdf"
"672","Trator Agrícola","JOHN DEERE","6145J","Transmissao e diagnóstico tratores John deere - Série 6 -1","-","true","https://cdn.appmaq.com.br/appmaq-media/manuals/01957100-b0df-7a0c-b7c7-bc0a400b661c/019ef5c1-c22f-7ecf-8c9a-40e76bdf1b14.pdf"
"673","Trator Agrícola","JOHN DEERE","6150J","CATALOGO DE FILTROS DOS TRATORES JOHN DEERE 6135J, 6150J, 6170J, 6190J, 6210J","-","true","https://cdn.appmaq.com.br/appmaq-media/manuals/01957100-b0df-71a9-af7d-ed2dda8fb6c2/019e416b-9f2c-71c2-bf4d-5d5eca44feea.pdf"
"674","Trator Agrícola","JOHN DEERE","6150J","CATALOGO DE PEÇAS DOS TRATORES JOHN DEERE","-","true","https://cdn.appmaq.com.br/appmaq-media/manuals/01957100-b0df-71a9-af7d-ed2dda8fb6c2/019e416b-9f3b-7f20-8b9f-8e1175f3fd34.pdf"
"675","Trator Agrícola","JOHN DEERE","6150J","DIAGNÓSTICO EM ELÉTRICA TRATORES JOHN DEERE - SÉRIE 6E - 6J -","-","true","https://cdn.appmaq.com.br/appmaq-media/manuals/01957100-b0df-71a9-af7d-ed2dda8fb6c2/019e7de3-a557-7314-8683-c609d7c792fd.pdf"
"676","Trator Agrícola","JOHN DEERE","6150J","ESPECIFICAÇÕES DOS TRATORES JOHN DEERE DA SERIE 6J","-","true","https://cdn.appmaq.com.br/appmaq-media/manuals/01957100-b0df-71a9-af7d-ed2dda8fb6c2/019e416b-a167-79cb-a2f9-353b27a32152.pdf"
"677","Trator Agrícola","JOHN DEERE","6150J","MANUAL DE TREINAMENTO PARA TRATORES JOHN DEERE SERIE 6E E 6J","-","true","https://cdn.appmaq.com.br/appmaq-media/manuals/01957100-b0df-71a9-af7d-ed2dda8fb6c2/019e416b-a38f-75cb-9bcb-e999cc9e27b9.pdf"
"678","Trator Agrícola","JOHN DEERE","6150J","MANUAL DO OPERADOR DOS TRATORES JOHN DEERE 6135J 6150J 6170J 6190J 6210J","-","true","https://cdn.appmaq.com.br/appmaq-media/manuals/01957100-b0df-71a9-af7d-ed2dda8fb6c2/019e416b-a460-7d38-a060-069489af74f9.pdf"
"679","Trator Agrícola","JOHN DEERE","6150J","PEÇAS DE REPOSIÇÃO PARA TRATORES TRATOR JOHN DEERE EM INGLES","-","true","https://cdn.appmaq.com.br/appmaq-media/manuals/01957100-b0df-71a9-af7d-ed2dda8fb6c2/019e416b-a5f4-7f62-9284-03b7fdddedd5.pdf"
"680","Trator Agrícola","JOHN DEERE","6150J","Transmissao e diagnóstico tratores John deere - Série 6 -1","-","true","https://cdn.appmaq.com.br/appmaq-media/manuals/01957100-b0df-71a9-af7d-ed2dda8fb6c2/019ef5c2-6338-7acb-94fc-b23e4c382a42.pdf"
"681","Trator Agrícola","JOHN DEERE","6150M","CATALOGO DE FILTROS DOS TRATORES 6M - 6135M, 6150M, 6170M, 6190M, 6210M","-","true","https://cdn.appmaq.com.br/appmaq-media/manuals/0195b3ba-39a6-7c81-a0c8-f7c1f70422c4/019e416c-504a-7da8-975a-07f807ab8f2e.pdf"
"682","Trator Agrícola","JOHN DEERE","6150M","CATALOGO DE PEÇAS DOS TRATORES JOHN DEERE","-","true","https://cdn.appmaq.com.br/appmaq-media/manuals/0195b3ba-39a6-7c81-a0c8-f7c1f70422c4/019e416c-505b-736d-ab9b-5bd7d2c33c22.pdf"
"683","Trator Agrícola","JOHN DEERE","6150M","FOLHETO DOS TRATORES JOHN DEERE DA SERIE 6M 6135M, 6150M, 6170M, 6190M e 6210M","-","true","https://cdn.appmaq.com.br/appmaq-media/manuals/0195b3ba-39a6-7c81-a0c8-f7c1f70422c4/019e416c-52a9-7bd0-b700-53fc8458ab9b.pdf"
"684","Trator Agrícola","JOHN DEERE","6150M","GUIA DE REFERÊNCIA RÁPIDA TRATORES JOHN DEERE - 6150M","-","true","https://cdn.appmaq.com.br/appmaq-media/manuals/0195b3ba-39a6-7c81-a0c8-f7c1f70422c4/019e5f94-58d1-734f-812f-0bc7a498bade.pdf"
"685","Trator Agrícola","JOHN DEERE","6150M","MANUAL DO OPERADOR TRATOR JOHN DEERE - 6150M","-","true","https://cdn.appmaq.com.br/appmaq-media/manuals/0195b3ba-39a6-7c81-a0c8-f7c1f70422c4/019e5f94-5a4c-7bc3-9072-9d6934f8f7c3.pdf"
"686","Trator Agrícola","JOHN DEERE","6150M","Transmissao e diagnóstico tratores John deere - Série 6 -1","-","true","https://cdn.appmaq.com.br/appmaq-media/manuals/0195b3ba-39a6-7c81-a0c8-f7c1f70422c4/019ef5c3-9ef3-7322-8f4a-a37a4918832a.pdf"
"687","Trator Agrícola","JOHN DEERE","6165J","CATALOGO DE PEÇAS DOS TRATORES JOHN DEERE","-","true","https://cdn.appmaq.com.br/appmaq-media/manuals/01957100-b0df-7700-a06c-eeb5fbcbc12a/019e416d-5102-7035-a190-f357fcfbfa74.pdf"
"688","Trator Agrícola","JOHN DEERE","6165J","DIAGNÓSTICO EM ELÉTRICA TRATORES JOHN DEERE - SÉRIE 6E - 6J -","-","true","https://cdn.appmaq.com.br/appmaq-media/manuals/01957100-b0df-7700-a06c-eeb5fbcbc12a/019e7de4-2f77-7daa-92fc-1ba85cdf0bd9.pdf"
"689","Trator Agrícola","JOHN DEERE","6165J","MANUAL DE TREINAMENTO PARA TRATORES JOHN DEERE SERIE 6E E 6J","-","true","https://cdn.appmaq.com.br/appmaq-media/manuals/01957100-b0df-7700-a06c-eeb5fbcbc12a/019e416d-5338-7c96-adc7-e0009cf80151.pdf"
"690","Trator Agrícola","JOHN DEERE","6165J","MANUAL DO OPERADOR TRATOR JOHN DEERE - 6145J - 6165J - 6180J -","-","true","https://cdn.appmaq.com.br/appmaq-media/manuals/01957100-b0df-7700-a06c-eeb5fbcbc12a/019f0553-c8c8-716d-a65f-4d3ec96ed282.pdf"
"691","Trator Agrícola","JOHN DEERE","6165J","MANUAL TECNICO DE DIAGNOSTICO DOS TRATORES JOHN DEERE 6145J 6165J 6180J","-","true","https://cdn.appmaq.com.br/appmaq-media/manuals/01957100-b0df-7700-a06c-eeb5fbcbc12a/019e416d-560f-731b-9c73-1abf4fb589eb.pdf"
"692","Trator Agrícola","JOHN DEERE","6165J","MANUAL TÉCNICO DE DIAGNÓSTICO TRATOR JOHN DEERE -6165J - 6180J -","-","true","https://cdn.appmaq.com.br/appmaq-media/manuals/01957100-b0df-7700-a06c-eeb5fbcbc12a/019e7570-86e1-74b1-8ab8-9b406f950650.pdf"
"693","Trator Agrícola","JOHN DEERE","6165J","MANUAL TÉCNICO DE REPAROS DOS TRATORES JOHN DEERE 6145J 6165J 6180J","-","true","https://cdn.appmaq.com.br/appmaq-media/manuals/01957100-b0df-7700-a06c-eeb5fbcbc12a/019e416d-5b73-736d-b1c8-d5ca59c0a0ed.pdf"
"694","Trator Agrícola","JOHN DEERE","6165J","MANUAL TÉCNICO DE REPAROS TRATOR - JOHN DEERE -6145J - 6165J - 6180J - 6205J -","-","true","https://cdn.appmaq.com.br/appmaq-media/manuals/01957100-b0df-7700-a06c-eeb5fbcbc12a/019ed102-8537-719c-8aaf-40d150488164.pdf"
"695","Trator Agrícola","JOHN DEERE","6165J","PEÇAS DE REPOSIÇÃO PARA TRATORES TRATOR JOHN DEERE EM INGLES","-","true","https://cdn.appmaq.com.br/appmaq-media/manuals/01957100-b0df-7700-a06c-eeb5fbcbc12a/019e416d-61fb-70d9-ba51-a6b603ce4064.pdf"
"696","Trator Agrícola","JOHN DEERE","6165J","Transmissao e diagnóstico tratores John deere - Série 6 -1","-","true","https://cdn.appmaq.com.br/appmaq-media/manuals/01957100-b0df-7700-a06c-eeb5fbcbc12a/019ef5c4-7433-754e-8b66-826b7268ba3c.pdf"
"697","Trator Agrícola","JOHN DEERE","6170J","CATALOGO DE FILTROS DOS TRATORES JOHN DEERE 6135J, 6150J, 6170J, 6190J, 6210J","-","true","https://cdn.appmaq.com.br/appmaq-media/manuals/01957100-b0df-730a-a987-1c51efb67787/019e416e-0c1c-7385-827f-09e6bc56a0d2.pdf"
"698","Trator Agrícola","JOHN DEERE","6170J","CATALOGO DE PEÇAS DOS TRATORES JOHN DEERE","-","true","https://cdn.appmaq.com.br/appmaq-media/manuals/01957100-b0df-730a-a987-1c51efb67787/019e416e-0c2a-75cf-ba90-7cb01c166985.pdf"
"699","Trator Agrícola","JOHN DEERE","6170J","DIAGNÓSTICO EM ELÉTRICA TRATORES JOHN DEERE - SÉRIE 6E - 6J -","-","true","https://cdn.appmaq.com.br/appmaq-media/manuals/01957100-b0df-730a-a987-1c51efb67787/019e7de5-3707-785f-97b5-d56897f943bc.pdf"
"700","Trator Agrícola","JOHN DEERE","6170J","DIAGNÓSTICO EM ELÉTRICA TRATORES JOHN DEERE - SÉRIE 6E - 6J -","-","true","https://cdn.appmaq.com.br/appmaq-media/manuals/01957100-b0df-730a-a987-1c51efb67787/019e7de4-9d29-752a-b775-7ef35530e33f.pdf"
"701","Trator Agrícola","JOHN DEERE","6170J","ESPECIFICAÇÕES DOS TRATORES JOHN DEERE DA SERIE 6J","-","true","https://cdn.appmaq.com.br/appmaq-media/manuals/01957100-b0df-730a-a987-1c51efb67787/019e416e-0e99-78b6-ae22-ed5f96192536.pdf"
"702","Trator Agrícola","JOHN DEERE","6170J","MANUAL DE TREINAMENTO PARA TRATORES JOHN DEERE SERIE 6E E 6J","-","true","https://cdn.appmaq.com.br/appmaq-media/manuals/01957100-b0df-730a-a987-1c51efb67787/019e416e-0f1e-7830-ba91-ffe96348fd18.pdf"
"703","Trator Agrícola","JOHN DEERE","6170J","MANUAL DO OPERADOR DOS TRATORES JOHN DEERE 6135J 6150J 6170J 6190J 6210J","-","true","https://cdn.appmaq.com.br/appmaq-media/manuals/01957100-b0df-730a-a987-1c51efb67787/019e416e-12c1-7286-9ad3-905c40a6b5c7.pdf"
"704","Trator Agrícola","JOHN DEERE","6170J","PEÇAS DE REPOSIÇÃO PARA TRATORES TRATOR JOHN DEERE EM INGLES","-","true","https://cdn.appmaq.com.br/appmaq-media/manuals/01957100-b0df-730a-a987-1c51efb67787/019e416e-149e-727c-9e08-0121409b5205.pdf"
"705","Trator Agrícola","JOHN DEERE","6170J","Transmissao e diagnóstico tratores John deere - Série 6 -1","-","true","https://cdn.appmaq.com.br/appmaq-media/manuals/01957100-b0df-730a-a987-1c51efb67787/019ef5c5-3233-7f5e-a124-94e3174e3d49.pdf"
"706","Trator Agrícola","JOHN DEERE","6170M","GUIA DE REFERÊNCIA RÁPIDA TRATORES JOHN DEERE - 6170M","-","true","https://cdn.appmaq.com.br/appmaq-media/manuals/019e5f91-a416-7c06-afe4-7748c44be565/019e5f92-9041-72b4-983b-dab987c306aa.pdf"
"707","Trator Agrícola","JOHN DEERE","6170M","MANUAL DO OPERADOR TRATOR JOHN DEERE - 6170M","-","true","https://cdn.appmaq.com.br/appmaq-media/manuals/019e5f91-a416-7c06-afe4-7748c44be565/019e5f92-90e5-7b62-a53e-7428cc882666.pdf"
"708","Trator Agrícola","JOHN DEERE","6170M","Transmissao e diagnóstico tratores John deere - Série 6 -1","-","true","https://cdn.appmaq.com.br/appmaq-media/manuals/019e5f91-a416-7c06-afe4-7748c44be565/019ef5c6-06cc-7e1d-b6e5-70de740d595e.pdf"
"709","Trator Agrícola","JOHN DEERE","6180J","CATALOGO DE PEÇAS DOS TRATORES JOHN DEERE","-","true","https://cdn.appmaq.com.br/appmaq-media/manuals/01957100-b0df-7531-aad7-7338cae4a1d1/019e416e-fdb8-7643-89d7-6625bf8e9ee2.pdf"
"710","Trator Agrícola","JOHN DEERE","6180J","CATALOGO DE PEÇAS TRATOR JOHN DEERE -6180-J -","-","true","https://cdn.appmaq.com.br/appmaq-media/manuals/01957100-b0df-7531-aad7-7338cae4a1d1/019eff8b-257b-7309-8bbe-28ebf79ac9f0.pdf"
"711","Trator Agrícola","JOHN DEERE","6180J","DIAGNÓSTICO EM ELÉTRICA TRATORES JOHN DEERE - SÉRIE 6E - 6J -","-","true","https://cdn.appmaq.com.br/appmaq-media/manuals/01957100-b0df-7531-aad7-7338cae4a1d1/019e7de5-aea0-7a04-9830-72221e94afb4.pdf"
"712","Trator Agrícola","JOHN DEERE","6180J","MANUAL DE TREINAMENTO PARA TRATORES JOHN DEERE SERIE 6E E 6J","-","true","https://cdn.appmaq.com.br/appmaq-media/manuals/01957100-b0df-7531-aad7-7338cae4a1d1/019e416e-ffcc-7425-b6d1-ca2052b0b2fe.pdf"
"713","Trator Agrícola","JOHN DEERE","6180J","MANUAL DO OPERADOR TRATOR JOHN DEERE - 6145J - 6165J - 6180J -","-","true","https://cdn.appmaq.com.br/appmaq-media/manuals/01957100-b0df-7531-aad7-7338cae4a1d1/019f0554-2c09-74af-bef6-f98d23c6b965.pdf"
"714","Trator Agrícola","JOHN DEERE","6180J","MANUAL TECNICO DE DIAGNOSTICO DOS TRATORES JOHN DEERE 6145J 6165J 6180J","-","true","https://cdn.appmaq.com.br/appmaq-media/manuals/01957100-b0df-7531-aad7-7338cae4a1d1/019e416f-024b-706e-9e8f-ba09c0e53025.pdf"
"715","Trator Agrícola","JOHN DEERE","6180J","MANUAL TÉCNICO DE DIAGNÓSTICO TRATOR JOHN DEERE -6165J - 6180J -","-","true","https://cdn.appmaq.com.br/appmaq-media/manuals/01957100-b0df-7531-aad7-7338cae4a1d1/019e7571-4a59-71b2-8ec2-5f8cbed9162f.pdf"
"716","Trator Agrícola","JOHN DEERE","6180J","MANUAL TÉCNICO DE REPAROS DOS TRATORES JOHN DEERE 6145J 6165J 6180J","-","true","https://cdn.appmaq.com.br/appmaq-media/manuals/01957100-b0df-7531-aad7-7338cae4a1d1/019e416f-0630-7866-9eff-c369e0ae1d4e.pdf"
"717","Trator Agrícola","JOHN DEERE","6180J","MANUAL TÉCNICO DE REPAROS TRATOR - JOHN DEERE -6145J - 6165J - 6180J - 6205J -","-","true","https://cdn.appmaq.com.br/appmaq-media/manuals/01957100-b0df-7531-aad7-7338cae4a1d1/019ed102-f354-773e-a1d0-a9e5f17f0380.pdf"
"718","Trator Agrícola","JOHN DEERE","6180J","PEÇAS DE REPOSIÇÃO PARA TRATORES TRATOR JOHN DEERE EM INGLES","-","true","https://cdn.appmaq.com.br/appmaq-media/manuals/01957100-b0df-7531-aad7-7338cae4a1d1/019e416f-0af3-72d2-ae28-b355a96952f7.pdf"
"719","Trator Agrícola","JOHN DEERE","6180J","Transmissao e diagnóstico tratores John deere - Série 6 -1","-","true","https://cdn.appmaq.com.br/appmaq-media/manuals/01957100-b0df-7531-aad7-7338cae4a1d1/019ef5c7-1eb3-7d6d-9d3e-ec0cc1200a65.pdf"
"720","Trator Agrícola","JOHN DEERE","6190J","CATALOGO DE FILTROS DOS TRATORES JOHN DEERE 6135J, 6150J, 6170J, 6190J, 6210J","-","true","https://cdn.appmaq.com.br/appmaq-media/manuals/01957100-b0df-7d4e-bcd2-3e60befe693f/019e416f-d59e-7826-9d06-0a07d4a48697.pdf"
"721","Trator Agrícola","JOHN DEERE","6190J","CATALOGO DE PEÇAS DOS TRATORES JOHN DEERE","-","true","https://cdn.appmaq.com.br/appmaq-media/manuals/01957100-b0df-7d4e-bcd2-3e60befe693f/019e416f-d5c0-7bc5-86e9-ee439de82d93.pdf"
"722","Trator Agrícola","JOHN DEERE","6190J","CATALOGO DE PEÇAS TRATOR JOHN DEERE - 6190J","-","true","https://cdn.appmaq.com.br/appmaq-media/manuals/01957100-b0df-7d4e-bcd2-3e60befe693f/019eff83-59da-79b1-a31d-56e5b5e2a2e2.pdf"
"723","Trator Agrícola","JOHN DEERE","6190J","DIAGNÓSTICO EM ELÉTRICA TRATORES JOHN DEERE - SÉRIE 6E - 6J -","-","true","https://cdn.appmaq.com.br/appmaq-media/manuals/01957100-b0df-7d4e-bcd2-3e60befe693f/019e7de6-1f32-70db-ba8b-3615b7dbc2d3.pdf"
"724","Trator Agrícola","JOHN DEERE","6190J","ESPECIFICAÇÕES DOS TRATORES JOHN DEERE DA SERIE 6J","-","true","https://cdn.appmaq.com.br/appmaq-media/manuals/01957100-b0df-7d4e-bcd2-3e60befe693f/019e416f-daa8-7bab-956d-3e0365a6a628.pdf"
"725","Trator Agrícola","JOHN DEERE","6190J","MANUAL DE TREINAMENTO PARA TRATORES JOHN DEERE SERIE 6E E 6J","-","true","https://cdn.appmaq.com.br/appmaq-media/manuals/01957100-b0df-7d4e-bcd2-3e60befe693f/019e416f-de89-759d-9fb2-aca5413da701.pdf"
"726","Trator Agrícola","JOHN DEERE","6190J","MANUAL DO OPERADOR DOS TRATORES JOHN DEERE 6135J 6150J 6170J 6190J 6210J","-","true","https://cdn.appmaq.com.br/appmaq-media/manuals/01957100-b0df-7d4e-bcd2-3e60befe693f/019e416f-e04b-7282-84ed-167551220b99.pdf"
"727","Trator Agrícola","JOHN DEERE","6190J","PEÇAS DE REPOSIÇÃO PARA TRATORES TRATOR JOHN DEERE EM INGLES","-","true","https://cdn.appmaq.com.br/appmaq-media/manuals/01957100-b0df-7d4e-bcd2-3e60befe693f/019e416f-e391-70e8-bcc1-c7b5d235b0f9.pdf"
"728","Trator Agrícola","JOHN DEERE","6190J","Transmissao e diagnóstico tratores John deere - Série 6 -1","-","true","https://cdn.appmaq.com.br/appmaq-media/manuals/01957100-b0df-7d4e-bcd2-3e60befe693f/019ef5c7-95cc-757d-8978-b6449e95eba4.pdf"
"729","Trator Agrícola","JOHN DEERE","6190 M","GUIA DE REFERÊNCIA RÁPIDA TRATORES JOHN DEERE - 6190M","-","true","https://cdn.appmaq.com.br/appmaq-media/manuals/0196f443-bf87-7b7e-a6f2-655543e38c6c/019e5f90-843b-76d0-904c-03f591f9bdeb.pdf"
"730","Trator Agrícola","JOHN DEERE","6190 M","MANUAL DO OPERADOR TRATOR JOHN DEERE - 6190M","-","true","https://cdn.appmaq.com.br/appmaq-media/manuals/0196f443-bf87-7b7e-a6f2-655543e38c6c/019e5f75-5cfb-7dd7-a866-1bbf905a4ba3.pdf"
"731","Trator Agrícola","JOHN DEERE","6205J","MANUAL TÉCNICO DE REPAROS TRATOR - JOHN DEERE -6145J - 6165J - 6180J - 6205J -","-","true","https://cdn.appmaq.com.br/appmaq-media/manuals/019ed103-ea7b-71dc-add3-39e6d901360a/019ed104-852a-7ab8-82a3-555f452913fc.pdf"
"732","Trator Agrícola","JOHN DEERE","6210 J","DIAGNÓSTICO EM ELÉTRICA TRATORES JOHN DEERE - SÉRIE 6E - 6J -","-","true","https://cdn.appmaq.com.br/appmaq-media/manuals/01957100-b0df-7398-8b2a-2785bf0ed205/019e7de6-c385-78fc-9ce5-2016f2233471.pdf"
"733","Trator Agrícola","JOHN DEERE","6210 M","CATALOGO DE FILTROS DOS TRATORES 6M - 6135M, 6150M, 6170M, 6190M, 6210M","-","true","https://cdn.appmaq.com.br/appmaq-media/manuals/01957100-b0df-7608-a974-afb61a961b0c/019e5f8f-90c8-7ba9-9f3c-90cbc3fef716.pdf"
"734","Trator Agrícola","JOHN DEERE","6210 M","CATALOGO DE PEÇAS DE REPOSIÇÃO DOS TRATORES JOHN DEERE","-","true","https://cdn.appmaq.com.br/appmaq-media/manuals/01957100-b0df-7608-a974-afb61a961b0c/019e5f8f-90e4-7c1f-b281-0830975c0c35.pdf"
"735","Trator Agrícola","JOHN DEERE","6210 M","CATALOGO DE PEÇAS DOS TRATORES JOHN DEERE","-","true","https://cdn.appmaq.com.br/appmaq-media/manuals/01957100-b0df-7608-a974-afb61a961b0c/019e5f8f-9152-77c3-9991-609f4cfa4534.pdf"
"736","Trator Agrícola","JOHN DEERE","6210 M","ESPECIFICAÇÕES DO TRATOR JOHN DEERE 6210M","-","true","https://cdn.appmaq.com.br/appmaq-media/manuals/01957100-b0df-7608-a974-afb61a961b0c/019e5f8f-93d1-792b-97a3-420da8fea0e0.pdf"
"737","Trator Agrícola","JOHN DEERE","6210 M","FOLHETO DO TRATORE JOHN DEERE 6210M","-","true","https://cdn.appmaq.com.br/appmaq-media/manuals/01957100-b0df-7608-a974-afb61a961b0c/019e5f8f-940b-7917-9b8d-4b52cb6aaab4.pdf"
"738","Trator Agrícola","JOHN DEERE","6210 M","GUIA DE REFERÊNCIA RÁPIDA TRATORES JOHN DEERE - 6210M","-","true","https://cdn.appmaq.com.br/appmaq-media/manuals/01957100-b0df-7608-a974-afb61a961b0c/019e5f8e-d783-7608-9bb0-76683d5e5dc6.pdf"
"739","Trator Agrícola","JOHN DEERE","6210 M","MANUAL DO OPERADOR TRATOR JOHN DEERE - 6210M","-","true","https://cdn.appmaq.com.br/appmaq-media/manuals/01957100-b0df-7608-a974-afb61a961b0c/019e5f79-6045-7957-a14e-c798c75fa0ae.pdf"
"740","Trator Agrícola","JOHN DEERE","6235J","DIAGNÓSTICO EM ELÉTRICA TRATORES JOHN DEERE - SÉRIE 6E - 6J -","-","true","https://cdn.appmaq.com.br/appmaq-media/manuals/019afe6c-4156-7635-8074-ae3a6194840a/019e7de7-2c98-78d3-a278-ea33a806c3b8.pdf"
"741","Trator Agrícola","JOHN DEERE","6300","CATALOGO DE PEÇAS DE REPOSIÇÃO DOS TRATORES JOHN DEERE","-","true","https://cdn.appmaq.com.br/appmaq-media/manuals/0196f443-bf7e-7b4c-bdc8-d767b28255ad/019e46e9-fd8d-7f86-a918-6e369bfaf08e.pdf"
"742","Trator Agrícola","JOHN DEERE","6300","CATALOGO DE PEÇAS DOS TRATORES JOHN DEERE","-","true","https://cdn.appmaq.com.br/appmaq-media/manuals/0196f443-bf7e-7b4c-bdc8-d767b28255ad/019e46e9-fde7-70b7-a425-082b5898ea88.pdf"
"743","Trator Agrícola","JOHN DEERE","6300","CATALOGO DE PEÇAS TRATOR JOHN DEERE - 6300 - 6500 - 6600 - r","-","true","https://cdn.appmaq.com.br/appmaq-media/manuals/0196f443-bf7e-7b4c-bdc8-d767b28255ad/019ed7aa-1154-7444-b5c9-dc890ea0ead5.pdf"
"744","Trator Agrícola","JOHN DEERE","6300","MANUAL OPERADOR DOS TRATORES JOHN DEERE 6100, 6200,6300 E 6400 EM INGLES","-","true","https://cdn.appmaq.com.br/appmaq-media/manuals/0196f443-bf7e-7b4c-bdc8-d767b28255ad/019e46ea-009e-7838-a3aa-79d5556b813f.pdf"
"745","Trator Agrícola","JOHN DEERE","6300","MANUAL OPERADOR DOS TRATORES JOHN DEERE 6300 E 6600","-","true","https://cdn.appmaq.com.br/appmaq-media/manuals/0196f443-bf7e-7b4c-bdc8-d767b28255ad/019e46ea-063a-7433-ab5a-2cd1d3e40711.pdf"
"746","Trator Agrícola","JOHN DEERE","6300","MANUAL TECNICO DOS TRATORES JOHN DEERE 6300 6400 6405 6600 e 6605","-","true","https://cdn.appmaq.com.br/appmaq-media/manuals/0196f443-bf7e-7b4c-bdc8-d767b28255ad/019e46ea-069b-7183-86f0-05b387520789.pdf"
"747","Trator Agrícola","JOHN DEERE","6300","PEÇAS DE REPOSIÇÃO PARA TRATORES TRATOR JOHN DEERE EM INGLES","-","true","https://cdn.appmaq.com.br/appmaq-media/manuals/0196f443-bf7e-7b4c-bdc8-d767b28255ad/019e46ea-093d-7ccb-bb2b-9867382bb17a.pdf"
"748","Trator Agrícola","JOHN DEERE","6405","CATALOGO DE PEÇAS DE REPOSIÇÃO DOS TRATORES JOHN DEERE","-","true","https://cdn.appmaq.com.br/appmaq-media/manuals/01957100-b0df-7c6c-a4b2-2f5b8b80e961/019e46f5-585d-7d6a-9ec6-7f0cab27f28f.pdf"
"749","Trator Agrícola","JOHN DEERE","6405","CATALOGO DE PEÇAS DOS TRATORES JOHN DEERE","-","true","https://cdn.appmaq.com.br/appmaq-media/manuals/01957100-b0df-7c6c-a4b2-2f5b8b80e961/019e46f5-58b3-7d63-bdfe-2e9ffea1f18e.pdf"
"750","Trator Agrícola","JOHN DEERE","6405","MANUAL TECNICO DOS TRATORES JOHN DEERE 6300 6400 6405 6600 e 6605","-","true","https://cdn.appmaq.com.br/appmaq-media/manuals/01957100-b0df-7c6c-a4b2-2f5b8b80e961/019e46f5-5b03-7af9-b8ba-de15c1cc5692.pdf"
"751","Trator Agrícola","JOHN DEERE","6405","PEÇAS DE REPOSIÇÃO PARA TRATORES TRATOR JOHN DEERE EM INGLES","-","true","https://cdn.appmaq.com.br/appmaq-media/manuals/01957100-b0df-7c6c-a4b2-2f5b8b80e961/019e46f5-5d77-72b6-a634-5e16c98aae7b.pdf"
"752","Trator Agrícola","JOHN DEERE","6415","CATALOGO DE PEÇAS DE REPOSIÇÃO DOS TRATORES JOHN DEERE","-","true","https://cdn.appmaq.com.br/appmaq-media/manuals/0195b3ba-39a6-79df-9537-214a2d9f6a4b/019e46f6-2362-7bc3-90c5-b666280e3bff.pdf"
"753","Trator Agrícola","JOHN DEERE","6415","CATALOGO DE PEÇAS DOS TRATORES JOHN DEERE","-","true","https://cdn.appmaq.com.br/appmaq-media/manuals/0195b3ba-39a6-79df-9537-214a2d9f6a4b/019e46f6-23c1-7852-9e06-e6bf90e9c295.pdf"
"754","Trator Agrícola","JOHN DEERE","6415","MANUAL DO OPERADOR TRATOR JOHN DEERE - 6415 - 6615 -","-","true","https://cdn.appmaq.com.br/appmaq-media/manuals/0195b3ba-39a6-79df-9537-214a2d9f6a4b/019f0561-f0b9-77f7-a355-91855ee1fdb6.pdf"
"755","Trator Agrícola","JOHN DEERE","6415","PEÇAS DE REPOSIÇÃO PARA TRATORES TRATOR JOHN DEERE EM INGLES","-","true","https://cdn.appmaq.com.br/appmaq-media/manuals/0195b3ba-39a6-79df-9537-214a2d9f6a4b/019e46f6-25fe-787f-95e5-0044cf7af190.pdf"
"756","Trator Agrícola","JOHN DEERE","6500","CATALOGO DE PEÇAS TRATOR JOHN DEERE - 6300 - 6500 - 6600 - r","-","true","https://cdn.appmaq.com.br/appmaq-media/manuals/019ed7ab-0478-7092-81e7-c26042cef264/019ed7ab-798f-7e15-af0d-214073350b7a.pdf"
"757","Trator Agrícola","JOHN DEERE","6600","CATALOGO DE PEÇAS DE REPOSIÇÃO DOS TRATORES JOHN DEERE","-","true","https://cdn.appmaq.com.br/appmaq-media/manuals/0196f443-bf7e-7166-aa24-b41294936f4e/019e46f6-d70d-7044-9a91-3dd3c50ee5de.pdf"
"758","Trator Agrícola","JOHN DEERE","6600","CATALOGO DE PEÇAS DOS TRATORES JOHN DEERE","-","true","https://cdn.appmaq.com.br/appmaq-media/manuals/0196f443-bf7e-7166-aa24-b41294936f4e/019e46f6-d763-7c2e-a6d1-45e0301b7c99.pdf"
"759","Trator Agrícola","JOHN DEERE","6600","CATALOGO DE PEÇAS TRATOR JOHN DEERE - 6300 - 6500 - 6600 - r","-","true","https://cdn.appmaq.com.br/appmaq-media/manuals/0196f443-bf7e-7166-aa24-b41294936f4e/019ed7ac-5f9f-7183-b157-e689c9203e9b.pdf"
"760","Trator Agrícola","JOHN DEERE","6600","FICHA TÉCNICA DO TRATOR JOHN DEERE 6600","-","true","https://cdn.appmaq.com.br/appmaq-media/manuals/0196f443-bf7e-7166-aa24-b41294936f4e/019e46f6-da08-7259-8619-5ef120b6dfd5.pdf"
"761","Trator Agrícola","JOHN DEERE","6600","MANUAL OPERADOR DOS TRATORES JOHN DEERE 6300 E 6600","-","true","https://cdn.appmaq.com.br/appmaq-media/manuals/0196f443-bf7e-7166-aa24-b41294936f4e/019e46f6-dad0-735e-aa78-c7ecc68eaa64.pdf"
"762","Trator Agrícola","JOHN DEERE","6600","MANUAL TECNICO DOS TRATORES JOHN DEERE 6300 6400 6405 6600 e 6605","-","true","https://cdn.appmaq.com.br/appmaq-media/manuals/0196f443-bf7e-7166-aa24-b41294936f4e/019e46f6-db7f-7352-9d75-c81bf3b8883b.pdf"
"763","Trator Agrícola","JOHN DEERE","6600","PEÇAS DE REPOSIÇÃO PARA TRATORES TRATOR JOHN DEERE EM INGLES","-","true","https://cdn.appmaq.com.br/appmaq-media/manuals/0196f443-bf7e-7166-aa24-b41294936f4e/019e46f6-ddb3-739c-8fc0-cb399ebad463.pdf"
"764","Trator Agrícola","JOHN DEERE","6605","CATALOGO DE PEÇAS DE REPOSIÇÃO DOS TRATORES JOHN DEERE","-","true","https://cdn.appmaq.com.br/appmaq-media/manuals/01957100-b0df-7e6c-8dfa-33c0db907e5c/019e46f7-69c8-7fe5-beb8-0eb8fc8f5059.pdf"
"765","Trator Agrícola","JOHN DEERE","6605","CATALOGO DE PEÇAS DOS TRATORES JOHN DEERE","-","true","https://cdn.appmaq.com.br/appmaq-media/manuals/01957100-b0df-7e6c-8dfa-33c0db907e5c/019e46f7-6a1e-7cbb-b1e8-45e9f6f6c15b.pdf"
"766","Trator Agrícola","JOHN DEERE","6605","MANUAL TECNICO DOS TRATORES JOHN DEERE 6300 6400 6405 6600 e 6605","-","true","https://cdn.appmaq.com.br/appmaq-media/manuals/01957100-b0df-7e6c-8dfa-33c0db907e5c/019e46f7-6c55-7829-ae81-01457e539e3f.pdf"
"767","Trator Agrícola","JOHN DEERE","6605","PEÇAS DE REPOSIÇÃO PARA TRATORES TRATOR JOHN DEERE EM INGLES","-","true","https://cdn.appmaq.com.br/appmaq-media/manuals/01957100-b0df-7e6c-8dfa-33c0db907e5c/019e46f7-6f0a-7153-8c4c-3edb01cb2101.pdf"
"768","Trator Agrícola","JOHN DEERE","6615","CATALOGO DE PEÇAS DE REPOSIÇÃO DOS TRATORES JOHN DEERE","-","true","https://cdn.appmaq.com.br/appmaq-media/manuals/01957100-b0df-7ba4-99dd-af33343790c7/019e46f8-2318-7d8a-8ddd-b0ee83984a42.pdf"
"769","Trator Agrícola","JOHN DEERE","6615","CATALOGO DE PEÇAS DOS TRATORES JOHN DEERE","-","true","https://cdn.appmaq.com.br/appmaq-media/manuals/01957100-b0df-7ba4-99dd-af33343790c7/019e46f8-23fa-7d43-b124-369badbaa564.pdf"
"770","Trator Agrícola","JOHN DEERE","6615","MANUAL DO OPERADOR TRATOR JOHN DEERE - 6415 - 6615 -","-","true","https://cdn.appmaq.com.br/appmaq-media/manuals/01957100-b0df-7ba4-99dd-af33343790c7/019f0562-5b21-7f8d-ae4f-bf7d1e6405f3.pdf"
"771","Trator Agrícola","JOHN DEERE","6615","PEÇAS DE REPOSIÇÃO PARA TRATORES TRATOR JOHN DEERE EM INGLES","-","true","https://cdn.appmaq.com.br/appmaq-media/manuals/01957100-b0df-7ba4-99dd-af33343790c7/019e46f8-2921-7dc5-8a70-cf1aaeb9efca.pdf"
"772","Trator Agrícola","JOHN DEERE","7185J","CALIBRAÇÃO TRATORES JOHN DEERE -SSU - 7185J -","-","true","https://cdn.appmaq.com.br/appmaq-media/manuals/01957100-b0df-7b8b-a89b-285f3dd53560/019e6586-6852-7e9c-9e30-a22c2c29ff48.pdf"
"773","Trator Agrícola","JOHN DEERE","7185J","CATALOGO DE PEÇAS DE REPOSIÇÃO DOS TRATORES JOHN DEERE","-","true","https://cdn.appmaq.com.br/appmaq-media/manuals/01957100-b0df-7b8b-a89b-285f3dd53560/019e4708-a66b-7cbc-a217-39955aaa0f77.pdf"
"774","Trator Agrícola","JOHN DEERE","7185J","CATALOGO DE PEÇAS DOS TRATORES JOHN DEERE","-","true","https://cdn.appmaq.com.br/appmaq-media/manuals/01957100-b0df-7b8b-a89b-285f3dd53560/019e4708-a6c2-7034-bc92-220d0cc96313.pdf"
"775","Trator Agrícola","JOHN DEERE","7185J","ESPECIFICAÇÕES DOS TRATORES JOHN DEERE SERIE 7J","-","true","https://cdn.appmaq.com.br/appmaq-media/manuals/01957100-b0df-7b8b-a89b-285f3dd53560/019e4708-a94b-7086-8e6f-df19f4677ec1.pdf"
"776","Trator Agrícola","JOHN DEERE","7185J","FUNDAMENTOS DE SERVIÇOS TRANSMISSÃO TRATORES - JOHN DEERE - 7185J - 7205J - 7225J","-","true","https://cdn.appmaq.com.br/appmaq-media/manuals/01957100-b0df-7b8b-a89b-285f3dd53560/019eb808-98d1-7bb5-8dc2-951767e427cf.pdf"
"777","Trator Agrícola","JOHN DEERE","7185J","MANUAL DE OPERAÇÃO E TESTE E DIAGNÓSTICO TRATORES JOHN DEERE - 7185J - 7205J - 7225J -","-","true","https://cdn.appmaq.com.br/appmaq-media/manuals/01957100-b0df-7b8b-a89b-285f3dd53560/019ed6d4-70b6-7ae2-9bdd-2fe8a1741fe2.pdf"
"778","Trator Agrícola","JOHN DEERE","7185J","MANUAL DE TREINAMENTO TRATOR - SÉRIE - 7J -","-","true","https://cdn.appmaq.com.br/appmaq-media/manuals/01957100-b0df-7b8b-a89b-285f3dd53560/019ef4af-eaa0-7440-892a-3160c4baaa23.pdf"
"779","Trator Agrícola","JOHN DEERE","7185J","MANUAL TECNICO DE REPARO DOS TRATORES JOHN DEERE 7185J, 7195J, 7205J ,7210J e 7225","-","true","https://cdn.appmaq.com.br/appmaq-media/manuals/01957100-b0df-7b8b-a89b-285f3dd53560/019e4708-a983-7f6f-aaaa-5afa5f9ff361.pdf"
"780","Trator Agrícola","JOHN DEERE","7185J","PEÇAS DE REPOSIÇÃO PARA TRATORES TRATOR JOHN DEERE EM INGLES","-","true","https://cdn.appmaq.com.br/appmaq-media/manuals/01957100-b0df-7b8b-a89b-285f3dd53560/019e4708-aa53-70f6-9e15-31e59de87b31.pdf"
"781","Trator Agrícola","JOHN DEERE","7195J","CALIBRAÇÃO TRATORES JOHN DEERE -SSU - 7195J -","-","true","https://cdn.appmaq.com.br/appmaq-media/manuals/01957100-b0df-7890-9e75-c16ae5904a44/019e6587-5c91-7d2c-8eba-ed7430db2b81.pdf"
"782","Trator Agrícola","JOHN DEERE","7195J","CATALOGO DE PEÇAS DE REPOSIÇÃO DOS TRATORES JOHN DEERE","-","true","https://cdn.appmaq.com.br/appmaq-media/manuals/01957100-b0df-7890-9e75-c16ae5904a44/019e4717-a1a3-718b-ba3a-ca8a10745025.pdf"
"783","Trator Agrícola","JOHN DEERE","7195J","CATALOGO DE PEÇAS DOS TRATORES JOHN DEERE","-","true","https://cdn.appmaq.com.br/appmaq-media/manuals/01957100-b0df-7890-9e75-c16ae5904a44/019e4717-a1f7-706f-aea8-f4656225964b.pdf"
"784","Trator Agrícola","JOHN DEERE","7195J","ESPECIFICAÇÕES DOS TRATORES JOHN DEERE SERIE 7J","-","true","https://cdn.appmaq.com.br/appmaq-media/manuals/01957100-b0df-7890-9e75-c16ae5904a44/019e4717-a464-7f9d-948a-7956ab24f547.pdf"
"785","Trator Agrícola","JOHN DEERE","7195J","MANUAL DE TREINAMENTO TRATOR - SÉRIE - 7J -","-","true","https://cdn.appmaq.com.br/appmaq-media/manuals/01957100-b0df-7890-9e75-c16ae5904a44/019ef4b0-5aa1-76e4-a24f-d8cdba553e71.pdf"
"786","Trator Agrícola","JOHN DEERE","7195J","MANUAL OPERADOR DOS TRATORES JOHN DEERE 7195J, 7210J e 7225J","-","true","https://cdn.appmaq.com.br/appmaq-media/manuals/01957100-b0df-7890-9e75-c16ae5904a44/019e4717-a495-71ab-ba5a-e016bad67376.pdf"
"787","Trator Agrícola","JOHN DEERE","7195J","MANUAL TECNICO DE REPARO DOS TRATORES JOHN DEERE 7185J, 7195J, 7205J ,7210J e 7225","-","true","https://cdn.appmaq.com.br/appmaq-media/manuals/01957100-b0df-7890-9e75-c16ae5904a44/019e4717-a53c-73eb-9520-1cab762d6024.pdf"
"788","Trator Agrícola","JOHN DEERE","7195J","PEÇAS DE REPOSIÇÃO PARA TRATORES TRATOR JOHN DEERE EM INGLES","-","true","https://cdn.appmaq.com.br/appmaq-media/manuals/01957100-b0df-7890-9e75-c16ae5904a44/019e4717-a56a-797c-8954-f8928fe81d41.pdf"
"789","Trator Agrícola","JOHN DEERE","7200J","CATALOGO DE PEÇAS DE REPOSIÇÃO DOS TRATORES JOHN DEERE","-","true","https://cdn.appmaq.com.br/appmaq-media/manuals/01957100-b0df-776e-a531-cd8fd5a37811/019e4723-ba34-7e65-af35-5a356972f054.pdf"
"790","Trator Agrícola","JOHN DEERE","7200J","CATALOGO DE PEÇAS DOS TRATORES JOHN DEERE","-","true","https://cdn.appmaq.com.br/appmaq-media/manuals/01957100-b0df-776e-a531-cd8fd5a37811/019e4723-ba8a-767c-b071-5f90d949babb.pdf"
"791","Trator Agrícola","JOHN DEERE","7200J","ESPECIFICAÇÕES TECNICAS DOS JOHN DEERE 7200J 7215J 7230J","-","true","https://cdn.appmaq.com.br/appmaq-media/manuals/01957100-b0df-776e-a531-cd8fd5a37811/019e4723-bd47-715a-a509-35a25d0c42bf.pdf"
"792","Trator Agrícola","JOHN DEERE","7200J","MANUAL DE TREINAMENTO TRATOR - SÉRIE - 7J -","-","true","https://cdn.appmaq.com.br/appmaq-media/manuals/01957100-b0df-776e-a531-cd8fd5a37811/019ef4b0-ffb3-73ad-bdc5-53775ebd0ec3.pdf"
"793","Trator Agrícola","JOHN DEERE","7200J","MANUAL OPERADOR DOS TRATORES JOHN DEERE 7200J, 7215J e 7230J","-","true","https://cdn.appmaq.com.br/appmaq-media/manuals/01957100-b0df-776e-a531-cd8fd5a37811/019e4723-bd7f-76be-b831-58c20f0663b6.pdf"
"794","Trator Agrícola","JOHN DEERE","7200J","MANUAL TECNICO DE REPARO DOS TRATORES JOHN DEERE 7200J 7215J 7230J","-","true","https://cdn.appmaq.com.br/appmaq-media/manuals/01957100-b0df-776e-a531-cd8fd5a37811/019e4723-c1ac-78da-be9c-18fb02bdb909.pdf"
"795","Trator Agrícola","JOHN DEERE","7200J","PEÇAS DE REPOSIÇÃO PARA TRATORES TRATOR JOHN DEERE EM INGLES","-","true","https://cdn.appmaq.com.br/appmaq-media/manuals/01957100-b0df-776e-a531-cd8fd5a37811/019e4723-c519-7b76-97c3-7eb5d8c05d5d.pdf"
"796","Trator Agrícola","JOHN DEERE","7205J","CALIBRAÇÃO TRATORES JOHN DEERE -SSU - 7205J -","-","true","https://cdn.appmaq.com.br/appmaq-media/manuals/0195b3ba-39a6-796d-a256-00a5fee34d76/019e6588-d9f4-7c52-b436-db7fa87ef0cb.pdf"
"797","Trator Agrícola","JOHN DEERE","7205J","CATALOGO DE PEÇAS DE REPOSIÇÃO DOS TRATORES JOHN DEERE","-","true","https://cdn.appmaq.com.br/appmaq-media/manuals/0195b3ba-39a6-796d-a256-00a5fee34d76/019e4724-7ada-75d1-ac57-173bd7597c14.pdf"
"798","Trator Agrícola","JOHN DEERE","7205J","CATALOGO DE PEÇAS DOS TRATORES JOHN DEERE","-","true","https://cdn.appmaq.com.br/appmaq-media/manuals/0195b3ba-39a6-796d-a256-00a5fee34d76/019e4724-7da2-7c7c-8cb0-85cbaba9ca0d.pdf"
"799","Trator Agrícola","JOHN DEERE","7205J","ESPECIFICAÇÕES DOS TRATORES JOHN DEERE SERIE 7J","-","true","https://cdn.appmaq.com.br/appmaq-media/manuals/0195b3ba-39a6-796d-a256-00a5fee34d76/019e4724-81d0-73e1-87d5-3b54a141a5d6.pdf"
"800","Trator Agrícola","JOHN DEERE","7205J","FUNDAMENTOS DE SERVIÇOS TRANSMISSÃO TRATORES - JOHN DEERE - 7185J - 7205J - 7225J","-","true","https://cdn.appmaq.com.br/appmaq-media/manuals/0195b3ba-39a6-796d-a256-00a5fee34d76/019eb808-fa07-7a24-920b-424937eb50f7.pdf"
"801","Trator Agrícola","JOHN DEERE","7205J","MANUAL DE OPERAÇÃO E TESTE E DIAGNÓSTICO TRATORES JOHN DEERE - 7185J - 7205J - 7225J -","-","true","https://cdn.appmaq.com.br/appmaq-media/manuals/0195b3ba-39a6-796d-a256-00a5fee34d76/019ed6d4-defe-7be7-8a02-bee0ff8b6023.pdf"
"802","Trator Agrícola","JOHN DEERE","7205J","MANUAL DE TREINAMENTO TRATOR - SÉRIE - 7J -","-","true","https://cdn.appmaq.com.br/appmaq-media/manuals/0195b3ba-39a6-796d-a256-00a5fee34d76/019ef4b1-5c9e-75f0-99c1-4c61c473cd0e.pdf"
"803","Trator Agrícola","JOHN DEERE","7205J","MANUAL TECNICO DE REPARO DOS TRATORES JOHN DEERE 7185J, 7195J, 7205J ,7210J e 7225","-","true","https://cdn.appmaq.com.br/appmaq-media/manuals/0195b3ba-39a6-796d-a256-00a5fee34d76/019e4724-823e-7984-8f8b-63e2136c9a9e.pdf"
"804","Trator Agrícola","JOHN DEERE","7205J","PEÇAS DE REPOSIÇÃO PARA TRATORES TRATOR JOHN DEERE EM INGLES","-","true","https://cdn.appmaq.com.br/appmaq-media/manuals/0195b3ba-39a6-796d-a256-00a5fee34d76/019e4724-82ea-7441-bc3c-53f4da50f9b4.pdf"
"805","Trator Agrícola","JOHN DEERE","7210J","CALIBRAÇÃO TRATORES JOHN DEERE -SSU - 7210J -","-","true","https://cdn.appmaq.com.br/appmaq-media/manuals/01957100-b0df-70c1-80f1-7f3fb2f86756/019e6589-8ad0-7326-b4ac-0cd9ddaeef6a.pdf"
"806","Trator Agrícola","JOHN DEERE","7210J","CATALOGO DE PEÇAS DE REPOSIÇÃO DOS TRATORES JOHN DEERE","-","true","https://cdn.appmaq.com.br/appmaq-media/manuals/01957100-b0df-70c1-80f1-7f3fb2f86756/019e4725-3603-7225-84b1-9407a1180f24.pdf"
"807","Trator Agrícola","JOHN DEERE","7210J","CATALOGO DE PEÇAS DOS TRATORES JOHN DEERE","-","true","https://cdn.appmaq.com.br/appmaq-media/manuals/01957100-b0df-70c1-80f1-7f3fb2f86756/019e4725-3658-7305-b039-c96aac617b82.pdf"
"808","Trator Agrícola","JOHN DEERE","7210J","MANUAL DE SEGURANÇA DOS TRATORES JOHN DEERE 7195J, 7210J E7225J","-","true","https://cdn.appmaq.com.br/appmaq-media/manuals/01957100-b0df-70c1-80f1-7f3fb2f86756/019e4725-38a5-74f0-ac41-e95dc351ffe5.pdf"
"809","Trator Agrícola","JOHN DEERE","7210J","MANUAL DE TREINAMENTO TRATOR - SÉRIE - 7J -","-","true","https://cdn.appmaq.com.br/appmaq-media/manuals/01957100-b0df-70c1-80f1-7f3fb2f86756/019ef4b1-c3a6-79d0-a569-1d3b879b4376.pdf"
"810","Trator Agrícola","JOHN DEERE","7210J","MANUAL OPERADOR DOS TRATORES JOHN DEERE 7195J, 7210J e 7225J","-","true","https://cdn.appmaq.com.br/appmaq-media/manuals/01957100-b0df-70c1-80f1-7f3fb2f86756/019e4725-38ec-7d7e-a1d0-bc7dc3ddddd1.pdf"
"811","Trator Agrícola","JOHN DEERE","7210J","MANUAL TECNICO DE REPARO DOS TRATORES JOHN DEERE 7185J, 7195J, 7205J ,7210J e 7225","-","true","https://cdn.appmaq.com.br/appmaq-media/manuals/01957100-b0df-70c1-80f1-7f3fb2f86756/019e4725-3b30-707a-9894-77ad333854ee.pdf"
"812","Trator Agrícola","JOHN DEERE","7210J","PEÇAS DE REPOSIÇÃO PARA TRATORES TRATOR JOHN DEERE EM INGLES","-","true","https://cdn.appmaq.com.br/appmaq-media/manuals/01957100-b0df-70c1-80f1-7f3fb2f86756/019e4725-3b51-731f-b3dc-9070e44178fd.pdf"
"813","Trator Agrícola","JOHN DEERE","7215J","CATALOGO DE PEÇAS DE REPOSIÇÃO DOS TRATORES JOHN DEERE","-","true","https://cdn.appmaq.com.br/appmaq-media/manuals/0195b3ba-39a6-72d8-99cb-2d276b856522/019e4726-3372-7654-8acc-7cba3f8f0149.pdf"
"814","Trator Agrícola","JOHN DEERE","7215J","CATALOGO DE PEÇAS DOS TRATORES JOHN DEERE","-","true","https://cdn.appmaq.com.br/appmaq-media/manuals/0195b3ba-39a6-72d8-99cb-2d276b856522/019e4726-33c6-73c9-8459-a613f8654e26.pdf"
"815","Trator Agrícola","JOHN DEERE","7215J","ESPECIFICAÇÕES TECNICAS DOS JOHN DEERE 7200J 7215J 7230J","-","true","https://cdn.appmaq.com.br/appmaq-media/manuals/0195b3ba-39a6-72d8-99cb-2d276b856522/019e4726-3646-7d1b-a20e-646fc6b52e3a.pdf"
"816","Trator Agrícola","JOHN DEERE","7215J","MANUAL DE TREINAMENTO TRATOR - SÉRIE - 7J -","-","true","https://cdn.appmaq.com.br/appmaq-media/manuals/0195b3ba-39a6-72d8-99cb-2d276b856522/019ef4b2-2d55-7683-94fb-33f576b45897.pdf"
"817","Trator Agrícola","JOHN DEERE","7215J","MANUAL OPERADOR DOS TRATORES JOHN DEERE 7200J, 7215J e 7230J","-","true","https://cdn.appmaq.com.br/appmaq-media/manuals/0195b3ba-39a6-72d8-99cb-2d276b856522/019e4726-3695-7400-9fe2-5a5e08716ad1.pdf"
"818","Trator Agrícola","JOHN DEERE","7215J","MANUAL TECNICO DE REPARO DOS TRATORES JOHN DEERE 7200J 7215J 7230J","-","true","https://cdn.appmaq.com.br/appmaq-media/manuals/0195b3ba-39a6-72d8-99cb-2d276b856522/019e4726-39a6-7e23-978f-46b1f098d102.pdf"
"819","Trator Agrícola","JOHN DEERE","7215J","PEÇAS DE REPOSIÇÃO PARA TRATORES TRATOR JOHN DEERE EM INGLES","-","true","https://cdn.appmaq.com.br/appmaq-media/manuals/0195b3ba-39a6-72d8-99cb-2d276b856522/019e4726-3d77-7236-8aa8-e6d9b4538ac0.pdf"
"820","Trator Agrícola","JOHN DEERE","7225J","CALIBRAÇÃO TRATORES JOHN DEERE -SSU - 7225J -","-","true","https://cdn.appmaq.com.br/appmaq-media/manuals/01957100-b0df-7c27-9224-e14ac337ef18/019e658a-69b0-7826-8225-07a3f5fa0fb7.pdf"
"821","Trator Agrícola","JOHN DEERE","7225J","CATALOGO DE PEÇAS DE REPOSIÇÃO DOS TRATORES JOHN DEERE","-","true","https://cdn.appmaq.com.br/appmaq-media/manuals/01957100-b0df-7c27-9224-e14ac337ef18/019e4726-eb9a-73ce-ab40-960524b7111a.pdf"
"822","Trator Agrícola","JOHN DEERE","7225J","CATALOGO DE PEÇAS DE REPOSIÇÃO DOS TRATORES JOHN DEERE 7225J","-","true","https://cdn.appmaq.com.br/appmaq-media/manuals/01957100-b0df-7c27-9224-e14ac337ef18/019e4726-eaee-7688-8209-b5a0b4184a5f.pdf"
"823","Trator Agrícola","JOHN DEERE","7225J","CATALOGO DE PEÇAS DOS TRATORES JOHN DEERE","-","true","https://cdn.appmaq.com.br/appmaq-media/manuals/01957100-b0df-7c27-9224-e14ac337ef18/019e4726-ec1a-7429-b517-40d89ea94a88.pdf"
"824","Trator Agrícola","JOHN DEERE","7225J","CATALOGO DE PEÇAS TRATOR JOHN DEERE -7225J - 2013","-","true","https://cdn.appmaq.com.br/appmaq-media/manuals/01957100-b0df-7c27-9224-e14ac337ef18/019eff7e-b911-789f-b159-36b1d6361f62.pdf"
"825","Trator Agrícola","JOHN DEERE","7225J","CATALOGO DE PEÇAS TRATOR JOHN DEERE -7225J - 2013","-","true","https://cdn.appmaq.com.br/appmaq-media/manuals/01957100-b0df-7c27-9224-e14ac337ef18/019f0451-6053-7f11-aa6e-c3332d65ce10.pdf"
"826","Trator Agrícola","JOHN DEERE","7225J","DIAGRAMA ELÉTRICO TRATOR - JOHN DEERE - 7225J -","-","true","https://cdn.appmaq.com.br/appmaq-media/manuals/01957100-b0df-7c27-9224-e14ac337ef18/019e756b-9c40-7553-b26e-a1c01dbce0ef.pdf"
"827","Trator Agrícola","JOHN DEERE","7225J","ESPECIFICAÇÕES DOS TRATORES JOHN DEERE SERIE 7J","-","true","https://cdn.appmaq.com.br/appmaq-media/manuals/01957100-b0df-7c27-9224-e14ac337ef18/019e4726-ee58-74c1-9acb-e901cf72948f.pdf"
"828","Trator Agrícola","JOHN DEERE","7225J","FUNDAMENTOS DE SERVIÇOS TRANSMISSÃO TRATORES - JOHN DEERE - 7185J - 7205J - 7225J","-","true","https://cdn.appmaq.com.br/appmaq-media/manuals/01957100-b0df-7c27-9224-e14ac337ef18/019eb809-5abe-76e1-b4cb-794cb1449bf3.pdf"
"829","Trator Agrícola","JOHN DEERE","7225J","MANUAL DE OPERAÇÃO E TESTE E DIAGNÓSTICO TRATORES JOHN DEERE - 7185J - 7205J - 7225J -","-","true","https://cdn.appmaq.com.br/appmaq-media/manuals/01957100-b0df-7c27-9224-e14ac337ef18/019ed6d5-9a3c-7fa4-9383-8021f2b21e0f.pdf"
"830","Trator Agrícola","JOHN DEERE","7225J","MANUAL DE SEGURANÇA DOS TRATORES JOHN DEERE 7195J, 7210J E7225J","-","true","https://cdn.appmaq.com.br/appmaq-media/manuals/01957100-b0df-7c27-9224-e14ac337ef18/019e4726-f0b0-7e04-a213-aa7498afab51.pdf"
"831","Trator Agrícola","JOHN DEERE","7225J","MANUAL DE TREINAMENTO TRATOR - SÉRIE - 7J -","-","true","https://cdn.appmaq.com.br/appmaq-media/manuals/01957100-b0df-7c27-9224-e14ac337ef18/019ef4b2-9110-79a0-8452-2e5d0ca73970.pdf"
"832","Trator Agrícola","JOHN DEERE","7225J","MANUAL OPERADOR DOS TRATORES JOHN DEERE 7195J, 7210J e 7225J","-","true","https://cdn.appmaq.com.br/appmaq-media/manuals/01957100-b0df-7c27-9224-e14ac337ef18/019e4726-f139-710b-b2b6-cbcbce2ac4e8.pdf"
"833","Trator Agrícola","JOHN DEERE","7225J","MANUAL TECNICO DE REPARO DOS TRATORES JOHN DEERE 7185J, 7195J, 7205J ,7210J e 7225","-","true","https://cdn.appmaq.com.br/appmaq-media/manuals/01957100-b0df-7c27-9224-e14ac337ef18/019e4726-f1a3-77e1-9af4-afb46d15f653.pdf"
"834","Trator Agrícola","JOHN DEERE","7225J","PEÇAS DE REPOSIÇÃO PARA TRATORES TRATOR JOHN DEERE EM INGLES","-","true","https://cdn.appmaq.com.br/appmaq-media/manuals/01957100-b0df-7c27-9224-e14ac337ef18/019e4726-f1b9-7d83-9651-8186b277cc44.pdf"
"835","Trator Agrícola","JOHN DEERE","7225J","TREINAMENTO DOS FUNDAMENTOS DO TRATORES - SÉRIE - 7J","-","true","https://cdn.appmaq.com.br/appmaq-media/manuals/01957100-b0df-7c27-9224-e14ac337ef18/019eff7d-b568-700f-b498-89c5ac754881.pdf"
"836","Trator Agrícola","JOHN DEERE","7230J","CATALOGO DE PEÇAS DE REPOSIÇÃO DOS TRATORES JOHN DEERE","-","true","https://cdn.appmaq.com.br/appmaq-media/manuals/01957100-b0df-7ba8-afc8-a03fe68e2666/019e4727-e4a4-7165-8cd0-74a87459b2a0.pdf"
"837","Trator Agrícola","JOHN DEERE","7230J","CATALOGO DE PEÇAS DOS TRATORES JOHN DEERE","-","true","https://cdn.appmaq.com.br/appmaq-media/manuals/01957100-b0df-7ba8-afc8-a03fe68e2666/019e4727-e4fa-7709-bf4e-b227ac54030f.pdf"
"838","Trator Agrícola","JOHN DEERE","7230J","ESPECIFICAÇÕES TECNICAS DOS JOHN DEERE 7200J 7215J 7230J","-","true","https://cdn.appmaq.com.br/appmaq-media/manuals/01957100-b0df-7ba8-afc8-a03fe68e2666/019e4727-e77e-744f-a38e-85360ec04319.pdf"
"839","Trator Agrícola","JOHN DEERE","7230J","MANUAL DE TREINAMENTO TRATOR - SÉRIE - 7J -","-","true","https://cdn.appmaq.com.br/appmaq-media/manuals/01957100-b0df-7ba8-afc8-a03fe68e2666/019ef4b2-fa1a-75ab-8e07-79bfa65fd99b.pdf"
"840","Trator Agrícola","JOHN DEERE","7230J","MANUAL OPERADOR DOS TRATORES JOHN DEERE 7200J, 7215J e 7230J","-","true","https://cdn.appmaq.com.br/appmaq-media/manuals/01957100-b0df-7ba8-afc8-a03fe68e2666/019e4727-e9ad-7c31-a9df-3620f96b4347.pdf"
"841","Trator Agrícola","JOHN DEERE","7230J","MANUAL TECNICO DE REPARO DOS TRATORES JOHN DEERE 7200J 7215J 7230J","-","true","https://cdn.appmaq.com.br/appmaq-media/manuals/01957100-b0df-7ba8-afc8-a03fe68e2666/019e4727-ebb7-7506-b91f-ce36597c78d6.pdf"
"842","Trator Agrícola","JOHN DEERE","7230J","PEÇAS DE REPOSIÇÃO PARA TRATORES TRATOR JOHN DEERE EM INGLES","-","true","https://cdn.appmaq.com.br/appmaq-media/manuals/01957100-b0df-7ba8-afc8-a03fe68e2666/019e4727-ee8f-78e0-abfd-88f36e69825e.pdf"
"843","Trator Agrícola","JOHN DEERE","7500","CATALOGO DE PEÇAS DE REPOSIÇÃO DOS TRATORES JOHN DEERE","-","true","https://cdn.appmaq.com.br/appmaq-media/manuals/0196f443-bf7f-717f-9121-8d00c28e60ea/019e4728-b558-7ee9-ab9e-f30fbfd88f54.pdf"
"844","Trator Agrícola","JOHN DEERE","7500","CATALOGO DE PEÇAS DOS TRATORES JOHN DEERE","-","true","https://cdn.appmaq.com.br/appmaq-media/manuals/0196f443-bf7f-717f-9121-8d00c28e60ea/019e4728-b5ad-7b86-bf43-2bd952ddf54f.pdf"
"845","Trator Agrícola","JOHN DEERE","7500","MANUAL TECNICO DE REPARO DO TRATOR JOHN DEERE 7500","-","true","https://cdn.appmaq.com.br/appmaq-media/manuals/0196f443-bf7f-717f-9121-8d00c28e60ea/019e4728-b7de-74b0-b6e5-dba069f1f79f.pdf"
"846","Trator Agrícola","JOHN DEERE","7500","PEÇAS DE REPOSIÇÃO PARA TRATORES TRATOR JOHN DEERE EM INGLES","-","true","https://cdn.appmaq.com.br/appmaq-media/manuals/0196f443-bf7f-717f-9121-8d00c28e60ea/019e4728-bab9-7557-b674-f591001a778c.pdf"
"847","Trator Agrícola","JOHN DEERE","7505","CATALOGO DE PEÇAS DE REPOSIÇÃO DOS TRATORES JOHN DEERE","-","true","https://cdn.appmaq.com.br/appmaq-media/manuals/0196f443-bf7f-7d85-8609-e7e8763b3937/019e4729-9791-789a-bc8f-9a6eb05e64fb.pdf"
"848","Trator Agrícola","JOHN DEERE","7505","CATALOGO DE PEÇAS DOS TRATORES JOHN DEERE","-","true","https://cdn.appmaq.com.br/appmaq-media/manuals/0196f443-bf7f-7d85-8609-e7e8763b3937/019e4729-98df-7abb-b2e9-53a09fc2ead9.pdf"
"849","Trator Agrícola","JOHN DEERE","7505","CATALOGO DE PEÇAS DO TRATOR JOHN DEERE 7505","-","true","https://cdn.appmaq.com.br/appmaq-media/manuals/0196f443-bf7f-7d85-8609-e7e8763b3937/019e4729-97e6-76c9-b5d9-b40cd12f9f77.pdf"
"850","Trator Agrícola","JOHN DEERE","7505","MANUAL OPERADOR DOS TRATORES JOHN DEERESERIE 7505","-","true","https://cdn.appmaq.com.br/appmaq-media/manuals/0196f443-bf7f-7d85-8609-e7e8763b3937/019e4729-9b4a-73de-93c8-132f71c527c3.pdf"
"851","Trator Agrícola","JOHN DEERE","7505","PEÇAS DE REPOSIÇÃO PARA TRATORES TRATOR JOHN DEERE EM INGLES","-","true","https://cdn.appmaq.com.br/appmaq-media/manuals/0196f443-bf7f-7d85-8609-e7e8763b3937/019e4729-9ba2-7242-9c1d-2cf7018d1ea2.pdf"
"852","Trator Agrícola","JOHN DEERE","7515","CATALOGO DE PEÇAS DE REPOSIÇÃO DOS TRATORES JOHN DEERE","-","true","https://cdn.appmaq.com.br/appmaq-media/manuals/01957100-b0df-7b9c-bbe5-c026c17018b6/019e472a-684d-7442-baae-1d073c2dad43.pdf"
"853","Trator Agrícola","JOHN DEERE","7515","CATALOGO DE PEÇAS DE REPOSIÇÃO DO TRATOR JOHN DEERE 7515","-","true","https://cdn.appmaq.com.br/appmaq-media/manuals/01957100-b0df-7b9c-bbe5-c026c17018b6/019e472a-67af-762f-80bd-45bfccb04798.pdf"
"854","Trator Agrícola","JOHN DEERE","7515","CATALOGO DE PEÇAS DOS TRATORES JOHN DEERE","-","true","https://cdn.appmaq.com.br/appmaq-media/manuals/01957100-b0df-7b9c-bbe5-c026c17018b6/019e472a-690b-7f01-8c05-c6fe4b4c9fcf.pdf"
"855","Trator Agrícola","JOHN DEERE","7515","MANUAL OPERADOR DOS TRATORES JOHN DEERESERIE 7515","-","true","https://cdn.appmaq.com.br/appmaq-media/manuals/01957100-b0df-7b9c-bbe5-c026c17018b6/019e472a-6b1b-7582-8331-da5b7934276a.pdf"
"856","Trator Agrícola","JOHN DEERE","7515","PEÇAS DE REPOSIÇÃO PARA TRATORES TRATOR JOHN DEERE EM INGLES","-","true","https://cdn.appmaq.com.br/appmaq-media/manuals/01957100-b0df-7b9c-bbe5-c026c17018b6/019e472a-6baa-739f-b552-f3a8332c85b0.pdf"
"857","Trator Agrícola","JOHN DEERE","7715","CATALOGO DE PEÇAS DE REPOSIÇÃO DOS TRATORES JOHN DEERE","-","true","https://cdn.appmaq.com.br/appmaq-media/manuals/0195b3ba-39a6-7415-a3d5-1986c485f90f/019e472b-3143-75f9-a23e-b1281e87a0c1.pdf"
"858","Trator Agrícola","JOHN DEERE","7715","CATALOGO DE PEÇAS DOS TRATORES JOHN DEERE","-","true","https://cdn.appmaq.com.br/appmaq-media/manuals/0195b3ba-39a6-7415-a3d5-1986c485f90f/019e472b-32c6-7af9-b6e0-0d89fd4a9d27.pdf"
"859","Trator Agrícola","JOHN DEERE","7715","MANUAL DE INSTRUÇÕES PARA OS TRATORES 7715 E 7815","-","true","https://cdn.appmaq.com.br/appmaq-media/manuals/0195b3ba-39a6-7415-a3d5-1986c485f90f/019e472b-375e-7531-80c6-1ea31496f78e.pdf"
"860","Trator Agrícola","JOHN DEERE","7715","MANUAL OPERADOR DOS TRATORES JOHN DEERESERIE 7515","-","true","https://cdn.appmaq.com.br/appmaq-media/manuals/0195b3ba-39a6-7415-a3d5-1986c485f90f/019f0558-14bb-721a-90c0-f9f8f6ee3eb3.pdf"
"861","Trator Agrícola","JOHN DEERE","7715","MANUAL TÉCNICO DE OPERAÇÃO E TESTE TRATOR JOHN DEERE - 7715 - 7815","-","true","https://cdn.appmaq.com.br/appmaq-media/manuals/0195b3ba-39a6-7415-a3d5-1986c485f90f/019f0547-57fa-7b8c-b86d-e3dcf7723a1a.pdf"
"862","Trator Agrícola","JOHN DEERE","7715","PEÇAS DE REPOSIÇÃO PARA TRATORES TRATOR JOHN DEERE EM INGLES","-","true","https://cdn.appmaq.com.br/appmaq-media/manuals/0195b3ba-39a6-7415-a3d5-1986c485f90f/019e472b-3a6a-78c9-9244-4284cb57c0ab.pdf"
"863","Trator Agrícola","JOHN DEERE","7815","CATALOGO DE PEÇAS DE REPOSIÇÃO DOS TRATORES JOHN DEERE","-","true","https://cdn.appmaq.com.br/appmaq-media/manuals/01957100-b0df-7f6b-a194-d9c7de422d3f/019e4739-bc00-7bdb-a7f6-c8b1bac4cf9d.pdf"
"864","Trator Agrícola","JOHN DEERE","7815","CATALOGO DE PEÇAS DOS TRATORES JOHN DEERE","-","true","https://cdn.appmaq.com.br/appmaq-media/manuals/01957100-b0df-7f6b-a194-d9c7de422d3f/019e4739-bde2-7344-99b5-de5355dfd2f3.pdf"
"865","Trator Agrícola","JOHN DEERE","7815","MANUAL DE INSTRUÇÕES PARA OS TRATORES 7715 E 7815","-","true","https://cdn.appmaq.com.br/appmaq-media/manuals/01957100-b0df-7f6b-a194-d9c7de422d3f/019e4739-c44a-7a78-8d80-2b06316ffd51.pdf"
"866","Trator Agrícola","JOHN DEERE","7815","MANUAL OPERADOR DOS TRATORES JOHN DEERESERIE 7515","-","true","https://cdn.appmaq.com.br/appmaq-media/manuals/01957100-b0df-7f6b-a194-d9c7de422d3f/019f0558-8454-7807-8d02-4742a6843b5b.pdf"
"867","Trator Agrícola","JOHN DEERE","7815","MANUAL TÉCNICO DE OPERAÇÃO E TESTE TRATOR JOHN DEERE - 7715 - 7815","-","true","https://cdn.appmaq.com.br/appmaq-media/manuals/01957100-b0df-7f6b-a194-d9c7de422d3f/019f0547-d6dd-7b93-8fdf-52ad607f20ed.pdf"
"868","Trator Agrícola","JOHN DEERE","7815","PEÇAS DE REPOSIÇÃO PARA TRATORES TRATOR JOHN DEERE EM INGLES","-","true","https://cdn.appmaq.com.br/appmaq-media/manuals/01957100-b0df-7f6b-a194-d9c7de422d3f/019e4739-c4bf-786b-9b58-7694fe7c73f2.pdf"
"869","Trator Agrícola","JOHN DEERE","7M200","CATALOGO DE PEÇAS DE REPOSIÇÃO DOS TRATORES JOHN DEERE","-","true","https://cdn.appmaq.com.br/appmaq-media/manuals/019e473b-3592-7fd5-bbfc-dd395b835f93/019e4740-14f8-770b-94c0-63dc1c00720d.pdf"
"870","Trator Agrícola","JOHN DEERE","7M200","FOLHETO DOS TRATORES JOHN DEERE DA SERIE 7M","-","true","https://cdn.appmaq.com.br/appmaq-media/manuals/019e473b-3592-7fd5-bbfc-dd395b835f93/019e4740-15da-79e6-8eb0-2245fbbf2e90.pdf"
"871","Trator Agrícola","JOHN DEERE","7M200","GUIA RÁPIDO TRATORES JOHN DEERE SERIE 7M","-","true","https://cdn.appmaq.com.br/appmaq-media/manuals/019e473b-3592-7fd5-bbfc-dd395b835f93/019e4740-1691-7657-abeb-9a752004b07c.pdf"
"872","Trator Agrícola","JOHN DEERE","7M200","MANUAL OPERADOR DOS TRATORES JOHN DEERESERIE 7M200, 7M215 e 7M230","-","true","https://cdn.appmaq.com.br/appmaq-media/manuals/019e473b-3592-7fd5-bbfc-dd395b835f93/019e4740-1904-769c-9e49-e2db8dea9f92.pdf"
"873","Trator Agrícola","JOHN DEERE","7M215","CATALOGO DE PEÇAS DE REPOSIÇÃO DOS TRATORES JOHN DEERE","-","true","https://cdn.appmaq.com.br/appmaq-media/manuals/019e473a-dfcc-77d1-938f-590d42cff4f7/019e4743-0bda-7dd3-84dc-e248d5d0e389.pdf"
"874","Trator Agrícola","JOHN DEERE","7M215","FOLHETO DOS TRATORES JOHN DEERE DA SERIE 7M","-","true","https://cdn.appmaq.com.br/appmaq-media/manuals/019e473a-dfcc-77d1-938f-590d42cff4f7/019e4743-0c2d-756f-bf25-bc9f1cf99c32.pdf"
"875","Trator Agrícola","JOHN DEERE","7M215","GUIA RÁPIDO TRATORES JOHN DEERE SERIE 7M","-","true","https://cdn.appmaq.com.br/appmaq-media/manuals/019e473a-dfcc-77d1-938f-590d42cff4f7/019e4743-0c4f-7d29-b8fa-87009f043ec4.pdf"
"876","Trator Agrícola","JOHN DEERE","7M215","MANUAL OPERADOR DOS TRATORES JOHN DEERESERIE 7M200, 7M215 e 7M230","-","true","https://cdn.appmaq.com.br/appmaq-media/manuals/019e473a-dfcc-77d1-938f-590d42cff4f7/019e4743-0d71-7215-b8ed-32c5b5dcf728.pdf"
"877","Trator Agrícola","JOHN DEERE","7M230","CATALOGO DE PEÇAS DE REPOSIÇÃO DOS TRATORES JOHN DEERE","-","true","https://cdn.appmaq.com.br/appmaq-media/manuals/0196f443-bf88-7bcd-bfaf-c73695ea2d5c/019e4741-14ff-7190-951e-1cc7183aa19c.pdf"
"878","Trator Agrícola","JOHN DEERE","7M230","CATALOGO DE PEÇAS DOS TRATORES JOHN DEERE","-","true","https://cdn.appmaq.com.br/appmaq-media/manuals/0196f443-bf88-7bcd-bfaf-c73695ea2d5c/019e4741-15ea-7bfd-bc7c-9eec31013271.pdf"
"879","Trator Agrícola","JOHN DEERE","7M230","FOLHETO DOS TRATORES JOHN DEERE DA SERIE 7M","-","true","https://cdn.appmaq.com.br/appmaq-media/manuals/0196f443-bf88-7bcd-bfaf-c73695ea2d5c/019e4741-192d-7303-915f-958a87938fc8.pdf"
"880","Trator Agrícola","JOHN DEERE","7M230","GUIA RÁPIDO TRATORES JOHN DEERE SERIE 7M","-","true","https://cdn.appmaq.com.br/appmaq-media/manuals/0196f443-bf88-7bcd-bfaf-c73695ea2d5c/019e4741-1997-728d-b4de-0b276eff43fe.pdf"
"881","Trator Agrícola","JOHN DEERE","7M230","MANUAL OPERADOR DOS TRATORES JOHN DEERESERIE 7M200, 7M215 e 7M230","-","true","https://cdn.appmaq.com.br/appmaq-media/manuals/0196f443-bf88-7bcd-bfaf-c73695ea2d5c/019e4741-1ba7-7215-950a-98bf52f5b24b.pdf"
"882","Trator Agrícola","JOHN DEERE","7M230","PEÇAS DE REPOSIÇÃO PARA TRATORES TRATOR JOHN DEERE EM INGLES","-","true","https://cdn.appmaq.com.br/appmaq-media/manuals/0196f443-bf88-7bcd-bfaf-c73695ea2d5c/019e4741-2188-7546-97ed-1aef8e9cf8bd.pdf"
"883","Trator Agrícola","JOHN DEERE","8225R","BOMBAS HIDRÁULICAS TRATOR JOHN DEERE - SÉRIE 8R -","-","true","https://cdn.appmaq.com.br/appmaq-media/manuals/019a3265-2498-768f-a78b-26922545763c/019eda91-1143-76e2-9b6c-223ba5b67a24.pdf"
"884","Trator Agrícola","JOHN DEERE","8225R","CATALOGO DE PEÇAS DE REPOSIÇÃO DOS TRATORES JOHN DEERE","-","true","https://cdn.appmaq.com.br/appmaq-media/manuals/019a3265-2498-768f-a78b-26922545763c/019e5ab8-9b22-7067-89f1-94afa913b9ff.pdf"
"885","Trator Agrícola","JOHN DEERE","8225R","CATALOGO DE PEÇAS DOS TRATORES JOHN DEERE","-","true","https://cdn.appmaq.com.br/appmaq-media/manuals/019a3265-2498-768f-a78b-26922545763c/019e5ab8-9b7b-7248-9c8c-38916e0fc62b.pdf"
"886","Trator Agrícola","JOHN DEERE","8225R","CENTRO DE CARGA ELETRÔNICA TRATOR - JOHN DEERE - SÉRIE 8R -","-","true","https://cdn.appmaq.com.br/appmaq-media/manuals/019a3265-2498-768f-a78b-26922545763c/019eda91-1168-77d5-8b65-522de2035778.pdf"
"887","Trator Agrícola","JOHN DEERE","8225R","CENTRO DE COMANDO TRATOR - JOHN DEERE - SÉRIE 8R -","-","true","https://cdn.appmaq.com.br/appmaq-media/manuals/019a3265-2498-768f-a78b-26922545763c/019eda91-11d9-7efb-863e-ecf6e286768c.pdf"
"888","Trator Agrícola","JOHN DEERE","8225R","COMPONENTES AMS INSTALADO DE FABRICA - TRATOR JOHN DEERE - SÉRIE 8R -","-","true","https://cdn.appmaq.com.br/appmaq-media/manuals/019a3265-2498-768f-a78b-26922545763c/019eda91-1213-7bf0-bbd2-3f8286148e4a.pdf"
"889","Trator Agrícola","JOHN DEERE","8225R","CONTROLES ELETRÔNICOS TRATOR - JOHN DEERE - SÉRIE 8R -","-","true","https://cdn.appmaq.com.br/appmaq-media/manuals/019a3265-2498-768f-a78b-26922545763c/019eda91-12c2-75c5-b138-2b2c218ee203.pdf"
"890","Trator Agrícola","JOHN DEERE","8225R","CONTROLE TRANSMISSÃO POWER SHIFT TRATOR - JOHN DEERE - SÉRIE 8R -","-","true","https://cdn.appmaq.com.br/appmaq-media/manuals/019a3265-2498-768f-a78b-26922545763c/019eda91-1259-7fdc-b855-dc70900650eb.pdf"
"891","Trator Agrícola","JOHN DEERE","8225R","DIAGNOSTICOS TRATORES - JOHN DEERE - SÉRIE 8R -","-","true","https://cdn.appmaq.com.br/appmaq-media/manuals/019a3265-2498-768f-a78b-26922545763c/019eda91-12d7-7054-9e46-6557155d6776.pdf"
"892","Trator Agrícola","JOHN DEERE","8225R","ESPECIFICAÇÕES DOS TRATORES AGRICOLAS JOHN DEERE 8R","-","true","https://cdn.appmaq.com.br/appmaq-media/manuals/019a3265-2498-768f-a78b-26922545763c/019e5ab8-9e1a-7ab2-b2db-245cb6271bd3.pdf"
"893","Trator Agrícola","JOHN DEERE","8225R","GUIA RÁPIDO DO TRATOR JOHN DEERE SÉRIE 8R","-","true","https://cdn.appmaq.com.br/appmaq-media/manuals/019a3265-2498-768f-a78b-26922545763c/019e5ab8-9e3f-7ff0-b53b-dc3b1d83e937.pdf"
"894","Trator Agrícola","JOHN DEERE","8225R","GUIA RAPIDO TRATORES - JOHN DEERE - SÉRIE 8R","-","true","https://cdn.appmaq.com.br/appmaq-media/manuals/019a3265-2498-768f-a78b-26922545763c/019eda91-1348-724c-8f23-bf6b3a124cde.pdf"
"895","Trator Agrícola","JOHN DEERE","8225R","HVAC TRATORES - JOHN DEERE - SÉRIE 8R -","-","true","https://cdn.appmaq.com.br/appmaq-media/manuals/019a3265-2498-768f-a78b-26922545763c/019eda91-140b-7cae-abbb-97151a1b5048.pdf"
"896","Trator Agrícola","JOHN DEERE","8225R","ITEC- CONTROLE INTELIGENTE TRATOR - JOHNDEERE - SÉRIE 8R -","-","true","https://cdn.appmaq.com.br/appmaq-media/manuals/019a3265-2498-768f-a78b-26922545763c/019eda91-14d8-7cb1-9061-963137fabdbb.pdf"
"897","Trator Agrícola","JOHN DEERE","8225R","MANUAL DE TREINAMENTO PARA OS TRATORES JOHN DEERE 8R","-","true","https://cdn.appmaq.com.br/appmaq-media/manuals/019a3265-2498-768f-a78b-26922545763c/019e5ab8-a348-7393-9347-813ce71f1d0e.pdf"
"898","Trator Agrícola","JOHN DEERE","8225R","MANUAL OPERADOR DOS TRATORES JOHN DEERE SERIE 8R","-","true","https://cdn.appmaq.com.br/appmaq-media/manuals/019a3265-2498-768f-a78b-26922545763c/019e5ab8-a82b-747e-a6ef-382c40f9be4d.pdf"
"899","Trator Agrícola","JOHN DEERE","8225R","MANUAL TÉCNICO DE DIAGNÓSTICO TRATOR - 8225R","-","true","https://cdn.appmaq.com.br/appmaq-media/manuals/019a3265-2498-768f-a78b-26922545763c/019e5ab8-abc8-750e-9c56-b8e5ecca33fb.pdf"
"900","Trator Agrícola","JOHN DEERE","8225R","MANUAL TÉCNICO TRATORES - JOHN DEERE - SÉRIE 8R -","-","true","https://cdn.appmaq.com.br/appmaq-media/manuals/019a3265-2498-768f-a78b-26922545763c/019eda91-1538-7e5a-ad5a-4d632fbbb06e.pdf"
"901","Trator Agrícola","JOHN DEERE","8225R","MOTOR E SISTEMA DE COMBUSTÍVEL TRATOR - JOHN DEERE - SÉRIE 8R -","-","true","https://cdn.appmaq.com.br/appmaq-media/manuals/019a3265-2498-768f-a78b-26922545763c/019eda91-176b-711a-8a04-9b5d6a38b4fe.pdf"
"902","Trator Agrícola","JOHN DEERE","8225R","PEÇAS DE REPOSIÇÃO PARA TRATORES TRATOR JOHN DEERE EM INGLES","-","true","https://cdn.appmaq.com.br/appmaq-media/manuals/019a3265-2498-768f-a78b-26922545763c/019e5ab8-ba55-7657-900f-b599727e5b77.pdf"
"903","Trator Agrícola","JOHN DEERE","8225R","RODAS EIXOS E PNEUS DIANTEIRO TRATOR - SÉRIE 8R -","-","true","https://cdn.appmaq.com.br/appmaq-media/manuals/019a3265-2498-768f-a78b-26922545763c/019eda91-18fe-7cf8-ac86-fb3509b2331e.pdf"
"904","Trator Agrícola","JOHN DEERE","8225R","SISTEMA DE ADMISSÃO E DE ARREFECIMENTO DO MOTOR - TRATORES - SÉRIE 8R","-","true","https://cdn.appmaq.com.br/appmaq-media/manuals/019a3265-2498-768f-a78b-26922545763c/019eda91-1977-7bba-ac2c-7c86b9254e6c.pdf"
"905","Trator Agrícola","JOHN DEERE","8225R","SISTEMA DE REDE CAN BUS TRATOR - JOHN DEERE - SÉRIE 8R -","-","true","https://cdn.appmaq.com.br/appmaq-media/manuals/019a3265-2498-768f-a78b-26922545763c/019eda91-19f9-7ee5-8d33-991f89766f7a.pdf"
"906","Trator Agrícola","JOHN DEERE","8225R","SISTEMA ELÉTRICO TRATOR - JOHN DEERE - SÉRIE 8R -","-","true","https://cdn.appmaq.com.br/appmaq-media/manuals/019a3265-2498-768f-a78b-26922545763c/019eda91-1a72-7628-8c85-b53deffd01ae.pdf"
"907","Trator Agrícola","JOHN DEERE","8225R","SISTEMAS HIDRÁULICOS TRATOR - JOHN DEERE - SÉRIE 8R -","-","true","https://cdn.appmaq.com.br/appmaq-media/manuals/019a3265-2498-768f-a78b-26922545763c/019eda91-1abf-7fe2-b59c-3e5d11a09713.pdf"
"908","Trator Agrícola","JOHN DEERE","8225R","TRANSMISSÃO POWER SHIFT MECANICA E FLUXO DE POTENCIA TRATOR -JOHN DEERE - SÉRIE 8R -","-","true","https://cdn.appmaq.com.br/appmaq-media/manuals/019a3265-2498-768f-a78b-26922545763c/019eda91-1b0d-70bb-899c-0ba468b96345.pdf"
"909","Trator Agrícola","JOHN DEERE","8225R","TREINAMENTO SISTEMA HIDRÁULICO TRATORES JOHN DEERE - SÉRIE 8R -","-","true","https://cdn.appmaq.com.br/appmaq-media/manuals/019a3265-2498-768f-a78b-26922545763c/019e7e2f-8896-7d10-9c4c-c50e3b8b3254.pdf"
"910","Trator Agrícola","JOHN DEERE","8225R","VCRs TRATOR - JOHN DEERE - SÉRIE 8R -","-","true","https://cdn.appmaq.com.br/appmaq-media/manuals/019a3265-2498-768f-a78b-26922545763c/019eda91-1b62-7a20-9bae-61ff3041df25.pdf"
"911","Trator Agrícola","JOHN DEERE","8235R","BOMBAS HIDRÁULICAS TRATOR JOHN DEERE - SÉRIE 8R -","-","true","https://cdn.appmaq.com.br/appmaq-media/manuals/019a3261-b595-74f9-a5be-e76463068c0a/019eda91-bfea-789d-b774-d7bed6b6cb8b.pdf"
"912","Trator Agrícola","JOHN DEERE","8235R","CATALOGO DE PEÇAS DE REPOSIÇÃO DOS TRATORES JOHN DEERE","-","true","https://cdn.appmaq.com.br/appmaq-media/manuals/019a3261-b595-74f9-a5be-e76463068c0a/019e5aba-baea-76db-920f-51d1fcca8ff3.pdf"
"913","Trator Agrícola","JOHN DEERE","8235R","CATALOGO DE PEÇAS DOS TRATORES JOHN DEERE","-","true","https://cdn.appmaq.com.br/appmaq-media/manuals/019a3261-b595-74f9-a5be-e76463068c0a/019e5aba-bb4b-7cbd-b4bd-276deaab5059.pdf"
"914","Trator Agrícola","JOHN DEERE","8235R","CENTRO DE CARGA ELETRÔNICA TRATOR - JOHN DEERE - SÉRIE 8R -","-","true","https://cdn.appmaq.com.br/appmaq-media/manuals/019a3261-b595-74f9-a5be-e76463068c0a/019eda91-c225-7d3d-83da-86380a422356.pdf"
"915","Trator Agrícola","JOHN DEERE","8235R","CENTRO DE COMANDO TRATOR - JOHN DEERE - SÉRIE 8R -","-","true","https://cdn.appmaq.com.br/appmaq-media/manuals/019a3261-b595-74f9-a5be-e76463068c0a/019eda91-c2cf-769f-8f30-fb487bd67102.pdf"
"916","Trator Agrícola","JOHN DEERE","8235R","COMPONENTES AMS INSTALADO DE FABRICA - TRATOR JOHN DEERE - SÉRIE 8R -","-","true","https://cdn.appmaq.com.br/appmaq-media/manuals/019a3261-b595-74f9-a5be-e76463068c0a/019eda91-c350-7b66-b53c-939d910c3a43.pdf"
"917","Trator Agrícola","JOHN DEERE","8235R","CONTROLES ELETRÔNICOS TRATOR - JOHN DEERE - SÉRIE 8R -","-","true","https://cdn.appmaq.com.br/appmaq-media/manuals/019a3261-b595-74f9-a5be-e76463068c0a/019eda91-c46d-7376-81b0-392a84d4402b.pdf"
"918","Trator Agrícola","JOHN DEERE","8235R","CONTROLE TRANSMISSÃO POWER SHIFT TRATOR - JOHN DEERE - SÉRIE 8R -","-","true","https://cdn.appmaq.com.br/appmaq-media/manuals/019a3261-b595-74f9-a5be-e76463068c0a/019eda91-c3d0-7c15-b69b-a0e59df8250d.pdf"
"919","Trator Agrícola","JOHN DEERE","8235R","DIAGNOSTICOS TRATORES - JOHN DEERE - SÉRIE 8R -","-","true","https://cdn.appmaq.com.br/appmaq-media/manuals/019a3261-b595-74f9-a5be-e76463068c0a/019eda91-c4f6-774d-bb0e-cacbf7c2098b.pdf"
"920","Trator Agrícola","JOHN DEERE","8235R","ESPECIFICAÇÕES DOS TRATORES AGRICOLAS JOHN DEERE 8R","-","true","https://cdn.appmaq.com.br/appmaq-media/manuals/019a3261-b595-74f9-a5be-e76463068c0a/019e5aba-bdd8-7bab-a4e5-36b048912986.pdf"
"921","Trator Agrícola","JOHN DEERE","8235R","GUIA RÁPIDO DO TRATOR JOHN DEERE SÉRIE 8R","-","true","https://cdn.appmaq.com.br/appmaq-media/manuals/019a3261-b595-74f9-a5be-e76463068c0a/019e5aba-bdfb-76a7-a5e1-df51d69586b9.pdf"
"922","Trator Agrícola","JOHN DEERE","8235R","GUIA RAPIDO TRATORES - JOHN DEERE - SÉRIE 8R","-","true","https://cdn.appmaq.com.br/appmaq-media/manuals/019a3261-b595-74f9-a5be-e76463068c0a/019eda91-c561-7ef7-81b9-06043cfa23b7.pdf"
"923","Trator Agrícola","JOHN DEERE","8235R","HVAC TRATORES - JOHN DEERE - SÉRIE 8R -","-","true","https://cdn.appmaq.com.br/appmaq-media/manuals/019a3261-b595-74f9-a5be-e76463068c0a/019eda91-c6b7-787e-91d5-771e1134f4de.pdf"
"924","Trator Agrícola","JOHN DEERE","8235R","ITEC- CONTROLE INTELIGENTE TRATOR - JOHNDEERE - SÉRIE 8R -","-","true","https://cdn.appmaq.com.br/appmaq-media/manuals/019a3261-b595-74f9-a5be-e76463068c0a/019eda91-c737-75f1-a2bb-b0c83d74341e.pdf"
"925","Trator Agrícola","JOHN DEERE","8235R","MANUAL DE TREINAMENTO PARA OS TRATORES JOHN DEERE 8R","-","true","https://cdn.appmaq.com.br/appmaq-media/manuals/019a3261-b595-74f9-a5be-e76463068c0a/019e5aba-c094-7ab3-a591-b331a1d4df1a.pdf"
"926","Trator Agrícola","JOHN DEERE","8235R","MANUAL DO OPERADOR DOS TRATORES JOHN DEERE 8235R -","-","true","https://cdn.appmaq.com.br/appmaq-media/manuals/019a3261-b595-74f9-a5be-e76463068c0a/019e5aba-c299-7e2e-9e56-6cbc2a86b608.pdf"
"927","Trator Agrícola","JOHN DEERE","8235R","MANUAL OPERADOR DOS TRATORES JOHN DEERE SERIE 8R","-","true","https://cdn.appmaq.com.br/appmaq-media/manuals/019a3261-b595-74f9-a5be-e76463068c0a/019e5aba-c5ef-768d-b8f8-7852bfc34888.pdf"
"928","Trator Agrícola","JOHN DEERE","8235R","MANUAL TÉCNICO TRATORES - JOHN DEERE - SÉRIE 8R -","-","true","https://cdn.appmaq.com.br/appmaq-media/manuals/019a3261-b595-74f9-a5be-e76463068c0a/019eda91-c7f2-7953-9b4c-ee434da760d7.pdf"
"929","Trator Agrícola","JOHN DEERE","8235R","MOTOR E SISTEMA DE COMBUSTÍVEL TRATOR - JOHN DEERE - SÉRIE 8R -","-","true","https://cdn.appmaq.com.br/appmaq-media/manuals/019a3261-b595-74f9-a5be-e76463068c0a/019eda91-cabb-79bf-b458-61607e11af68.pdf"
"930","Trator Agrícola","JOHN DEERE","8235R","PEÇAS DE REPOSIÇÃO PARA TRATORES TRATOR JOHN DEERE EM INGLES","-","true","https://cdn.appmaq.com.br/appmaq-media/manuals/019a3261-b595-74f9-a5be-e76463068c0a/019e5aba-c922-77d8-af89-4b4414b68034.pdf"
"931","Trator Agrícola","JOHN DEERE","8235R","RODAS EIXOS E PNEUS DIANTEIRO TRATOR - SÉRIE 8R -","-","true","https://cdn.appmaq.com.br/appmaq-media/manuals/019a3261-b595-74f9-a5be-e76463068c0a/019eda91-cd07-7e4c-ae6a-14f62eae771f.pdf"
"932","Trator Agrícola","JOHN DEERE","8235R","SISTEMA DE ADMISSÃO E DE ARREFECIMENTO DO MOTOR - TRATORES - SÉRIE 8R","-","true","https://cdn.appmaq.com.br/appmaq-media/manuals/019a3261-b595-74f9-a5be-e76463068c0a/019eda91-cda3-77f9-8c98-521ab02844f1.pdf"
"933","Trator Agrícola","JOHN DEERE","8235R","SISTEMA DE REDE CAN BUS TRATOR - JOHN DEERE - SÉRIE 8R -","-","true","https://cdn.appmaq.com.br/appmaq-media/manuals/019a3261-b595-74f9-a5be-e76463068c0a/019eda91-cde8-7858-a869-df9b8b19ffb8.pdf"
"934","Trator Agrícola","JOHN DEERE","8235R","SISTEMA ELÉTRICO TRATOR - JOHN DEERE - SÉRIE 8R -","-","true","https://cdn.appmaq.com.br/appmaq-media/manuals/019a3261-b595-74f9-a5be-e76463068c0a/019eda91-ce31-7ba0-bd8e-2000ef90fc3c.pdf"
"935","Trator Agrícola","JOHN DEERE","8235R","SISTEMAS HIDRÁULICOS TRATOR - JOHN DEERE - SÉRIE 8R -","-","true","https://cdn.appmaq.com.br/appmaq-media/manuals/019a3261-b595-74f9-a5be-e76463068c0a/019eda91-ce6d-7703-92c9-85b03bcc03a4.pdf"
"936","Trator Agrícola","JOHN DEERE","8235R","TRANSMISSÃO POWER SHIFT MECANICA E FLUXO DE POTENCIA TRATOR -JOHN DEERE - SÉRIE 8R -","-","true","https://cdn.appmaq.com.br/appmaq-media/manuals/019a3261-b595-74f9-a5be-e76463068c0a/019eda91-ceb3-7573-baec-011fe6926832.pdf"
"937","Trator Agrícola","JOHN DEERE","8235R","VCRs TRATOR - JOHN DEERE - SÉRIE 8R -","-","true","https://cdn.appmaq.com.br/appmaq-media/manuals/019a3261-b595-74f9-a5be-e76463068c0a/019eda91-cef7-7793-a829-48973d24e6f5.pdf"
"938","Trator Agrícola","JOHN DEERE","8245R","BOMBAS HIDRÁULICAS TRATOR JOHN DEERE - SÉRIE 8R -","-","true","https://cdn.appmaq.com.br/appmaq-media/manuals/0195b3ba-39a6-71a5-baa2-92668924753c/019eda92-6a10-7106-95ee-8746b417d38a.pdf"
"939","Trator Agrícola","JOHN DEERE","8245R","CENTRO DE CARGA ELETRÔNICA TRATOR - JOHN DEERE - SÉRIE 8R -","-","true","https://cdn.appmaq.com.br/appmaq-media/manuals/0195b3ba-39a6-71a5-baa2-92668924753c/019eda92-6a2e-7d38-aee5-62df246acd04.pdf"
"940","Trator Agrícola","JOHN DEERE","8245R","CENTRO DE COMANDO TRATOR - JOHN DEERE - SÉRIE 8R -","-","true","https://cdn.appmaq.com.br/appmaq-media/manuals/0195b3ba-39a6-71a5-baa2-92668924753c/019eda92-6a68-7391-887a-f173c47ff6cc.pdf"
"941","Trator Agrícola","JOHN DEERE","8245R","COMPONENTES AMS INSTALADO DE FABRICA - TRATOR JOHN DEERE - SÉRIE 8R -","-","true","https://cdn.appmaq.com.br/appmaq-media/manuals/0195b3ba-39a6-71a5-baa2-92668924753c/019eda92-6ac6-75cd-adaa-8936e2978f08.pdf"
"942","Trator Agrícola","JOHN DEERE","8245R","CONTROLES ELETRÔNICOS TRATOR - JOHN DEERE - SÉRIE 8R -","-","true","https://cdn.appmaq.com.br/appmaq-media/manuals/0195b3ba-39a6-71a5-baa2-92668924753c/019eda92-6b3c-788f-b713-f155df2576fc.pdf"
"943","Trator Agrícola","JOHN DEERE","8245R","CONTROLE TRANSMISSÃO POWER SHIFT TRATOR - JOHN DEERE - SÉRIE 8R -","-","true","https://cdn.appmaq.com.br/appmaq-media/manuals/0195b3ba-39a6-71a5-baa2-92668924753c/019eda92-6aee-7ab4-b85a-fa64861203b8.pdf"
"944","Trator Agrícola","JOHN DEERE","8245R","DIAGNOSTICOS TRATORES - JOHN DEERE - SÉRIE 8R -","-","true","https://cdn.appmaq.com.br/appmaq-media/manuals/0195b3ba-39a6-71a5-baa2-92668924753c/019eda92-6be9-765c-b1b3-90f8b86053b3.pdf"
"945","Trator Agrícola","JOHN DEERE","8245R","ESPECIFICAÇÕES DOS TRATORES AGRICOLAS JOHN DEERE 8R","-","true","https://cdn.appmaq.com.br/appmaq-media/manuals/0195b3ba-39a6-71a5-baa2-92668924753c/019e5ac1-c42b-75ca-b3ab-c8bb624c0822.pdf"
"946","Trator Agrícola","JOHN DEERE","8245R","GUIA RÁPIDO DO TRATOR JOHN DEERE SÉRIE 8R","-","true","https://cdn.appmaq.com.br/appmaq-media/manuals/0195b3ba-39a6-71a5-baa2-92668924753c/019e5ac1-c43b-7d62-93c3-1d66789e8b9f.pdf"
"947","Trator Agrícola","JOHN DEERE","8245R","GUIA RAPIDO TRATORES - JOHN DEERE - SÉRIE 8R","-","true","https://cdn.appmaq.com.br/appmaq-media/manuals/0195b3ba-39a6-71a5-baa2-92668924753c/019eda92-6c18-7b4b-8d87-e0408aeb1106.pdf"
"948","Trator Agrícola","JOHN DEERE","8245R","HVAC TRATORES - JOHN DEERE - SÉRIE 8R -","-","true","https://cdn.appmaq.com.br/appmaq-media/manuals/0195b3ba-39a6-71a5-baa2-92668924753c/019eda92-6c87-7761-bf5f-ab3d6e75d392.pdf"
"949","Trator Agrícola","JOHN DEERE","8245R","ITEC- CONTROLE INTELIGENTE TRATOR - JOHNDEERE - SÉRIE 8R -","-","true","https://cdn.appmaq.com.br/appmaq-media/manuals/0195b3ba-39a6-71a5-baa2-92668924753c/019eda92-6cb5-7ec5-803f-0347d6284348.pdf"
"950","Trator Agrícola","JOHN DEERE","8245R","MANUAL DE TREINAMENTO PARA OS TRATORES JOHN DEERE 8R","-","true","https://cdn.appmaq.com.br/appmaq-media/manuals/0195b3ba-39a6-71a5-baa2-92668924753c/019e5ac1-c496-7ae1-9cd8-43b63c69b5e3.pdf"
"951","Trator Agrícola","JOHN DEERE","8245R","MANUAL DO OPERADOR DOS TRATORES JOHN DEERE - 8245R -","-","true","https://cdn.appmaq.com.br/appmaq-media/manuals/0195b3ba-39a6-71a5-baa2-92668924753c/019e5ac1-c6a2-7592-9b39-87d29bbcc5fb.pdf"
"952","Trator Agrícola","JOHN DEERE","8245R","MANUAL OPERADOR DOS TRATORES JOHN DEERE SERIE 8R","-","true","https://cdn.appmaq.com.br/appmaq-media/manuals/0195b3ba-39a6-71a5-baa2-92668924753c/019e5ac1-cb3e-7953-a7a8-708da542d2f2.pdf"
"953","Trator Agrícola","JOHN DEERE","8245R","MANUAL TÉCNICO DE DIAGNÓSTICO TRATOR - 8245R","-","true","https://cdn.appmaq.com.br/appmaq-media/manuals/0195b3ba-39a6-71a5-baa2-92668924753c/019e5ac1-ceaf-7b4a-b110-e0921a216676.pdf"
"954","Trator Agrícola","JOHN DEERE","8245R","MANUAL TÉCNICO TRATORES - JOHN DEERE - SÉRIE 8R -","-","true","https://cdn.appmaq.com.br/appmaq-media/manuals/0195b3ba-39a6-71a5-baa2-92668924753c/019eda92-6cfe-7f75-956a-457dd0b7a7fd.pdf"
"955","Trator Agrícola","JOHN DEERE","8245R","MOTOR E SISTEMA DE COMBUSTÍVEL TRATOR - JOHN DEERE - SÉRIE 8R -","-","true","https://cdn.appmaq.com.br/appmaq-media/manuals/0195b3ba-39a6-71a5-baa2-92668924753c/019eda92-6f90-722b-8363-a959597b70e0.pdf"
"956","Trator Agrícola","JOHN DEERE","8245R","RODAS EIXOS E PNEUS DIANTEIRO TRATOR - SÉRIE 8R -","-","true","https://cdn.appmaq.com.br/appmaq-media/manuals/0195b3ba-39a6-71a5-baa2-92668924753c/019eda92-6fc6-781b-b4f4-be43e031dacf.pdf"
"957","Trator Agrícola","JOHN DEERE","8245R","SISTEMA DE ADMISSÃO E DE ARREFECIMENTO DO MOTOR - TRATORES - SÉRIE 8R","-","true","https://cdn.appmaq.com.br/appmaq-media/manuals/0195b3ba-39a6-71a5-baa2-92668924753c/019eda92-7192-7f82-b74b-136339bf26c1.pdf"
"958","Trator Agrícola","JOHN DEERE","8245R","SISTEMA DE REDE CAN BUS TRATOR - JOHN DEERE - SÉRIE 8R -","-","true","https://cdn.appmaq.com.br/appmaq-media/manuals/0195b3ba-39a6-71a5-baa2-92668924753c/019eda92-71d7-7a72-8bc4-217ec04ac3d4.pdf"
"959","Trator Agrícola","JOHN DEERE","8245R","SISTEMA ELÉTRICO TRATOR - JOHN DEERE - SÉRIE 8R -","-","true","https://cdn.appmaq.com.br/appmaq-media/manuals/0195b3ba-39a6-71a5-baa2-92668924753c/019eda92-722c-74ff-af61-56b6688911eb.pdf"
"960","Trator Agrícola","JOHN DEERE","8245R","SISTEMAS HIDRÁULICOS TRATOR - JOHN DEERE - SÉRIE 8R -","-","true","https://cdn.appmaq.com.br/appmaq-media/manuals/0195b3ba-39a6-71a5-baa2-92668924753c/019eda92-7288-7590-852e-0ebd24bd0df2.pdf"
"961","Trator Agrícola","JOHN DEERE","8245R","TRANSMISSÃO POWER SHIFT MECANICA E FLUXO DE POTENCIA TRATOR -JOHN DEERE - SÉRIE 8R -","-","true","https://cdn.appmaq.com.br/appmaq-media/manuals/0195b3ba-39a6-71a5-baa2-92668924753c/019eda92-72de-7961-8f00-df7f7b785e95.pdf"
"962","Trator Agrícola","JOHN DEERE","8245R","VCRs TRATOR - JOHN DEERE - SÉRIE 8R -","-","true","https://cdn.appmaq.com.br/appmaq-media/manuals/0195b3ba-39a6-71a5-baa2-92668924753c/019eda92-7330-7748-8495-5de39583e505.pdf"
"963","Trator Agrícola","JOHN DEERE","8260R","BOMBAS HIDRÁULICAS TRATOR JOHN DEERE - SÉRIE 8R -","-","true","https://cdn.appmaq.com.br/appmaq-media/manuals/0196f443-bf88-77b0-a83e-3c35bd863a19/019eda93-819f-72a8-a1c3-3c4dea9697b2.pdf"
"964","Trator Agrícola","JOHN DEERE","8260R","CATALOGO DE PEÇAS DE REPOSIÇÃO DOS TRATORES JOHN DEERE","-","true","https://cdn.appmaq.com.br/appmaq-media/manuals/0196f443-bf88-77b0-a83e-3c35bd863a19/019e5ac4-36f2-7ffb-add8-8021ef9719b1.pdf"
"965","Trator Agrícola","JOHN DEERE","8260R","CENTRO DE CARGA ELETRÔNICA TRATOR - JOHN DEERE - SÉRIE 8R -","-","true","https://cdn.appmaq.com.br/appmaq-media/manuals/0196f443-bf88-77b0-a83e-3c35bd863a19/019eda93-81e7-769f-8ef3-86e1b6d18cbe.pdf"
"966","Trator Agrícola","JOHN DEERE","8260R","CENTRO DE COMANDO TRATOR - JOHN DEERE - SÉRIE 8R -","-","true","https://cdn.appmaq.com.br/appmaq-media/manuals/0196f443-bf88-77b0-a83e-3c35bd863a19/019eda93-8245-729d-89a7-86cd3ac91090.pdf"
"967","Trator Agrícola","JOHN DEERE","8260R","COMPONENTES AMS INSTALADO DE FABRICA - TRATOR JOHN DEERE - SÉRIE 8R -","-","true","https://cdn.appmaq.com.br/appmaq-media/manuals/0196f443-bf88-77b0-a83e-3c35bd863a19/019eda93-82a5-7a5d-8744-f2cb4e99ee1b.pdf"
"968","Trator Agrícola","JOHN DEERE","8260R","CONTROLES ELETRÔNICOS TRATOR - JOHN DEERE - SÉRIE 8R -","-","true","https://cdn.appmaq.com.br/appmaq-media/manuals/0196f443-bf88-77b0-a83e-3c35bd863a19/019eda93-837f-77b0-a3ea-5e5cf2308407.pdf"
"969","Trator Agrícola","JOHN DEERE","8260R","CONTROLE TRANSMISSÃO POWER SHIFT TRATOR - JOHN DEERE - SÉRIE 8R -","-","true","https://cdn.appmaq.com.br/appmaq-media/manuals/0196f443-bf88-77b0-a83e-3c35bd863a19/019eda93-8302-747e-b60f-3b8c031d5baa.pdf"
"970","Trator Agrícola","JOHN DEERE","8260R","DIAGNOSTICOS TRATORES - JOHN DEERE - SÉRIE 8R -","-","true","https://cdn.appmaq.com.br/appmaq-media/manuals/0196f443-bf88-77b0-a83e-3c35bd863a19/019eda93-83e8-7c8b-b423-7a4e07136dae.pdf"
"971","Trator Agrícola","JOHN DEERE","8260R","ESPECIFICAÇÕES DOS TRATORES AGRICOLAS JOHN DEERE 8R","-","true","https://cdn.appmaq.com.br/appmaq-media/manuals/0196f443-bf88-77b0-a83e-3c35bd863a19/019e5ac4-3a2c-7de3-9a5e-94e546a4784c.pdf"
"972","Trator Agrícola","JOHN DEERE","8260R","GUIA RÁPIDO DO TRATOR JOHN DEERE SÉRIE 8R","-","true","https://cdn.appmaq.com.br/appmaq-media/manuals/0196f443-bf88-77b0-a83e-3c35bd863a19/019e5ac4-3ab6-7359-b79d-fb11aad2bcda.pdf"
"973","Trator Agrícola","JOHN DEERE","8260R","GUIA RAPIDO TRATORES - JOHN DEERE - SÉRIE 8R","-","true","https://cdn.appmaq.com.br/appmaq-media/manuals/0196f443-bf88-77b0-a83e-3c35bd863a19/019eda93-844d-74ed-9452-6e5cc3384bb4.pdf"
"974","Trator Agrícola","JOHN DEERE","8260R","HVAC TRATORES - JOHN DEERE - SÉRIE 8R -","-","true","https://cdn.appmaq.com.br/appmaq-media/manuals/0196f443-bf88-77b0-a83e-3c35bd863a19/019eda93-853c-7995-a4ec-414e45638c32.pdf"
"975","Trator Agrícola","JOHN DEERE","8260R","ITEC- CONTROLE INTELIGENTE TRATOR - JOHNDEERE - SÉRIE 8R -","-","true","https://cdn.appmaq.com.br/appmaq-media/manuals/0196f443-bf88-77b0-a83e-3c35bd863a19/019eda93-85da-73f5-8b74-d7a9d9045cb8.pdf"
"976","Trator Agrícola","JOHN DEERE","8260R","MANUAL DE TREINAMENTO PARA OS TRATORES JOHN DEERE 8R","-","true","https://cdn.appmaq.com.br/appmaq-media/manuals/0196f443-bf88-77b0-a83e-3c35bd863a19/019e5ac4-3bb0-7f78-865e-88a710b72465.pdf"
"977","Trator Agrícola","JOHN DEERE","8260R","MANUAL DO OPERADOR TRATOR JOHN DEERE - 8260R","-","true","https://cdn.appmaq.com.br/appmaq-media/manuals/0196f443-bf88-77b0-a83e-3c35bd863a19/019e5ac4-3fe9-74f9-b8c7-2d8ef1c8b29f.pdf"
"978","Trator Agrícola","JOHN DEERE","8260R","MANUAL TÉCNICO TRATORES - JOHN DEERE - SÉRIE 8R -","-","true","https://cdn.appmaq.com.br/appmaq-media/manuals/0196f443-bf88-77b0-a83e-3c35bd863a19/019eda93-86ef-7bb3-a3c2-ab5c103fec8c.pdf"
"979","Trator Agrícola","JOHN DEERE","8260R","MOTOR E SISTEMA DE COMBUSTÍVEL TRATOR - JOHN DEERE - SÉRIE 8R -","-","true","https://cdn.appmaq.com.br/appmaq-media/manuals/0196f443-bf88-77b0-a83e-3c35bd863a19/019eda93-8961-7c2b-990c-b97f9238e7cf.pdf"
"980","Trator Agrícola","JOHN DEERE","8260R","RODAS EIXOS E PNEUS DIANTEIRO TRATOR - SÉRIE 8R -","-","true","https://cdn.appmaq.com.br/appmaq-media/manuals/0196f443-bf88-77b0-a83e-3c35bd863a19/019eda93-8a05-74c1-92bd-e565fac79aaf.pdf"
"981","Trator Agrícola","JOHN DEERE","8260R","SISTEMA DE ADMISSÃO E DE ARREFECIMENTO DO MOTOR - TRATORES - SÉRIE 8R","-","true","https://cdn.appmaq.com.br/appmaq-media/manuals/0196f443-bf88-77b0-a83e-3c35bd863a19/019eda93-8aa6-7b45-baea-1a17fec2a920.pdf"
"982","Trator Agrícola","JOHN DEERE","8260R","SISTEMA DE REDE CAN BUS TRATOR - JOHN DEERE - SÉRIE 8R -","-","true","https://cdn.appmaq.com.br/appmaq-media/manuals/0196f443-bf88-77b0-a83e-3c35bd863a19/019eda93-8b7e-7cea-844b-d04f58407f1c.pdf"
"983","Trator Agrícola","JOHN DEERE","8260R","SISTEMA ELÉTRICO TRATOR - JOHN DEERE - SÉRIE 8R -","-","true","https://cdn.appmaq.com.br/appmaq-media/manuals/0196f443-bf88-77b0-a83e-3c35bd863a19/019eda93-8bc0-771e-99c0-02835344de61.pdf"
"984","Trator Agrícola","JOHN DEERE","8260R","SISTEMAS HIDRÁULICOS TRATOR - JOHN DEERE - SÉRIE 8R -","-","true","https://cdn.appmaq.com.br/appmaq-media/manuals/0196f443-bf88-77b0-a83e-3c35bd863a19/019eda93-8c4d-7be5-8ee2-59b5995366c2.pdf"
"985","Trator Agrícola","JOHN DEERE","8260R","TRANSMISSÃO POWER SHIFT MECANICA E FLUXO DE POTENCIA TRATOR -JOHN DEERE - SÉRIE 8R -","-","true","https://cdn.appmaq.com.br/appmaq-media/manuals/0196f443-bf88-77b0-a83e-3c35bd863a19/019eda93-8c8e-725f-aab7-b24d68d3b7a7.pdf"
"986","Trator Agrícola","JOHN DEERE","8260R","VCRs TRATOR - JOHN DEERE - SÉRIE 8R -","-","true","https://cdn.appmaq.com.br/appmaq-media/manuals/0196f443-bf88-77b0-a83e-3c35bd863a19/019eda93-8cbd-7c7e-b3ac-eb1765f8e98c.pdf"
"987","Trator Agrícola","JOHN DEERE","8270R","BOMBAS HIDRÁULICAS TRATOR JOHN DEERE - SÉRIE 8R -","-","true","https://cdn.appmaq.com.br/appmaq-media/manuals/01957100-b0df-70f7-a0bc-a3a5bfbd1976/019eda95-8bbc-742b-87b0-569113520352.pdf"
"988","Trator Agrícola","JOHN DEERE","8270R","CATALOGO DE PEÇAS DE REPOSIÇÃO DOS TRATORES JOHN DEERE","-","true","https://cdn.appmaq.com.br/appmaq-media/manuals/01957100-b0df-70f7-a0bc-a3a5bfbd1976/019e5acf-be4f-7f17-b7c0-9be55899cfc0.pdf"
"989","Trator Agrícola","JOHN DEERE","8270R","CATALOGO DE PEÇAS DOS TRATORES JOHN DEERE","-","true","https://cdn.appmaq.com.br/appmaq-media/manuals/01957100-b0df-70f7-a0bc-a3a5bfbd1976/019e5acf-bea7-7a04-ace4-440898527b8f.pdf"
"990","Trator Agrícola","JOHN DEERE","8270R","CENTRO DE CARGA ELETRÔNICA TRATOR - JOHN DEERE - SÉRIE 8R -","-","true","https://cdn.appmaq.com.br/appmaq-media/manuals/01957100-b0df-70f7-a0bc-a3a5bfbd1976/019eda95-8ff5-7b4c-b2ac-bf8e1a4c922a.pdf"
"991","Trator Agrícola","JOHN DEERE","8270R","CENTRO DE COMANDO TRATOR - JOHN DEERE - SÉRIE 8R -","-","true","https://cdn.appmaq.com.br/appmaq-media/manuals/01957100-b0df-70f7-a0bc-a3a5bfbd1976/019eda95-91cb-79fc-92f7-50b3ea6b7a1f.pdf"
"992","Trator Agrícola","JOHN DEERE","8270R","COMPONENTES AMS INSTALADO DE FABRICA - TRATOR JOHN DEERE - SÉRIE 8R -","-","true","https://cdn.appmaq.com.br/appmaq-media/manuals/01957100-b0df-70f7-a0bc-a3a5bfbd1976/019eda95-9290-70e0-a1c9-1799e228dcfb.pdf"
"993","Trator Agrícola","JOHN DEERE","8270R","CONTROLES ELETRÔNICOS TRATOR - JOHN DEERE - SÉRIE 8R -","-","true","https://cdn.appmaq.com.br/appmaq-media/manuals/01957100-b0df-70f7-a0bc-a3a5bfbd1976/019eda95-9359-7dbd-8f11-7114fed2ea91.pdf"
"994","Trator Agrícola","JOHN DEERE","8270R","CONTROLE TRANSMISSÃO POWER SHIFT TRATOR - JOHN DEERE - SÉRIE 8R -","-","true","https://cdn.appmaq.com.br/appmaq-media/manuals/01957100-b0df-70f7-a0bc-a3a5bfbd1976/019eda95-92fd-7c64-8425-30c0415bd4c1.pdf"
"995","Trator Agrícola","JOHN DEERE","8270R","DIAGNOSTICOS TRATORES - JOHN DEERE - SÉRIE 8R -","-","true","https://cdn.appmaq.com.br/appmaq-media/manuals/01957100-b0df-70f7-a0bc-a3a5bfbd1976/019eda95-93b6-71de-b14a-2919e9447ddc.pdf"
"996","Trator Agrícola","JOHN DEERE","8270R","ESPECIFICAÇÕES DOS TRATORES AGRICOLAS JOHN DEERE 8R","-","true","https://cdn.appmaq.com.br/appmaq-media/manuals/01957100-b0df-70f7-a0bc-a3a5bfbd1976/019e5acf-c143-70bb-865f-ee5402533734.pdf"
"997","Trator Agrícola","JOHN DEERE","8270R","GUIA RÁPIDO DO TRATOR JOHN DEERE SÉRIE 8R","-","true","https://cdn.appmaq.com.br/appmaq-media/manuals/01957100-b0df-70f7-a0bc-a3a5bfbd1976/019e5acf-c170-7b8c-8afc-d6fee8f2f683.pdf"
"998","Trator Agrícola","JOHN DEERE","8270R","GUIA RAPIDO TRATORES - JOHN DEERE - SÉRIE 8R","-","true","https://cdn.appmaq.com.br/appmaq-media/manuals/01957100-b0df-70f7-a0bc-a3a5bfbd1976/019eda95-9418-70f2-9536-831ff66a34fa.pdf"
"999","Trator Agrícola","JOHN DEERE","8270R","HVAC TRATORES - JOHN DEERE - SÉRIE 8R -","-","true","https://cdn.appmaq.com.br/appmaq-media/manuals/01957100-b0df-70f7-a0bc-a3a5bfbd1976/019eda95-949d-78c8-9d0f-0ae3bf3c0997.pdf"
"1000","Trator Agrícola","JOHN DEERE","8270R","ITEC- CONTROLE INTELIGENTE TRATOR - JOHNDEERE - SÉRIE 8R -","-","true","https://cdn.appmaq.com.br/appmaq-media/manuals/01957100-b0df-70f7-a0bc-a3a5bfbd1976/019eda95-9581-7a9f-9077-ee53a91e1490.pdf"
"1001","Trator Agrícola","JOHN DEERE","8270R","MANUAL DE TREINAMENTO PARA OS TRATORES JOHN DEERE 8R","-","true","https://cdn.appmaq.com.br/appmaq-media/manuals/01957100-b0df-70f7-a0bc-a3a5bfbd1976/019e5acf-c247-7e80-8800-116dd0bdd394.pdf"
"1002","Trator Agrícola","JOHN DEERE","8270R","MANUAL DO OPERADOR DOS TRATORES JOHN DEERE - 8270R","-","true","https://cdn.appmaq.com.br/appmaq-media/manuals/01957100-b0df-70f7-a0bc-a3a5bfbd1976/019e5acf-c481-7da5-82e0-2f44aada810a.pdf"
"1003","Trator Agrícola","JOHN DEERE","8270R","MANUAL OPERADOR DOS TRATORES JOHN DEERE SERIE 8R","-","true","https://cdn.appmaq.com.br/appmaq-media/manuals/01957100-b0df-70f7-a0bc-a3a5bfbd1976/019e5acf-c8be-71bb-9917-471a8606d34f.pdf"
"1004","Trator Agrícola","JOHN DEERE","8270R","MANUAL TÉCNICO DE DIAGNÓSTICO TRATOR - 8270R","-","true","https://cdn.appmaq.com.br/appmaq-media/manuals/01957100-b0df-70f7-a0bc-a3a5bfbd1976/019e5ad0-48fd-7469-aea0-90d48b130792.pdf"
"1005","Trator Agrícola","JOHN DEERE","8270R","MANUAL TÉCNICO TRATORES - JOHN DEERE - SÉRIE 8R -","-","true","https://cdn.appmaq.com.br/appmaq-media/manuals/01957100-b0df-70f7-a0bc-a3a5bfbd1976/019eda95-95de-7ba0-8a36-83a7009817aa.pdf"
"1006","Trator Agrícola","JOHN DEERE","8270R","MOTOR E SISTEMA DE COMBUSTÍVEL TRATOR - JOHN DEERE - SÉRIE 8R -","-","true","https://cdn.appmaq.com.br/appmaq-media/manuals/01957100-b0df-70f7-a0bc-a3a5bfbd1976/019eda95-97e4-7e4d-8fcf-8f2aff516453.pdf"
"1007","Trator Agrícola","JOHN DEERE","8270R","RODAS EIXOS E PNEUS DIANTEIRO TRATOR - SÉRIE 8R -","-","true","https://cdn.appmaq.com.br/appmaq-media/manuals/01957100-b0df-70f7-a0bc-a3a5bfbd1976/019eda95-997e-78b9-98b8-408d35350073.pdf"
"1008","Trator Agrícola","JOHN DEERE","8270R","SISTEMA DE ADMISSÃO E DE ARREFECIMENTO DO MOTOR - TRATORES - SÉRIE 8R","-","true","https://cdn.appmaq.com.br/appmaq-media/manuals/01957100-b0df-70f7-a0bc-a3a5bfbd1976/019eda95-99d0-7b15-841e-0f6884153516.pdf"
"1009","Trator Agrícola","JOHN DEERE","8270R","SISTEMA DE REDE CAN BUS TRATOR - JOHN DEERE - SÉRIE 8R -","-","true","https://cdn.appmaq.com.br/appmaq-media/manuals/01957100-b0df-70f7-a0bc-a3a5bfbd1976/019eda95-9a4a-7b99-83d4-bcccf64c96e4.pdf"
"1010","Trator Agrícola","JOHN DEERE","8270R","SISTEMA ELÉTRICO TRATOR - JOHN DEERE - SÉRIE 8R -","-","true","https://cdn.appmaq.com.br/appmaq-media/manuals/01957100-b0df-70f7-a0bc-a3a5bfbd1976/019eda95-9aaa-7e53-8053-52a570679aa3.pdf"
"1011","Trator Agrícola","JOHN DEERE","8270R","SISTEMAS HIDRÁULICOS TRATOR - JOHN DEERE - SÉRIE 8R -","-","true","https://cdn.appmaq.com.br/appmaq-media/manuals/01957100-b0df-70f7-a0bc-a3a5bfbd1976/019eda95-9b17-731b-b274-d04d264c80fa.pdf"
"1012","Trator Agrícola","JOHN DEERE","8270R","TRANSMISSÃO POWER SHIFT MECANICA E FLUXO DE POTENCIA TRATOR -JOHN DEERE - SÉRIE 8R -","-","true","https://cdn.appmaq.com.br/appmaq-media/manuals/01957100-b0df-70f7-a0bc-a3a5bfbd1976/019eda95-9b6b-735b-b087-05f68b42efd9.pdf"
"1013","Trator Agrícola","JOHN DEERE","8270R","VCRs TRATOR - JOHN DEERE - SÉRIE 8R -","-","true","https://cdn.appmaq.com.br/appmaq-media/manuals/01957100-b0df-70f7-a0bc-a3a5bfbd1976/019eda95-9bc0-7a4c-bdb5-6cdc1cbd46da.pdf"
"1014","Trator Agrícola","JOHN DEERE","8285R","BOMBAS HIDRÁULICAS TRATOR JOHN DEERE - SÉRIE 8R -","-","true","https://cdn.appmaq.com.br/appmaq-media/manuals/019a3766-04b0-7e5d-942a-5610e7fd5c0b/019eda96-2596-7890-9e48-b37bcfad6bb5.pdf"
"1015","Trator Agrícola","JOHN DEERE","8285R","CATALOGO DE PEÇAS DE REPOSIÇÃO DOS TRATORES JOHN DEERE","-","true","https://cdn.appmaq.com.br/appmaq-media/manuals/019a3766-04b0-7e5d-942a-5610e7fd5c0b/019e5ad2-9c55-7886-a32f-557d3b58c4f7.pdf"
"1016","Trator Agrícola","JOHN DEERE","8285R","CATALOGO DE PEÇAS DOS TRATORES JOHN DEERE","-","true","https://cdn.appmaq.com.br/appmaq-media/manuals/019a3766-04b0-7e5d-942a-5610e7fd5c0b/019e5ad2-9ca8-744d-8049-e8c9aff3e51f.pdf"
"1017","Trator Agrícola","JOHN DEERE","8285R","CENTRO DE CARGA ELETRÔNICA TRATOR - JOHN DEERE - SÉRIE 8R -","-","true","https://cdn.appmaq.com.br/appmaq-media/manuals/019a3766-04b0-7e5d-942a-5610e7fd5c0b/019eda96-25d5-722f-aec6-015e1c19d293.pdf"
"1018","Trator Agrícola","JOHN DEERE","8285R","CENTRO DE COMANDO TRATOR - JOHN DEERE - SÉRIE 8R -","-","true","https://cdn.appmaq.com.br/appmaq-media/manuals/019a3766-04b0-7e5d-942a-5610e7fd5c0b/019eda96-266b-7bb4-a9dc-984239cc87c0.pdf"
"1019","Trator Agrícola","JOHN DEERE","8285R","COMPONENTES AMS INSTALADO DE FABRICA - TRATOR JOHN DEERE - SÉRIE 8R -","-","true","https://cdn.appmaq.com.br/appmaq-media/manuals/019a3766-04b0-7e5d-942a-5610e7fd5c0b/019eda96-26d5-76e9-95f1-671d6f6aa07e.pdf"
"1020","Trator Agrícola","JOHN DEERE","8285R","CONTROLES ELETRÔNICOS TRATOR - JOHN DEERE - SÉRIE 8R -","-","true","https://cdn.appmaq.com.br/appmaq-media/manuals/019a3766-04b0-7e5d-942a-5610e7fd5c0b/019eda96-27ac-7372-8862-dba82e971ecc.pdf"
"1021","Trator Agrícola","JOHN DEERE","8285R","CONTROLE TRANSMISSÃO POWER SHIFT TRATOR - JOHN DEERE - SÉRIE 8R -","-","true","https://cdn.appmaq.com.br/appmaq-media/manuals/019a3766-04b0-7e5d-942a-5610e7fd5c0b/019eda96-2741-7e3e-8a6e-f6b51466358d.pdf"
"1022","Trator Agrícola","JOHN DEERE","8285R","DIAGNOSTICOS TRATORES - JOHN DEERE - SÉRIE 8R -","-","true","https://cdn.appmaq.com.br/appmaq-media/manuals/019a3766-04b0-7e5d-942a-5610e7fd5c0b/019eda96-2815-75ce-9947-662ad23e01ae.pdf"
"1023","Trator Agrícola","JOHN DEERE","8285R","ESPECIFICAÇÕES DOS TRATORES AGRICOLAS JOHN DEERE 8R","-","true","https://cdn.appmaq.com.br/appmaq-media/manuals/019a3766-04b0-7e5d-942a-5610e7fd5c0b/019e5ad2-9eda-7306-a2ce-db04e3a2acc5.pdf"
"1024","Trator Agrícola","JOHN DEERE","8285R","GUIA RÁPIDO DO TRATOR JOHN DEERE SÉRIE 8R","-","true","https://cdn.appmaq.com.br/appmaq-media/manuals/019a3766-04b0-7e5d-942a-5610e7fd5c0b/019e5ad2-9efe-70bc-b120-91672925675c.pdf"
"1025","Trator Agrícola","JOHN DEERE","8285R","GUIA RAPIDO TRATORES - JOHN DEERE - SÉRIE 8R","-","true","https://cdn.appmaq.com.br/appmaq-media/manuals/019a3766-04b0-7e5d-942a-5610e7fd5c0b/019eda96-2865-719d-9907-395ce1a3a929.pdf"
"1026","Trator Agrícola","JOHN DEERE","8285R","HVAC TRATORES - JOHN DEERE - SÉRIE 8R -","-","true","https://cdn.appmaq.com.br/appmaq-media/manuals/019a3766-04b0-7e5d-942a-5610e7fd5c0b/019eda96-28ef-777c-8fc0-5749aa881c5f.pdf"
"1027","Trator Agrícola","JOHN DEERE","8285R","ITEC- CONTROLE INTELIGENTE TRATOR - JOHNDEERE - SÉRIE 8R -","-","true","https://cdn.appmaq.com.br/appmaq-media/manuals/019a3766-04b0-7e5d-942a-5610e7fd5c0b/019eda96-2a30-73b0-8383-28120fdfa996.pdf"
"1028","Trator Agrícola","JOHN DEERE","8285R","MANUAL DE TREINAMENTO PARA OS TRATORES JOHN DEERE 8R","-","true","https://cdn.appmaq.com.br/appmaq-media/manuals/019a3766-04b0-7e5d-942a-5610e7fd5c0b/019e5ad2-9fb9-7cba-b646-31e2f49e6233.pdf"
"1029","Trator Agrícola","JOHN DEERE","8285R","MANUAL DO OPERADOR DOS TRATORES JOHN DEERE - 8285R -","-","true","https://cdn.appmaq.com.br/appmaq-media/manuals/019a3766-04b0-7e5d-942a-5610e7fd5c0b/019e5ad2-a1ed-7046-985d-c2aafe42f2d1.pdf"
"1030","Trator Agrícola","JOHN DEERE","8285R","MANUAL OPERADOR DOS TRATORES JOHN DEERE SERIE 8R","-","true","https://cdn.appmaq.com.br/appmaq-media/manuals/019a3766-04b0-7e5d-942a-5610e7fd5c0b/019e5ad2-a51e-75b5-a6f2-27f75ce9e1b2.pdf"
"1031","Trator Agrícola","JOHN DEERE","8285R","MANUAL TÉCNICO TRATORES - JOHN DEERE - SÉRIE 8R -","-","true","https://cdn.appmaq.com.br/appmaq-media/manuals/019a3766-04b0-7e5d-942a-5610e7fd5c0b/019eda96-2a92-767b-a6c9-14fa9599bd11.pdf"
"1032","Trator Agrícola","JOHN DEERE","8285R","MOTOR E SISTEMA DE COMBUSTÍVEL TRATOR - JOHN DEERE - SÉRIE 8R -","-","true","https://cdn.appmaq.com.br/appmaq-media/manuals/019a3766-04b0-7e5d-942a-5610e7fd5c0b/019eda96-2cf0-7181-a163-464c3de8df0e.pdf"
"1033","Trator Agrícola","JOHN DEERE","8285R","RODAS EIXOS E PNEUS DIANTEIRO TRATOR - SÉRIE 8R -","-","true","https://cdn.appmaq.com.br/appmaq-media/manuals/019a3766-04b0-7e5d-942a-5610e7fd5c0b/019eda96-2d49-72e5-a35c-8730703fa5c2.pdf"
"1034","Trator Agrícola","JOHN DEERE","8285R","SISTEMA DE ADMISSÃO E DE ARREFECIMENTO DO MOTOR - TRATORES - SÉRIE 8R","-","true","https://cdn.appmaq.com.br/appmaq-media/manuals/019a3766-04b0-7e5d-942a-5610e7fd5c0b/019eda96-2e22-708a-a6e9-66327961a391.pdf"
"1035","Trator Agrícola","JOHN DEERE","8285R","SISTEMA DE REDE CAN BUS TRATOR - JOHN DEERE - SÉRIE 8R -","-","true","https://cdn.appmaq.com.br/appmaq-media/manuals/019a3766-04b0-7e5d-942a-5610e7fd5c0b/019eda96-2e83-781e-8d6b-7d294db08306.pdf"
"1036","Trator Agrícola","JOHN DEERE","8285R","SISTEMA ELÉTRICO TRATOR - JOHN DEERE - SÉRIE 8R -","-","true","https://cdn.appmaq.com.br/appmaq-media/manuals/019a3766-04b0-7e5d-942a-5610e7fd5c0b/019eda96-2f90-7dc3-be9c-19d5fadcc68f.pdf"
"1037","Trator Agrícola","JOHN DEERE","8285R","SISTEMAS HIDRÁULICOS TRATOR - JOHN DEERE - SÉRIE 8R -","-","true","https://cdn.appmaq.com.br/appmaq-media/manuals/019a3766-04b0-7e5d-942a-5610e7fd5c0b/019eda96-2fee-7ff8-95be-d1200018ff6f.pdf"
"1038","Trator Agrícola","JOHN DEERE","8285R","TRANSMISSÃO POWER SHIFT MECANICA E FLUXO DE POTENCIA TRATOR -JOHN DEERE - SÉRIE 8R -","-","true","https://cdn.appmaq.com.br/appmaq-media/manuals/019a3766-04b0-7e5d-942a-5610e7fd5c0b/019eda96-3047-7220-897c-f8a806e81bc1.pdf"
"1039","Trator Agrícola","JOHN DEERE","8285R","VCRs TRATOR - JOHN DEERE - SÉRIE 8R -","-","true","https://cdn.appmaq.com.br/appmaq-media/manuals/019a3766-04b0-7e5d-942a-5610e7fd5c0b/019eda96-30a3-753c-8347-e11cd37c579e.pdf"
"1040","Trator Agrícola","JOHN DEERE","8295R","BOMBAS HIDRÁULICAS TRATOR JOHN DEERE - SÉRIE 8R -","-","true","https://cdn.appmaq.com.br/appmaq-media/manuals/0195b3ba-39a6-7503-9e59-348abdf4d03d/019eda96-c353-77ad-90e0-14f5ba89d6af.pdf"
"1041","Trator Agrícola","JOHN DEERE","8295R","CATALOGO DE PEÇAS DE REPOSIÇÃO DOS TRATORES JOHN DEERE","-","true","https://cdn.appmaq.com.br/appmaq-media/manuals/0195b3ba-39a6-7503-9e59-348abdf4d03d/019e5ad6-5756-7ce2-8883-700ffb29b0c8.pdf"
"1042","Trator Agrícola","JOHN DEERE","8295R","CATALOGO DE PEÇAS DOS TRATORES JOHN DEERE","-","true","https://cdn.appmaq.com.br/appmaq-media/manuals/0195b3ba-39a6-7503-9e59-348abdf4d03d/019e5ad6-57af-7daa-a6d7-9da04bd3b9e9.pdf"
"1043","Trator Agrícola","JOHN DEERE","8295R","CENTRO DE CARGA ELETRÔNICA TRATOR - JOHN DEERE - SÉRIE 8R -","-","true","https://cdn.appmaq.com.br/appmaq-media/manuals/0195b3ba-39a6-7503-9e59-348abdf4d03d/019eda96-c372-763a-89ef-388a044068e6.pdf"
"1044","Trator Agrícola","JOHN DEERE","8295R","CENTRO DE COMANDO TRATOR - JOHN DEERE - SÉRIE 8R -","-","true","https://cdn.appmaq.com.br/appmaq-media/manuals/0195b3ba-39a6-7503-9e59-348abdf4d03d/019eda96-c3d4-7908-aad1-1be27feef654.pdf"
"1045","Trator Agrícola","JOHN DEERE","8295R","COMPONENTES AMS INSTALADO DE FABRICA - TRATOR JOHN DEERE - SÉRIE 8R -","-","true","https://cdn.appmaq.com.br/appmaq-media/manuals/0195b3ba-39a6-7503-9e59-348abdf4d03d/019eda96-c428-7867-9de1-35924010e2f8.pdf"
"1046","Trator Agrícola","JOHN DEERE","8295R","CONTROLES ELETRÔNICOS TRATOR - JOHN DEERE - SÉRIE 8R -","-","true","https://cdn.appmaq.com.br/appmaq-media/manuals/0195b3ba-39a6-7503-9e59-348abdf4d03d/019eda96-c4dd-7599-8a1a-52f08ea52179.pdf"
"1047","Trator Agrícola","JOHN DEERE","8295R","CONTROLE TRANSMISSÃO POWER SHIFT TRATOR - JOHN DEERE - SÉRIE 8R -","-","true","https://cdn.appmaq.com.br/appmaq-media/manuals/0195b3ba-39a6-7503-9e59-348abdf4d03d/019eda96-c480-7d12-af1f-ad34041880ce.pdf"
"1048","Trator Agrícola","JOHN DEERE","8295R","DIAGNOSTICOS TRATORES - JOHN DEERE - SÉRIE 8R -","-","true","https://cdn.appmaq.com.br/appmaq-media/manuals/0195b3ba-39a6-7503-9e59-348abdf4d03d/019eda96-c535-7b10-919c-25a30e4e286f.pdf"
"1049","Trator Agrícola","JOHN DEERE","8295R","ESPECIFICAÇÕES DOS TRATORES AGRICOLAS JOHN DEERE 8R","-","true","https://cdn.appmaq.com.br/appmaq-media/manuals/0195b3ba-39a6-7503-9e59-348abdf4d03d/019e5ad6-5a24-7959-bf6d-102acc8342ae.pdf"
"1050","Trator Agrícola","JOHN DEERE","8295R","GUIA RÁPIDO DO TRATOR JOHN DEERE SÉRIE 8R","-","true","https://cdn.appmaq.com.br/appmaq-media/manuals/0195b3ba-39a6-7503-9e59-348abdf4d03d/019e5ad6-5a48-76a7-bdad-da9888dd5243.pdf"
"1051","Trator Agrícola","JOHN DEERE","8295R","GUIA RAPIDO TRATORES - JOHN DEERE - SÉRIE 8R","-","true","https://cdn.appmaq.com.br/appmaq-media/manuals/0195b3ba-39a6-7503-9e59-348abdf4d03d/019eda96-c579-7b83-81aa-23641d3b9b29.pdf"
"1052","Trator Agrícola","JOHN DEERE","8295R","HVAC TRATORES - JOHN DEERE - SÉRIE 8R -","-","true","https://cdn.appmaq.com.br/appmaq-media/manuals/0195b3ba-39a6-7503-9e59-348abdf4d03d/019eda96-c624-7ba5-ab8d-87bddda5e831.pdf"
"1053","Trator Agrícola","JOHN DEERE","8295R","ITEC- CONTROLE INTELIGENTE TRATOR - JOHNDEERE - SÉRIE 8R -","-","true","https://cdn.appmaq.com.br/appmaq-media/manuals/0195b3ba-39a6-7503-9e59-348abdf4d03d/019eda96-c70e-7316-a222-f4e9c3cea40c.pdf"
"1054","Trator Agrícola","JOHN DEERE","8295R","MANUAL DE TREINAMENTO PARA OS TRATORES JOHN DEERE 8R","-","true","https://cdn.appmaq.com.br/appmaq-media/manuals/0195b3ba-39a6-7503-9e59-348abdf4d03d/019e5ad6-5b3e-7c17-a1c7-ccc2addfba2d.pdf"
"1055","Trator Agrícola","JOHN DEERE","8295R","MANUAL DO OPERADOR DOS TRATORES JOHN DEERE - 8295R -","-","true","https://cdn.appmaq.com.br/appmaq-media/manuals/0195b3ba-39a6-7503-9e59-348abdf4d03d/019e5ad6-5e3c-7821-8256-f852618ec55d.pdf"
"1056","Trator Agrícola","JOHN DEERE","8295R","MANUAL OPERADOR DOS TRATORES JOHN DEERE SERIE 8R","-","true","https://cdn.appmaq.com.br/appmaq-media/manuals/0195b3ba-39a6-7503-9e59-348abdf4d03d/019e5ad6-61df-7074-82b5-03ae9f66d9fe.pdf"
"1057","Trator Agrícola","JOHN DEERE","8295R","MANUAL TÉCNICO DE DIAGNÓSTICO TRATOR - 8295R","-","true","https://cdn.appmaq.com.br/appmaq-media/manuals/0195b3ba-39a6-7503-9e59-348abdf4d03d/019e5ad6-ea1c-7a40-8745-37899cb256cc.pdf"
"1058","Trator Agrícola","JOHN DEERE","8295R","MANUAL TÉCNICO TRATORES - JOHN DEERE - SÉRIE 8R -","-","true","https://cdn.appmaq.com.br/appmaq-media/manuals/0195b3ba-39a6-7503-9e59-348abdf4d03d/019eda96-c765-70a7-9129-f1780bca0c8a.pdf"
"1059","Trator Agrícola","JOHN DEERE","8295R","MOTOR E SISTEMA DE COMBUSTÍVEL TRATOR - JOHN DEERE - SÉRIE 8R -","-","true","https://cdn.appmaq.com.br/appmaq-media/manuals/0195b3ba-39a6-7503-9e59-348abdf4d03d/019eda96-c97e-7a6b-8761-fc79b83ab56d.pdf"
"1060","Trator Agrícola","JOHN DEERE","8295R","RODAS EIXOS E PNEUS DIANTEIRO TRATOR - SÉRIE 8R -","-","true","https://cdn.appmaq.com.br/appmaq-media/manuals/0195b3ba-39a6-7503-9e59-348abdf4d03d/019eda96-ca1a-770a-94c5-9589890c101e.pdf"
"1061","Trator Agrícola","JOHN DEERE","8295R","SISTEMA DE ADMISSÃO E DE ARREFECIMENTO DO MOTOR - TRATORES - SÉRIE 8R","-","true","https://cdn.appmaq.com.br/appmaq-media/manuals/0195b3ba-39a6-7503-9e59-348abdf4d03d/019eda96-caea-7e6f-9b7a-c8042939b125.pdf"
"1062","Trator Agrícola","JOHN DEERE","8295R","SISTEMA DE REDE CAN BUS TRATOR - JOHN DEERE - SÉRIE 8R -","-","true","https://cdn.appmaq.com.br/appmaq-media/manuals/0195b3ba-39a6-7503-9e59-348abdf4d03d/019eda96-cbf5-75c0-b6cc-465952a96aaa.pdf"
"1063","Trator Agrícola","JOHN DEERE","8295R","SISTEMA ELÉTRICO TRATOR - JOHN DEERE - SÉRIE 8R -","-","true","https://cdn.appmaq.com.br/appmaq-media/manuals/0195b3ba-39a6-7503-9e59-348abdf4d03d/019eda96-cc2f-755a-b5c6-d273c38f27fe.pdf"
"1064","Trator Agrícola","JOHN DEERE","8295R","SISTEMAS HIDRÁULICOS TRATOR - JOHN DEERE - SÉRIE 8R -","-","true","https://cdn.appmaq.com.br/appmaq-media/manuals/0195b3ba-39a6-7503-9e59-348abdf4d03d/019eda96-cc90-7956-b6f0-20004a69612d.pdf"
"1065","Trator Agrícola","JOHN DEERE","8295R","TRANSMISSÃO POWER SHIFT MECANICA E FLUXO DE POTENCIA TRATOR -JOHN DEERE - SÉRIE 8R -","-","true","https://cdn.appmaq.com.br/appmaq-media/manuals/0195b3ba-39a6-7503-9e59-348abdf4d03d/019eda96-ccaf-75f7-8290-82cca2f9b536.pdf"
"1066","Trator Agrícola","JOHN DEERE","8295R","VCRs TRATOR - JOHN DEERE - SÉRIE 8R -","-","true","https://cdn.appmaq.com.br/appmaq-media/manuals/0195b3ba-39a6-7503-9e59-348abdf4d03d/019eda96-cd01-7370-ac7d-937e4d1fec47.pdf"
"1067","Trator Agrícola","JOHN DEERE","8310R","BOMBAS HIDRÁULICAS TRATOR JOHN DEERE - SÉRIE 8R -","-","true","https://cdn.appmaq.com.br/appmaq-media/manuals/019a37a6-80ff-75f4-94d9-c9e339f00ca5/019eda97-64c7-78ca-8cc5-88c09dee5e4a.pdf"
"1068","Trator Agrícola","JOHN DEERE","8310R","CATALOGO DE PEÇAS DE REPOSIÇÃO DOS TRATORES JOHN DEERE","-","true","https://cdn.appmaq.com.br/appmaq-media/manuals/019a37a6-80ff-75f4-94d9-c9e339f00ca5/019e50ff-0292-7f34-bf48-722369e9fc3b.pdf"
"1069","Trator Agrícola","JOHN DEERE","8310R","CATALOGO DE PEÇAS DOS TRATORES JOHN DEERE","-","true","https://cdn.appmaq.com.br/appmaq-media/manuals/019a37a6-80ff-75f4-94d9-c9e339f00ca5/019e50ff-02ea-75b1-abcb-3e2873a926c4.pdf"
"1070","Trator Agrícola","JOHN DEERE","8310R","CENTRO DE CARGA ELETRÔNICA TRATOR - JOHN DEERE - SÉRIE 8R -","-","true","https://cdn.appmaq.com.br/appmaq-media/manuals/019a37a6-80ff-75f4-94d9-c9e339f00ca5/019eda97-64e8-723c-9ff2-4bec72ad3fe6.pdf"
"1071","Trator Agrícola","JOHN DEERE","8310R","CENTRO DE COMANDO TRATOR - JOHN DEERE - SÉRIE 8R -","-","true","https://cdn.appmaq.com.br/appmaq-media/manuals/019a37a6-80ff-75f4-94d9-c9e339f00ca5/019eda97-6504-7709-a2be-19f6fc2cdf1d.pdf"
"1072","Trator Agrícola","JOHN DEERE","8310R","COMPONENTES AMS INSTALADO DE FABRICA - TRATOR JOHN DEERE - SÉRIE 8R -","-","true","https://cdn.appmaq.com.br/appmaq-media/manuals/019a37a6-80ff-75f4-94d9-c9e339f00ca5/019eda97-6582-779e-94a0-0ac3e5e75b54.pdf"
"1073","Trator Agrícola","JOHN DEERE","8310R","CONTROLES ELETRÔNICOS TRATOR - JOHN DEERE - SÉRIE 8R -","-","true","https://cdn.appmaq.com.br/appmaq-media/manuals/019a37a6-80ff-75f4-94d9-c9e339f00ca5/019eda97-65ff-71c1-8e9e-47c7ec5a374d.pdf"
"1074","Trator Agrícola","JOHN DEERE","8310R","CONTROLE TRANSMISSÃO POWER SHIFT TRATOR - JOHN DEERE - SÉRIE 8R -","-","true","https://cdn.appmaq.com.br/appmaq-media/manuals/019a37a6-80ff-75f4-94d9-c9e339f00ca5/019eda97-65b2-7129-9e69-6713b08d64ab.pdf"
"1075","Trator Agrícola","JOHN DEERE","8310R","DIAGNOSTICOS TRATORES - JOHN DEERE - SÉRIE 8R -","-","true","https://cdn.appmaq.com.br/appmaq-media/manuals/019a37a6-80ff-75f4-94d9-c9e339f00ca5/019eda97-6672-7bcd-b3e1-805a8e3a246b.pdf"
"1076","Trator Agrícola","JOHN DEERE","8310R","ESPECIFICAÇÕES DOS TRATORES AGRICOLAS JOHN DEERE 8R","-","true","https://cdn.appmaq.com.br/appmaq-media/manuals/019a37a6-80ff-75f4-94d9-c9e339f00ca5/019e50ff-056f-7345-a21c-3a159dfe37be.pdf"
"1077","Trator Agrícola","JOHN DEERE","8310R","GUIA RÁPIDO DO TRATOR JOHN DEERE SÉRIE 8R","-","true","https://cdn.appmaq.com.br/appmaq-media/manuals/019a37a6-80ff-75f4-94d9-c9e339f00ca5/019e50ff-07ae-782c-9c7e-9b9a818bef74.pdf"
"1078","Trator Agrícola","JOHN DEERE","8310R","GUIA RAPIDO TRATORES - JOHN DEERE - SÉRIE 8R","-","true","https://cdn.appmaq.com.br/appmaq-media/manuals/019a37a6-80ff-75f4-94d9-c9e339f00ca5/019eda97-6929-76ac-926c-3c9266f8ef7c.pdf"
"1079","Trator Agrícola","JOHN DEERE","8310R","HVAC TRATORES - JOHN DEERE - SÉRIE 8R -","-","true","https://cdn.appmaq.com.br/appmaq-media/manuals/019a37a6-80ff-75f4-94d9-c9e339f00ca5/019eda97-6a74-7ac8-a057-f018be130e5b.pdf"
"1080","Trator Agrícola","JOHN DEERE","8310R","ITEC- CONTROLE INTELIGENTE TRATOR - JOHNDEERE - SÉRIE 8R -","-","true","https://cdn.appmaq.com.br/appmaq-media/manuals/019a37a6-80ff-75f4-94d9-c9e339f00ca5/019eda97-6ae9-7bf0-8841-8d4707b527ab.pdf"
"1081","Trator Agrícola","JOHN DEERE","8310R","MANUAL DE TREINAMENTO PARA OS TRATORES JOHN DEERE 8R","-","true","https://cdn.appmaq.com.br/appmaq-media/manuals/019a37a6-80ff-75f4-94d9-c9e339f00ca5/019e50ff-084f-7ca8-8b12-764595652dea.pdf"
"1082","Trator Agrícola","JOHN DEERE","8310R","MANUAL DO OPERADOR DOS TRATORES JOHN DEERE 8235R, 8260R,8285R, 8310R, 8335R E 8360R","-","true","https://cdn.appmaq.com.br/appmaq-media/manuals/019a37a6-80ff-75f4-94d9-c9e339f00ca5/019e50ff-09e3-7059-97ad-7d3c05dd4ef9.pdf"
"1083","Trator Agrícola","JOHN DEERE","8310R","MANUAL OPERADOR DOS TRATORES JOHN DEERE 8235R 8260R 8285R 8310R 8335R E 8360R","-","true","https://cdn.appmaq.com.br/appmaq-media/manuals/019a37a6-80ff-75f4-94d9-c9e339f00ca5/019e50ff-0d50-7f9d-81ff-7fde7a3dc065.pdf"
"1084","Trator Agrícola","JOHN DEERE","8310R","MANUAL OPERADOR DOS TRATORES JOHN DEERE SERIE 8R","-","true","https://cdn.appmaq.com.br/appmaq-media/manuals/019a37a6-80ff-75f4-94d9-c9e339f00ca5/019e50ff-10b3-77b7-be2b-fe265b9f79ea.pdf"
"1085","Trator Agrícola","JOHN DEERE","8310R","MANUAL TÉCNICO TRATORES - JOHN DEERE - SÉRIE 8R -","-","true","https://cdn.appmaq.com.br/appmaq-media/manuals/019a37a6-80ff-75f4-94d9-c9e339f00ca5/019eda97-6bd5-778d-a70b-c882b8276e62.pdf"
"1086","Trator Agrícola","JOHN DEERE","8310R","MOTOR E SISTEMA DE COMBUSTÍVEL TRATOR - JOHN DEERE - SÉRIE 8R -","-","true","https://cdn.appmaq.com.br/appmaq-media/manuals/019a37a6-80ff-75f4-94d9-c9e339f00ca5/019eda97-6f6d-7c11-9dc8-b373fc91cfc7.pdf"
"1087","Trator Agrícola","JOHN DEERE","8310R","PEÇAS DE REPOSIÇÃO PARA TRATORES TRATOR JOHN DEERE EM INGLES","-","true","https://cdn.appmaq.com.br/appmaq-media/manuals/019a37a6-80ff-75f4-94d9-c9e339f00ca5/019e50ff-1472-7fea-8521-830873e4857b.pdf"
"1088","Trator Agrícola","JOHN DEERE","8310R","RODAS EIXOS E PNEUS DIANTEIRO TRATOR - SÉRIE 8R -","-","true","https://cdn.appmaq.com.br/appmaq-media/manuals/019a37a6-80ff-75f4-94d9-c9e339f00ca5/019eda97-7049-7084-a119-a463a6665ddc.pdf"
"1089","Trator Agrícola","JOHN DEERE","8310R","SISTEMA DE ADMISSÃO E DE ARREFECIMENTO DO MOTOR - TRATORES - SÉRIE 8R","-","true","https://cdn.appmaq.com.br/appmaq-media/manuals/019a37a6-80ff-75f4-94d9-c9e339f00ca5/019eda97-7309-761e-a4d8-d8314a2685f4.pdf"
"1090","Trator Agrícola","JOHN DEERE","8310R","SISTEMA DE REDE CAN BUS TRATOR - JOHN DEERE - SÉRIE 8R -","-","true","https://cdn.appmaq.com.br/appmaq-media/manuals/019a37a6-80ff-75f4-94d9-c9e339f00ca5/019eda97-7540-7d27-8a25-a4a07e28409d.pdf"
"1091","Trator Agrícola","JOHN DEERE","8310R","SISTEMA ELÉTRICO TRATOR - JOHN DEERE - SÉRIE 8R -","-","true","https://cdn.appmaq.com.br/appmaq-media/manuals/019a37a6-80ff-75f4-94d9-c9e339f00ca5/019eda97-76a8-795e-81a8-bd990eb108f5.pdf"
"1092","Trator Agrícola","JOHN DEERE","8310R","SISTEMAS HIDRÁULICOS TRATOR - JOHN DEERE - SÉRIE 8R -","-","true","https://cdn.appmaq.com.br/appmaq-media/manuals/019a37a6-80ff-75f4-94d9-c9e339f00ca5/019eda97-7718-7d63-b35c-2ce6ac5ed7c5.pdf"
"1093","Trator Agrícola","JOHN DEERE","8310R","TRANSMISSÃO POWER SHIFT MECANICA E FLUXO DE POTENCIA TRATOR -JOHN DEERE - SÉRIE 8R -","-","true","https://cdn.appmaq.com.br/appmaq-media/manuals/019a37a6-80ff-75f4-94d9-c9e339f00ca5/019eda97-7843-7214-bd4f-7884b8acaebb.pdf"
"1094","Trator Agrícola","JOHN DEERE","8310R","VCRs TRATOR - JOHN DEERE - SÉRIE 8R -","-","true","https://cdn.appmaq.com.br/appmaq-media/manuals/019a37a6-80ff-75f4-94d9-c9e339f00ca5/019eda97-7aa8-7443-aab8-2d44f6da8bfb.pdf"
"1095","Trator Agrícola","JOHN DEERE","8320R","BOMBAS HIDRÁULICAS TRATOR JOHN DEERE - SÉRIE 8R -","-","true","https://cdn.appmaq.com.br/appmaq-media/manuals/01957100-b0df-77af-b239-474777f50308/019eda98-12cb-7f39-8069-46b80d81e1d8.pdf"
"1096","Trator Agrícola","JOHN DEERE","8320R","CATALOGO DE PEÇAS DE REPOSIÇÃO DOS TRATORES JOHN DEERE","-","true","https://cdn.appmaq.com.br/appmaq-media/manuals/01957100-b0df-77af-b239-474777f50308/019e50ff-dc1e-7bcb-b72b-bae0fe5e429e.pdf"
"1097","Trator Agrícola","JOHN DEERE","8320R","CATALOGO DE PEÇAS DOS TRATORES JOHN DEERE","-","true","https://cdn.appmaq.com.br/appmaq-media/manuals/01957100-b0df-77af-b239-474777f50308/019e50ff-dc79-79f7-986b-6c734eedf8b3.pdf"
"1098","Trator Agrícola","JOHN DEERE","8320R","CENTRO DE CARGA ELETRÔNICA TRATOR - JOHN DEERE - SÉRIE 8R -","-","true","https://cdn.appmaq.com.br/appmaq-media/manuals/01957100-b0df-77af-b239-474777f50308/019eda98-12f0-798d-9197-c2a919043af0.pdf"
"1099","Trator Agrícola","JOHN DEERE","8320R","CENTRO DE COMANDO TRATOR - JOHN DEERE - SÉRIE 8R -","-","true","https://cdn.appmaq.com.br/appmaq-media/manuals/01957100-b0df-77af-b239-474777f50308/019eda98-1323-75ca-a659-dff54c49290e.pdf"
"1100","Trator Agrícola","JOHN DEERE","8320R","COMPONENTES AMS INSTALADO DE FABRICA - TRATOR JOHN DEERE - SÉRIE 8R -","-","true","https://cdn.appmaq.com.br/appmaq-media/manuals/01957100-b0df-77af-b239-474777f50308/019eda98-13bf-7ee3-9593-cbfcaf356c70.pdf"
"1101","Trator Agrícola","JOHN DEERE","8320R","CONTROLES ELETRÔNICOS TRATOR - JOHN DEERE - SÉRIE 8R -","-","true","https://cdn.appmaq.com.br/appmaq-media/manuals/01957100-b0df-77af-b239-474777f50308/019eda98-1471-7f20-8157-198f647bde55.pdf"
"1102","Trator Agrícola","JOHN DEERE","8320R","CONTROLE TRANSMISSÃO POWER SHIFT TRATOR - JOHN DEERE - SÉRIE 8R -","-","true","https://cdn.appmaq.com.br/appmaq-media/manuals/01957100-b0df-77af-b239-474777f50308/019eda98-1417-7552-a822-13dfbe24b6dd.pdf"
"1103","Trator Agrícola","JOHN DEERE","8320R","DIAGNOSTICOS TRATORES - JOHN DEERE - SÉRIE 8R -","-","true","https://cdn.appmaq.com.br/appmaq-media/manuals/01957100-b0df-77af-b239-474777f50308/019eda98-14e6-7fa7-8ed6-c88f78276322.pdf"
"1104","Trator Agrícola","JOHN DEERE","8320R","ESPECIFICAÇÕES DOS TRATORES AGRICOLAS JOHN DEERE 8R","-","true","https://cdn.appmaq.com.br/appmaq-media/manuals/01957100-b0df-77af-b239-474777f50308/019e50ff-de8b-7b8e-bbad-796b5a247da0.pdf"
"1105","Trator Agrícola","JOHN DEERE","8320R","GUIA RÁPIDO DO TRATOR JOHN DEERE SÉRIE 8R","-","true","https://cdn.appmaq.com.br/appmaq-media/manuals/01957100-b0df-77af-b239-474777f50308/019e50ff-deb6-7c8e-b6db-7cff62bd92d9.pdf"
"1106","Trator Agrícola","JOHN DEERE","8320R","GUIA RAPIDO TRATORES - JOHN DEERE - SÉRIE 8R","-","true","https://cdn.appmaq.com.br/appmaq-media/manuals/01957100-b0df-77af-b239-474777f50308/019eda98-1530-741a-9b7e-6528d9b04ea9.pdf"
"1107","Trator Agrícola","JOHN DEERE","8320R","HVAC TRATORES - JOHN DEERE - SÉRIE 8R -","-","true","https://cdn.appmaq.com.br/appmaq-media/manuals/01957100-b0df-77af-b239-474777f50308/019eda98-15ac-7f7b-a9e1-fd6aa3e58062.pdf"
"1108","Trator Agrícola","JOHN DEERE","8320R","ITEC- CONTROLE INTELIGENTE TRATOR - JOHNDEERE - SÉRIE 8R -","-","true","https://cdn.appmaq.com.br/appmaq-media/manuals/01957100-b0df-77af-b239-474777f50308/019eda98-167d-7b0d-896c-c59c8e43f90d.pdf"
"1109","Trator Agrícola","JOHN DEERE","8320R","MANUAL DE TREINAMENTO PARA OS TRATORES JOHN DEERE 8R","-","true","https://cdn.appmaq.com.br/appmaq-media/manuals/01957100-b0df-77af-b239-474777f50308/019e50ff-e0dd-78e9-b561-d83bc1f5bd86.pdf"
"1110","Trator Agrícola","JOHN DEERE","8320R","MANUAL OPERADOR DOS TRATORES JOHN DEERE SERIE 8R","-","true","https://cdn.appmaq.com.br/appmaq-media/manuals/01957100-b0df-77af-b239-474777f50308/019e50ff-e2df-7b76-9c8c-5f2e43ba34ff.pdf"
"1111","Trator Agrícola","JOHN DEERE","8320R","MANUAL TECNICO DE DIAGNOSTICO DOS TRATORES JOHN DEERE 8225R, 8245R ,8270R, 8295R ,8320R E 8345R","-","true","https://cdn.appmaq.com.br/appmaq-media/manuals/01957100-b0df-77af-b239-474777f50308/019e5100-ff06-7cbb-8ee9-ca9ecdd68055.pdf"
"1112","Trator Agrícola","JOHN DEERE","8320R","MANUAL TÉCNICO TRATORES - JOHN DEERE - SÉRIE 8R -","-","true","https://cdn.appmaq.com.br/appmaq-media/manuals/01957100-b0df-77af-b239-474777f50308/019eda98-16d6-7995-b545-156ca8e0fb78.pdf"
"1113","Trator Agrícola","JOHN DEERE","8320R","MOTOR E SISTEMA DE COMBUSTÍVEL TRATOR - JOHN DEERE - SÉRIE 8R -","-","true","https://cdn.appmaq.com.br/appmaq-media/manuals/01957100-b0df-77af-b239-474777f50308/019eda98-18d4-70c9-8101-770cec7590d5.pdf"
"1114","Trator Agrícola","JOHN DEERE","8320R","PEÇAS DE REPOSIÇÃO PARA TRATORES TRATOR JOHN DEERE EM INGLES","-","true","https://cdn.appmaq.com.br/appmaq-media/manuals/01957100-b0df-77af-b239-474777f50308/019e50ff-e499-7430-bbb5-30dc1e38ad39.pdf"
"1115","Trator Agrícola","JOHN DEERE","8320R","RODAS EIXOS E PNEUS DIANTEIRO TRATOR - SÉRIE 8R -","-","true","https://cdn.appmaq.com.br/appmaq-media/manuals/01957100-b0df-77af-b239-474777f50308/019eda98-192a-785a-9b8d-5e8ba95cf6f1.pdf"
"1116","Trator Agrícola","JOHN DEERE","8320R","SISTEMA DE ADMISSÃO E DE ARREFECIMENTO DO MOTOR - TRATORES - SÉRIE 8R","-","true","https://cdn.appmaq.com.br/appmaq-media/manuals/01957100-b0df-77af-b239-474777f50308/019eda98-1a14-7774-9071-51522ba8bb9e.pdf"
"1117","Trator Agrícola","JOHN DEERE","8320R","SISTEMA DE REDE CAN BUS TRATOR - JOHN DEERE - SÉRIE 8R -","-","true","https://cdn.appmaq.com.br/appmaq-media/manuals/01957100-b0df-77af-b239-474777f50308/019eda98-1a7e-7da0-b3e3-afaeff5457cd.pdf"
"1118","Trator Agrícola","JOHN DEERE","8320R","SISTEMA ELÉTRICO TRATOR - JOHN DEERE - SÉRIE 8R -","-","true","https://cdn.appmaq.com.br/appmaq-media/manuals/01957100-b0df-77af-b239-474777f50308/019eda98-1b59-7adf-b73b-bdc2c16c228f.pdf"
"1119","Trator Agrícola","JOHN DEERE","8320R","SISTEMAS HIDRÁULICOS TRATOR - JOHN DEERE - SÉRIE 8R -","-","true","https://cdn.appmaq.com.br/appmaq-media/manuals/01957100-b0df-77af-b239-474777f50308/019eda98-1bab-717b-a379-cc1b7411c7f0.pdf"
"1120","Trator Agrícola","JOHN DEERE","8320R","TRANSMISSÃO POWER SHIFT MECANICA E FLUXO DE POTENCIA TRATOR -JOHN DEERE - SÉRIE 8R -","-","true","https://cdn.appmaq.com.br/appmaq-media/manuals/01957100-b0df-77af-b239-474777f50308/019eda98-1c02-7e99-b715-94387d7d4e30.pdf"
"1121","Trator Agrícola","JOHN DEERE","8320R","VCRs TRATOR - JOHN DEERE - SÉRIE 8R -","-","true","https://cdn.appmaq.com.br/appmaq-media/manuals/01957100-b0df-77af-b239-474777f50308/019eda98-1c63-712b-9d5d-f53272f6beb3.pdf"
"1122","Trator Agrícola","JOHN DEERE","8335R","BOMBAS HIDRÁULICAS TRATOR JOHN DEERE - SÉRIE 8R -","-","true","https://cdn.appmaq.com.br/appmaq-media/manuals/0195b3ba-39a6-771a-ba95-d00fff0790c0/019eda98-8bed-753c-acf7-a0e4888e8aa2.pdf"
"1123","Trator Agrícola","JOHN DEERE","8335R","CATALOGO DE PEÇAS DE REPOSIÇÃO DOS TRATORES JOHN DEERE","-","true","https://cdn.appmaq.com.br/appmaq-media/manuals/0195b3ba-39a6-771a-ba95-d00fff0790c0/019e5101-f79f-7820-8b38-25429f8422d5.pdf"
"1124","Trator Agrícola","JOHN DEERE","8335R","CATALOGO DE PEÇAS DOS TRATORES JOHN DEERE","-","true","https://cdn.appmaq.com.br/appmaq-media/manuals/0195b3ba-39a6-771a-ba95-d00fff0790c0/019e5101-f7f7-7eb0-b1a4-93cf6eb04759.pdf"
"1125","Trator Agrícola","JOHN DEERE","8335R","CENTRO DE CARGA ELETRÔNICA TRATOR - JOHN DEERE - SÉRIE 8R -","-","true","https://cdn.appmaq.com.br/appmaq-media/manuals/0195b3ba-39a6-771a-ba95-d00fff0790c0/019eda98-8c29-7a10-810e-c305c74b9b8e.pdf"
"1126","Trator Agrícola","JOHN DEERE","8335R","CENTRO DE COMANDO TRATOR - JOHN DEERE - SÉRIE 8R -","-","true","https://cdn.appmaq.com.br/appmaq-media/manuals/0195b3ba-39a6-771a-ba95-d00fff0790c0/019eda98-8c8e-73f2-9675-43fca7e4da04.pdf"
"1127","Trator Agrícola","JOHN DEERE","8335R","COMPONENTES AMS INSTALADO DE FABRICA - TRATOR JOHN DEERE - SÉRIE 8R -","-","true","https://cdn.appmaq.com.br/appmaq-media/manuals/0195b3ba-39a6-771a-ba95-d00fff0790c0/019eda98-8ce9-778c-8c97-c1c119fbf7d5.pdf"
"1128","Trator Agrícola","JOHN DEERE","8335R","CONTROLES ELETRÔNICOS TRATOR - JOHN DEERE - SÉRIE 8R -","-","true","https://cdn.appmaq.com.br/appmaq-media/manuals/0195b3ba-39a6-771a-ba95-d00fff0790c0/019eda98-8d98-755d-b07d-8062a802af62.pdf"
"1129","Trator Agrícola","JOHN DEERE","8335R","CONTROLE TRANSMISSÃO POWER SHIFT TRATOR - JOHN DEERE - SÉRIE 8R -","-","true","https://cdn.appmaq.com.br/appmaq-media/manuals/0195b3ba-39a6-771a-ba95-d00fff0790c0/019eda98-8d3f-735c-87d5-ff585bf0f3a7.pdf"
"1130","Trator Agrícola","JOHN DEERE","8335R","DIAGNOSTICOS TRATORES - JOHN DEERE - SÉRIE 8R -","-","true","https://cdn.appmaq.com.br/appmaq-media/manuals/0195b3ba-39a6-771a-ba95-d00fff0790c0/019eda98-8e18-7b71-b013-1482463cafdf.pdf"
"1131","Trator Agrícola","JOHN DEERE","8335R","ESPECIFICAÇÕES DOS TRATORES AGRICOLAS JOHN DEERE 8R","-","true","https://cdn.appmaq.com.br/appmaq-media/manuals/0195b3ba-39a6-771a-ba95-d00fff0790c0/019e5101-fa8c-7978-a74d-3e7c65a31971.pdf"
"1132","Trator Agrícola","JOHN DEERE","8335R","GUIA RÁPIDO DO TRATOR JOHN DEERE SÉRIE 8R","-","true","https://cdn.appmaq.com.br/appmaq-media/manuals/0195b3ba-39a6-771a-ba95-d00fff0790c0/019e5101-fc9f-7548-a765-64760d2dfd0f.pdf"
"1133","Trator Agrícola","JOHN DEERE","8335R","GUIA RAPIDO TRATORES - JOHN DEERE - SÉRIE 8R","-","true","https://cdn.appmaq.com.br/appmaq-media/manuals/0195b3ba-39a6-771a-ba95-d00fff0790c0/019eda98-8e54-7196-a6dd-70827fe1b342.pdf"
"1134","Trator Agrícola","JOHN DEERE","8335R","HVAC TRATORES - JOHN DEERE - SÉRIE 8R -","-","true","https://cdn.appmaq.com.br/appmaq-media/manuals/0195b3ba-39a6-771a-ba95-d00fff0790c0/019eda98-8ebf-7816-9736-42bfba483c4e.pdf"
"1135","Trator Agrícola","JOHN DEERE","8335R","ITEC- CONTROLE INTELIGENTE TRATOR - JOHNDEERE - SÉRIE 8R -","-","true","https://cdn.appmaq.com.br/appmaq-media/manuals/0195b3ba-39a6-771a-ba95-d00fff0790c0/019eda98-8f94-7ad2-926d-69b313184faa.pdf"
"1136","Trator Agrícola","JOHN DEERE","8335R","MANUAL DE TREINAMENTO PARA OS TRATORES JOHN DEERE 8R","-","true","https://cdn.appmaq.com.br/appmaq-media/manuals/0195b3ba-39a6-771a-ba95-d00fff0790c0/019e5101-fd42-7803-82fc-46666b22605d.pdf"
"1137","Trator Agrícola","JOHN DEERE","8335R","MANUAL DO OPERADOR DOS TRATORES JOHN DEERE - 8235R - 8260R -8285R - 8310R- 8335R- 8360R","-","true","https://cdn.appmaq.com.br/appmaq-media/manuals/0195b3ba-39a6-771a-ba95-d00fff0790c0/019e5101-fed2-71c7-b915-642059781f3e.pdf"
"1138","Trator Agrícola","JOHN DEERE","8335R","MANUAL OPERADOR DOS TRATORES JOHN DEERE SERIE 8R","-","true","https://cdn.appmaq.com.br/appmaq-media/manuals/0195b3ba-39a6-771a-ba95-d00fff0790c0/019e5102-03cc-7b9b-85ad-da80b4031758.pdf"
"1139","Trator Agrícola","JOHN DEERE","8335R","MANUAL TÉCNICO TRATORES - JOHN DEERE - SÉRIE 8R -","-","true","https://cdn.appmaq.com.br/appmaq-media/manuals/0195b3ba-39a6-771a-ba95-d00fff0790c0/019eda98-8fef-7aed-8088-d85263affecd.pdf"
"1140","Trator Agrícola","JOHN DEERE","8335R","MOTOR E SISTEMA DE COMBUSTÍVEL TRATOR - JOHN DEERE - SÉRIE 8R -","-","true","https://cdn.appmaq.com.br/appmaq-media/manuals/0195b3ba-39a6-771a-ba95-d00fff0790c0/019eda98-91fb-7b5d-83fe-c200243d8ef3.pdf"
"1141","Trator Agrícola","JOHN DEERE","8335R","PEÇAS DE REPOSIÇÃO PARA TRATORES TRATOR JOHN DEERE EM INGLES","-","true","https://cdn.appmaq.com.br/appmaq-media/manuals/0195b3ba-39a6-771a-ba95-d00fff0790c0/019e5102-085f-7a79-aae3-a06882b958bc.pdf"
"1142","Trator Agrícola","JOHN DEERE","8335R","RODAS EIXOS E PNEUS DIANTEIRO TRATOR - SÉRIE 8R -","-","true","https://cdn.appmaq.com.br/appmaq-media/manuals/0195b3ba-39a6-771a-ba95-d00fff0790c0/019eda98-9276-76a5-898e-dc8642d9ccde.pdf"
"1143","Trator Agrícola","JOHN DEERE","8335R","SISTEMA DE ADMISSÃO E DE ARREFECIMENTO DO MOTOR - TRATORES - SÉRIE 8R","-","true","https://cdn.appmaq.com.br/appmaq-media/manuals/0195b3ba-39a6-771a-ba95-d00fff0790c0/019eda98-9332-7603-b36c-8c03b6c788db.pdf"
"1144","Trator Agrícola","JOHN DEERE","8335R","SISTEMA DE REDE CAN BUS TRATOR - JOHN DEERE - SÉRIE 8R -","-","true","https://cdn.appmaq.com.br/appmaq-media/manuals/0195b3ba-39a6-771a-ba95-d00fff0790c0/019eda98-9412-7ab0-81a8-5ecef77170ee.pdf"
"1145","Trator Agrícola","JOHN DEERE","8335R","SISTEMA ELÉTRICO TRATOR - JOHN DEERE - SÉRIE 8R -","-","true","https://cdn.appmaq.com.br/appmaq-media/manuals/0195b3ba-39a6-771a-ba95-d00fff0790c0/019eda98-94a7-71dc-8891-168ae8e5ff76.pdf"
"1146","Trator Agrícola","JOHN DEERE","8335R","SISTEMAS HIDRÁULICOS TRATOR - JOHN DEERE - SÉRIE 8R -","-","true","https://cdn.appmaq.com.br/appmaq-media/manuals/0195b3ba-39a6-771a-ba95-d00fff0790c0/019eda98-94f8-79f0-9518-433626af0268.pdf"
"1147","Trator Agrícola","JOHN DEERE","8335R","TRANSMISSÃO POWER SHIFT MECANICA E FLUXO DE POTENCIA TRATOR -JOHN DEERE - SÉRIE 8R -","-","true","https://cdn.appmaq.com.br/appmaq-media/manuals/0195b3ba-39a6-771a-ba95-d00fff0790c0/019eda98-954a-7303-8a1f-a50c26146680.pdf"
"1148","Trator Agrícola","JOHN DEERE","8335R","VCRs TRATOR - JOHN DEERE - SÉRIE 8R -","-","true","https://cdn.appmaq.com.br/appmaq-media/manuals/0195b3ba-39a6-771a-ba95-d00fff0790c0/019eda98-95d4-7a7d-8986-b5689a9f5de8.pdf"
"1149","Trator Agrícola","JOHN DEERE","8345R","BOMBAS HIDRÁULICAS TRATOR JOHN DEERE - SÉRIE 8R -","-","true","https://cdn.appmaq.com.br/appmaq-media/manuals/01957100-b0df-73d0-b782-f488e33fd5a9/019eda99-0bc4-7b78-bed8-ac8cb3ba6a4a.pdf"
"1150","Trator Agrícola","JOHN DEERE","8345R","CATALOGO DE PEÇAS DE REPOSIÇÃO DOS TRATORES JOHN DEERE","-","true","https://cdn.appmaq.com.br/appmaq-media/manuals/01957100-b0df-73d0-b782-f488e33fd5a9/019e510d-f227-7c2a-af21-d2d0ddb03e31.pdf"
"1151","Trator Agrícola","JOHN DEERE","8345R","CATALOGO DE PEÇAS DOS TRATORES JOHN DEERE","-","true","https://cdn.appmaq.com.br/appmaq-media/manuals/01957100-b0df-73d0-b782-f488e33fd5a9/019e510d-f287-770a-be6d-b09e985b2fd5.pdf"
"1152","Trator Agrícola","JOHN DEERE","8345R","CENTRO DE CARGA ELETRÔNICA TRATOR - JOHN DEERE - SÉRIE 8R -","-","true","https://cdn.appmaq.com.br/appmaq-media/manuals/01957100-b0df-73d0-b782-f488e33fd5a9/019eda99-0bec-7eef-805b-d311308592ee.pdf"
"1153","Trator Agrícola","JOHN DEERE","8345R","CENTRO DE COMANDO TRATOR - JOHN DEERE - SÉRIE 8R -","-","true","https://cdn.appmaq.com.br/appmaq-media/manuals/01957100-b0df-73d0-b782-f488e33fd5a9/019eda99-0c46-7545-8ed4-3f9faf703b97.pdf"
"1154","Trator Agrícola","JOHN DEERE","8345R","COMPONENTES AMS INSTALADO DE FABRICA - TRATOR JOHN DEERE - SÉRIE 8R -","-","true","https://cdn.appmaq.com.br/appmaq-media/manuals/01957100-b0df-73d0-b782-f488e33fd5a9/019eda99-0ca1-7615-bf67-5837f1d8f6ae.pdf"
"1155","Trator Agrícola","JOHN DEERE","8345R","CONTROLES ELETRÔNICOS TRATOR - JOHN DEERE - SÉRIE 8R -","-","true","https://cdn.appmaq.com.br/appmaq-media/manuals/01957100-b0df-73d0-b782-f488e33fd5a9/019eda99-0d1a-789f-8249-d30acffd58a4.pdf"
"1156","Trator Agrícola","JOHN DEERE","8345R","CONTROLE TRANSMISSÃO POWER SHIFT TRATOR - JOHN DEERE - SÉRIE 8R -","-","true","https://cdn.appmaq.com.br/appmaq-media/manuals/01957100-b0df-73d0-b782-f488e33fd5a9/019eda99-0ccd-739d-be99-c6f21a8ea4c6.pdf"
"1157","Trator Agrícola","JOHN DEERE","8345R","DIAGNOSTICOS TRATORES - JOHN DEERE - SÉRIE 8R -","-","true","https://cdn.appmaq.com.br/appmaq-media/manuals/01957100-b0df-73d0-b782-f488e33fd5a9/019eda99-0d95-7abe-a5b9-cec951dea7fd.pdf"
"1158","Trator Agrícola","JOHN DEERE","8345R","ESPECIFICAÇÕES DOS TRATORES AGRICOLAS JOHN DEERE 8R","-","true","https://cdn.appmaq.com.br/appmaq-media/manuals/01957100-b0df-73d0-b782-f488e33fd5a9/019e510d-f4ea-7b9b-a213-d4fe1a69778e.pdf"
"1159","Trator Agrícola","JOHN DEERE","8345R","GUIA RÁPIDO DO TRATOR JOHN DEERE SÉRIE 8R","-","true","https://cdn.appmaq.com.br/appmaq-media/manuals/01957100-b0df-73d0-b782-f488e33fd5a9/019e510d-f603-7043-b06f-c23d0c2a1145.pdf"
"1160","Trator Agrícola","JOHN DEERE","8345R","GUIA RAPIDO TRATORES - JOHN DEERE - SÉRIE 8R","-","true","https://cdn.appmaq.com.br/appmaq-media/manuals/01957100-b0df-73d0-b782-f488e33fd5a9/019eda99-0dec-7b2e-a101-db031d0fecc6.pdf"
"1161","Trator Agrícola","JOHN DEERE","8345R","HVAC TRATORES - JOHN DEERE - SÉRIE 8R -","-","true","https://cdn.appmaq.com.br/appmaq-media/manuals/01957100-b0df-73d0-b782-f488e33fd5a9/019eda99-0e69-73ef-90fe-239a911d85a8.pdf"
"1162","Trator Agrícola","JOHN DEERE","8345R","ITEC- CONTROLE INTELIGENTE TRATOR - JOHNDEERE - SÉRIE 8R -","-","true","https://cdn.appmaq.com.br/appmaq-media/manuals/01957100-b0df-73d0-b782-f488e33fd5a9/019eda99-0eb3-7607-966b-801fbc1bfb8a.pdf"
"1163","Trator Agrícola","JOHN DEERE","8345R","MANUAL DE TREINAMENTO PARA OS TRATORES JOHN DEERE 8R","-","true","https://cdn.appmaq.com.br/appmaq-media/manuals/01957100-b0df-73d0-b782-f488e33fd5a9/019e510d-f689-775a-bd13-a078abba1e63.pdf"
"1164","Trator Agrícola","JOHN DEERE","8345R","MANUAL OPERADOR DOS TRATORES JOHN DEERE SERIE 8R","-","true","https://cdn.appmaq.com.br/appmaq-media/manuals/01957100-b0df-73d0-b782-f488e33fd5a9/019e510d-f8d8-7787-91f6-9457e47cabf9.pdf"
"1165","Trator Agrícola","JOHN DEERE","8345R","MANUAL TECNICO DE DIAGNOSTICO DOS TRATORES JOHN DEERE 8225R, 8245R ,8270R, 8295R ,8320R E 8345R","-","true","https://cdn.appmaq.com.br/appmaq-media/manuals/01957100-b0df-73d0-b782-f488e33fd5a9/019e510e-b364-7ab7-9728-f5cc014693ef.pdf"
"1166","Trator Agrícola","JOHN DEERE","8345R","MANUAL TÉCNICO TRATORES - JOHN DEERE - SÉRIE 8R -","-","true","https://cdn.appmaq.com.br/appmaq-media/manuals/01957100-b0df-73d0-b782-f488e33fd5a9/019eda99-0faa-7d72-82c5-8d69bf082a41.pdf"
"1167","Trator Agrícola","JOHN DEERE","8345R","MOTOR E SISTEMA DE COMBUSTÍVEL TRATOR - JOHN DEERE - SÉRIE 8R -","-","true","https://cdn.appmaq.com.br/appmaq-media/manuals/01957100-b0df-73d0-b782-f488e33fd5a9/019eda99-1277-7b9c-b296-41db5f8627de.pdf"
"1168","Trator Agrícola","JOHN DEERE","8345R","PEÇAS DE REPOSIÇÃO PARA TRATORES TRATOR JOHN DEERE EM INGLES","-","true","https://cdn.appmaq.com.br/appmaq-media/manuals/01957100-b0df-73d0-b782-f488e33fd5a9/019e510d-fb8d-7229-9c3f-0395ac3fe66c.pdf"
"1169","Trator Agrícola","JOHN DEERE","8345R","RODAS EIXOS E PNEUS DIANTEIRO TRATOR - SÉRIE 8R -","-","true","https://cdn.appmaq.com.br/appmaq-media/manuals/01957100-b0df-73d0-b782-f488e33fd5a9/019eda99-12d6-713d-9251-4db436c09440.pdf"
"1170","Trator Agrícola","JOHN DEERE","8345R","SISTEMA DE ADMISSÃO E DE ARREFECIMENTO DO MOTOR - TRATORES - SÉRIE 8R","-","true","https://cdn.appmaq.com.br/appmaq-media/manuals/01957100-b0df-73d0-b782-f488e33fd5a9/019eda99-1382-7ef5-8e20-87ca2f0510c0.pdf"
"1171","Trator Agrícola","JOHN DEERE","8345R","SISTEMA DE REDE CAN BUS TRATOR - JOHN DEERE - SÉRIE 8R -","-","true","https://cdn.appmaq.com.br/appmaq-media/manuals/01957100-b0df-73d0-b782-f488e33fd5a9/019eda99-14a2-7514-bab3-6d6aeae15d77.pdf"
"1172","Trator Agrícola","JOHN DEERE","8345R","SISTEMA ELÉTRICO TRATOR - JOHN DEERE - SÉRIE 8R -","-","true","https://cdn.appmaq.com.br/appmaq-media/manuals/01957100-b0df-73d0-b782-f488e33fd5a9/019eda99-14bb-700a-974e-a0a082486da6.pdf"
"1173","Trator Agrícola","JOHN DEERE","8345R","SISTEMAS HIDRÁULICOS TRATOR - JOHN DEERE - SÉRIE 8R -","-","true","https://cdn.appmaq.com.br/appmaq-media/manuals/01957100-b0df-73d0-b782-f488e33fd5a9/019eda99-1516-70c6-a176-a48b342e5623.pdf"
"1174","Trator Agrícola","JOHN DEERE","8345R","TRANSMISSÃO POWER SHIFT MECANICA E FLUXO DE POTENCIA TRATOR -JOHN DEERE - SÉRIE 8R -","-","true","https://cdn.appmaq.com.br/appmaq-media/manuals/01957100-b0df-73d0-b782-f488e33fd5a9/019eda99-157b-795d-a697-ca7df9c48450.pdf"
"1175","Trator Agrícola","JOHN DEERE","8345R","VCRs TRATOR - JOHN DEERE - SÉRIE 8R -","-","true","https://cdn.appmaq.com.br/appmaq-media/manuals/01957100-b0df-73d0-b782-f488e33fd5a9/019eda99-15bf-73bc-9337-c81e5b579c33.pdf"
"1176","Trator Agrícola","JOHN DEERE","8360R","BOMBAS HIDRÁULICAS TRATOR JOHN DEERE - SÉRIE 8R -","-","true","https://cdn.appmaq.com.br/appmaq-media/manuals/019a3c48-4246-7b4a-b8c5-871cc5da52da/019eda99-8c51-7faf-9b40-f2d2de93b10f.pdf"
"1177","Trator Agrícola","JOHN DEERE","8360R","CATALOGO DE PEÇAS DE REPOSIÇÃO DOS TRATORES JOHN DEERE","-","true","https://cdn.appmaq.com.br/appmaq-media/manuals/019a3c48-4246-7b4a-b8c5-871cc5da52da/019e510f-b9db-786d-999a-79f526777949.pdf"
"1178","Trator Agrícola","JOHN DEERE","8360R","CATALOGO DE PEÇAS DOS TRATORES JOHN DEERE","-","true","https://cdn.appmaq.com.br/appmaq-media/manuals/019a3c48-4246-7b4a-b8c5-871cc5da52da/019e510f-ba35-7ac1-82a9-c7ca36a0c78f.pdf"
"1179","Trator Agrícola","JOHN DEERE","8360R","CENTRO DE CARGA ELETRÔNICA TRATOR - JOHN DEERE - SÉRIE 8R -","-","true","https://cdn.appmaq.com.br/appmaq-media/manuals/019a3c48-4246-7b4a-b8c5-871cc5da52da/019eda99-8c83-79ed-a46a-0e6db15f0548.pdf"
"1180","Trator Agrícola","JOHN DEERE","8360R","CENTRO DE COMANDO TRATOR - JOHN DEERE - SÉRIE 8R -","-","true","https://cdn.appmaq.com.br/appmaq-media/manuals/019a3c48-4246-7b4a-b8c5-871cc5da52da/019eda99-8d28-70f8-b5a4-4a82b57d8df9.pdf"
"1181","Trator Agrícola","JOHN DEERE","8360R","COMPONENTES AMS INSTALADO DE FABRICA - TRATOR JOHN DEERE - SÉRIE 8R -","-","true","https://cdn.appmaq.com.br/appmaq-media/manuals/019a3c48-4246-7b4a-b8c5-871cc5da52da/019eda99-8dc2-716c-8ef0-131117831015.pdf"
"1182","Trator Agrícola","JOHN DEERE","8360R","CONTROLES ELETRÔNICOS TRATOR - JOHN DEERE - SÉRIE 8R -","-","true","https://cdn.appmaq.com.br/appmaq-media/manuals/019a3c48-4246-7b4a-b8c5-871cc5da52da/019eda99-8ef6-7fdf-873c-7f111577b343.pdf"
"1183","Trator Agrícola","JOHN DEERE","8360R","CONTROLE TRANSMISSÃO POWER SHIFT TRATOR - JOHN DEERE - SÉRIE 8R -","-","true","https://cdn.appmaq.com.br/appmaq-media/manuals/019a3c48-4246-7b4a-b8c5-871cc5da52da/019eda99-8e74-7163-8b3d-2258f6df01a3.pdf"
"1184","Trator Agrícola","JOHN DEERE","8360R","DIAGNOSTICOS TRATORES - JOHN DEERE - SÉRIE 8R -","-","true","https://cdn.appmaq.com.br/appmaq-media/manuals/019a3c48-4246-7b4a-b8c5-871cc5da52da/019eda99-8fa6-77d7-82d7-a4491ad3017f.pdf"
"1185","Trator Agrícola","JOHN DEERE","8360R","ESPECIFICAÇÕES DOS TRATORES AGRICOLAS JOHN DEERE 8R","-","true","https://cdn.appmaq.com.br/appmaq-media/manuals/019a3c48-4246-7b4a-b8c5-871cc5da52da/019e510f-bcc5-716e-badc-d633ccb80309.pdf"
"1186","Trator Agrícola","JOHN DEERE","8360R","GUIA RÁPIDO DO TRATOR JOHN DEERE SÉRIE 8R","-","true","https://cdn.appmaq.com.br/appmaq-media/manuals/019a3c48-4246-7b4a-b8c5-871cc5da52da/019e510f-be60-7cac-a39d-768773ea83c4.pdf"
"1187","Trator Agrícola","JOHN DEERE","8360R","GUIA RAPIDO TRATORES - JOHN DEERE - SÉRIE 8R","-","true","https://cdn.appmaq.com.br/appmaq-media/manuals/019a3c48-4246-7b4a-b8c5-871cc5da52da/019eda99-901f-77f3-b1e0-3207b61a1c7d.pdf"
"1188","Trator Agrícola","JOHN DEERE","8360R","HVAC TRATORES - JOHN DEERE - SÉRIE 8R -","-","true","https://cdn.appmaq.com.br/appmaq-media/manuals/019a3c48-4246-7b4a-b8c5-871cc5da52da/019eda99-90da-79de-9ce1-24bd04b01731.pdf"
"1189","Trator Agrícola","JOHN DEERE","8360R","ITEC- CONTROLE INTELIGENTE TRATOR - JOHNDEERE - SÉRIE 8R -","-","true","https://cdn.appmaq.com.br/appmaq-media/manuals/019a3c48-4246-7b4a-b8c5-871cc5da52da/019eda99-91d4-793d-bea7-ebb9684e3f87.pdf"
"1190","Trator Agrícola","JOHN DEERE","8360R","MANUAL DE TREINAMENTO PARA OS TRATORES JOHN DEERE 8R","-","true","https://cdn.appmaq.com.br/appmaq-media/manuals/019a3c48-4246-7b4a-b8c5-871cc5da52da/019e510f-bf0c-7531-a624-72d8b09a1ea8.pdf"
"1191","Trator Agrícola","JOHN DEERE","8360R","MANUAL DO OPERADOR DOS TRATORES JOHN DEERE 8235R, 8260R,8285R, 8310R, 8335R E 8360R","-","true","https://cdn.appmaq.com.br/appmaq-media/manuals/019a3c48-4246-7b4a-b8c5-871cc5da52da/019e510f-c22a-7ef5-9b4b-e90e7626b5b5.pdf"
"1192","Trator Agrícola","JOHN DEERE","8360R","MANUAL OPERADOR DOS TRATORES JOHN DEERE 8235R 8260R 8285R 8310R 8335R E 8360R","-","true","https://cdn.appmaq.com.br/appmaq-media/manuals/019a3c48-4246-7b4a-b8c5-871cc5da52da/019e510f-c4bf-765c-ad5f-e07904f5b5cd.pdf"
"1193","Trator Agrícola","JOHN DEERE","8360R","MANUAL OPERADOR DOS TRATORES JOHN DEERE SERIE 8R","-","true","https://cdn.appmaq.com.br/appmaq-media/manuals/019a3c48-4246-7b4a-b8c5-871cc5da52da/019e510f-c826-701a-97c7-d99c2b5ec462.pdf"
"1194","Trator Agrícola","JOHN DEERE","8360R","MANUAL TÉCNICO TRATORES - JOHN DEERE - SÉRIE 8R -","-","true","https://cdn.appmaq.com.br/appmaq-media/manuals/019a3c48-4246-7b4a-b8c5-871cc5da52da/019eda99-9261-703d-8928-213f5ce4f47f.pdf"
"1195","Trator Agrícola","JOHN DEERE","8360R","MOTOR E SISTEMA DE COMBUSTÍVEL TRATOR - JOHN DEERE - SÉRIE 8R -","-","true","https://cdn.appmaq.com.br/appmaq-media/manuals/019a3c48-4246-7b4a-b8c5-871cc5da52da/019eda99-9516-7380-b870-3821642b03b4.pdf"
"1196","Trator Agrícola","JOHN DEERE","8360R","PEÇAS DE REPOSIÇÃO PARA TRATORES TRATOR JOHN DEERE EM INGLES","-","true","https://cdn.appmaq.com.br/appmaq-media/manuals/019a3c48-4246-7b4a-b8c5-871cc5da52da/019e510f-cace-7624-85e2-44c19743d698.pdf"
"1197","Trator Agrícola","JOHN DEERE","8360R","RODAS EIXOS E PNEUS DIANTEIRO TRATOR - SÉRIE 8R -","-","true","https://cdn.appmaq.com.br/appmaq-media/manuals/019a3c48-4246-7b4a-b8c5-871cc5da52da/019eda99-95e0-77a0-b529-1ad4d691f4be.pdf"
"1198","Trator Agrícola","JOHN DEERE","8360R","SISTEMA DE ADMISSÃO E DE ARREFECIMENTO DO MOTOR - TRATORES - SÉRIE 8R","-","true","https://cdn.appmaq.com.br/appmaq-media/manuals/019a3c48-4246-7b4a-b8c5-871cc5da52da/019eda99-96ed-7301-87d2-6e98180436f3.pdf"
"1199","Trator Agrícola","JOHN DEERE","8360R","SISTEMA DE REDE CAN BUS TRATOR - JOHN DEERE - SÉRIE 8R -","-","true","https://cdn.appmaq.com.br/appmaq-media/manuals/019a3c48-4246-7b4a-b8c5-871cc5da52da/019eda99-9863-72c3-8582-186ea6f0320c.pdf"
"1200","Trator Agrícola","JOHN DEERE","8360R","SISTEMA ELÉTRICO TRATOR - JOHN DEERE - SÉRIE 8R -","-","true","https://cdn.appmaq.com.br/appmaq-media/manuals/019a3c48-4246-7b4a-b8c5-871cc5da52da/019eda99-98e8-7edf-96f9-b0d389fbba26.pdf"
"1201","Trator Agrícola","JOHN DEERE","8360R","SISTEMAS HIDRÁULICOS TRATOR - JOHN DEERE - SÉRIE 8R -","-","true","https://cdn.appmaq.com.br/appmaq-media/manuals/019a3c48-4246-7b4a-b8c5-871cc5da52da/019eda99-9956-7d1c-8622-c7fae86ba3b1.pdf"
"1202","Trator Agrícola","JOHN DEERE","8360R","TRANSMISSÃO POWER SHIFT MECANICA E FLUXO DE POTENCIA TRATOR -JOHN DEERE - SÉRIE 8R -","-","true","https://cdn.appmaq.com.br/appmaq-media/manuals/019a3c48-4246-7b4a-b8c5-871cc5da52da/019eda99-9a10-79ec-8349-0c2c460254ea.pdf"
"1203","Trator Agrícola","JOHN DEERE","8360R","VCRs TRATOR - JOHN DEERE - SÉRIE 8R -","-","true","https://cdn.appmaq.com.br/appmaq-media/manuals/019a3c48-4246-7b4a-b8c5-871cc5da52da/019eda99-9ada-774e-98a2-477923a72db9.pdf"
"1204","Trator Agrícola","JOHN DEERE","8370R","BOMBAS HIDRÁULICAS TRATOR JOHN DEERE - SÉRIE 8R -","-","true","https://cdn.appmaq.com.br/appmaq-media/manuals/01957100-b0df-7090-a269-39323f367422/019eda9a-071f-7175-98f3-5d790653b8cf.pdf"
"1205","Trator Agrícola","JOHN DEERE","8370R","CATALOGO DE PEÇAS DE REPOSIÇÃO DOS TRATORES JOHN DEERE","-","true","https://cdn.appmaq.com.br/appmaq-media/manuals/01957100-b0df-7090-a269-39323f367422/019e5110-8674-7646-9796-c9ad147384b2.pdf"
"1206","Trator Agrícola","JOHN DEERE","8370R","CATALOGO DE PEÇAS DOS TRATORES JOHN DEERE","-","true","https://cdn.appmaq.com.br/appmaq-media/manuals/01957100-b0df-7090-a269-39323f367422/019e5110-885a-7f94-95f7-70b61c1c656f.pdf"
"1207","Trator Agrícola","JOHN DEERE","8370R","CENTRO DE CARGA ELETRÔNICA TRATOR - JOHN DEERE - SÉRIE 8R -","-","true","https://cdn.appmaq.com.br/appmaq-media/manuals/01957100-b0df-7090-a269-39323f367422/019eda9a-073f-7931-baa5-0e0ec9d9cbe7.pdf"
"1208","Trator Agrícola","JOHN DEERE","8370R","CENTRO DE COMANDO TRATOR - JOHN DEERE - SÉRIE 8R -","-","true","https://cdn.appmaq.com.br/appmaq-media/manuals/01957100-b0df-7090-a269-39323f367422/019eda9a-075e-71ea-8e57-981286a31328.pdf"
"1209","Trator Agrícola","JOHN DEERE","8370R","COMPONENTES AMS INSTALADO DE FABRICA - TRATOR JOHN DEERE - SÉRIE 8R -","-","true","https://cdn.appmaq.com.br/appmaq-media/manuals/01957100-b0df-7090-a269-39323f367422/019eda9a-07cb-7d4e-87f4-dd345507207f.pdf"
"1210","Trator Agrícola","JOHN DEERE","8370R","CONTROLES ELETRÔNICOS TRATOR - JOHN DEERE - SÉRIE 8R -","-","true","https://cdn.appmaq.com.br/appmaq-media/manuals/01957100-b0df-7090-a269-39323f367422/019eda9a-08b9-7553-8882-0dd2123a9449.pdf"
"1211","Trator Agrícola","JOHN DEERE","8370R","CONTROLE TRANSMISSÃO POWER SHIFT TRATOR - JOHN DEERE - SÉRIE 8R -","-","true","https://cdn.appmaq.com.br/appmaq-media/manuals/01957100-b0df-7090-a269-39323f367422/019eda9a-0800-7379-88ec-69e43028e079.pdf"
"1212","Trator Agrícola","JOHN DEERE","8370R","DIAGNOSTICOS TRATORES - JOHN DEERE - SÉRIE 8R -","-","true","https://cdn.appmaq.com.br/appmaq-media/manuals/01957100-b0df-7090-a269-39323f367422/019eda9a-0919-757a-94bd-a543422f038d.pdf"
"1213","Trator Agrícola","JOHN DEERE","8370R","ESPECIFICAÇÕES DOS TRATORES AGRICOLAS JOHN DEERE 8R","-","true","https://cdn.appmaq.com.br/appmaq-media/manuals/01957100-b0df-7090-a269-39323f367422/019e5110-8c68-7983-b6bd-a4e28a5c86f1.pdf"
"1214","Trator Agrícola","JOHN DEERE","8370R","GUIA RÁPIDO DO TRATOR JOHN DEERE SÉRIE 8R","-","true","https://cdn.appmaq.com.br/appmaq-media/manuals/01957100-b0df-7090-a269-39323f367422/019e5110-8cf5-7e7d-af0d-32de3941e7c2.pdf"
"1215","Trator Agrícola","JOHN DEERE","8370R","GUIA RAPIDO TRATORES - JOHN DEERE - SÉRIE 8R","-","true","https://cdn.appmaq.com.br/appmaq-media/manuals/01957100-b0df-7090-a269-39323f367422/019eda9a-096b-79a4-8247-b9f935dd1fbb.pdf"
"1216","Trator Agrícola","JOHN DEERE","8370R","HVAC TRATORES - JOHN DEERE - SÉRIE 8R -","-","true","https://cdn.appmaq.com.br/appmaq-media/manuals/01957100-b0df-7090-a269-39323f367422/019eda9a-09ed-7d95-8a85-2f06ce628947.pdf"
"1217","Trator Agrícola","JOHN DEERE","8370R","ITEC- CONTROLE INTELIGENTE TRATOR - JOHNDEERE - SÉRIE 8R -","-","true","https://cdn.appmaq.com.br/appmaq-media/manuals/01957100-b0df-7090-a269-39323f367422/019eda9a-0ac3-7367-b9ad-37f178373910.pdf"
"1218","Trator Agrícola","JOHN DEERE","8370R","MANUAL DE TREINAMENTO PARA OS TRATORES JOHN DEERE 8R","-","true","https://cdn.appmaq.com.br/appmaq-media/manuals/01957100-b0df-7090-a269-39323f367422/019e5110-8dd9-7194-826e-ee78adb49df4.pdf"
"1219","Trator Agrícola","JOHN DEERE","8370R","MANUAL OPERADOR DOS TRATORES JOHN DEERE SERIE 8R","-","true","https://cdn.appmaq.com.br/appmaq-media/manuals/01957100-b0df-7090-a269-39323f367422/019e5110-984a-7cec-803a-caf3039f1ee3.pdf"
"1220","Trator Agrícola","JOHN DEERE","8370R","MANUAL TECNICO DE DIAGNOSTICO DOS TRATORES JOHN DEERE 8225R, 8245R ,8270R, 8295R ,8320R E 8345R","-","true","https://cdn.appmaq.com.br/appmaq-media/manuals/01957100-b0df-7090-a269-39323f367422/019e50fa-c18d-7d2d-aec9-aee7684cf844.pdf"
"1221","Trator Agrícola","JOHN DEERE","8370R","MANUAL TÉCNICO TRATORES - JOHN DEERE - SÉRIE 8R -","-","true","https://cdn.appmaq.com.br/appmaq-media/manuals/01957100-b0df-7090-a269-39323f367422/019eda9a-0b21-76bb-8e13-260179b2d8a8.pdf"
"1222","Trator Agrícola","JOHN DEERE","8370R","MOTOR E SISTEMA DE COMBUSTÍVEL TRATOR - JOHN DEERE - SÉRIE 8R -","-","true","https://cdn.appmaq.com.br/appmaq-media/manuals/01957100-b0df-7090-a269-39323f367422/019eda9a-0d1e-7507-a813-2c0de63289a7.pdf"
"1223","Trator Agrícola","JOHN DEERE","8370R","PEÇAS DE REPOSIÇÃO PARA TRATORES TRATOR JOHN DEERE EM INGLES","-","true","https://cdn.appmaq.com.br/appmaq-media/manuals/01957100-b0df-7090-a269-39323f367422/019e5110-a004-7101-b72a-01bb3a8461a0.pdf"
"1224","Trator Agrícola","JOHN DEERE","8370R","RODAS EIXOS E PNEUS DIANTEIRO TRATOR - SÉRIE 8R -","-","true","https://cdn.appmaq.com.br/appmaq-media/manuals/01957100-b0df-7090-a269-39323f367422/019eda9a-0ece-75e1-9981-a9fd7c989f11.pdf"
"1225","Trator Agrícola","JOHN DEERE","8370R","SISTEMA DE ADMISSÃO E DE ARREFECIMENTO DO MOTOR - TRATORES - SÉRIE 8R","-","true","https://cdn.appmaq.com.br/appmaq-media/manuals/01957100-b0df-7090-a269-39323f367422/019eda9a-0f42-7b7b-bceb-6bbb134adff4.pdf"
"1226","Trator Agrícola","JOHN DEERE","8370R","SISTEMA DE REDE CAN BUS TRATOR - JOHN DEERE - SÉRIE 8R -","-","true","https://cdn.appmaq.com.br/appmaq-media/manuals/01957100-b0df-7090-a269-39323f367422/019eda9a-0fbb-74e5-bdce-f1576c520cba.pdf"
"1227","Trator Agrícola","JOHN DEERE","8370R","SISTEMA ELÉTRICO TRATOR - JOHN DEERE - SÉRIE 8R -","-","true","https://cdn.appmaq.com.br/appmaq-media/manuals/01957100-b0df-7090-a269-39323f367422/019eda9a-1018-7d52-b603-8e5b87f01ad7.pdf"
"1228","Trator Agrícola","JOHN DEERE","8370R","SISTEMAS HIDRÁULICOS TRATOR - JOHN DEERE - SÉRIE 8R -","-","true","https://cdn.appmaq.com.br/appmaq-media/manuals/01957100-b0df-7090-a269-39323f367422/019eda9a-106d-748c-8bea-a12d090d5745.pdf"
"1229","Trator Agrícola","JOHN DEERE","8370R","TRANSMISSÃO POWER SHIFT MECANICA E FLUXO DE POTENCIA TRATOR -JOHN DEERE - SÉRIE 8R -","-","true","https://cdn.appmaq.com.br/appmaq-media/manuals/01957100-b0df-7090-a269-39323f367422/019eda9a-10df-79aa-9b46-433aecd754b3.pdf"
"1230","Trator Agrícola","JOHN DEERE","8370R","VCRs TRATOR - JOHN DEERE - SÉRIE 8R -","-","true","https://cdn.appmaq.com.br/appmaq-media/manuals/01957100-b0df-7090-a269-39323f367422/019eda9a-1137-72b7-a139-3410003cdf50.pdf"
"1231","Trator Agrícola","JOHN DEERE","8400R","BOMBAS HIDRÁULICAS TRATOR JOHN DEERE - SÉRIE 8R -","-","true","https://cdn.appmaq.com.br/appmaq-media/manuals/0195b3ba-39a6-7698-b8cd-7dc5aaba412d/019eda9a-7c8b-76c9-8c80-09a25c4241f7.pdf"
"1232","Trator Agrícola","JOHN DEERE","8400R","CATALOGO DE PEÇAS DE REPOSIÇÃO DOS TRATORES JOHN DEERE","-","true","https://cdn.appmaq.com.br/appmaq-media/manuals/0195b3ba-39a6-7698-b8cd-7dc5aaba412d/019e511b-0893-70c5-9cad-54843258352d.pdf"
"1233","Trator Agrícola","JOHN DEERE","8400R","CATALOGO DE PEÇAS DOS TRATORES JOHN DEERE","-","true","https://cdn.appmaq.com.br/appmaq-media/manuals/0195b3ba-39a6-7698-b8cd-7dc5aaba412d/019e511b-08ea-789a-81bf-c97f245a954a.pdf"
"1234","Trator Agrícola","JOHN DEERE","8400R","CENTRO DE CARGA ELETRÔNICA TRATOR - JOHN DEERE - SÉRIE 8R -","-","true","https://cdn.appmaq.com.br/appmaq-media/manuals/0195b3ba-39a6-7698-b8cd-7dc5aaba412d/019eda9a-7cc2-7dc8-a593-c051bed667aa.pdf"
"1235","Trator Agrícola","JOHN DEERE","8400R","CENTRO DE COMANDO TRATOR - JOHN DEERE - SÉRIE 8R -","-","true","https://cdn.appmaq.com.br/appmaq-media/manuals/0195b3ba-39a6-7698-b8cd-7dc5aaba412d/019eda9a-7d59-76fa-9755-fb4565b413b4.pdf"
"1236","Trator Agrícola","JOHN DEERE","8400R","COMPONENTES AMS INSTALADO DE FABRICA - TRATOR JOHN DEERE - SÉRIE 8R -","-","true","https://cdn.appmaq.com.br/appmaq-media/manuals/0195b3ba-39a6-7698-b8cd-7dc5aaba412d/019eda9a-7de6-7c09-b227-149185c83afd.pdf"
"1237","Trator Agrícola","JOHN DEERE","8400R","CONTROLES ELETRÔNICOS TRATOR - JOHN DEERE - SÉRIE 8R -","-","true","https://cdn.appmaq.com.br/appmaq-media/manuals/0195b3ba-39a6-7698-b8cd-7dc5aaba412d/019eda9a-7f1d-71d5-a16f-c61875339c68.pdf"
"1238","Trator Agrícola","JOHN DEERE","8400R","CONTROLE TRANSMISSÃO POWER SHIFT TRATOR - JOHN DEERE - SÉRIE 8R -","-","true","https://cdn.appmaq.com.br/appmaq-media/manuals/0195b3ba-39a6-7698-b8cd-7dc5aaba412d/019eda9a-7e53-7078-a104-5f27dbba6f35.pdf"
"1239","Trator Agrícola","JOHN DEERE","8400R","DIAGNOSTICOS TRATORES - JOHN DEERE - SÉRIE 8R -","-","true","https://cdn.appmaq.com.br/appmaq-media/manuals/0195b3ba-39a6-7698-b8cd-7dc5aaba412d/019eda9a-7f7e-7e45-80ea-103640207379.pdf"
"1240","Trator Agrícola","JOHN DEERE","8400R","ESPECIFICAÇÕES DOS TRATORES AGRICOLAS JOHN DEERE 8R","-","true","https://cdn.appmaq.com.br/appmaq-media/manuals/0195b3ba-39a6-7698-b8cd-7dc5aaba412d/019e511b-0b3a-723d-9ef1-7bb498e267b2.pdf"
"1241","Trator Agrícola","JOHN DEERE","8400R","GUIA RÁPIDO DO TRATOR JOHN DEERE SÉRIE 8R","-","true","https://cdn.appmaq.com.br/appmaq-media/manuals/0195b3ba-39a6-7698-b8cd-7dc5aaba412d/019e511b-0b5f-76e0-b0b0-52bee8e365db.pdf"
"1242","Trator Agrícola","JOHN DEERE","8400R","GUIA RAPIDO TRATORES - JOHN DEERE - SÉRIE 8R","-","true","https://cdn.appmaq.com.br/appmaq-media/manuals/0195b3ba-39a6-7698-b8cd-7dc5aaba412d/019eda9a-802d-739d-9c14-bf79d2f25b82.pdf"
"1243","Trator Agrícola","JOHN DEERE","8400R","HVAC TRATORES - JOHN DEERE - SÉRIE 8R -","-","true","https://cdn.appmaq.com.br/appmaq-media/manuals/0195b3ba-39a6-7698-b8cd-7dc5aaba412d/019eda9a-8107-75da-9d1e-121a9a4f36c2.pdf"
"1244","Trator Agrícola","JOHN DEERE","8400R","ITEC- CONTROLE INTELIGENTE TRATOR - JOHNDEERE - SÉRIE 8R -","-","true","https://cdn.appmaq.com.br/appmaq-media/manuals/0195b3ba-39a6-7698-b8cd-7dc5aaba412d/019eda9a-813f-7520-8ec9-17c635df369e.pdf"
"1245","Trator Agrícola","JOHN DEERE","8400R","MANUAL DE TREINAMENTO PARA OS TRATORES JOHN DEERE 8R","-","true","https://cdn.appmaq.com.br/appmaq-media/manuals/0195b3ba-39a6-7698-b8cd-7dc5aaba412d/019e511b-0c03-7df1-aec9-986d840999f2.pdf"
"1246","Trator Agrícola","JOHN DEERE","8400R","MANUAL OPERADOR DOS TRATORES JOHN DEERE SERIE 8R","-","true","https://cdn.appmaq.com.br/appmaq-media/manuals/0195b3ba-39a6-7698-b8cd-7dc5aaba412d/019e511b-0ea9-7837-837f-31ced466c853.pdf"
"1247","Trator Agrícola","JOHN DEERE","8400R","MANUAL TÉCNICO TRATORES - JOHN DEERE - SÉRIE 8R -","-","true","https://cdn.appmaq.com.br/appmaq-media/manuals/0195b3ba-39a6-7698-b8cd-7dc5aaba412d/019eda9a-8201-75c0-9b45-e04cfbf691b1.pdf"
"1248","Trator Agrícola","JOHN DEERE","8400R","MOTOR E SISTEMA DE COMBUSTÍVEL TRATOR - JOHN DEERE - SÉRIE 8R -","-","true","https://cdn.appmaq.com.br/appmaq-media/manuals/0195b3ba-39a6-7698-b8cd-7dc5aaba412d/019eda9a-844e-7607-b548-09b2bd08e443.pdf"
"1249","Trator Agrícola","JOHN DEERE","8400R","PEÇAS DE REPOSIÇÃO PARA TRATORES TRATOR JOHN DEERE EM INGLES","-","true","https://cdn.appmaq.com.br/appmaq-media/manuals/0195b3ba-39a6-7698-b8cd-7dc5aaba412d/019e511b-119f-7200-b35c-a7c73b1a63d3.pdf"
"1250","Trator Agrícola","JOHN DEERE","8400R","RODAS EIXOS E PNEUS DIANTEIRO TRATOR - SÉRIE 8R -","-","true","https://cdn.appmaq.com.br/appmaq-media/manuals/0195b3ba-39a6-7698-b8cd-7dc5aaba412d/019eda9a-84d7-7915-bf1c-85dd1cb85e46.pdf"
"1251","Trator Agrícola","JOHN DEERE","8400R","SISTEMA DE ADMISSÃO E DE ARREFECIMENTO DO MOTOR - TRATORES - SÉRIE 8R","-","true","https://cdn.appmaq.com.br/appmaq-media/manuals/0195b3ba-39a6-7698-b8cd-7dc5aaba412d/019eda9a-864e-7c36-a71d-7b605c8c33fa.pdf"
"1252","Trator Agrícola","JOHN DEERE","8400R","SISTEMA DE REDE CAN BUS TRATOR - JOHN DEERE - SÉRIE 8R -","-","true","https://cdn.appmaq.com.br/appmaq-media/manuals/0195b3ba-39a6-7698-b8cd-7dc5aaba412d/019eda9a-86e9-7cbb-b312-9a757dfbcad2.pdf"
"1253","Trator Agrícola","JOHN DEERE","8400R","SISTEMA ELÉTRICO TRATOR - JOHN DEERE - SÉRIE 8R -","-","true","https://cdn.appmaq.com.br/appmaq-media/manuals/0195b3ba-39a6-7698-b8cd-7dc5aaba412d/019eda9a-871b-71cf-9c95-b73bbc868b72.pdf"
"1254","Trator Agrícola","JOHN DEERE","8400R","SISTEMAS HIDRÁULICOS TRATOR - JOHN DEERE - SÉRIE 8R -","-","true","https://cdn.appmaq.com.br/appmaq-media/manuals/0195b3ba-39a6-7698-b8cd-7dc5aaba412d/019eda9a-8763-7c76-a996-939364cedada.pdf"
"1255","Trator Agrícola","JOHN DEERE","8400R","TRANSMISSÃO POWER SHIFT MECANICA E FLUXO DE POTENCIA TRATOR -JOHN DEERE - SÉRIE 8R -","-","true","https://cdn.appmaq.com.br/appmaq-media/manuals/0195b3ba-39a6-7698-b8cd-7dc5aaba412d/019eda9a-87dd-78eb-be56-68c3c652e4dd.pdf"
"1256","Trator Agrícola","JOHN DEERE","8400R","VCRs TRATOR - JOHN DEERE - SÉRIE 8R -","-","true","https://cdn.appmaq.com.br/appmaq-media/manuals/0195b3ba-39a6-7698-b8cd-7dc5aaba412d/019eda9a-885d-7c94-ae28-dece2a783920.pdf"
"1257","Trator Agrícola","JOHN DEERE","8420","CALIBRAÇÃO DA TRANSMISSÃO TRATOR - JOHN DEERE - 8420 -","-","true","https://cdn.appmaq.com.br/appmaq-media/manuals/01957100-b0df-70f2-8679-9b84894bfa63/019e754c-6f5b-7def-9842-246983fba44f.pdf"
"1258","Trator Agrícola","JOHN DEERE","8420","CATALOGO DE PEÇAS DE REPOSIÇÃO DOS TRATORES JOHN DEERE","-","true","https://cdn.appmaq.com.br/appmaq-media/manuals/01957100-b0df-70f2-8679-9b84894bfa63/019e511c-20ec-7088-9b3e-f9dfb085d7ca.pdf"
"1259","Trator Agrícola","JOHN DEERE","8420","CATALOGO DE PEÇAS DOS TRATORES JOHN DEERE","-","true","https://cdn.appmaq.com.br/appmaq-media/manuals/01957100-b0df-70f2-8679-9b84894bfa63/019e511c-2166-7d86-bcea-637f9d37bd46.pdf"
"1260","Trator Agrícola","JOHN DEERE","8420","MANUAL DE OPERAÇÃO E TESTE DOS TRATORES JOHN DEERE 8120, 8220,8320, 8420 E 8520","-","true","https://cdn.appmaq.com.br/appmaq-media/manuals/01957100-b0df-70f2-8679-9b84894bfa63/019e511c-27a8-71ec-84a9-954fe485883c.pdf"
"1261","Trator Agrícola","JOHN DEERE","8420","PEÇAS DE REPOSIÇÃO PARA TRATORES TRATOR JOHN DEERE EM INGLES","-","true","https://cdn.appmaq.com.br/appmaq-media/manuals/01957100-b0df-70f2-8679-9b84894bfa63/019e511c-3359-7d55-a6de-16c76d0afd7c.pdf"
"1262","Trator Agrícola","JOHN DEERE","8420","PLANO COMPLETO DE MANUTENÇÃO PERIÓDICA DE 0 ATÉ 10000 HORAS DO TRATOR JOHN DEERE 8420","-","true","https://cdn.appmaq.com.br/appmaq-media/manuals/01957100-b0df-70f2-8679-9b84894bfa63/019e511c-373d-7339-904b-b8b73606bac5.pdf"
"1263","Trator Agrícola","JOHN DEERE","8430","CATALOGO DE PEÇAS DE REPOSIÇÃO DOS TRATORES JOHN DEERE","-","true","https://cdn.appmaq.com.br/appmaq-media/manuals/0195b3ba-39a6-71be-ab8f-0fca573753ea/019e511d-48c2-7bda-b4eb-73519cb7a93c.pdf"
"1264","Trator Agrícola","JOHN DEERE","8430","CATALOGO DE PEÇAS DOS TRATORES JOHN DEERE","-","true","https://cdn.appmaq.com.br/appmaq-media/manuals/0195b3ba-39a6-71be-ab8f-0fca573753ea/019e511d-4919-722c-a1b1-44fc7c51b8c2.pdf"
"1265","Trator Agrícola","JOHN DEERE","8430","PEÇAS DE REPOSIÇÃO PARA TRATORES TRATOR JOHN DEERE EM INGLES","-","true","https://cdn.appmaq.com.br/appmaq-media/manuals/0195b3ba-39a6-71be-ab8f-0fca573753ea/019e511d-4b74-7361-b19f-c46f2cd5dfbc.pdf"
"1266","Trator Agrícola","JOHN DEERE","8440","CATALOGO DE PEÇAS DE REPOSIÇÃO DOS TRATORES JOHN DEERE","-","true","https://cdn.appmaq.com.br/appmaq-media/manuals/019a3c57-f0c1-7ca1-a37a-6fb229b69b5e/019e511d-fc54-76d1-a3ea-57307bb73fae.pdf"
"1267","Trator Agrícola","JOHN DEERE","8440","CATALOGO DE PEÇAS DOS TRATORES JOHN DEERE","-","true","https://cdn.appmaq.com.br/appmaq-media/manuals/019a3c57-f0c1-7ca1-a37a-6fb229b69b5e/019e511d-fca9-7485-9ccb-1e2cc904a349.pdf"
"1268","Trator Agrícola","JOHN DEERE","8440","PEÇAS DE REPOSIÇÃO PARA TRATORES TRATOR JOHN DEERE EM INGLES","-","true","https://cdn.appmaq.com.br/appmaq-media/manuals/019a3c57-f0c1-7ca1-a37a-6fb229b69b5e/019e511d-ff00-7559-969b-b9dc962c630a.pdf"
"1269","Trator Agrícola","JOHN DEERE","8450","CATALOGO DE PEÇAS DE REPOSIÇÃO DOS TRATORES JOHN DEERE","-","true","https://cdn.appmaq.com.br/appmaq-media/manuals/019a3c58-25c0-7a8e-adef-27127b01b69a/019e511e-a051-76cd-84ce-d6554bc71141.pdf"
"1270","Trator Agrícola","JOHN DEERE","8450","CATALOGO DE PEÇAS DOS TRATORES JOHN DEERE","-","true","https://cdn.appmaq.com.br/appmaq-media/manuals/019a3c58-25c0-7a8e-adef-27127b01b69a/019e511e-a0a7-7ca5-9844-4efe5242bbee.pdf"
"1271","Trator Agrícola","JOHN DEERE","8450","PEÇAS DE REPOSIÇÃO PARA TRATORES TRATOR JOHN DEERE EM INGLES","-","true","https://cdn.appmaq.com.br/appmaq-media/manuals/019a3c58-25c0-7a8e-adef-27127b01b69a/019e511e-a2f3-7995-9610-d0112562b97a.pdf"
"1272","Trator Agrícola","JOHN DEERE","8R 230","CATALOGO DE PEÇAS DE REPOSIÇÃO DOS TRATORES JOHN DEERE","-","true","https://cdn.appmaq.com.br/appmaq-media/manuals/019a4116-b1af-7ea7-91d2-c3e87250d8bc/019e511f-aecb-7ae9-968c-7bc886fe6c59.pdf"
"1273","Trator Agrícola","JOHN DEERE","8R 230","CATALOGO DE PEÇAS DOS TRATORES JOHN DEERE","-","true","https://cdn.appmaq.com.br/appmaq-media/manuals/019a4116-b1af-7ea7-91d2-c3e87250d8bc/019e511f-af22-7772-90a8-916e3cc72274.pdf"
"1274","Trator Agrícola","JOHN DEERE","8R 230","MANUAL DO OPERADOR TRATOR - JOHN DEERE - 8R230","-","true","https://cdn.appmaq.com.br/appmaq-media/manuals/019a4116-b1af-7ea7-91d2-c3e87250d8bc/019e6447-a340-7c4a-a439-8dc9a9da11ae.pdf"
"1275","Trator Agrícola","JOHN DEERE","8R 230","MANUAL OPERADOR DOS TRATORES JOHN DEERE SERIE 8R","-","true","https://cdn.appmaq.com.br/appmaq-media/manuals/019a4116-b1af-7ea7-91d2-c3e87250d8bc/019e511f-b3b9-791e-95f0-dc93fe1f95dc.pdf"
"1276","Trator Agrícola","JOHN DEERE","8R 230","PEÇAS DE REPOSIÇÃO PARA TRATORES TRATOR JOHN DEERE EM INGLES","-","true","https://cdn.appmaq.com.br/appmaq-media/manuals/019a4116-b1af-7ea7-91d2-c3e87250d8bc/019e511f-b60e-7749-b755-bfa9de8c170d.pdf"
"1277","Trator Agrícola","JOHN DEERE","8R 250","CATALOGO DE PEÇAS DE REPOSIÇÃO DOS TRATORES JOHN DEERE","-","true","https://cdn.appmaq.com.br/appmaq-media/manuals/019a4116-db1a-7f09-9a09-dedb6ed6959a/019e5120-83bc-7827-b07b-bd28e376c052.pdf"
"1278","Trator Agrícola","JOHN DEERE","8R 250","CATALOGO DE PEÇAS DOS TRATORES JOHN DEERE","-","true","https://cdn.appmaq.com.br/appmaq-media/manuals/019a4116-db1a-7f09-9a09-dedb6ed6959a/019e5120-8411-70a6-a444-cc131a76d6a2.pdf"
"1279","Trator Agrícola","JOHN DEERE","8R 250","MANUAL DO OPERADOR TRATOR - JOHN DEERE - 8R250","-","true","https://cdn.appmaq.com.br/appmaq-media/manuals/019a4116-db1a-7f09-9a09-dedb6ed6959a/019e644a-2655-7c06-a82b-8e3044cd83bb.pdf"
"1280","Trator Agrícola","JOHN DEERE","8R 250","MANUAL OPERADOR DOS TRATORES JOHN DEERE SERIE 8R","-","true","https://cdn.appmaq.com.br/appmaq-media/manuals/019a4116-db1a-7f09-9a09-dedb6ed6959a/019e5120-8704-72d4-bbdb-5a459305b385.pdf"
"1281","Trator Agrícola","JOHN DEERE","8R 250","PEÇAS DE REPOSIÇÃO PARA TRATORES TRATOR JOHN DEERE EM INGLES","-","true","https://cdn.appmaq.com.br/appmaq-media/manuals/019a4116-db1a-7f09-9a09-dedb6ed6959a/019e5120-8ae8-72e1-86de-8cab48458524.pdf"
"1282","Trator Agrícola","JOHN DEERE","8R 250","TREINAMENTO SISTEMA HIDRÁULICO TRATORES JOHN DEERE - SÉRIE 8R -","-","true","https://cdn.appmaq.com.br/appmaq-media/manuals/019a4116-db1a-7f09-9a09-dedb6ed6959a/019e7e2f-e634-74a7-877c-6920901ebfd7.pdf"
"1283","Trator Agrícola","JOHN DEERE","8R 280","CATALOGO DE PEÇAS DE REPOSIÇÃO DOS TRATORES JOHN DEERE","-","true","https://cdn.appmaq.com.br/appmaq-media/manuals/019a4117-02ce-76e1-ae98-2599b4382b87/019e5121-64b9-7971-9a9d-67d3ca5d30ac.pdf"
"1284","Trator Agrícola","JOHN DEERE","8R 280","CATALOGO DE PEÇAS DOS TRATORES JOHN DEERE","-","true","https://cdn.appmaq.com.br/appmaq-media/manuals/019a4117-02ce-76e1-ae98-2599b4382b87/019e5121-6539-78a5-ba2e-ab1d7f4224f2.pdf"
"1285","Trator Agrícola","JOHN DEERE","8R 280","MANUAL DO OPERADOR TRATOR - JOHN DEERE - 8R280","-","true","https://cdn.appmaq.com.br/appmaq-media/manuals/019a4117-02ce-76e1-ae98-2599b4382b87/019e644b-268c-7da3-8629-3839119ac13c.pdf"
"1286","Trator Agrícola","JOHN DEERE","8R 280","MANUAL OPERADOR DOS TRATORES JOHN DEERE SERIE 8R","-","true","https://cdn.appmaq.com.br/appmaq-media/manuals/019a4117-02ce-76e1-ae98-2599b4382b87/019e5121-6a8c-75d7-bd75-c97733e5f32f.pdf"
"1287","Trator Agrícola","JOHN DEERE","8R 280","PEÇAS DE REPOSIÇÃO PARA TRATORES TRATOR JOHN DEERE EM INGLES","-","true","https://cdn.appmaq.com.br/appmaq-media/manuals/019a4117-02ce-76e1-ae98-2599b4382b87/019e5121-6d11-7dcc-8940-934159a7a6ad.pdf"
"1288","Trator Agrícola","JOHN DEERE","8R 280","TREINAMENTO SISTEMA HIDRÁULICO TRATORES JOHN DEERE - SÉRIE 8R -","-","true","https://cdn.appmaq.com.br/appmaq-media/manuals/019a4117-02ce-76e1-ae98-2599b4382b87/019e7e30-3668-71bb-a988-c43ba4da29d4.pdf"
"1289","Trator Agrícola","JOHN DEERE","8R 310","CATALOGO DE PEÇAS DE REPOSIÇÃO DOS TRATORES JOHN DEERE","-","true","https://cdn.appmaq.com.br/appmaq-media/manuals/019a4117-341f-7c63-a023-5fdf10f866e4/019e5122-8e4f-7ae2-a02b-61ffb802c271.pdf"
"1290","Trator Agrícola","JOHN DEERE","8R 310","CATALOGO DE PEÇAS DOS TRATORES JOHN DEERE","-","true","https://cdn.appmaq.com.br/appmaq-media/manuals/019a4117-341f-7c63-a023-5fdf10f866e4/019e5122-8eaa-7ec5-aeff-49fc37a17042.pdf"
"1291","Trator Agrícola","JOHN DEERE","8R 310","MANUAL DO OPERADOR TRATOR - JOHN DEERE - 8R310","-","true","https://cdn.appmaq.com.br/appmaq-media/manuals/019a4117-341f-7c63-a023-5fdf10f866e4/019e644c-0843-739d-b801-2bc092acdfbb.pdf"
"1292","Trator Agrícola","JOHN DEERE","8R 310","MANUAL OPERADOR DOS TRATORES JOHN DEERE SERIE 8R","-","true","https://cdn.appmaq.com.br/appmaq-media/manuals/019a4117-341f-7c63-a023-5fdf10f866e4/019e5122-922e-7af5-a099-e1f866b06d4c.pdf"
"1293","Trator Agrícola","JOHN DEERE","8R 310","PEÇAS DE REPOSIÇÃO PARA TRATORES TRATOR JOHN DEERE EM INGLES","-","true","https://cdn.appmaq.com.br/appmaq-media/manuals/019a4117-341f-7c63-a023-5fdf10f866e4/019e5122-94b8-7042-9894-541f329ab92a.pdf"
"1294","Trator Agrícola","JOHN DEERE","8R 310","TREINAMENTO SISTEMA HIDRÁULICO TRATORES JOHN DEERE - SÉRIE 8R -","-","true","https://cdn.appmaq.com.br/appmaq-media/manuals/019a4117-341f-7c63-a023-5fdf10f866e4/019e7e30-805a-77e9-93f3-3c36b3a50b1d.pdf"
"1295","Trator Agrícola","JOHN DEERE","8R 340","CATALOGO DE PEÇAS DE REPOSIÇÃO DOS TRATORES JOHN DEERE","-","true","https://cdn.appmaq.com.br/appmaq-media/manuals/019a4117-5a3a-798b-afea-89109cd65e30/019e5125-17d0-7ef8-8207-dbc1aea14fd0.pdf"
"1296","Trator Agrícola","JOHN DEERE","8R 340","CATALOGO DE PEÇAS DOS TRATORES JOHN DEERE","-","true","https://cdn.appmaq.com.br/appmaq-media/manuals/019a4117-5a3a-798b-afea-89109cd65e30/019e5125-1826-75c1-8944-84d7ff881cc7.pdf"
"1297","Trator Agrícola","JOHN DEERE","8R 340","MANUAL DO OPERADOR TRATOR - JOHN DEERE - 8R340","-","true","https://cdn.appmaq.com.br/appmaq-media/manuals/019a4117-5a3a-798b-afea-89109cd65e30/019e644d-8c9a-742a-9a29-297ae3f679f4.pdf"
"1298","Trator Agrícola","JOHN DEERE","8R 340","MANUAL OPERADOR DOS TRATORES JOHN DEERE SERIE 8R","-","true","https://cdn.appmaq.com.br/appmaq-media/manuals/019a4117-5a3a-798b-afea-89109cd65e30/019e5125-1af0-787f-a7a0-02f5c5193b93.pdf"
"1299","Trator Agrícola","JOHN DEERE","8R 340","PEÇAS DE REPOSIÇÃO PARA TRATORES TRATOR JOHN DEERE EM INGLES","-","true","https://cdn.appmaq.com.br/appmaq-media/manuals/019a4117-5a3a-798b-afea-89109cd65e30/019e5125-1d5f-7c50-91f6-3aed74ed410b.pdf"
"1300","Trator Agrícola","JOHN DEERE","8R 340","TREINAMENTO SISTEMA HIDRÁULICO TRATORES JOHN DEERE - SÉRIE 8R -","-","true","https://cdn.appmaq.com.br/appmaq-media/manuals/019a4117-5a3a-798b-afea-89109cd65e30/019e7e30-ca4b-7d06-a309-49904a4d9f54.pdf"
"1301","Trator Agrícola","JOHN DEERE","8R 370","CATALOGO DE PEÇAS DE REPOSIÇÃO DOS TRATORES JOHN DEERE","-","true","https://cdn.appmaq.com.br/appmaq-media/manuals/019a4117-7fd9-7d59-9618-b06890fba9ea/019e5127-3732-7543-8e25-b50fccebafab.pdf"
"1302","Trator Agrícola","JOHN DEERE","8R 370","CATALOGO DE PEÇAS DOS TRATORES JOHN DEERE","-","true","https://cdn.appmaq.com.br/appmaq-media/manuals/019a4117-7fd9-7d59-9618-b06890fba9ea/019e5127-378c-765b-bc06-3cc0d995f8e4.pdf"
"1303","Trator Agrícola","JOHN DEERE","8R 370","MANUAL DO OPERADOR TRATOR - JOHN DEERE - 8R370","-","true","https://cdn.appmaq.com.br/appmaq-media/manuals/019a4117-7fd9-7d59-9618-b06890fba9ea/019e644e-559b-788c-9885-22c80c81a7ac.pdf"
"1304","Trator Agrícola","JOHN DEERE","8R 370","MANUAL OPERADOR DOS TRATORES JOHN DEERE SERIE 8R","-","true","https://cdn.appmaq.com.br/appmaq-media/manuals/019a4117-7fd9-7d59-9618-b06890fba9ea/019e5127-3c8d-792a-8667-b8484c54693a.pdf"
"1305","Trator Agrícola","JOHN DEERE","8R 370","PEÇAS DE REPOSIÇÃO PARA TRATORES TRATOR JOHN DEERE EM INGLES","-","true","https://cdn.appmaq.com.br/appmaq-media/manuals/019a4117-7fd9-7d59-9618-b06890fba9ea/019e5127-3e80-7dc8-a44b-9275e892b245.pdf"
"1306","Trator Agrícola","JOHN DEERE","8R 370","TREINAMENTO SISTEMA HIDRÁULICO TRATORES JOHN DEERE - SÉRIE 8R -","-","true","https://cdn.appmaq.com.br/appmaq-media/manuals/019a4117-7fd9-7d59-9618-b06890fba9ea/019e7e31-13e5-74e2-87c3-c5d9f3bce051.pdf"
"1307","Trator Agrícola","JOHN DEERE","8R 410","CATALOGO DE PEÇAS DE REPOSIÇÃO DOS TRATORES JOHN DEERE","-","true","https://cdn.appmaq.com.br/appmaq-media/manuals/01967e4b-b7b9-74dd-8f93-01eb55640d9a/019e5128-a455-7536-8362-dfdb184b839e.pdf"
"1308","Trator Agrícola","JOHN DEERE","8R 410","CATALOGO DE PEÇAS DOS TRATORES JOHN DEERE","-","true","https://cdn.appmaq.com.br/appmaq-media/manuals/01967e4b-b7b9-74dd-8f93-01eb55640d9a/019e5128-a5cd-71d9-aa18-1522e4c499b6.pdf"
"1309","Trator Agrícola","JOHN DEERE","8R 410","ESPECIFICAÇÕES DOS TRATORES AGRICOLAS JOHN DEERE 8R","-","true","https://cdn.appmaq.com.br/appmaq-media/manuals/01967e4b-b7b9-74dd-8f93-01eb55640d9a/019e5128-a983-782e-b4e1-2f1fdefe1f23.pdf"
"1310","Trator Agrícola","JOHN DEERE","8R 410","MANUAL DO OPERADOR TRATOR - JOHN DEERE - 8R410","-","true","https://cdn.appmaq.com.br/appmaq-media/manuals/01967e4b-b7b9-74dd-8f93-01eb55640d9a/019e644f-254f-7341-a2be-668e91485e10.pdf"
"1311","Trator Agrícola","JOHN DEERE","8R 410","MANUAL OPERADOR DOS TRATORES JOHN DEERE SERIE 8R","-","true","https://cdn.appmaq.com.br/appmaq-media/manuals/01967e4b-b7b9-74dd-8f93-01eb55640d9a/019e5128-aee9-7663-a958-b633c16135ff.pdf"
"1312","Trator Agrícola","JOHN DEERE","8R 410","PEÇAS DE REPOSIÇÃO PARA TRATORES TRATOR JOHN DEERE EM INGLES","-","true","https://cdn.appmaq.com.br/appmaq-media/manuals/01967e4b-b7b9-74dd-8f93-01eb55640d9a/019e5128-b339-7e20-9977-9fb8c7044209.pdf"
"1313","Trator Agrícola","JOHN DEERE","8R 410","TREINAMENTO SISTEMA HIDRÁULICO TRATORES JOHN DEERE - SÉRIE 8R -","-","true","https://cdn.appmaq.com.br/appmaq-media/manuals/01967e4b-b7b9-74dd-8f93-01eb55640d9a/019e7e31-6230-7546-b257-3c21957a8047.pdf"
"1314","Trator Agrícola","JOHN DEERE","9620R","CATALOGO DE PEÇAS DE REPOSIÇÃO DOS TRATORES JOHN DEERE","-","true","https://cdn.appmaq.com.br/appmaq-media/manuals/0195b3ba-39a6-703b-9616-ff38c73846b8/019e5fae-150d-7aca-bd5f-0713f9adbdb2.pdf"
"1315","Trator Agrícola","JOHN DEERE","9620R","CATALOGO DE PEÇAS DOS TRATORES JOHN DEERE","-","true","https://cdn.appmaq.com.br/appmaq-media/manuals/0195b3ba-39a6-703b-9616-ff38c73846b8/019e5fae-1564-7912-b5e0-3fad25741304.pdf"
"1316","Trator Agrícola","JOHN DEERE","9620R","ESPECIFICAÇOES DOS TRATORES 9R E 9RX","-","true","https://cdn.appmaq.com.br/appmaq-media/manuals/0195b3ba-39a6-703b-9616-ff38c73846b8/019e5fae-1781-7b9c-b7b2-1452b3aa7076.pdf"
"1317","Trator Agrícola","JOHN DEERE","9620R","MANUAL DE CURSO BASICO PARA HIDRAULICA DOS TRATORES JOHN DEERE SERIE 9R","-","true","https://cdn.appmaq.com.br/appmaq-media/manuals/0195b3ba-39a6-703b-9616-ff38c73846b8/019e5fae-1bac-78b6-b9c7-f6d20e7b0d54.pdf"
"1318","Trator Agrícola","JOHN DEERE","9620R","MANUAL OPERADOR DOS TRATORES JOHN DEERE 9370R, 9420R,9470R, 9520R, 9570R e 9620R","-","true","https://cdn.appmaq.com.br/appmaq-media/manuals/0195b3ba-39a6-703b-9616-ff38c73846b8/019e5fae-1c2d-7ea8-a40d-3f64fbe23244.pdf"
"1319","Trator Agrícola","JOHN DEERE","9620R","PEÇAS DE REPOSIÇÃO PARA TRATORES TRATOR JOHN DEERE EM INGLES","-","true","https://cdn.appmaq.com.br/appmaq-media/manuals/0195b3ba-39a6-703b-9616-ff38c73846b8/019e5fae-1f1d-7f7a-b45a-fe5a72835c2c.pdf"
"1320","Trator Agrícola","JOHN DEERE","9R 440","CATALOGO DE FILTRO DOS TRATORES JOHN DEERE 9R E 9RX","-","true","https://cdn.appmaq.com.br/appmaq-media/manuals/019e5f91-1264-7d66-8b87-956076591a36/019e5f93-9dbb-7073-88e2-a433f86b127e.pdf"
"1321","Trator Agrícola","JOHN DEERE","9R 440","CATALOGO DE PEÇAS DE REPOSIÇÃO DOS TRATORES JOHN DEERE","-","true","https://cdn.appmaq.com.br/appmaq-media/manuals/019e5f91-1264-7d66-8b87-956076591a36/019e5f93-9ddd-7716-a310-cb16eb58c5b4.pdf"
"1322","Trator Agrícola","JOHN DEERE","9R 440","CATALOGO DE PEÇAS DOS TRATORES JOHN DEERE","-","true","https://cdn.appmaq.com.br/appmaq-media/manuals/019e5f91-1264-7d66-8b87-956076591a36/019e5f93-9e84-7fd0-b761-91c227ab17c0.pdf"
"1323","Trator Agrícola","JOHN DEERE","9R 440","ESPECIFICAÇOES DOS TRATORES 9R E 9RX","-","true","https://cdn.appmaq.com.br/appmaq-media/manuals/019e5f91-1264-7d66-8b87-956076591a36/019e5f93-a253-7258-b68a-e15299b1d5be.pdf"
"1324","Trator Agrícola","JOHN DEERE","9R 440","MANUAL DE CURSO BASICO PARA HIDRAULICA DOS TRATORES JOHN DEERE SERIE 9R","-","true","https://cdn.appmaq.com.br/appmaq-media/manuals/019e5f91-1264-7d66-8b87-956076591a36/019e5f93-aead-74a0-9a5b-c59c239041d7.pdf"
"1325","Trator Agrícola","JOHN DEERE","9R 440","MANUAL DO OPERADOR TRATOR - JOHN DEERE - 9R 440","-","true","https://cdn.appmaq.com.br/appmaq-media/manuals/019e5f91-1264-7d66-8b87-956076591a36/019e6466-58b1-7b62-9ebf-a9c1b2e4d8eb.pdf"
"1326","Trator Agrícola","JOHN DEERE","9R 440","PEÇAS DE REPOSIÇÃO PARA TRATORES TRATOR JOHN DEERE EM INGLES","-","true","https://cdn.appmaq.com.br/appmaq-media/manuals/019e5f91-1264-7d66-8b87-956076591a36/019e5f93-b0e3-74de-9fcd-6c987f53f88c.pdf"
"1327","Trator Agrícola","JOHN DEERE","9R 440","SISTEMA HIDRÁULICO TRATORES - SÉRIE -9R","-","true","https://cdn.appmaq.com.br/appmaq-media/manuals/019e5f91-1264-7d66-8b87-956076591a36/019ef14a-eb9e-7045-a5cb-a7be7ce55268.pdf"
"1328","Trator Agrícola","JOHN DEERE","9R 490","CATALOGO DE FILTRO DOS TRATORES JOHN DEERE 9R E 9RX","-","true","https://cdn.appmaq.com.br/appmaq-media/manuals/019e5f91-799f-7f6e-a520-59c2ca4aee23/019e5f98-a526-7a75-b855-2679054a0afb.pdf"
"1329","Trator Agrícola","JOHN DEERE","9R 490","CATALOGO DE PEÇAS DE REPOSIÇÃO DOS TRATORES JOHN DEERE","-","true","https://cdn.appmaq.com.br/appmaq-media/manuals/019e5f91-799f-7f6e-a520-59c2ca4aee23/019e5f98-a545-7e82-bb6a-bbcd173ae13c.pdf"
"1330","Trator Agrícola","JOHN DEERE","9R 490","CATALOGO DE PEÇAS DOS TRATORES JOHN DEERE","-","true","https://cdn.appmaq.com.br/appmaq-media/manuals/019e5f91-799f-7f6e-a520-59c2ca4aee23/019e5f98-a613-7688-ba0f-09b44dc50713.pdf"
"1331","Trator Agrícola","JOHN DEERE","9R 490","ESPECIFICAÇOES DOS TRATORES 9R E 9RX","-","true","https://cdn.appmaq.com.br/appmaq-media/manuals/019e5f91-799f-7f6e-a520-59c2ca4aee23/019e5f98-a894-70fd-aeb2-85768616e55b.pdf"
"1332","Trator Agrícola","JOHN DEERE","9R 490","MANUAL DE CURSO BASICO PARA HIDRAULICA DOS TRATORES JOHN DEERE SERIE 9R","-","true","https://cdn.appmaq.com.br/appmaq-media/manuals/019e5f91-799f-7f6e-a520-59c2ca4aee23/019e5f98-ac1c-7c77-8ef5-ef75fe5ee2d5.pdf"
"1333","Trator Agrícola","JOHN DEERE","9R 490","MANUAL DO OPERADOR TRATOR - JOHN DEERE - 9R 490","-","true","https://cdn.appmaq.com.br/appmaq-media/manuals/019e5f91-799f-7f6e-a520-59c2ca4aee23/019e646e-a307-7391-86d6-913fb21323c0.pdf"
"1334","Trator Agrícola","JOHN DEERE","9R 490","PEÇAS DE REPOSIÇÃO PARA TRATORES TRATOR JOHN DEERE EM INGLES","-","true","https://cdn.appmaq.com.br/appmaq-media/manuals/019e5f91-799f-7f6e-a520-59c2ca4aee23/019e5f98-aec9-72e2-92e3-e602bd47767a.pdf"
"1335","Trator Agrícola","JOHN DEERE","9R 490","SISTEMA HIDRÁULICO TRATORES - SÉRIE -9R","-","true","https://cdn.appmaq.com.br/appmaq-media/manuals/019e5f91-799f-7f6e-a520-59c2ca4aee23/019ef14b-8936-76fb-accf-198a6d1f2cd7.pdf"
"1336","Trator Agrícola","JOHN DEERE","9R 490 SCRAPER","MANUAL DO OPERADOR TRATOR - JOHN DEERE - 9R 490 SCRAPER","-","true","https://cdn.appmaq.com.br/appmaq-media/manuals/019e6462-85e5-78a8-a215-9c07fb8e872d/019e6470-1b69-773c-bfa7-ac40b796abc2.pdf"
"1337","Trator Agrícola","JOHN DEERE","9R 490 SCRAPER","SISTEMA HIDRÁULICO TRATORES - SÉRIE -9R","-","true","https://cdn.appmaq.com.br/appmaq-media/manuals/019e6462-85e5-78a8-a215-9c07fb8e872d/019ef14b-d918-7f22-a928-a05c0174f40c.pdf"
"1338","Trator Agrícola","JOHN DEERE","9R 540","CATALOGO DE FILTRO DOS TRATORES JOHN DEERE 9R E 9RX","-","true","https://cdn.appmaq.com.br/appmaq-media/manuals/019e5f91-bfde-7928-92ce-0850f4851411/019e5f9a-f312-75d8-b1bc-6919bc797eb1.pdf"
"1339","Trator Agrícola","JOHN DEERE","9R 540","CATALOGO DE PEÇAS DE REPOSIÇÃO DOS TRATORES JOHN DEERE","-","true","https://cdn.appmaq.com.br/appmaq-media/manuals/019e5f91-bfde-7928-92ce-0850f4851411/019e5f9a-f32e-763a-8046-4f7a9326b6bd.pdf"
"1340","Trator Agrícola","JOHN DEERE","9R 540","CATALOGO DE PEÇAS DOS TRATORES JOHN DEERE","-","true","https://cdn.appmaq.com.br/appmaq-media/manuals/019e5f91-bfde-7928-92ce-0850f4851411/019e5f9a-f3a0-74a1-93f7-aaba00e15098.pdf"
"1341","Trator Agrícola","JOHN DEERE","9R 540","ESPECIFICAÇOES DOS TRATORES 9R E 9RX","-","true","https://cdn.appmaq.com.br/appmaq-media/manuals/019e5f91-bfde-7928-92ce-0850f4851411/019e5f9a-f670-7850-98a5-190fe1474138.pdf"
"1342","Trator Agrícola","JOHN DEERE","9R 540","MANUAL DE CURSO BASICO PARA HIDRAULICA DOS TRATORES JOHN DEERE SERIE 9R","-","true","https://cdn.appmaq.com.br/appmaq-media/manuals/019e5f91-bfde-7928-92ce-0850f4851411/019e5f9a-f95a-7e9e-8768-4d24b69e3ba7.pdf"
"1343","Trator Agrícola","JOHN DEERE","9R 540","MANUAL DO OPERADOR TRATOR - JOHN DEERE - 9R 540","-","true","https://cdn.appmaq.com.br/appmaq-media/manuals/019e5f91-bfde-7928-92ce-0850f4851411/019e6472-5791-7937-ac1f-983a1e32548a.pdf"
"1344","Trator Agrícola","JOHN DEERE","9R 540","PEÇAS DE REPOSIÇÃO PARA TRATORES TRATOR JOHN DEERE EM INGLES","-","true","https://cdn.appmaq.com.br/appmaq-media/manuals/019e5f91-bfde-7928-92ce-0850f4851411/019e5f9a-f9c3-785b-910f-75a92aaef4cb.pdf"
"1345","Trator Agrícola","JOHN DEERE","9R 540","SISTEMA HIDRÁULICO TRATORES - SÉRIE -9R","-","true","https://cdn.appmaq.com.br/appmaq-media/manuals/019e5f91-bfde-7928-92ce-0850f4851411/019ef14c-272a-76c3-93bf-b64d13a27176.pdf"
"1346","Trator Agrícola","JOHN DEERE","9R 590","CATALOGO DE FILTRO DOS TRATORES JOHN DEERE 9R E 9RX","-","true","https://cdn.appmaq.com.br/appmaq-media/manuals/019e5f92-9151-785f-991e-e5797570ea7a/019e5f9b-c2b1-729e-8d1b-972957d6a13f.pdf"
"1347","Trator Agrícola","JOHN DEERE","9R 590","CATALOGO DE PEÇAS DE REPOSIÇÃO DOS TRATORES JOHN DEERE","-","true","https://cdn.appmaq.com.br/appmaq-media/manuals/019e5f92-9151-785f-991e-e5797570ea7a/019e5f9b-c2ce-78d4-b21d-acb01f5aad77.pdf"
"1348","Trator Agrícola","JOHN DEERE","9R 590","CATALOGO DE PEÇAS DOS TRATORES JOHN DEERE","-","true","https://cdn.appmaq.com.br/appmaq-media/manuals/019e5f92-9151-785f-991e-e5797570ea7a/019e5f9b-c346-7336-bd6b-e259e21fa844.pdf"
"1349","Trator Agrícola","JOHN DEERE","9R 590","ESPECIFICAÇOES DOS TRATORES 9R E 9RX","-","true","https://cdn.appmaq.com.br/appmaq-media/manuals/019e5f92-9151-785f-991e-e5797570ea7a/019e5f9b-c5f7-77ae-9efb-f8d09d056e9b.pdf"
"1350","Trator Agrícola","JOHN DEERE","9R 590","MANUAL DE CURSO BASICO PARA HIDRAULICA DOS TRATORES JOHN DEERE SERIE 9R","-","true","https://cdn.appmaq.com.br/appmaq-media/manuals/019e5f92-9151-785f-991e-e5797570ea7a/019e5f9b-cb97-7b3e-974a-b288518b9693.pdf"
"1351","Trator Agrícola","JOHN DEERE","9R 590","MANUAL DO OPERADOR TRATOR - JOHN DEERE - 9R 590","-","true","https://cdn.appmaq.com.br/appmaq-media/manuals/019e5f92-9151-785f-991e-e5797570ea7a/019e6477-5516-7af5-84b9-60a132e911db.pdf"
"1352","Trator Agrícola","JOHN DEERE","9R 590","PEÇAS DE REPOSIÇÃO PARA TRATORES TRATOR JOHN DEERE EM INGLES","-","true","https://cdn.appmaq.com.br/appmaq-media/manuals/019e5f92-9151-785f-991e-e5797570ea7a/019e5f9b-cccc-7760-abda-84d700c78d86.pdf"
"1353","Trator Agrícola","JOHN DEERE","9R 590","SISTEMA HIDRÁULICO TRATORES - SÉRIE -9R","-","true","https://cdn.appmaq.com.br/appmaq-media/manuals/019e5f92-9151-785f-991e-e5797570ea7a/019ef14c-807f-7a99-bef9-75743a54c89c.pdf"
"1354","Trator Agrícola","JOHN DEERE","9R 640","CATALOGO DE FILTRO DOS TRATORES JOHN DEERE 9R E 9RX","-","true","https://cdn.appmaq.com.br/appmaq-media/manuals/019e5f92-bfa8-7928-9fa2-bf11f8fd9e81/019e5f9d-6e6e-7d51-9e21-95506908f8bc.pdf"
"1355","Trator Agrícola","JOHN DEERE","9R 640","CATALOGO DE PEÇAS DE REPOSIÇÃO DOS TRATORES JOHN DEERE","-","true","https://cdn.appmaq.com.br/appmaq-media/manuals/019e5f92-bfa8-7928-9fa2-bf11f8fd9e81/019e5f9d-6ee6-776f-a080-78ca0c62cef5.pdf"
"1356","Trator Agrícola","JOHN DEERE","9R 640","CATALOGO DE PEÇAS DOS TRATORES JOHN DEERE","-","true","https://cdn.appmaq.com.br/appmaq-media/manuals/019e5f92-bfa8-7928-9fa2-bf11f8fd9e81/019e5f9d-7125-744f-b0c9-a46b92989f33.pdf"
"1357","Trator Agrícola","JOHN DEERE","9R 640","ESPECIFICAÇOES DOS TRATORES 9R E 9RX","-","true","https://cdn.appmaq.com.br/appmaq-media/manuals/019e5f92-bfa8-7928-9fa2-bf11f8fd9e81/019e5f9d-75e7-71e8-88b6-98e9b8501a4a.pdf"
"1358","Trator Agrícola","JOHN DEERE","9R 640","MANUAL DE CURSO BASICO PARA HIDRAULICA DOS TRATORES JOHN DEERE SERIE 9R","-","true","https://cdn.appmaq.com.br/appmaq-media/manuals/019e5f92-bfa8-7928-9fa2-bf11f8fd9e81/019e5f9d-7939-7a92-b9bc-c22702a065dd.pdf"
"1359","Trator Agrícola","JOHN DEERE","9R 640","MANUAL DO OPERADOR TRATOR - JOHN DEERE - 9R 640","-","true","https://cdn.appmaq.com.br/appmaq-media/manuals/019e5f92-bfa8-7928-9fa2-bf11f8fd9e81/019e647f-3dde-7137-aa07-1c6a8cd9ed78.pdf"
"1360","Trator Agrícola","JOHN DEERE","9R 640","PEÇAS DE REPOSIÇÃO PARA TRATORES TRATOR JOHN DEERE EM INGLES","-","true","https://cdn.appmaq.com.br/appmaq-media/manuals/019e5f92-bfa8-7928-9fa2-bf11f8fd9e81/019e5f9d-7de0-77a1-b6ff-e235a176083e.pdf"
"1361","Trator Agrícola","JOHN DEERE","9R 640","SISTEMA HIDRÁULICO TRATORES - SÉRIE -9R","-","true","https://cdn.appmaq.com.br/appmaq-media/manuals/019e5f92-bfa8-7928-9fa2-bf11f8fd9e81/019ef14c-d0a7-72e8-8827-9c0caf21ca15.pdf"
"1362","Trator Agrícola","JOHN DEERE","9R 640 SCRAPER","MANUAL DO OPERADOR TRATOR - JOHN DEERE - 9R 640 SCRAPER","-","true","https://cdn.appmaq.com.br/appmaq-media/manuals/019e6464-0310-760e-8809-516977104b26/019e6480-aa42-746a-bc9c-943b732b489f.pdf"
"1363","Trator Agrícola","JOHN DEERE","9R 640 SCRAPER","SISTEMA HIDRÁULICO TRATORES - SÉRIE -9R","-","true","https://cdn.appmaq.com.br/appmaq-media/manuals/019e6464-0310-760e-8809-516977104b26/019ef14d-2acb-76bc-bf3e-62161269309f.pdf"
"1364","Trator Agrícola","JOHN DEERE","9RX 490","CATALOGO DE FILTRO DOS TRATORES JOHN DEERE 9R E 9RX","-","true","https://cdn.appmaq.com.br/appmaq-media/manuals/019a4c42-05fd-7adb-8bee-a46e24b0707e/019e5f9e-36e2-7651-bc38-f4c8ad08c871.pdf"
"1365","Trator Agrícola","JOHN DEERE","9RX 490","CATALOGO DE PEÇAS DE REPOSIÇÃO DOS TRATORES JOHN DEERE","-","true","https://cdn.appmaq.com.br/appmaq-media/manuals/019a4c42-05fd-7adb-8bee-a46e24b0707e/019e5f9e-3700-7b06-a57d-2797a8282ae9.pdf"
"1366","Trator Agrícola","JOHN DEERE","9RX 490","CATALOGO DE PEÇAS DOS TRATORES JOHN DEERE","-","true","https://cdn.appmaq.com.br/appmaq-media/manuals/019a4c42-05fd-7adb-8bee-a46e24b0707e/019e5f9e-379b-73f0-8c0b-c66b70b518f4.pdf"
"1367","Trator Agrícola","JOHN DEERE","9RX 490","ESPECIFICAÇOES DOS TRATORES 9R E 9RX","-","true","https://cdn.appmaq.com.br/appmaq-media/manuals/019a4c42-05fd-7adb-8bee-a46e24b0707e/019e5f9e-39f6-7085-8d32-4e576b4a3a15.pdf"
"1368","Trator Agrícola","JOHN DEERE","9RX 490","MANUAL DE CURSO BASICO PARA HIDRAULICA DOS TRATORES JOHN DEERE SERIE 9R","-","true","https://cdn.appmaq.com.br/appmaq-media/manuals/019a4c42-05fd-7adb-8bee-a46e24b0707e/019e5f9e-3e68-75f9-af71-0a8a63f1611c.pdf"
"1369","Trator Agrícola","JOHN DEERE","9RX 490","MANUAL DO OPERADOR TRATOR - JOHN DEERE - 9RX 490","-","true","https://cdn.appmaq.com.br/appmaq-media/manuals/019a4c42-05fd-7adb-8bee-a46e24b0707e/019e6499-2bb7-7498-b7e0-4e1cccc60c3a.pdf"
"1370","Trator Agrícola","JOHN DEERE","9RX 490","PEÇAS DE REPOSIÇÃO PARA TRATORES TRATOR JOHN DEERE EM INGLES","-","true","https://cdn.appmaq.com.br/appmaq-media/manuals/019a4c42-05fd-7adb-8bee-a46e24b0707e/019e5f9e-3efa-7037-be30-1fe7b0889727.pdf"
"1371","Trator Agrícola","JOHN DEERE","9RX 490 SCRAPER","MANUAL DO OPERADOR TRATOR - JOHN DEERE - 9RX 490 SCRAPER","-","true","https://cdn.appmaq.com.br/appmaq-media/manuals/019e64b0-288e-762a-a554-11316331fe3f/019e64b2-235a-7e28-ae87-d9bc362f46f3.pdf"
"1372","Trator Agrícola","JOHN DEERE","9RX 540","CATALOGO DE FILTRO DOS TRATORES JOHN DEERE 9R E 9RX","-","true","https://cdn.appmaq.com.br/appmaq-media/manuals/019a4c42-5c72-7cd0-8449-279cd1cc563c/019e5fa1-6ff3-71c4-80e5-fb3553b684ff.pdf"
"1373","Trator Agrícola","JOHN DEERE","9RX 540","CATALOGO DE PEÇAS DE REPOSIÇÃO DOS TRATORES JOHN DEERE","-","true","https://cdn.appmaq.com.br/appmaq-media/manuals/019a4c42-5c72-7cd0-8449-279cd1cc563c/019e5fa1-700d-7fc7-ad9f-7070a0a13a41.pdf"
"1374","Trator Agrícola","JOHN DEERE","9RX 540","CATALOGO DE PEÇAS DOS TRATORES JOHN DEERE","-","true","https://cdn.appmaq.com.br/appmaq-media/manuals/019a4c42-5c72-7cd0-8449-279cd1cc563c/019e5fa1-70ac-7ab4-b208-2f37583915ba.pdf"
"1375","Trator Agrícola","JOHN DEERE","9RX 540","ESPECIFICAÇOES DOS TRATORES 9R E 9RX","-","true","https://cdn.appmaq.com.br/appmaq-media/manuals/019a4c42-5c72-7cd0-8449-279cd1cc563c/019e5fa1-7334-7389-9cf9-0d6670abf8f5.pdf"
"1376","Trator Agrícola","JOHN DEERE","9RX 540","MANUAL DE CURSO BASICO PARA HIDRAULICA DOS TRATORES JOHN DEERE SERIE 9R","-","true","https://cdn.appmaq.com.br/appmaq-media/manuals/019a4c42-5c72-7cd0-8449-279cd1cc563c/019e5fa1-76cd-7c31-a034-f8899f93ee2a.pdf"
"1377","Trator Agrícola","JOHN DEERE","9RX 540","MANUAL DO OPERADOR TRATOR - JOHN DEERE - 9RX 540","-","true","https://cdn.appmaq.com.br/appmaq-media/manuals/019a4c42-5c72-7cd0-8449-279cd1cc563c/019e649b-77f9-7f9d-afff-c4afdc03bd1f.pdf"
"1378","Trator Agrícola","JOHN DEERE","9RX 540","PEÇAS DE REPOSIÇÃO PARA TRATORES TRATOR JOHN DEERE EM INGLES","-","true","https://cdn.appmaq.com.br/appmaq-media/manuals/019a4c42-5c72-7cd0-8449-279cd1cc563c/019e5fa1-796b-75fe-89a7-6f6e298393c4.pdf"
"1379","Trator Agrícola","JOHN DEERE","9RX 540 SCRAPER","MANUAL DO OPERADOR TRATOR - JOHN DEERE - 9RX 540 SCRAPER","-","true","https://cdn.appmaq.com.br/appmaq-media/manuals/019e6492-b3b4-7275-b5e7-b4eed13d4965/019e649d-0ded-7223-a7b2-dca71a8cf7ff.pdf"
"1380","Trator Agrícola","JOHN DEERE","9RX 590","CATALOGO DE FILTRO DOS TRATORES JOHN DEERE 9R E 9RX","-","true","https://cdn.appmaq.com.br/appmaq-media/manuals/019a4c42-8cc4-794e-b4ab-b30e3085167a/019e5fa2-25df-7002-a3cb-96ce31ec2065.pdf"
"1381","Trator Agrícola","JOHN DEERE","9RX 590","CATALOGO DE PEÇAS DE REPOSIÇÃO DOS TRATORES JOHN DEERE","-","true","https://cdn.appmaq.com.br/appmaq-media/manuals/019a4c42-8cc4-794e-b4ab-b30e3085167a/019e5fa2-289f-747c-a3ca-15ba5dc6744c.pdf"
"1382","Trator Agrícola","JOHN DEERE","9RX 590","CATALOGO DE PEÇAS DOS TRATORES JOHN DEERE","-","true","https://cdn.appmaq.com.br/appmaq-media/manuals/019a4c42-8cc4-794e-b4ab-b30e3085167a/019e5fa2-29cf-77d3-b589-12ca007d3db1.pdf"
"1383","Trator Agrícola","JOHN DEERE","9RX 590","ESPECIFICAÇOES DOS TRATORES 9R E 9RX","-","true","https://cdn.appmaq.com.br/appmaq-media/manuals/019a4c42-8cc4-794e-b4ab-b30e3085167a/019e5fa2-2d48-7bb8-a4a7-f82e10d0f52d.pdf"
"1384","Trator Agrícola","JOHN DEERE","9RX 590","MANUAL DE CURSO BASICO PARA HIDRAULICA DOS TRATORES JOHN DEERE SERIE 9R","-","true","https://cdn.appmaq.com.br/appmaq-media/manuals/019a4c42-8cc4-794e-b4ab-b30e3085167a/019e5fa2-3484-7dd7-86b1-4ae8914e9f31.pdf"
"1385","Trator Agrícola","JOHN DEERE","9RX 590","MANUAL DO OPERADOR TRATOR - JOHN DEERE - 9RX 590","-","true","https://cdn.appmaq.com.br/appmaq-media/manuals/019a4c42-8cc4-794e-b4ab-b30e3085167a/019e64a2-3c42-709a-b4e2-f7849a2d8e1b.pdf"
"1386","Trator Agrícola","JOHN DEERE","9RX 590","PEÇAS DE REPOSIÇÃO PARA TRATORES TRATOR JOHN DEERE EM INGLES","-","true","https://cdn.appmaq.com.br/appmaq-media/manuals/019a4c42-8cc4-794e-b4ab-b30e3085167a/019e5fa2-3960-75f7-a1d3-637156b9b7f3.pdf"
"1387","Trator Agrícola","JOHN DEERE","9RX 590 SCRAPER","MANUAL DO OPERADOR TRATOR - JOHN DEERE - 9RX 590 SCRAPER","-","true","https://cdn.appmaq.com.br/appmaq-media/manuals/019e6493-28ff-7eb0-a968-83ca2c359b60/019e64a3-9309-76cd-9718-3c3bffea2f17.pdf"
"1388","Trator Agrícola","JOHN DEERE","9RX 640","CATALOGO DE FILTRO DOS TRATORES JOHN DEERE 9R E 9RX","-","true","https://cdn.appmaq.com.br/appmaq-media/manuals/01967e43-3ccc-7a33-a290-9dc19075038e/019e5fa2-dbe0-7382-95ac-d4ec8a0d3ac5.pdf"
"1389","Trator Agrícola","JOHN DEERE","9RX 640","CATALOGO DE PEÇAS DE REPOSIÇÃO DOS TRATORES JOHN DEERE","-","true","https://cdn.appmaq.com.br/appmaq-media/manuals/01967e43-3ccc-7a33-a290-9dc19075038e/019e5fa2-dc00-7823-860d-530e49f9ac7f.pdf"
"1390","Trator Agrícola","JOHN DEERE","9RX 640","CATALOGO DE PEÇAS DOS TRATORES JOHN DEERE","-","true","https://cdn.appmaq.com.br/appmaq-media/manuals/01967e43-3ccc-7a33-a290-9dc19075038e/019e5fa2-dc9b-7e7e-83f7-7088be6a7fe6.pdf"
"1391","Trator Agrícola","JOHN DEERE","9RX 640","ESPECIFICAÇOES DOS TRATORES 9R E 9RX","-","true","https://cdn.appmaq.com.br/appmaq-media/manuals/01967e43-3ccc-7a33-a290-9dc19075038e/019e5fa2-df0e-7c07-a315-372e0cfc8ebd.pdf"
"1392","Trator Agrícola","JOHN DEERE","9RX 640","MANUAL DE CURSO BASICO PARA HIDRAULICA DOS TRATORES JOHN DEERE SERIE 9R","-","true","https://cdn.appmaq.com.br/appmaq-media/manuals/01967e43-3ccc-7a33-a290-9dc19075038e/019e5fa2-e1d2-7858-ae2c-a43debbc859e.pdf"
"1393","Trator Agrícola","JOHN DEERE","9RX 640","MANUAL DO OPERADOR TRATOR - JOHN DEERE - 9RX 640","-","true","https://cdn.appmaq.com.br/appmaq-media/manuals/01967e43-3ccc-7a33-a290-9dc19075038e/019e64a5-e911-7c7a-a292-2f263c5aaa2e.pdf"
"1394","Trator Agrícola","JOHN DEERE","9RX 640","PEÇAS DE REPOSIÇÃO PARA TRATORES TRATOR JOHN DEERE EM INGLES","-","true","https://cdn.appmaq.com.br/appmaq-media/manuals/01967e43-3ccc-7a33-a290-9dc19075038e/019e5fa2-e266-72b4-b5e8-e65263b591cd.pdf"
"1395","Trator Agrícola","JOHN DEERE","9RX 710","CATALOGO DE FILTRO DOS TRATORES JOHN DEERE 9R E 9RX","-","true","https://cdn.appmaq.com.br/appmaq-media/manuals/019a4c42-b56d-7195-9f9b-ef3aea3df895/019e5fa3-9df7-722b-b8b7-e9767fc20650.pdf"
"1396","Trator Agrícola","JOHN DEERE","9RX 710","CATALOGO DE PEÇAS DE REPOSIÇÃO DOS TRATORES JOHN DEERE","-","true","https://cdn.appmaq.com.br/appmaq-media/manuals/019a4c42-b56d-7195-9f9b-ef3aea3df895/019e5fa3-9e0f-7618-8665-751c158e150d.pdf"
"1397","Trator Agrícola","JOHN DEERE","9RX 710","CATALOGO DE PEÇAS DOS TRATORES JOHN DEERE","-","true","https://cdn.appmaq.com.br/appmaq-media/manuals/019a4c42-b56d-7195-9f9b-ef3aea3df895/019e5fa3-9ecf-7312-8ca9-a4e2c243d1ae.pdf"
"1398","Trator Agrícola","JOHN DEERE","9RX 710","ESPECIFICAÇOES DOS TRATORES 9R E 9RX","-","true","https://cdn.appmaq.com.br/appmaq-media/manuals/019a4c42-b56d-7195-9f9b-ef3aea3df895/019e5fa3-a0fc-728f-ab19-71f03d54eff9.pdf"
"1399","Trator Agrícola","JOHN DEERE","9RX 710","MANUAL DE CURSO BASICO PARA HIDRAULICA DOS TRATORES JOHN DEERE SERIE 9R","-","true","https://cdn.appmaq.com.br/appmaq-media/manuals/019a4c42-b56d-7195-9f9b-ef3aea3df895/019e5fa3-a378-7f49-94fa-a16cdb50315b.pdf"
"1400","Trator Agrícola","JOHN DEERE","9RX 710","MANUAL DO OPERADOR TRATOR - JOHN DEERE - 9RX 710","-","true","https://cdn.appmaq.com.br/appmaq-media/manuals/019a4c42-b56d-7195-9f9b-ef3aea3df895/019e64a8-b252-72b2-8767-8a44a62a2fef.pdf"
"1401","Trator Agrícola","JOHN DEERE","9RX 710","PEÇAS DE REPOSIÇÃO PARA TRATORES TRATOR JOHN DEERE EM INGLES","-","true","https://cdn.appmaq.com.br/appmaq-media/manuals/019a4c42-b56d-7195-9f9b-ef3aea3df895/019e5fa3-a6e5-70c1-8468-b874df1d2c62.pdf"
"1402","Trator Agrícola","JOHN DEERE","9RX 710 SCRAPER","MANUAL DO OPERADOR TRATOR - JOHN DEERE - 9RX 710 SCRAPER","-","true","https://cdn.appmaq.com.br/appmaq-media/manuals/019e6495-9608-7143-9cce-49d0fe405793/019e64aa-c54a-707d-8570-824562b55a4e.pdf"
"1403","Trator Agrícola","JOHN DEERE","9RX 770","CATALOGO DE FILTRO DOS TRATORES JOHN DEERE 9R E 9RX","-","true","https://cdn.appmaq.com.br/appmaq-media/manuals/019a4c42-f1b0-7778-8deb-b771c0d1f1b3/019e5fa4-72b0-7520-983d-63d62574ac9e.pdf"
"1404","Trator Agrícola","JOHN DEERE","9RX 770","CATALOGO DE PEÇAS DE REPOSIÇÃO DOS TRATORES JOHN DEERE","-","true","https://cdn.appmaq.com.br/appmaq-media/manuals/019a4c42-f1b0-7778-8deb-b771c0d1f1b3/019e5fa4-72c8-74ae-a15c-3bf27a98378a.pdf"
"1405","Trator Agrícola","JOHN DEERE","9RX 770","CATALOGO DE PEÇAS DOS TRATORES JOHN DEERE","-","true","https://cdn.appmaq.com.br/appmaq-media/manuals/019a4c42-f1b0-7778-8deb-b771c0d1f1b3/019e5fa4-7349-77b0-a1c1-5f5207cf2f61.pdf"
"1406","Trator Agrícola","JOHN DEERE","9RX 770","ESPECIFICAÇOES DOS TRATORES 9R E 9RX","-","true","https://cdn.appmaq.com.br/appmaq-media/manuals/019a4c42-f1b0-7778-8deb-b771c0d1f1b3/019e5fa4-75c0-729d-90a4-f4b51a28f9e4.pdf"
"1407","Trator Agrícola","JOHN DEERE","9RX 770","MANUAL DE CURSO BASICO PARA HIDRAULICA DOS TRATORES JOHN DEERE SERIE 9R","-","true","https://cdn.appmaq.com.br/appmaq-media/manuals/019a4c42-f1b0-7778-8deb-b771c0d1f1b3/019e5fa4-7a24-7061-9a98-d8f623cdd214.pdf"
"1408","Trator Agrícola","JOHN DEERE","9RX 770","MANUAL DO OPERADOR TRATOR - JOHN DEERE - 9RX 770","-","true","https://cdn.appmaq.com.br/appmaq-media/manuals/019a4c42-f1b0-7778-8deb-b771c0d1f1b3/019e64ac-4a48-7fef-886b-109a915a5ec4.pdf"
"1409","Trator Agrícola","JOHN DEERE","9RX 770","PEÇAS DE REPOSIÇÃO PARA TRATORES TRATOR JOHN DEERE EM INGLES","-","true","https://cdn.appmaq.com.br/appmaq-media/manuals/019a4c42-f1b0-7778-8deb-b771c0d1f1b3/019e5fa4-7b3d-77ce-926f-ed445fd44f24.pdf"
"1410","Trator Agrícola","JOHN DEERE","9RX 770 SCRAPER","MANUAL DO OPERADOR TRATOR - JOHN DEERE - 9RX 770 SCRAPER","-","true","https://cdn.appmaq.com.br/appmaq-media/manuals/019e6495-ff6f-7971-a84a-7d2e36268c41/019e64ad-add7-747b-b0bd-14a4189fea2d.pdf"
"1411","Trator Agrícola","JOHN DEERE","9RX 830","CATALOGO DE FILTRO DOS TRATORES JOHN DEERE 9R E 9RX","-","true","https://cdn.appmaq.com.br/appmaq-media/manuals/01967e2b-ce9d-7a0d-b596-030ca7010d43/019e5fa5-cbfe-781d-b7ee-283dec813992.pdf"
"1412","Trator Agrícola","JOHN DEERE","9RX 830","CATALOGO DE PEÇAS DE REPOSIÇÃO DOS TRATORES JOHN DEERE","-","true","https://cdn.appmaq.com.br/appmaq-media/manuals/01967e2b-ce9d-7a0d-b596-030ca7010d43/019e5fa5-cc1d-730d-9e57-903ed0b1b64a.pdf"
"1413","Trator Agrícola","JOHN DEERE","9RX 830","CATALOGO DE PEÇAS DOS TRATORES JOHN DEERE","-","true","https://cdn.appmaq.com.br/appmaq-media/manuals/01967e2b-ce9d-7a0d-b596-030ca7010d43/019e5fa5-cc8f-73ed-8406-c17ccc17c15a.pdf"
"1414","Trator Agrícola","JOHN DEERE","9RX 830","ESPECIFICAÇOES DOS TRATORES 9R E 9RX","-","true","https://cdn.appmaq.com.br/appmaq-media/manuals/01967e2b-ce9d-7a0d-b596-030ca7010d43/019e5fa5-cf34-71dd-9a4b-8cfaa86ea0e2.pdf"
"1415","Trator Agrícola","JOHN DEERE","9RX 830","MANUAL DE CURSO BASICO PARA HIDRAULICA DOS TRATORES JOHN DEERE SERIE 9R","-","true","https://cdn.appmaq.com.br/appmaq-media/manuals/01967e2b-ce9d-7a0d-b596-030ca7010d43/019e5fa5-d2f9-774a-9591-804197184e07.pdf"
"1416","Trator Agrícola","JOHN DEERE","9RX 830","MANUAL DO OPERADOR TRATOR - JOHN DEERE - 9RX 830","-","true","https://cdn.appmaq.com.br/appmaq-media/manuals/01967e2b-ce9d-7a0d-b596-030ca7010d43/019e64af-29d8-7c1b-b14a-eb29f52e420c.pdf"
"1417","Trator Agrícola","JOHN DEERE","9RX 830","PEÇAS DE REPOSIÇÃO PARA TRATORES TRATOR JOHN DEERE EM INGLES","-","true","https://cdn.appmaq.com.br/appmaq-media/manuals/01967e2b-ce9d-7a0d-b596-030ca7010d43/019e5fa5-d584-7b7d-a854-39b7cbfb1554.pdf"
"1418","Trator Agrícola","LS TRACTOR","PLUS 100 CABINADO","APRESENTAÇÃO DO TRATOR SERIE PLUS - LS - 80 - 90 - 100","-","true","https://cdn.appmaq.com.br/appmaq-media/manuals/01957100-b0df-7862-a306-ebacb599b065/019e5bf4-879c-7a43-a45a-318f926a9921.pdf"
"1419","Trator Agrícola","LS TRACTOR","PLUS 100 CABINADO","CATALOGO DE PEÇAS TRATOR - LS PLUS - 80 PLUS - 90 PLUS 100 -","-","true","https://cdn.appmaq.com.br/appmaq-media/manuals/01957100-b0df-7862-a306-ebacb599b065/019e5bf4-8817-7afa-bb48-0004674708f9.pdf"
"1420","Trator Agrícola","LS TRACTOR","PLUS 100 CABINADO","COMPARATIVOS DE TRATORES LS -105CV-a-115CV -","-","true","https://cdn.appmaq.com.br/appmaq-media/manuals/01957100-b0df-7862-a306-ebacb599b065/019e5bf4-8b4a-70ed-9322-c0b1437e454b.pdf"
"1421","Trator Agrícola","LS TRACTOR","PLUS 100 CABINADO","FOLHETO TÉCNICO DO TRATOR SÉRIE PLUS - LS - 80 - 90 - 100","-","true","https://cdn.appmaq.com.br/appmaq-media/manuals/01957100-b0df-7862-a306-ebacb599b065/019e5bf4-8c59-76bb-8813-5afc72548607.pdf"
"1422","Trator Agrícola","LS TRACTOR","PLUS 100 CABINADO","FOLHETO TÉCNICO TRATORES - LS - SÉRIE PLUS - 80 - 90 - 100 - ROPS","-","true","https://cdn.appmaq.com.br/appmaq-media/manuals/01957100-b0df-7862-a306-ebacb599b065/019e5bf4-8dbc-73cd-a7d8-2168d1f2a6ee.pdf"
"1423","Trator Agrícola","LS TRACTOR","PLUS 100 CABINADO","FOLHETO TÉCNICO TRATOR - LS - SÉRIE PLUS - 80 - 90-100 - CABINADO","-","true","https://cdn.appmaq.com.br/appmaq-media/manuals/01957100-b0df-7862-a306-ebacb599b065/019e5bf4-8cf0-7674-969e-ea4d485506d4.pdf"
"1424","Trator Agrícola","LS TRACTOR","PLUS 100 CABINADO","MANUAL DO TRATOR - LS - SÉRIE PLUS - 80 - 90 -100","-","true","https://cdn.appmaq.com.br/appmaq-media/manuals/01957100-b0df-7862-a306-ebacb599b065/019e5bf4-908d-7c17-ba1f-5ae7c5d12c8b.pdf"
"1425","Trator Agrícola","LS TRACTOR","PLUS 80 CABINADO","APRESENTAÇÃO DO TRATOR SERIE PLUS - LS - 80 - 90 - 100","-","true","https://cdn.appmaq.com.br/appmaq-media/manuals/019ad650-7094-7db9-a35e-69f589185187/019e5bf3-1655-743a-8f6e-bc5eb7904627.pdf"
"1426","Trator Agrícola","LS TRACTOR","PLUS 80 CABINADO","CATALOGO DE PEÇAS TRATOR - LS PLUS - 80 PLUS - 90 PLUS 100 -","-","true","https://cdn.appmaq.com.br/appmaq-media/manuals/019ad650-7094-7db9-a35e-69f589185187/019e5bf3-16d3-7636-a6f9-e2ba9c29c7dc.pdf"
"1427","Trator Agrícola","LS TRACTOR","PLUS 80 CABINADO","COMPARATIVOS DE TRATORES LS -105CV-a-115CV -","-","true","https://cdn.appmaq.com.br/appmaq-media/manuals/019ad650-7094-7db9-a35e-69f589185187/019e5bf3-19d4-76aa-a0f3-73f0e263d17d.pdf"
"1428","Trator Agrícola","LS TRACTOR","PLUS 80 CABINADO","FOLHETO TÉCNICO DO TRATOR SÉRIE PLUS - LS - 80 - 90 - 100","-","true","https://cdn.appmaq.com.br/appmaq-media/manuals/019ad650-7094-7db9-a35e-69f589185187/019e5bf3-1c04-745c-8682-6a933b40b3c4.pdf"
"1429","Trator Agrícola","LS TRACTOR","PLUS 80 CABINADO","FOLHETO TÉCNICO TRATORES - LS - SÉRIE PLUS - 80 - 90 - 100 - ROPS","-","true","https://cdn.appmaq.com.br/appmaq-media/manuals/019ad650-7094-7db9-a35e-69f589185187/019e5bf3-1f4e-78fb-a70f-d914b4dfcfe3.pdf"
"1430","Trator Agrícola","LS TRACTOR","PLUS 80 CABINADO","FOLHETO TÉCNICO TRATOR - LS - SÉRIE PLUS - 80 - 90-100 - CABINADO","-","true","https://cdn.appmaq.com.br/appmaq-media/manuals/019ad650-7094-7db9-a35e-69f589185187/019e5bf3-1d1a-7d77-b387-aeb8ff84c8a3.pdf"
"1431","Trator Agrícola","LS TRACTOR","PLUS 80 CABINADO","MANUAL DO TRATOR - LS - SÉRIE PLUS - 80 - 90 -100","-","true","https://cdn.appmaq.com.br/appmaq-media/manuals/019ad650-7094-7db9-a35e-69f589185187/019e5bf3-1f97-7f04-972c-217e8d7c2b5f.pdf"
"1432","Trator Agrícola","LS TRACTOR","PLUS 90 CABINADO","APRESENTAÇÃO DO TRATOR SERIE PLUS - LS - 80 - 90 - 100","-","true","https://cdn.appmaq.com.br/appmaq-media/manuals/019ad651-b3af-7396-a9d5-06c37ac64b08/019e5bf3-e406-7e2c-9787-3e3d4b8d8c1c.pdf"
"1433","Trator Agrícola","LS TRACTOR","PLUS 90 CABINADO","CATALOGO DE PEÇAS TRATOR - LS PLUS - 80 PLUS - 90 PLUS 100 -","-","true","https://cdn.appmaq.com.br/appmaq-media/manuals/019ad651-b3af-7396-a9d5-06c37ac64b08/019e5bf3-e482-73a6-8c04-29844576812a.pdf"
"1434","Trator Agrícola","LS TRACTOR","PLUS 90 CABINADO","COMPARATIVOS DE TRATORES LS -105CV-a-115CV -","-","true","https://cdn.appmaq.com.br/appmaq-media/manuals/019ad651-b3af-7396-a9d5-06c37ac64b08/019e5bf3-e776-7b5d-a912-596e96623666.pdf"
"1435","Trator Agrícola","LS TRACTOR","PLUS 90 CABINADO","FOLHETO TÉCNICO DO TRATOR SÉRIE PLUS - LS - 80 - 90 - 100","-","true","https://cdn.appmaq.com.br/appmaq-media/manuals/019ad651-b3af-7396-a9d5-06c37ac64b08/019e5bf3-e87d-7a7e-a0d2-2a530c3d7446.pdf"
"1436","Trator Agrícola","LS TRACTOR","PLUS 90 CABINADO","FOLHETO TÉCNICO TRATORES - LS - SÉRIE PLUS - 80 - 90 - 100 - ROPS","-","true","https://cdn.appmaq.com.br/appmaq-media/manuals/019ad651-b3af-7396-a9d5-06c37ac64b08/019e5bf3-ec7d-7c8b-8df4-0006004b86d4.pdf"
"1437","Trator Agrícola","LS TRACTOR","PLUS 90 CABINADO","FOLHETO TÉCNICO TRATOR - LS - SÉRIE PLUS - 80 - 90-100 - CABINADO","-","true","https://cdn.appmaq.com.br/appmaq-media/manuals/019ad651-b3af-7396-a9d5-06c37ac64b08/019e5bf3-ea2d-770b-8745-b96d19f0e3ad.pdf"
"1438","Trator Agrícola","LS TRACTOR","PLUS 90 CABINADO","MANUAL DO TRATOR - LS - SÉRIE PLUS - 80 - 90 -100","-","true","https://cdn.appmaq.com.br/appmaq-media/manuals/019ad651-b3af-7396-a9d5-06c37ac64b08/019e5bf3-ed4f-775b-b59a-d54107d570a0.pdf"
"1439","Trator Agrícola","MASSEY FERGUSON","4665","TABELA DE LUBRIFICAÇÃO TRATORES - MASSEY FERGUSSON","-","true","https://cdn.appmaq.com.br/appmaq-media/manuals/019ed6b8-0f99-79ae-a285-f98fa6c96d72/019ed6b9-26a5-7c37-a66b-acfbb22bd918.pdf"
"1440","Trator Agrícola","MASSEY FERGUSON","8732S","CATALOGO DE PEÇAS DE BOMBA HIDRAULICA MASSEY FERGUNSON E OUTRAS MARCAS.","-","true","https://cdn.appmaq.com.br/appmaq-media/manuals/019ef079-382f-75a4-81ad-66c7210613d4/019ef0be-98b0-7e67-9037-f42236ce6ffc.pdf"
"1441","Trator Agrícola","MASSEY FERGUSON","8732S","CURSO DE OPERAÇÃO E MANUTENÇÃO DE TRATORES MASSEY FERGUNSON","-","true","https://cdn.appmaq.com.br/appmaq-media/manuals/019ef079-382f-75a4-81ad-66c7210613d4/019ef0be-98bc-71eb-842d-38997f3bdf48.pdf"
"1442","Trator Agrícola","MASSEY FERGUSON","8732S","FOLHETO DO TRATOR MF 8700","-","true","https://cdn.appmaq.com.br/appmaq-media/manuals/019ef079-382f-75a4-81ad-66c7210613d4/019ef0be-98f6-7a03-aef3-1c65cb4baa69.pdf"
"1443","Trator Agrícola","MASSEY FERGUSON","8732S","MANUAL DE ESPECIFICAÇÕES E RECURSOS TRATORES MF 8700","-","true","https://cdn.appmaq.com.br/appmaq-media/manuals/019ef079-382f-75a4-81ad-66c7210613d4/019ef0be-996a-79ce-9ac6-30b75dbad7d6.pdf"
"1444","Trator Agrícola","MASSEY FERGUSON","8732S","MANUAL DO SISTEMA ELETRICO E HIDRAULICO DOS TRATORES MF8700S","-","true","https://cdn.appmaq.com.br/appmaq-media/manuals/019ef079-382f-75a4-81ad-66c7210613d4/019ef0be-9a59-7ef5-adf4-3517a3f671c0.pdf"
"1445","Trator Agrícola","MASSEY FERGUSON","8S.205","CATALOGO DE PEÇAS DE BOMBA HIDRAULICA MASSEY FERGUNSON E OUTRAS MARCAS.","-","true","https://cdn.appmaq.com.br/appmaq-media/manuals/019a1d25-6873-7859-9ad2-fe5cb156f62a/019eb8b0-c25d-75ce-ad41-85894965df57.pdf"
"1446","Trator Agrícola","MASSEY FERGUSON","8S.205","CURSO DE OPERAÇÃO E MANUTENÇÃO DE TRATORES MASSEY FERGUNSON","-","true","https://cdn.appmaq.com.br/appmaq-media/manuals/019a1d25-6873-7859-9ad2-fe5cb156f62a/019eb8b0-c2cd-7a29-a415-09420d437559.pdf"
"1447","Trator Agrícola","MASSEY FERGUSON","8S.205","FOLHETO DOS TRATORES AGRICOLA MASSEY FERGUNSON 205 - 305 HP","-","true","https://cdn.appmaq.com.br/appmaq-media/manuals/019a1d25-6873-7859-9ad2-fe5cb156f62a/019eb8b0-c321-7707-8b39-5eea32416e91.pdf"
"1448","Trator Agrícola","MASSEY FERGUSON","8S.205","FOLHETO DOS TRATORES AGRICOLAS MASSEY FERGUNSON","-","true","https://cdn.appmaq.com.br/appmaq-media/manuals/019a1d25-6873-7859-9ad2-fe5cb156f62a/019eb8b0-c6c5-7ef2-9fca-68bf1cfed17f.pdf"
"1449","Trator Agrícola","MASSEY FERGUSON","8S.205","MANUAL DE OFICINA DO TRATOR MF SÉRIE 200","-","true","https://cdn.appmaq.com.br/appmaq-media/manuals/019a1d25-6873-7859-9ad2-fe5cb156f62a/019eb8b0-c75f-7d11-8b20-00a59faec9ae.pdf"
"1450","Trator Agrícola","MASSEY FERGUSON","8S.205","MANUAL DO OPERADOR MASSEY FERGUSON SÉRIE 200","-","true","https://cdn.appmaq.com.br/appmaq-media/manuals/019a1d25-6873-7859-9ad2-fe5cb156f62a/019eb8b0-c842-7c6e-b96c-077a879b9235.pdf"
"1451","Trator Agrícola","MASSEY FERGUSON","8S.225","CATALOGO DE PEÇAS DE BOMBA HIDRAULICA MASSEY FERGUNSON E OUTRAS MARCAS.","-","true","https://cdn.appmaq.com.br/appmaq-media/manuals/019a1d25-174f-767c-91dd-0d5df27a36fd/019eb8b1-b8d5-745a-839e-51220d5f3687.pdf"
"1452","Trator Agrícola","MASSEY FERGUSON","8S.225","CURSO DE OPERAÇÃO E MANUTENÇÃO DE TRATORES MASSEY FERGUNSON","-","true","https://cdn.appmaq.com.br/appmaq-media/manuals/019a1d25-174f-767c-91dd-0d5df27a36fd/019eb8b1-b8ec-7d6e-a257-36dad66cff13.pdf"
"1453","Trator Agrícola","MASSEY FERGUSON","8S.225","FOLHETO DOS TRATORES AGRICOLA MASSEY FERGUNSON 205 - 305 HP","-","true","https://cdn.appmaq.com.br/appmaq-media/manuals/019a1d25-174f-767c-91dd-0d5df27a36fd/019eb8b1-b937-733f-977e-4f690c2e2e4f.pdf"
"1454","Trator Agrícola","MASSEY FERGUSON","8S.225","FOLHETO DOS TRATORES AGRICOLAS MASSEY FERGUNSON","-","true","https://cdn.appmaq.com.br/appmaq-media/manuals/019a1d25-174f-767c-91dd-0d5df27a36fd/019eb8b1-bc42-72b9-96b9-01b26d6b1329.pdf"
"1455","Trator Agrícola","MASSEY FERGUSON","8S.225","MANUAL DE OFICINA DO TRATOR MF SÉRIE 200","-","true","https://cdn.appmaq.com.br/appmaq-media/manuals/019a1d25-174f-767c-91dd-0d5df27a36fd/019eb8b1-be68-798f-a995-ae9eb4c14e86.pdf"
"1456","Trator Agrícola","MASSEY FERGUSON","8S.225","MANUAL DO OPERADOR MASSEY FERGUSON SÉRIE 200","-","true","https://cdn.appmaq.com.br/appmaq-media/manuals/019a1d25-174f-767c-91dd-0d5df27a36fd/019eb8b1-bff9-7cf1-8069-ea56e60f63db.pdf"
"1457","Trator Agrícola","MASSEY FERGUSON","8S.245","CATALOGO DE PEÇAS DE BOMBA HIDRAULICA MASSEY FERGUNSON E OUTRAS MARCAS.","-","true","https://cdn.appmaq.com.br/appmaq-media/manuals/019a1cf6-cff5-7b8b-9841-1d56b9e0316e/019eb8b2-6348-77d3-8489-19b672353513.pdf"
"1458","Trator Agrícola","MASSEY FERGUSON","8S.245","CURSO DE OPERAÇÃO E MANUTENÇÃO DE TRATORES MASSEY FERGUNSON","-","true","https://cdn.appmaq.com.br/appmaq-media/manuals/019a1cf6-cff5-7b8b-9841-1d56b9e0316e/019eb8b2-635e-78ea-966f-4280134a6c79.pdf"
"1459","Trator Agrícola","MASSEY FERGUSON","8S.245","FOLHETO DOS TRATORES AGRICOLA MASSEY FERGUNSON 205 - 305 HP","-","true","https://cdn.appmaq.com.br/appmaq-media/manuals/019a1cf6-cff5-7b8b-9841-1d56b9e0316e/019eb8b2-639b-712d-8ef1-640e62d3e581.pdf"
"1460","Trator Agrícola","MASSEY FERGUSON","8S.245","FOLHETO DOS TRATORES AGRICOLAS MASSEY FERGUNSON","-","true","https://cdn.appmaq.com.br/appmaq-media/manuals/019a1cf6-cff5-7b8b-9841-1d56b9e0316e/019eb8b2-663e-7eb9-b06f-910df2f98805.pdf"
"1461","Trator Agrícola","MASSEY FERGUSON","8S.245","MANUAL DE OFICINA DO TRATOR MF SÉRIE 200","-","true","https://cdn.appmaq.com.br/appmaq-media/manuals/019a1cf6-cff5-7b8b-9841-1d56b9e0316e/019eb8b2-667e-77d3-8f85-15c1d699ca56.pdf"
"1462","Trator Agrícola","MASSEY FERGUSON","8S.245","MANUAL DO OPERADOR MASSEY FERGUSON SÉRIE 200","-","true","https://cdn.appmaq.com.br/appmaq-media/manuals/019a1cf6-cff5-7b8b-9841-1d56b9e0316e/019eb8b2-687b-7c51-a950-4e41a90b63bd.pdf"
"1463","Trator Agrícola","MASSEY FERGUSON","8S.265","CATALOGO DE PEÇAS DE BOMBA HIDRAULICA MASSEY FERGUNSON E OUTRAS MARCAS.","-","true","https://cdn.appmaq.com.br/appmaq-media/manuals/01991004-5b5e-7b97-9c0c-06f9c7f3be7e/019eb8b3-0553-7797-8952-819d65411f7a.pdf"
"1464","Trator Agrícola","MASSEY FERGUSON","8S.265","CURSO DE OPERAÇÃO E MANUTENÇÃO DE TRATORES MASSEY FERGUNSON","-","true","https://cdn.appmaq.com.br/appmaq-media/manuals/01991004-5b5e-7b97-9c0c-06f9c7f3be7e/019eb8b3-0564-793c-b0c2-c8e24f59a92a.pdf"
"1465","Trator Agrícola","MASSEY FERGUSON","8S.265","FOLHETO DOS TRATORES AGRICOLA MASSEY FERGUNSON 205 - 305 HP","-","true","https://cdn.appmaq.com.br/appmaq-media/manuals/01991004-5b5e-7b97-9c0c-06f9c7f3be7e/019eb8b3-05ad-70f4-9ceb-5c844bd21291.pdf"
"1466","Trator Agrícola","MASSEY FERGUSON","8S.265","FOLHETO DOS TRATORES AGRICOLAS MASSEY FERGUNSON","-","true","https://cdn.appmaq.com.br/appmaq-media/manuals/01991004-5b5e-7b97-9c0c-06f9c7f3be7e/019eb8b3-0853-7a3e-82d7-4a2413697c97.pdf"
"1467","Trator Agrícola","MASSEY FERGUSON","8S.265","MANUAL DE OFICINA DO TRATOR MF SÉRIE 200","-","true","https://cdn.appmaq.com.br/appmaq-media/manuals/01991004-5b5e-7b97-9c0c-06f9c7f3be7e/019eb8b3-0890-77b7-862e-93a9a2b5310e.pdf"
"1468","Trator Agrícola","MASSEY FERGUSON","8S.265","MANUAL DO OPERADOR MASSEY FERGUSON SÉRIE 200","-","true","https://cdn.appmaq.com.br/appmaq-media/manuals/01991004-5b5e-7b97-9c0c-06f9c7f3be7e/019eb8b3-0a86-7aac-a939-14f814d938d8.pdf"
"1469","Trator Agrícola","MASSEY FERGUSON","8S.265 XTRA","CATALOGO DE PEÇAS DE BOMBA HIDRAULICA MASSEY FERGUNSON E OUTRAS MARCAS.","-","true","https://cdn.appmaq.com.br/appmaq-media/manuals/019eb8b3-4bc2-7341-ba9e-428b491e8a3c/019eb8b4-bdab-7c69-83c4-cfaff49d1bb9.pdf"
"1470","Trator Agrícola","MASSEY FERGUSON","8S.265 XTRA","CURSO DE OPERAÇÃO E MANUTENÇÃO DE TRATORES MASSEY FERGUNSON","-","true","https://cdn.appmaq.com.br/appmaq-media/manuals/019eb8b3-4bc2-7341-ba9e-428b491e8a3c/019eb8b4-bdbe-7912-8085-aeed172ae73e.pdf"
"1471","Trator Agrícola","MASSEY FERGUSON","8S.265 XTRA","FOLHETO DOS TRATORE AGRICOLA MSSEY FERGUNSON 8S XTRA","-","true","https://cdn.appmaq.com.br/appmaq-media/manuals/019eb8b3-4bc2-7341-ba9e-428b491e8a3c/019eb8b4-be17-72dd-8b5c-e840cae37d96.pdf"
"1472","Trator Agrícola","MASSEY FERGUSON","8S.265 XTRA","FOLHETO DOS TRATORES AGRICOLA MASSEY FERGUNSON 205 - 305 HP","-","true","https://cdn.appmaq.com.br/appmaq-media/manuals/019eb8b3-4bc2-7341-ba9e-428b491e8a3c/019eb8b4-be58-745e-91bc-bb479db75f24.pdf"
"1473","Trator Agrícola","MASSEY FERGUSON","8S.265 XTRA","MANUAL DE OFICINA DO TRATOR MF SÉRIE 200","-","true","https://cdn.appmaq.com.br/appmaq-media/manuals/019eb8b3-4bc2-7341-ba9e-428b491e8a3c/019eb8b4-c14c-7546-b6ca-cc9090f62b4b.pdf"
"1474","Trator Agrícola","MASSEY FERGUSON","8S.265 XTRA","MANUAL DO OPERADOR MASSEY FERGUSON SÉRIE 200","-","true","https://cdn.appmaq.com.br/appmaq-media/manuals/019eb8b3-4bc2-7341-ba9e-428b491e8a3c/019eb8b4-c1ad-737e-8a47-3d3449ba4f2c.pdf"
"1475","Trator Agrícola","MASSEY FERGUSON","8S.285","CATALOGO DE PEÇAS DE BOMBA HIDRAULICA MASSEY FERGUNSON E OUTRAS MARCAS.","-","true","https://cdn.appmaq.com.br/appmaq-media/manuals/019a1cf8-ea0e-79f0-af6f-aab90a69d814/019eb8b5-93aa-7842-b1fc-f8dd5ba2ccc3.pdf"
"1476","Trator Agrícola","MASSEY FERGUSON","8S.285","CURSO DE OPERAÇÃO E MANUTENÇÃO DE TRATORES MASSEY FERGUNSON","-","true","https://cdn.appmaq.com.br/appmaq-media/manuals/019a1cf8-ea0e-79f0-af6f-aab90a69d814/019eb8b5-93ea-76cf-9a9e-701845cf38e3.pdf"
"1477","Trator Agrícola","MASSEY FERGUSON","8S.285","FOLHETO DOS TRATORES AGRICOLA MASSEY FERGUNSON 205 - 305 HP","-","true","https://cdn.appmaq.com.br/appmaq-media/manuals/019a1cf8-ea0e-79f0-af6f-aab90a69d814/019eb8b5-9505-7ffe-84cc-fa65f5f454ee.pdf"
"1478","Trator Agrícola","MASSEY FERGUSON","8S.285","FOLHETO DOS TRATORES AGRICOLAS MASSEY FERGUNSON","-","true","https://cdn.appmaq.com.br/appmaq-media/manuals/019a1cf8-ea0e-79f0-af6f-aab90a69d814/019eb8b5-97da-76bc-8326-81fce7966be5.pdf"
"1479","Trator Agrícola","MASSEY FERGUSON","8S.285","MANUAL DE OFICINA DO TRATOR MF SÉRIE 200","-","true","https://cdn.appmaq.com.br/appmaq-media/manuals/019a1cf8-ea0e-79f0-af6f-aab90a69d814/019eb8b5-99e6-70b3-84dd-5efe6ea4698f.pdf"
"1480","Trator Agrícola","MASSEY FERGUSON","8S.285","MANUAL DO OPERADOR MASSEY FERGUSON SÉRIE 200","-","true","https://cdn.appmaq.com.br/appmaq-media/manuals/019a1cf8-ea0e-79f0-af6f-aab90a69d814/019eb8b5-9b9f-7cb8-962f-82a1173729ca.pdf"
"1481","Trator Agrícola","MASSEY FERGUSON","8S.285 XTRA","CATALOGO DE PEÇAS DE BOMBA HIDRAULICA MASSEY FERGUNSON E OUTRAS MARCAS.","-","true","https://cdn.appmaq.com.br/appmaq-media/manuals/019eb8b3-aa3a-721d-a594-c183a45a3efd/019eb8b6-648c-7b9c-841a-23d021796371.pdf"
"1482","Trator Agrícola","MASSEY FERGUSON","8S.285 XTRA","CURSO DE OPERAÇÃO E MANUTENÇÃO DE TRATORES MASSEY FERGUNSON","-","true","https://cdn.appmaq.com.br/appmaq-media/manuals/019eb8b3-aa3a-721d-a594-c183a45a3efd/019eb8b6-64be-704c-9e6c-0f4b0481690c.pdf"
"1483","Trator Agrícola","MASSEY FERGUSON","8S.285 XTRA","FOLHETO DOS TRATORE AGRICOLA MSSEY FERGUNSON 8S XTRA","-","true","https://cdn.appmaq.com.br/appmaq-media/manuals/019eb8b3-aa3a-721d-a594-c183a45a3efd/019eb8b6-6522-7a43-8265-a0530e1aa2bf.pdf"
"1484","Trator Agrícola","MASSEY FERGUSON","8S.285 XTRA","FOLHETO DOS TRATORES AGRICOLA MASSEY FERGUNSON 205 - 305 HP","-","true","https://cdn.appmaq.com.br/appmaq-media/manuals/019eb8b3-aa3a-721d-a594-c183a45a3efd/019eb8b6-658d-7ca7-94d7-38236a086f27.pdf"
"1485","Trator Agrícola","MASSEY FERGUSON","8S.285 XTRA","MANUAL DE OFICINA DO TRATOR MF SÉRIE 200","-","true","https://cdn.appmaq.com.br/appmaq-media/manuals/019eb8b3-aa3a-721d-a594-c183a45a3efd/019eb8b6-6d1b-73df-9928-3c6043f30957.pdf"
"1486","Trator Agrícola","MASSEY FERGUSON","8S.285 XTRA","MANUAL DO OPERADOR MASSEY FERGUSON SÉRIE 200","-","true","https://cdn.appmaq.com.br/appmaq-media/manuals/019eb8b3-aa3a-721d-a594-c183a45a3efd/019eb8b6-6fb8-7694-a9ca-99524b058396.pdf"
"1487","Trator Agrícola","MASSEY FERGUSON","8S.305","CATALOGO DE PEÇAS DE BOMBA HIDRAULICA MASSEY FERGUNSON E OUTRAS MARCAS.","-","true","https://cdn.appmaq.com.br/appmaq-media/manuals/01991006-a97e-7af8-b1aa-2f4a9bb71bc1/019eb8b7-3290-7269-a0ea-e30945a36444.pdf"
"1488","Trator Agrícola","MASSEY FERGUSON","8S.305","CURSO DE OPERAÇÃO E MANUTENÇÃO DE TRATORES MASSEY FERGUNSON","-","true","https://cdn.appmaq.com.br/appmaq-media/manuals/01991006-a97e-7af8-b1aa-2f4a9bb71bc1/019eb8b7-329e-769f-b6a6-569669e0fe04.pdf"
"1489","Trator Agrícola","MASSEY FERGUSON","8S.305","FOLHETO DOS TRATORES AGRICOLA MASSEY FERGUNSON 205 - 305 HP","-","true","https://cdn.appmaq.com.br/appmaq-media/manuals/01991006-a97e-7af8-b1aa-2f4a9bb71bc1/019eb8b7-3323-725a-ae22-73a6771946c7.pdf"
"1490","Trator Agrícola","MASSEY FERGUSON","8S.305","FOLHETO DOS TRATORES AGRICOLAS MASSEY FERGUNSON","-","true","https://cdn.appmaq.com.br/appmaq-media/manuals/01991006-a97e-7af8-b1aa-2f4a9bb71bc1/019eb8b7-3562-7d68-8084-13fa8ced209c.pdf"
"1491","Trator Agrícola","MASSEY FERGUSON","8S.305 XTRA","CATALOGO DE PEÇAS DE BOMBA HIDRAULICA MASSEY FERGUNSON E OUTRAS MARCAS.","-","true","https://cdn.appmaq.com.br/appmaq-media/manuals/019eb8b3-e97c-762c-adf0-865bcbe60a67/019eb8b7-c829-7813-a467-1a919a7c0763.pdf"
"1492","Trator Agrícola","MASSEY FERGUSON","8S.305 XTRA","CURSO DE OPERAÇÃO E MANUTENÇÃO DE TRATORES MASSEY FERGUNSON","-","true","https://cdn.appmaq.com.br/appmaq-media/manuals/019eb8b3-e97c-762c-adf0-865bcbe60a67/019eb8b7-c837-7ee7-88d8-a4501a938b2d.pdf"
"1493","Trator Agrícola","MASSEY FERGUSON","8S.305 XTRA","FOLHETO DOS TRATORE AGRICOLA MSSEY FERGUNSON 8S XTRA","-","true","https://cdn.appmaq.com.br/appmaq-media/manuals/019eb8b3-e97c-762c-adf0-865bcbe60a67/019eb8b7-c8a7-7d53-9e5b-4152a429c477.pdf"
"1494","Trator Agrícola","MASSEY FERGUSON","8S.305 XTRA","FOLHETO DOS TRATORES AGRICOLA MASSEY FERGUNSON 205 - 305 HP","-","true","https://cdn.appmaq.com.br/appmaq-media/manuals/019eb8b3-e97c-762c-adf0-865bcbe60a67/019eb8b7-c93d-7032-abba-1789b8d1ad77.pdf"
"1495","Trator Agrícola","MASSEY FERGUSON","MF235","CATALOGO DE PEÇAS DE BOMBA HIDRAULICA MASSEY FERGUNSON E OUTRAS MARCAS.","-","true","https://cdn.appmaq.com.br/appmaq-media/manuals/01957100-b0df-7e09-a504-6cf75dc32670/019eb8b8-317e-738a-b3bb-be4d2886f7d0.pdf"
"1496","Trator Agrícola","MASSEY FERGUSON","MF235","CATALOGO DE PEÇAS MASSEY FERGUSON MF 235","-","true","https://cdn.appmaq.com.br/appmaq-media/manuals/01957100-b0df-7e09-a504-6cf75dc32670/019eb8b8-318a-7f7d-a977-2f856ac19d4b.pdf"
"1497","Trator Agrícola","MASSEY FERGUSON","MF235","CURSO DE OPERAÇÃO E MANUTENÇÃO DE TRATORES MASSEY FERGUNSON","-","true","https://cdn.appmaq.com.br/appmaq-media/manuals/01957100-b0df-7e09-a504-6cf75dc32670/019eb8b8-31a3-7f3a-a173-5dd0cf82753a.pdf"
"1498","Trator Agrícola","MASSEY FERGUSON","MF235","MANUAL DE OFICINA DO TRATOR MF SÉRIE 200","-","true","https://cdn.appmaq.com.br/appmaq-media/manuals/01957100-b0df-7e09-a504-6cf75dc32670/019eb8b8-3221-7be3-bda1-9c7ee4427f33.pdf"
"1499","Trator Agrícola","MASSEY FERGUSON","MF235","MANUAL DO OPERADOR MASSEY FERGUSON SÉRIE 200","-","true","https://cdn.appmaq.com.br/appmaq-media/manuals/01957100-b0df-7e09-a504-6cf75dc32670/019eb8b8-32b3-7a43-a361-fe4c9b36fdd3.pdf"
"1500","Trator Agrícola","MASSEY FERGUSON","MF250","CATALOGO DE PEÇAS DE BOMBA HIDRAULICA MASSEY FERGUNSON E OUTRAS MARCAS.","-","true","https://cdn.appmaq.com.br/appmaq-media/manuals/0196f443-bf7b-774b-9d75-cbcb23dd8729/019eb8b8-c7d4-7f8a-a19c-391efa376035.pdf"
"1501","Trator Agrícola","MASSEY FERGUSON","MF250","CURSO DE OPERAÇÃO E MANUTENÇÃO DE TRATORES MASSEY FERGUNSON","-","true","https://cdn.appmaq.com.br/appmaq-media/manuals/0196f443-bf7b-774b-9d75-cbcb23dd8729/019eb8b8-c7e1-70b4-b9b5-dd5b40df5ada.pdf"
"1502","Trator Agrícola","MASSEY FERGUSON","MF250","MANUAL DE OFICINA DO TRATOR MF SÉRIE 200","-","true","https://cdn.appmaq.com.br/appmaq-media/manuals/0196f443-bf7b-774b-9d75-cbcb23dd8729/019eb8b8-c83f-7f76-9276-a7363756cdd1.pdf"
"1503","Trator Agrícola","MASSEY FERGUSON","MF250","MANUAL DO OPERADOR MASSEY FERGUSON SÉRIE 200","-","true","https://cdn.appmaq.com.br/appmaq-media/manuals/0196f443-bf7b-774b-9d75-cbcb23dd8729/019eb8b8-c893-76bf-9a23-63cafb83f095.pdf"
"1504","Trator Agrícola","MASSEY FERGUSON","MF250","TABELA DE LUBRIFICAÇÃO TRATORES - MASSEY FERGUSSON","-","true","https://cdn.appmaq.com.br/appmaq-media/manuals/0196f443-bf7b-774b-9d75-cbcb23dd8729/019ed6b6-a222-7c79-945f-37662bc4212f.pdf"
"1505","Trator Agrícola","MASSEY FERGUSON","MF255","CATALOGO DE PEÇAS DE BOMBA HIDRAULICA MASSEY FERGUNSON E OUTRAS MARCAS.","-","true","https://cdn.appmaq.com.br/appmaq-media/manuals/01957100-b0df-7431-843f-b39a1ccb4470/019eb8b9-52eb-77e7-871b-d801e7053e5d.pdf"
"1506","Trator Agrícola","MASSEY FERGUSON","MF255","CURSO DE OPERAÇÃO E MANUTENÇÃO DE TRATORES MASSEY FERGUNSON","-","true","https://cdn.appmaq.com.br/appmaq-media/manuals/01957100-b0df-7431-843f-b39a1ccb4470/019eb8b9-52f9-707a-9f30-ac018063c290.pdf"
"1507","Trator Agrícola","MASSEY FERGUSON","MF255","MANUAL DE OFICINA DO TRATOR MF SÉRIE 200","-","true","https://cdn.appmaq.com.br/appmaq-media/manuals/01957100-b0df-7431-843f-b39a1ccb4470/019eb8b9-5339-751e-8925-a95c7686d3cf.pdf"
"1508","Trator Agrícola","MASSEY FERGUSON","MF255","MANUAL DO OPERADOR MASSEY FERGUSON SÉRIE 200","-","true","https://cdn.appmaq.com.br/appmaq-media/manuals/01957100-b0df-7431-843f-b39a1ccb4470/019eb8b9-53f1-7ca4-b810-e2c40522e176.pdf"
"1509","Trator Agrícola","MASSEY FERGUSON","MF255","TABELA DE LUBRIFICAÇÃO TRATORES - MASSEY FERGUSSON","-","true","https://cdn.appmaq.com.br/appmaq-media/manuals/01957100-b0df-7431-843f-b39a1ccb4470/019ed6b7-04ed-734e-b2b0-25ba5ec820d3.pdf"
"1510","Trator Agrícola","MASSEY FERGUSON","MF255 ADVANCED","CATALOGO DE PEÇAS DE BOMBA HIDRAULICA MASSEY FERGUNSON E OUTRAS MARCAS.","-","true","https://cdn.appmaq.com.br/appmaq-media/manuals/01957100-b0df-72e8-9015-dd8ef19c30b2/019eb8b9-cce8-7c49-a6c1-4c7253301548.pdf"
"1511","Trator Agrícola","MASSEY FERGUSON","MF255 ADVANCED","CURSO DE OPERAÇÃO E MANUTENÇÃO DE TRATORES MASSEY FERGUNSON","-","true","https://cdn.appmaq.com.br/appmaq-media/manuals/01957100-b0df-72e8-9015-dd8ef19c30b2/019eb8b9-ccfa-75df-9f22-5f7b2134fb03.pdf"
"1512","Trator Agrícola","MASSEY FERGUSON","MF255 ADVANCED","MANUAL DE OFICINA DO TRATOR MF SÉRIE 200","-","true","https://cdn.appmaq.com.br/appmaq-media/manuals/01957100-b0df-72e8-9015-dd8ef19c30b2/019eb8b9-cd61-7f9f-9ddc-cd71e0ad7c8e.pdf"
"1513","Trator Agrícola","MASSEY FERGUSON","MF255 ADVANCED","MANUAL DO OPERADOR MASSEY FERGUSON SÉRIE 200","-","true","https://cdn.appmaq.com.br/appmaq-media/manuals/01957100-b0df-72e8-9015-dd8ef19c30b2/019eb8b9-cdc1-7d35-aa9a-d4d4a607a7f2.pdf"
"1514","Trator Agrícola","MASSEY FERGUSON","MF265","CATALOGO DE PEÇAS DE BOMBA HIDRAULICA MASSEY FERGUNSON E OUTRAS MARCAS.","-","true","https://cdn.appmaq.com.br/appmaq-media/manuals/01957100-b0df-7324-ac2d-4cb7220c2754/019eb8ba-4d42-7373-9dc4-893796175ebf.pdf"
"1515","Trator Agrícola","MASSEY FERGUSON","MF265","CURSO DE OPERAÇÃO E MANUTENÇÃO DE TRATORES MASSEY FERGUNSON","-","true","https://cdn.appmaq.com.br/appmaq-media/manuals/01957100-b0df-7324-ac2d-4cb7220c2754/019eb8ba-4d54-78d2-858d-6a9e4aa4e5d0.pdf"
"1516","Trator Agrícola","MASSEY FERGUSON","MF265","MANUAL DE OFICINA DO TRATOR MF SÉRIE 200","-","true","https://cdn.appmaq.com.br/appmaq-media/manuals/01957100-b0df-7324-ac2d-4cb7220c2754/019eb8ba-4ddc-7b47-94fc-c459b25735bd.pdf"
"1517","Trator Agrícola","MASSEY FERGUSON","MF265","MANUAL DO OPERADOR MASSEY FERGUSON SÉRIE 200","-","true","https://cdn.appmaq.com.br/appmaq-media/manuals/01957100-b0df-7324-ac2d-4cb7220c2754/019eb8ba-4e60-7fe8-9fce-371462f7cc1f.pdf"
"1518","Trator Agrícola","MASSEY FERGUSON","MF275","CATALOGO DE PEÇAS DE BOMBA HIDRAULICA MASSEY FERGUNSON E OUTRAS MARCAS.","-","true","https://cdn.appmaq.com.br/appmaq-media/manuals/01957100-b0df-715c-9e32-42e5d7d648a7/019eb8ba-d510-7475-844b-ce7f702c7a1b.pdf"
"1519","Trator Agrícola","MASSEY FERGUSON","MF275","CURSO DE OPERAÇÃO E MANUTENÇÃO DE TRATORES MASSEY FERGUNSON","-","true","https://cdn.appmaq.com.br/appmaq-media/manuals/01957100-b0df-715c-9e32-42e5d7d648a7/019eb8ba-d51f-7dcf-a6a9-ea577e429f4e.pdf"
"1520","Trator Agrícola","MASSEY FERGUSON","MF275","MANUAL DE OFICINA DO TRATOR MF SÉRIE 200","-","true","https://cdn.appmaq.com.br/appmaq-media/manuals/01957100-b0df-715c-9e32-42e5d7d648a7/019eb8ba-d564-75f6-ab37-7398db21aec6.pdf"
"1521","Trator Agrícola","MASSEY FERGUSON","MF275","MANUAL DO OPERADOR MASSEY FERGUSON SÉRIE 200","-","true","https://cdn.appmaq.com.br/appmaq-media/manuals/01957100-b0df-715c-9e32-42e5d7d648a7/019eb8ba-d600-7c43-96af-5dca651e4503.pdf"
"1522","Trator Agrícola","MASSEY FERGUSON","MF283","CATALOGO DE PEÇAS DE BOMBA HIDRAULICA MASSEY FERGUNSON E OUTRAS MARCAS.","-","true","https://cdn.appmaq.com.br/appmaq-media/manuals/01957100-b0df-7656-8d22-9eb78d887764/019eb8bb-5238-7874-9337-704378630fe7.pdf"
"1523","Trator Agrícola","MASSEY FERGUSON","MF283","CURSO DE OPERAÇÃO E MANUTENÇÃO DE TRATORES MASSEY FERGUNSON","-","true","https://cdn.appmaq.com.br/appmaq-media/manuals/01957100-b0df-7656-8d22-9eb78d887764/019eb8bb-5247-7afe-93a1-88e90529cea3.pdf"
"1524","Trator Agrícola","MASSEY FERGUSON","MF283","MANUAL DE OFICINA DO TRATOR MF SÉRIE 200","-","true","https://cdn.appmaq.com.br/appmaq-media/manuals/01957100-b0df-7656-8d22-9eb78d887764/019eb8bb-52b7-7291-9e24-af795e88f5a8.pdf"
"1525","Trator Agrícola","MASSEY FERGUSON","MF283","MANUAL DO OPERADOR MASSEY FERGUSON SÉRIE 200","-","true","https://cdn.appmaq.com.br/appmaq-media/manuals/01957100-b0df-7656-8d22-9eb78d887764/019eb8bb-5346-7d24-a309-7d5b461b6570.pdf"
"1526","Trator Agrícola","MASSEY FERGUSON","MF290","CATALOGO DE PEÇAS DE BOMBA HIDRAULICA MASSEY FERGUNSON E OUTRAS MARCAS.","-","true","https://cdn.appmaq.com.br/appmaq-media/manuals/01957100-b0df-7ba9-b178-83c3a6c930fa/019eb8bb-faad-70f0-81d0-d52c1b8e22e4.pdf"
"1527","Trator Agrícola","MASSEY FERGUSON","MF290","CATALOGO DE PEÇAS DE BOMBA HIDRAULICA MASSEY FERGUNSON E OUTRAS MARCAS.","-","true","https://cdn.appmaq.com.br/appmaq-media/manuals/01957100-b0df-7ba9-b178-83c3a6c930fa/019ed148-bb52-77cd-a156-e5ad358faf4a.pdf"
"1528","Trator Agrícola","MASSEY FERGUSON","MF290","CURSO DE OPERAÇÃO E MANUTENÇÃO DE TRATORES MASSEY FERGUNSON","-","true","https://cdn.appmaq.com.br/appmaq-media/manuals/01957100-b0df-7ba9-b178-83c3a6c930fa/019ed148-bb5e-7710-b252-a4432bd35aa4.pdf"
"1529","Trator Agrícola","MASSEY FERGUSON","MF290","CURSO DE OPERAÇÃO E MANUTENÇÃO DE TRATORES MASSEY FERGUNSON","-","true","https://cdn.appmaq.com.br/appmaq-media/manuals/01957100-b0df-7ba9-b178-83c3a6c930fa/019eb8bb-faba-74a3-991d-23b67b732cdc.pdf"
"1530","Trator Agrícola","MASSEY FERGUSON","MF290","FOLHETO DOS TRATORES MF 4200","-","true","https://cdn.appmaq.com.br/appmaq-media/manuals/01957100-b0df-7ba9-b178-83c3a6c930fa/019ed148-bba6-762d-8ede-25fd25881289.pdf"
"1531","Trator Agrícola","MASSEY FERGUSON","MF290","MANUAL DE OFICINA DO TRATOR MF SÉRIE 200","-","true","https://cdn.appmaq.com.br/appmaq-media/manuals/01957100-b0df-7ba9-b178-83c3a6c930fa/019eb8bb-fb02-7cf5-a61b-536cdb2aa34d.pdf"
"1532","Trator Agrícola","MASSEY FERGUSON","MF290","MANUAL DE PEÇAS MASSEY FERGUSON MF290","-","true","https://cdn.appmaq.com.br/appmaq-media/manuals/01957100-b0df-7ba9-b178-83c3a6c930fa/019eb8bb-fb66-7ddf-bb79-7a3b39284882.pdf"
"1533","Trator Agrícola","MASSEY FERGUSON","MF290","MANUAL DO OPERADOR DOS TRATORES MF4200","-","true","https://cdn.appmaq.com.br/appmaq-media/manuals/01957100-b0df-7ba9-b178-83c3a6c930fa/019ed148-be1f-7fc9-acdf-2f8219d7cbdd.pdf"
"1534","Trator Agrícola","MASSEY FERGUSON","MF290","MANUAL DO OPERADOR MASSEY FERGUSON SÉRIE 200","-","true","https://cdn.appmaq.com.br/appmaq-media/manuals/01957100-b0df-7ba9-b178-83c3a6c930fa/019eb8bb-fdfc-7066-a843-72751439b462.pdf"
"1535","Trator Agrícola","MASSEY FERGUSON","MF290","MANUAL TECNICOS DOS TRATORES AGRICOLAS MF4200 ESPANHOL","-","true","https://cdn.appmaq.com.br/appmaq-media/manuals/01957100-b0df-7ba9-b178-83c3a6c930fa/019ed148-be7b-7226-bbb6-b94cc55e29fe.pdf"
"1536","Trator Agrícola","MASSEY FERGUSON","MF291","CATALOGO DE PEÇAS DE BOMBA HIDRAULICA MASSEY FERGUNSON E OUTRAS MARCAS.","-","true","https://cdn.appmaq.com.br/appmaq-media/manuals/01957100-b0df-7b7f-9738-0187c3452c6e/019eb8bc-7308-7118-b74a-8e884655dd4a.pdf"
"1537","Trator Agrícola","MASSEY FERGUSON","MF291","CURSO DE OPERAÇÃO E MANUTENÇÃO DE TRATORES MASSEY FERGUNSON","-","true","https://cdn.appmaq.com.br/appmaq-media/manuals/01957100-b0df-7b7f-9738-0187c3452c6e/019eb8bc-731b-7cd2-bdff-4fb873b68c4d.pdf"
"1538","Trator Agrícola","MASSEY FERGUSON","MF291","MANUAL DE OFICINA DO TRATOR MF SÉRIE 200","-","true","https://cdn.appmaq.com.br/appmaq-media/manuals/01957100-b0df-7b7f-9738-0187c3452c6e/019eb8bc-738d-7f8d-a2c2-2526676a8f1f.pdf"
"1539","Trator Agrícola","MASSEY FERGUSON","MF291","MANUAL DO OPERADOR MASSEY FERGUSON SÉRIE 200","-","true","https://cdn.appmaq.com.br/appmaq-media/manuals/01957100-b0df-7b7f-9738-0187c3452c6e/019eb8bc-7412-75a9-9240-d369da63cd33.pdf"
"1540","Trator Agrícola","MASSEY FERGUSON","MF292","CATALOGO DE PEÇAS DE BOMBA HIDRAULICA MASSEY FERGUNSON E OUTRAS MARCAS.","-","true","https://cdn.appmaq.com.br/appmaq-media/manuals/01957100-b0df-7563-9ed1-81524bace3cf/019eb8bc-e77f-7d16-9988-d8a965093ab5.pdf"
"1541","Trator Agrícola","MASSEY FERGUSON","MF292","CURSO DE OPERAÇÃO E MANUTENÇÃO DE TRATORES MASSEY FERGUNSON","-","true","https://cdn.appmaq.com.br/appmaq-media/manuals/01957100-b0df-7563-9ed1-81524bace3cf/019eb8bc-e78c-7949-870c-872c566bd420.pdf"
"1542","Trator Agrícola","MASSEY FERGUSON","MF292","FICHA TÉCNICA DO TRATOR MF 292","-","true","https://cdn.appmaq.com.br/appmaq-media/manuals/01957100-b0df-7563-9ed1-81524bace3cf/019eb8bc-e7cb-7af5-9c93-0fa00f9a2261.pdf"
"1543","Trator Agrícola","MASSEY FERGUSON","MF292","MANUAL DE OFICINA DO TRATOR MF SÉRIE 200","-","true","https://cdn.appmaq.com.br/appmaq-media/manuals/01957100-b0df-7563-9ed1-81524bace3cf/019eb8bc-e819-76e6-9ff0-f7af136781b4.pdf"
"1544","Trator Agrícola","MASSEY FERGUSON","MF292","MANUAL DO OPERADOR MASSEY FERGUSON SÉRIE 200","-","true","https://cdn.appmaq.com.br/appmaq-media/manuals/01957100-b0df-7563-9ed1-81524bace3cf/019eb8bc-e8cf-7874-afe1-883f5d2e340a.pdf"
"1545","Trator Agrícola","MASSEY FERGUSON","MF296","CATALOGO DE PEÇAS DE BOMBA HIDRAULICA MASSEY FERGUNSON E OUTRAS MARCAS.","-","true","https://cdn.appmaq.com.br/appmaq-media/manuals/01957100-b0df-7848-ad58-73e1c9838709/019eb8bd-61cd-7b6a-8f6b-62d6f09e6175.pdf"
"1546","Trator Agrícola","MASSEY FERGUSON","MF296","CURSO DE OPERAÇÃO E MANUTENÇÃO DE TRATORES MASSEY FERGUNSON","-","true","https://cdn.appmaq.com.br/appmaq-media/manuals/01957100-b0df-7848-ad58-73e1c9838709/019eb8bd-61da-7c66-bad7-b72648ff22d5.pdf"
"1547","Trator Agrícola","MASSEY FERGUSON","MF296","MANUAL DE OFICINA DO TRATOR MF SÉRIE 200","-","true","https://cdn.appmaq.com.br/appmaq-media/manuals/01957100-b0df-7848-ad58-73e1c9838709/019eb8bd-6248-7f9b-8010-7055db918346.pdf"
"1548","Trator Agrícola","MASSEY FERGUSON","MF296","MANUAL DO OPERADOR MASSEY FERGUSON SÉRIE 200","-","true","https://cdn.appmaq.com.br/appmaq-media/manuals/01957100-b0df-7848-ad58-73e1c9838709/019eb8bd-62dc-72df-af32-4201fd8a2097.pdf"
"1549","Trator Agrícola","MASSEY FERGUSON","MF297","CATALOGO DE PEÇAS DE BOMBA HIDRAULICA MASSEY FERGUNSON E OUTRAS MARCAS.","-","true","https://cdn.appmaq.com.br/appmaq-media/manuals/0195b3ba-39a6-7f8c-a3e5-217fe3acbc4a/019eb8bd-ebf0-7a70-81e6-428b1e636b00.pdf"
"1550","Trator Agrícola","MASSEY FERGUSON","MF297","CURSO DE OPERAÇÃO E MANUTENÇÃO DE TRATORES MASSEY FERGUNSON","-","true","https://cdn.appmaq.com.br/appmaq-media/manuals/0195b3ba-39a6-7f8c-a3e5-217fe3acbc4a/019eb8bd-ebfc-731b-b098-3de08b74ff49.pdf"
"1551","Trator Agrícola","MASSEY FERGUSON","MF297","MANUAL DE OFICINA DO TRATOR MF SÉRIE 200","-","true","https://cdn.appmaq.com.br/appmaq-media/manuals/0195b3ba-39a6-7f8c-a3e5-217fe3acbc4a/019eb8bd-ec3b-7f70-b260-8a550bd097c8.pdf"
"1552","Trator Agrícola","MASSEY FERGUSON","MF297","MANUAL DO OPERADOR MASSEY FERGUSON SÉRIE 200","-","true","https://cdn.appmaq.com.br/appmaq-media/manuals/0195b3ba-39a6-7f8c-a3e5-217fe3acbc4a/019eb8bd-ec95-7253-95e6-5ac63454c74d.pdf"
"1553","Trator Agrícola","MASSEY FERGUSON","MF299","CATALOGO DE PEÇAS DE BOMBA HIDRAULICA MASSEY FERGUNSON E OUTRAS MARCAS.","-","true","https://cdn.appmaq.com.br/appmaq-media/manuals/01957100-b0df-768e-b77a-c16fd9c168ad/019eb8be-b0a7-789a-8f10-d52413b5a8de.pdf"
"1554","Trator Agrícola","MASSEY FERGUSON","MF299","CURSO DE OPERAÇÃO E MANUTENÇÃO DE TRATORES MASSEY FERGUNSON","-","true","https://cdn.appmaq.com.br/appmaq-media/manuals/01957100-b0df-768e-b77a-c16fd9c168ad/019eb8be-b0b7-78fc-949b-d02a86104ff4.pdf"
"1555","Trator Agrícola","MASSEY FERGUSON","MF299","ESPECIFICAÇÕES DO TRATOR MF 299","-","true","https://cdn.appmaq.com.br/appmaq-media/manuals/01957100-b0df-768e-b77a-c16fd9c168ad/019eb8be-b111-743e-9fff-2df0f176a02e.pdf"
"1556","Trator Agrícola","MASSEY FERGUSON","MF299","MANUAL DE OFICINA DO TRATOR MF SÉRIE 200","-","true","https://cdn.appmaq.com.br/appmaq-media/manuals/01957100-b0df-768e-b77a-c16fd9c168ad/019eb8be-b1a9-7ab0-b7f8-4ed48f8b3388.pdf"
"1557","Trator Agrícola","MASSEY FERGUSON","MF299","MANUAL DO OPERADOR MASSEY FERGUSON SÉRIE 200","-","true","https://cdn.appmaq.com.br/appmaq-media/manuals/01957100-b0df-768e-b77a-c16fd9c168ad/019eb8be-b224-71ff-9e51-dc9ee07f1b5f.pdf"
"1558","Trator Agrícola","MASSEY FERGUSON","MF3306","CATALOGO DE PEÇAS DE BOMBA HIDRAULICA MASSEY FERGUNSON E OUTRAS MARCAS.","-","true","https://cdn.appmaq.com.br/appmaq-media/manuals/0196f443-bf7d-7db4-896d-ab472a336de4/019ed141-7e21-79f7-b6fd-91f8fc831668.pdf"
"1559","Trator Agrícola","MASSEY FERGUSON","MF3306","CURSO DE OPERAÇÃO E MANUTENÇÃO DE TRATORES MASSEY FERGUNSON","-","true","https://cdn.appmaq.com.br/appmaq-media/manuals/0196f443-bf7d-7db4-896d-ab472a336de4/019ed141-7e58-758b-add9-2e0dc3ab2b67.pdf"
"1560","Trator Agrícola","MASSEY FERGUSON","MF3306","FOLHETO DOS TRATORES MF3300","-","true","https://cdn.appmaq.com.br/appmaq-media/manuals/0196f443-bf7d-7db4-896d-ab472a336de4/019ed141-7eae-7346-98d5-41f4bc9f8858.pdf"
"1561","Trator Agrícola","MASSEY FERGUSON","MF3306","MANUTENÇÃO PERIÓDICA TRATORES MF3300","-","true","https://cdn.appmaq.com.br/appmaq-media/manuals/0196f443-bf7d-7db4-896d-ab472a336de4/019ed141-7ee1-7a42-8e9d-96d3aa392277.pdf"
"1562","Trator Agrícola","MASSEY FERGUSON","MF3306 XTRA","CATALOGO DE PEÇAS DE BOMBA HIDRAULICA MASSEY FERGUNSON E OUTRAS MARCAS.","-","true","https://cdn.appmaq.com.br/appmaq-media/manuals/019ed13b-7a09-704b-953c-00644fff5a57/019ed141-c4e7-7b76-801b-7e0e1fd8a6f5.pdf"
"1563","Trator Agrícola","MASSEY FERGUSON","MF3306 XTRA","CURSO DE OPERAÇÃO E MANUTENÇÃO DE TRATORES MASSEY FERGUNSON","-","true","https://cdn.appmaq.com.br/appmaq-media/manuals/019ed13b-7a09-704b-953c-00644fff5a57/019ed141-c4fb-75e8-b11f-883f9c852d0e.pdf"
"1564","Trator Agrícola","MASSEY FERGUSON","MF3306 XTRA","FOLHETO DOS TRATORES MF3300 XTRA","-","true","https://cdn.appmaq.com.br/appmaq-media/manuals/019ed13b-7a09-704b-953c-00644fff5a57/019ed141-c538-72da-87a7-08d42057c250.pdf"
"1565","Trator Agrícola","MASSEY FERGUSON","MF3306 XTRA","MANUTENÇÃO PERIÓDICA TRATORES MF3300","-","true","https://cdn.appmaq.com.br/appmaq-media/manuals/019ed13b-7a09-704b-953c-00644fff5a57/019ed141-c56e-7a37-a76c-79d3c3c279bf.pdf"
"1566","Trator Agrícola","MASSEY FERGUSON","MF3307","CATALOGO DE PEÇAS DE BOMBA HIDRAULICA MASSEY FERGUNSON E OUTRAS MARCAS.","-","true","https://cdn.appmaq.com.br/appmaq-media/manuals/0195b3ba-39a6-776f-8c0e-54f68f3f000b/019ed142-1e96-7101-97ae-d67fdc07b34b.pdf"
"1567","Trator Agrícola","MASSEY FERGUSON","MF3307","CURSO DE OPERAÇÃO E MANUTENÇÃO DE TRATORES MASSEY FERGUNSON","-","true","https://cdn.appmaq.com.br/appmaq-media/manuals/0195b3ba-39a6-776f-8c0e-54f68f3f000b/019ed142-1ea2-7c82-a3cd-48b657639524.pdf"
"1568","Trator Agrícola","MASSEY FERGUSON","MF3307","FOLHETO DOS TRATORES MF3300","-","true","https://cdn.appmaq.com.br/appmaq-media/manuals/0195b3ba-39a6-776f-8c0e-54f68f3f000b/019ed142-1ee7-7f1b-a1fc-07f2f20ce03b.pdf"
"1569","Trator Agrícola","MASSEY FERGUSON","MF3307","MANUTENÇÃO PERIÓDICA TRATORES MF3300","-","true","https://cdn.appmaq.com.br/appmaq-media/manuals/0195b3ba-39a6-776f-8c0e-54f68f3f000b/019ed142-1f1c-7ddd-ab26-3bdde472c11a.pdf"
"1570","Trator Agrícola","MASSEY FERGUSON","MF3307 XTRA","CATALOGO DE PEÇAS DE BOMBA HIDRAULICA MASSEY FERGUNSON E OUTRAS MARCAS.","-","true","https://cdn.appmaq.com.br/appmaq-media/manuals/019ed13b-b234-7253-98a6-7371eb8785a0/019ed143-036e-7bcb-abeb-ef86f3669320.pdf"
"1571","Trator Agrícola","MASSEY FERGUSON","MF3307 XTRA","CURSO DE OPERAÇÃO E MANUTENÇÃO DE TRATORES MASSEY FERGUNSON","-","true","https://cdn.appmaq.com.br/appmaq-media/manuals/019ed13b-b234-7253-98a6-7371eb8785a0/019ed143-038c-7a49-b42c-2e80c7815e25.pdf"
"1572","Trator Agrícola","MASSEY FERGUSON","MF3307 XTRA","FOLHETO DOS TRATORES MF3300 XTRA","-","true","https://cdn.appmaq.com.br/appmaq-media/manuals/019ed13b-b234-7253-98a6-7371eb8785a0/019ed143-043f-7b83-89a9-d993a3d7f775.pdf"
"1573","Trator Agrícola","MASSEY FERGUSON","MF3307 XTRA","MANUTENÇÃO PERIÓDICA TRATORES MF3300","-","true","https://cdn.appmaq.com.br/appmaq-media/manuals/019ed13b-b234-7253-98a6-7371eb8785a0/019ed143-04de-7c4c-80ad-dab943e3ce57.pdf"
"1574","Trator Agrícola","MASSEY FERGUSON","MF3308","CATALOGO DE PEÇAS DE BOMBA HIDRAULICA MASSEY FERGUNSON E OUTRAS MARCAS.","-","true","https://cdn.appmaq.com.br/appmaq-media/manuals/0195b3ba-39a6-77d1-ac9a-0ed1f4dbc399/019ed143-9249-7a82-b04d-99b4c3ac431a.pdf"
"1575","Trator Agrícola","MASSEY FERGUSON","MF3308","CURSO DE OPERAÇÃO E MANUTENÇÃO DE TRATORES MASSEY FERGUNSON","-","true","https://cdn.appmaq.com.br/appmaq-media/manuals/0195b3ba-39a6-77d1-ac9a-0ed1f4dbc399/019ed143-925f-74a5-917b-32a5ee8b7a11.pdf"
"1576","Trator Agrícola","MASSEY FERGUSON","MF3308","FOLHETO DOS TRATORES MF3300","-","true","https://cdn.appmaq.com.br/appmaq-media/manuals/0195b3ba-39a6-77d1-ac9a-0ed1f4dbc399/019ed143-955d-7d9f-8173-3330d26b379d.pdf"
"1577","Trator Agrícola","MASSEY FERGUSON","MF3308","MANUTENÇÃO PERIÓDICA TRATORES MF3300","-","true","https://cdn.appmaq.com.br/appmaq-media/manuals/0195b3ba-39a6-77d1-ac9a-0ed1f4dbc399/019ed143-98c5-7309-9dbd-3761ecb93e9e.pdf"
"1578","Trator Agrícola","MASSEY FERGUSON","MF3308 XTRA","CATALOGO DE PEÇAS DE BOMBA HIDRAULICA MASSEY FERGUNSON E OUTRAS MARCAS.","-","true","https://cdn.appmaq.com.br/appmaq-media/manuals/019ed13b-eecf-72ae-92ed-84231bf13993/019ed144-1b6a-7f18-ab6c-afb224190739.pdf"
"1579","Trator Agrícola","MASSEY FERGUSON","MF3308 XTRA","CURSO DE OPERAÇÃO E MANUTENÇÃO DE TRATORES MASSEY FERGUNSON","-","true","https://cdn.appmaq.com.br/appmaq-media/manuals/019ed13b-eecf-72ae-92ed-84231bf13993/019ed144-1b78-7dc6-a9a3-86592af0d54e.pdf"
"1580","Trator Agrícola","MASSEY FERGUSON","MF3308 XTRA","FOLHETO DOS TRATORES MF3300 XTRA","-","true","https://cdn.appmaq.com.br/appmaq-media/manuals/019ed13b-eecf-72ae-92ed-84231bf13993/019ed144-1bce-71d4-870e-0d84504f0eee.pdf"
"1581","Trator Agrícola","MASSEY FERGUSON","MF3308 XTRA","MANUTENÇÃO PERIÓDICA TRATORES MF3300","-","true","https://cdn.appmaq.com.br/appmaq-media/manuals/019ed13b-eecf-72ae-92ed-84231bf13993/019ed144-1be9-7d6a-9e09-e4aad4ee2bc6.pdf"
"1582","Trator Agrícola","MASSEY FERGUSON","MF4265","CATALOGO DE PEÇAS DE BOMBA HIDRAULICA MASSEY FERGUNSON E OUTRAS MARCAS.","-","true","https://cdn.appmaq.com.br/appmaq-media/manuals/01957100-b0df-7ea4-9e01-17304013f290/019ed146-076a-7f06-a441-603dda46dcb8.pdf"
"1583","Trator Agrícola","MASSEY FERGUSON","MF4265","CURSO DE OPERAÇÃO E MANUTENÇÃO DE TRATORES MASSEY FERGUNSON","-","true","https://cdn.appmaq.com.br/appmaq-media/manuals/01957100-b0df-7ea4-9e01-17304013f290/019ed146-077c-7d4c-8950-29004d5db87b.pdf"
"1584","Trator Agrícola","MASSEY FERGUSON","MF4265","ESPECIFICAÇÕES DO TRATOR 4265","-","true","https://cdn.appmaq.com.br/appmaq-media/manuals/01957100-b0df-7ea4-9e01-17304013f290/019ed146-0811-7af9-8a52-6fd50253d55f.pdf"
"1585","Trator Agrícola","MASSEY FERGUSON","MF4265","FOLHETO DOS TRATORES MF 4200","-","true","https://cdn.appmaq.com.br/appmaq-media/manuals/01957100-b0df-7ea4-9e01-17304013f290/019ed146-087e-71f8-8537-de06a97970f9.pdf"
"1586","Trator Agrícola","MASSEY FERGUSON","MF4265","MANUAL DO OPERADOR DOS TRATORES MF4200","-","true","https://cdn.appmaq.com.br/appmaq-media/manuals/01957100-b0df-7ea4-9e01-17304013f290/019ed146-0a0a-728b-8fae-269e8c33230d.pdf"
"1587","Trator Agrícola","MASSEY FERGUSON","MF4265","MANUAL TECNICOS DOS TRATORES AGRICOLAS MF4200 ESPANHOL","-","true","https://cdn.appmaq.com.br/appmaq-media/manuals/01957100-b0df-7ea4-9e01-17304013f290/019ed146-0c72-7293-8228-b17a5487fb82.pdf"
"1588","Trator Agrícola","MASSEY FERGUSON","MF4265","TABELA DE LUBRIFICAÇÃO TRATORES - MASSEY FERGUSSON","-","true","https://cdn.appmaq.com.br/appmaq-media/manuals/01957100-b0df-7ea4-9e01-17304013f290/019ed6ba-8f97-7e01-90d6-15b518e9bb37.pdf"
"1589","Trator Agrícola","MASSEY FERGUSON","MF4275","CATALOGO DE PEÇAS DA CAIXA DE MACHA DO TRATOR MF4275","-","true","https://cdn.appmaq.com.br/appmaq-media/manuals/0196f443-bf9c-730b-84a1-18eeb22d6881/019ed146-b071-7b7e-bc67-99a0fb2ca9c9.pdf"
"1590","Trator Agrícola","MASSEY FERGUSON","MF4275","CATALOGO DE PEÇAS DE BOMBA HIDRAULICA MASSEY FERGUNSON E OUTRAS MARCAS.","-","true","https://cdn.appmaq.com.br/appmaq-media/manuals/0196f443-bf9c-730b-84a1-18eeb22d6881/019ed146-b0a3-70b5-b828-ef7c66c6b468.pdf"
"1591","Trator Agrícola","MASSEY FERGUSON","MF4275","CURSO DE OPERAÇÃO E MANUTENÇÃO DE TRATORES MASSEY FERGUNSON","-","true","https://cdn.appmaq.com.br/appmaq-media/manuals/0196f443-bf9c-730b-84a1-18eeb22d6881/019ed146-b14f-7ca7-8e12-16b87accd666.pdf"
"1592","Trator Agrícola","MASSEY FERGUSON","MF4275","ESPECIFICAÇÕES DO TRATOR MF 4275","-","true","https://cdn.appmaq.com.br/appmaq-media/manuals/0196f443-bf9c-730b-84a1-18eeb22d6881/019ed146-b1ee-75ab-b55e-50b5e517caaf.pdf"
"1593","Trator Agrícola","MASSEY FERGUSON","MF4275","FOLHETO DOS TRATORES MF 4200","-","true","https://cdn.appmaq.com.br/appmaq-media/manuals/0196f443-bf9c-730b-84a1-18eeb22d6881/019ed146-b263-73be-805f-e6c1eea5d9b2.pdf"
"1594","Trator Agrícola","MASSEY FERGUSON","MF4275","MANUAL DO OPERADOR DOS TRATORES MF4200","-","true","https://cdn.appmaq.com.br/appmaq-media/manuals/0196f443-bf9c-730b-84a1-18eeb22d6881/019ed146-b3e5-77e6-80f5-16aa90e1f68e.pdf"
"1595","Trator Agrícola","MASSEY FERGUSON","MF4275","MANUAL TECNICOS DOS TRATORES AGRICOLAS MF4200 ESPANHOL","-","true","https://cdn.appmaq.com.br/appmaq-media/manuals/0196f443-bf9c-730b-84a1-18eeb22d6881/019ed146-b41f-7e95-b73f-c4255467eebf.pdf"
"1596","Trator Agrícola","MASSEY FERGUSON","MF4275","TABELA DE LUBRIFICAÇÃO TRATORES - MASSEY FERGUSSON","-","true","https://cdn.appmaq.com.br/appmaq-media/manuals/0196f443-bf9c-730b-84a1-18eeb22d6881/019ed6b9-8db4-7dd2-a604-bb539b06b1a8.pdf"
"1597","Trator Agrícola","MASSEY FERGUSON","MF4280","CATALOGO DE PEÇAS DE BOMBA HIDRAULICA MASSEY FERGUNSON E OUTRAS MARCAS.","-","true","https://cdn.appmaq.com.br/appmaq-media/manuals/01957100-b0df-7eb8-80ee-6f24c66d8501/019ed147-457a-7364-9227-a97b6c7fb059.pdf"
"1598","Trator Agrícola","MASSEY FERGUSON","MF4280","CURSO DE OPERAÇÃO E MANUTENÇÃO DE TRATORES MASSEY FERGUNSON","-","true","https://cdn.appmaq.com.br/appmaq-media/manuals/01957100-b0df-7eb8-80ee-6f24c66d8501/019ed147-459d-7d8f-84aa-8f3f6f5c22c5.pdf"
"1599","Trator Agrícola","MASSEY FERGUSON","MF4280","FOLHETO DOS TRATORES MF 4200","-","true","https://cdn.appmaq.com.br/appmaq-media/manuals/01957100-b0df-7eb8-80ee-6f24c66d8501/019ed147-461e-711d-ba4c-9748bb3e6adb.pdf"
"1600","Trator Agrícola","MASSEY FERGUSON","MF4280","MANUAL DO OPERADOR DOS TRATORES MF4200","-","true","https://cdn.appmaq.com.br/appmaq-media/manuals/01957100-b0df-7eb8-80ee-6f24c66d8501/019ed147-4879-726a-b262-c96060118d20.pdf"
"1601","Trator Agrícola","MASSEY FERGUSON","MF4280","MANUAL TECNICOS DOS TRATORES AGRICOLAS MF4200 ESPANHOL","-","true","https://cdn.appmaq.com.br/appmaq-media/manuals/01957100-b0df-7eb8-80ee-6f24c66d8501/019ed147-48ad-7b4b-b0a8-8bba04d812d1.pdf"
"1602","Trator Agrícola","MASSEY FERGUSON","MF4283","CATALOGO DE PEÇAS DE BOMBA HIDRAULICA MASSEY FERGUNSON E OUTRAS MARCAS.","-","true","https://cdn.appmaq.com.br/appmaq-media/manuals/01957100-b0df-74e0-afa0-96da145784e7/019ed147-d7e3-7cc7-bcda-877dcff56271.pdf"
"1603","Trator Agrícola","MASSEY FERGUSON","MF4283","CURSO DE OPERAÇÃO E MANUTENÇÃO DE TRATORES MASSEY FERGUNSON","-","true","https://cdn.appmaq.com.br/appmaq-media/manuals/01957100-b0df-74e0-afa0-96da145784e7/019ed147-d7ef-75dc-9cd1-51aa65f5fe37.pdf"
"1604","Trator Agrícola","MASSEY FERGUSON","MF4283","FOLHETO DOS TRATORES MF 4200","-","true","https://cdn.appmaq.com.br/appmaq-media/manuals/01957100-b0df-74e0-afa0-96da145784e7/019ed147-d835-742c-91f4-08b2856e5154.pdf"
"1605","Trator Agrícola","MASSEY FERGUSON","MF4283","MANUAL DO OPERADOR DOS TRATORES MF4200","-","true","https://cdn.appmaq.com.br/appmaq-media/manuals/01957100-b0df-74e0-afa0-96da145784e7/019ed147-d9ed-736c-a87c-6d0f9e9ff253.pdf"
"1606","Trator Agrícola","MASSEY FERGUSON","MF4283","MANUAL TECNICOS DOS TRATORES AGRICOLAS MF4200 ESPANHOL","-","true","https://cdn.appmaq.com.br/appmaq-media/manuals/01957100-b0df-74e0-afa0-96da145784e7/019ed147-da2b-7208-88b0-c6465ef04bc2.pdf"
"1607","Trator Agrícola","MASSEY FERGUSON","MF4283","TABELA DE LUBRIFICAÇÃO TRATORES - MASSEY FERGUSSON","-","true","https://cdn.appmaq.com.br/appmaq-media/manuals/01957100-b0df-74e0-afa0-96da145784e7/019ed6bb-3fb0-7ea6-82e7-2656affd7d60.pdf"
"1608","Trator Agrícola","MASSEY FERGUSON","MF4290","TABELA DE LUBRIFICAÇÃO TRATORES - MASSEY FERGUSSON","-","true","https://cdn.appmaq.com.br/appmaq-media/manuals/01957100-b0df-74f9-a425-67e278522549/019ed6bb-b09a-755e-8ac1-e91a22f45031.pdf"
"1609","Trator Agrícola","MASSEY FERGUSON","MF4292","CATALOGO DE PEÇAS DE BOMBA HIDRAULICA MASSEY FERGUNSON E OUTRAS MARCAS.","-","true","https://cdn.appmaq.com.br/appmaq-media/manuals/01957100-b0df-74d8-ab86-f9b69f18f94e/019ed149-6cf5-7789-b7c3-82e6a19a6360.pdf"
"1610","Trator Agrícola","MASSEY FERGUSON","MF4292","CURSO DE OPERAÇÃO E MANUTENÇÃO DE TRATORES MASSEY FERGUNSON","-","true","https://cdn.appmaq.com.br/appmaq-media/manuals/01957100-b0df-74d8-ab86-f9b69f18f94e/019ed149-6d02-79f2-86a8-704756ea1d64.pdf"
"1611","Trator Agrícola","MASSEY FERGUSON","MF4292","FOLHETO DOS TRATORES MF 4200","-","true","https://cdn.appmaq.com.br/appmaq-media/manuals/01957100-b0df-74d8-ab86-f9b69f18f94e/019ed149-6d60-78e7-a969-188e275ca527.pdf"
"1612","Trator Agrícola","MASSEY FERGUSON","MF4292","MANUAL DO OPERADOR DOS TRATORES MF4200","-","true","https://cdn.appmaq.com.br/appmaq-media/manuals/01957100-b0df-74d8-ab86-f9b69f18f94e/019ed149-6f1b-7953-8010-d00729e12ecf.pdf"
"1613","Trator Agrícola","MASSEY FERGUSON","MF4292","MANUAL TECNICOS DOS TRATORES AGRICOLAS MF4200 ESPANHOL","-","true","https://cdn.appmaq.com.br/appmaq-media/manuals/01957100-b0df-74d8-ab86-f9b69f18f94e/019ed149-716b-7441-93a8-e9658b1bf38d.pdf"
"1614","Trator Agrícola","MASSEY FERGUSON","MF4292","TABELA DE LUBRIFICAÇÃO TRATORES - MASSEY FERGUSSON","-","true","https://cdn.appmaq.com.br/appmaq-media/manuals/01957100-b0df-74d8-ab86-f9b69f18f94e/019ed6ba-1b52-74a0-abe2-3d2476dc323c.pdf"
"1615","Trator Agrícola","MASSEY FERGUSON","MF4297","CATALOGO DE PEÇAS DE BOMBA HIDRAULICA MASSEY FERGUNSON E OUTRAS MARCAS.","-","true","https://cdn.appmaq.com.br/appmaq-media/manuals/01957100-b0df-7095-9ab2-0aff4b8d3063/019ed14a-a925-7016-8b03-519b59dee759.pdf"
"1616","Trator Agrícola","MASSEY FERGUSON","MF4297","CURSO DE OPERAÇÃO E MANUTENÇÃO DE TRATORES MASSEY FERGUNSON","-","true","https://cdn.appmaq.com.br/appmaq-media/manuals/01957100-b0df-7095-9ab2-0aff4b8d3063/019ed14a-a933-7a2f-a17a-10ea558f154c.pdf"
"1617","Trator Agrícola","MASSEY FERGUSON","MF4297","FOLHETO DOS TRATORES MF 4200","-","true","https://cdn.appmaq.com.br/appmaq-media/manuals/01957100-b0df-7095-9ab2-0aff4b8d3063/019ed14a-a968-783d-bacc-c54e5c453f09.pdf"
"1618","Trator Agrícola","MASSEY FERGUSON","MF4297","MANUAL DO OPERADOR DOS TRATORES MF4200","-","true","https://cdn.appmaq.com.br/appmaq-media/manuals/01957100-b0df-7095-9ab2-0aff4b8d3063/019ed14a-ab1d-7397-a5c6-50f82556962f.pdf"
"1619","Trator Agrícola","MASSEY FERGUSON","MF4297","MANUAL TECNICOS DOS TRATORES AGRICOLAS MF4200 ESPANHOL","-","true","https://cdn.appmaq.com.br/appmaq-media/manuals/01957100-b0df-7095-9ab2-0aff4b8d3063/019ed14a-ad74-7351-9af6-5d1e9c96e308.pdf"
"1620","Trator Agrícola","MASSEY FERGUSON","MF4297","TABELA DE LUBRIFICAÇÃO TRATORES - MASSEY FERGUSSON","-","true","https://cdn.appmaq.com.br/appmaq-media/manuals/01957100-b0df-7095-9ab2-0aff4b8d3063/019ed6bd-6ccd-72b7-bb25-44c3016a88ac.pdf"
"1621","Trator Agrícola","MASSEY FERGUSON","MF4299","CATALOGO DE PEÇAS DE BOMBA HIDRAULICA MASSEY FERGUNSON E OUTRAS MARCAS.","-","true","https://cdn.appmaq.com.br/appmaq-media/manuals/01957100-b0df-742a-b530-e58988254ddf/019ed14b-9abf-7e0f-b693-1833afbcf033.pdf"
"1622","Trator Agrícola","MASSEY FERGUSON","MF4299","CURSO DE OPERAÇÃO E MANUTENÇÃO DE TRATORES MASSEY FERGUNSON","-","true","https://cdn.appmaq.com.br/appmaq-media/manuals/01957100-b0df-742a-b530-e58988254ddf/019ed14b-9acc-7a40-9527-65d4ab038d21.pdf"
"1623","Trator Agrícola","MASSEY FERGUSON","MF4299","FOLHETO DOS TRATORES MF 4200","-","true","https://cdn.appmaq.com.br/appmaq-media/manuals/01957100-b0df-742a-b530-e58988254ddf/019ed14b-9b49-7c3c-8ca1-ac99b25f2aff.pdf"
"1624","Trator Agrícola","MASSEY FERGUSON","MF4299","MANUAL DO OPERADOR DOS TRATORES MF4200","-","true","https://cdn.appmaq.com.br/appmaq-media/manuals/01957100-b0df-742a-b530-e58988254ddf/019ed14b-9cf0-7663-9c6f-78fb232245b9.pdf"
"1625","Trator Agrícola","MASSEY FERGUSON","MF4299","MANUAL TECNICOS DOS TRATORES AGRICOLAS MF4200 ESPANHOL","-","true","https://cdn.appmaq.com.br/appmaq-media/manuals/01957100-b0df-742a-b530-e58988254ddf/019ed14b-9d23-7433-be69-d198cfc570e0.pdf"
"1626","Trator Agrícola","MASSEY FERGUSON","MF4299","TABELA DE LUBRIFICAÇÃO TRATORES - MASSEY FERGUSSON","-","true","https://cdn.appmaq.com.br/appmaq-media/manuals/01957100-b0df-742a-b530-e58988254ddf/019ed6bd-c3b5-755e-8d44-de92a870803f.pdf"
"1627","Trator Agrícola","MASSEY FERGUSON","MF4305","CATALOGO DE PEÇAS DE BOMBA HIDRAULICA MASSEY FERGUNSON E OUTRAS MARCAS.","-","true","https://cdn.appmaq.com.br/appmaq-media/manuals/0195b3ba-39a6-7e26-a6d2-49eb2a7b9108/019ed14c-2645-7c4f-ae2e-14e0d32db9e5.pdf"
"1628","Trator Agrícola","MASSEY FERGUSON","MF4305","CURSO DE OPERAÇÃO E MANUTENÇÃO DE TRATORES MASSEY FERGUNSON","-","true","https://cdn.appmaq.com.br/appmaq-media/manuals/0195b3ba-39a6-7e26-a6d2-49eb2a7b9108/019ed14c-2694-7e31-8ea9-8aa43697536e.pdf"
"1629","Trator Agrícola","MASSEY FERGUSON","MF4305","FOLHETO DOS TRATORES MF4300","-","true","https://cdn.appmaq.com.br/appmaq-media/manuals/0195b3ba-39a6-7e26-a6d2-49eb2a7b9108/019ed14c-272d-7c4c-a2fe-d360b91ced7f.pdf"
"1630","Trator Agrícola","MASSEY FERGUSON","MF4307","CATALOGO DE PEÇAS DE BOMBA HIDRAULICA MASSEY FERGUNSON E OUTRAS MARCAS.","-","true","https://cdn.appmaq.com.br/appmaq-media/manuals/01957100-b0df-7258-9760-634a2d4cb15d/019ed14d-1f71-7f21-9c6c-290389a098b5.pdf"
"1631","Trator Agrícola","MASSEY FERGUSON","MF4307","CATALOGO DE PEÇAS DE BOMBA HIDRAULICA MASSEY FERGUNSON E OUTRAS MARCAS.","-","true","https://cdn.appmaq.com.br/appmaq-media/manuals/01957100-b0df-7258-9760-634a2d4cb15d/019ed14c-8c13-7957-866a-ef4e3194c93b.pdf"
"1632","Trator Agrícola","MASSEY FERGUSON","MF4307","CURSO DE OPERAÇÃO E MANUTENÇÃO DE TRATORES MASSEY FERGUNSON","-","true","https://cdn.appmaq.com.br/appmaq-media/manuals/01957100-b0df-7258-9760-634a2d4cb15d/019ed14c-8c1f-75b5-a853-b4cd1aa5ff2f.pdf"
"1633","Trator Agrícola","MASSEY FERGUSON","MF4307","CURSO DE OPERAÇÃO E MANUTENÇÃO DE TRATORES MASSEY FERGUNSON","-","true","https://cdn.appmaq.com.br/appmaq-media/manuals/01957100-b0df-7258-9760-634a2d4cb15d/019ed14d-1f83-790d-8785-c61c53a4b08f.pdf"
"1634","Trator Agrícola","MASSEY FERGUSON","MF4307","FOLHETO DOS TRATORES MF4300","-","true","https://cdn.appmaq.com.br/appmaq-media/manuals/01957100-b0df-7258-9760-634a2d4cb15d/019ed14d-204e-7f34-8094-56e184fd3db1.pdf"
"1635","Trator Agrícola","MASSEY FERGUSON","MF4307","FOLHETO DOS TRATORES MF4300","-","true","https://cdn.appmaq.com.br/appmaq-media/manuals/01957100-b0df-7258-9760-634a2d4cb15d/019ed14c-8c7e-7160-8384-7c010b2c0660.pdf"
"1636","Trator Agrícola","MASSEY FERGUSON","MF4408","CATALOGO DE PEÇAS DE BOMBA HIDRAULICA MASSEY FERGUNSON E OUTRAS MARCAS.","-","true","https://cdn.appmaq.com.br/appmaq-media/manuals/0195b3ba-39a6-746e-9ce9-962109a96739/019ed14d-f2f7-74d6-8ea4-530142e42ef1.pdf"
"1637","Trator Agrícola","MASSEY FERGUSON","MF4408","CURSO DE OPERAÇÃO E MANUTENÇÃO DE TRATORES MASSEY FERGUNSON","-","true","https://cdn.appmaq.com.br/appmaq-media/manuals/0195b3ba-39a6-746e-9ce9-962109a96739/019ed14d-f303-7866-9180-3ab3cff0563d.pdf"
"1638","Trator Agrícola","MASSEY FERGUSON","MF4408","FOLHETO DOS TRATORES MASSEY FERGUNSON 4400","-","true","https://cdn.appmaq.com.br/appmaq-media/manuals/0195b3ba-39a6-746e-9ce9-962109a96739/019ed14d-f348-72a5-b5f9-8942f073cb0e.pdf"
"1639","Trator Agrícola","MASSEY FERGUSON","MF4408","MANUAL DO SISTEMAS HIDRÁULICOS E ELÉTRICOS DOS TRATORES MASSEY FERGUNSON MF3400 E MF4400","-","true","https://cdn.appmaq.com.br/appmaq-media/manuals/0195b3ba-39a6-746e-9ce9-962109a96739/019ed14d-f43c-77ac-800f-429e265b51e1.pdf"
"1640","Trator Agrícola","MASSEY FERGUSON","MF4408","MANUTENÇÃO PERIÓDICA TRATORES MF4400","-","true","https://cdn.appmaq.com.br/appmaq-media/manuals/0195b3ba-39a6-746e-9ce9-962109a96739/019ed14d-f575-743e-9cd9-62b973e24ac4.pdf"
"1641","Trator Agrícola","MASSEY FERGUSON","MF4409","CATALOGO DE PEÇAS DE BOMBA HIDRAULICA MASSEY FERGUNSON E OUTRAS MARCAS.","-","true","https://cdn.appmaq.com.br/appmaq-media/manuals/0196f443-bf7e-7eee-aee6-f8019ab73800/019ed14e-a3e0-7fcc-975f-cf7a95705052.pdf"
"1642","Trator Agrícola","MASSEY FERGUSON","MF4409","CURSO DE OPERAÇÃO E MANUTENÇÃO DE TRATORES MASSEY FERGUNSON","-","true","https://cdn.appmaq.com.br/appmaq-media/manuals/0196f443-bf7e-7eee-aee6-f8019ab73800/019ed14e-a3f8-7b31-a090-c95d88bc9830.pdf"
"1643","Trator Agrícola","MASSEY FERGUSON","MF4409","FOLHETO DOS TRATORES MASSEY FERGUNSON 4400","-","true","https://cdn.appmaq.com.br/appmaq-media/manuals/0196f443-bf7e-7eee-aee6-f8019ab73800/019ed14e-a458-798c-ae3e-fa6a0da75489.pdf"
"1644","Trator Agrícola","MASSEY FERGUSON","MF4409","MANUAL DO SISTEMAS HIDRÁULICOS E ELÉTRICOS DOS TRATORES MASSEY FERGUNSON MF3400 E MF4400","-","true","https://cdn.appmaq.com.br/appmaq-media/manuals/0196f443-bf7e-7eee-aee6-f8019ab73800/019ed14e-a526-7e85-92e1-36694200bd98.pdf"
"1645","Trator Agrícola","MASSEY FERGUSON","MF4409","MANUTENÇÃO PERIÓDICA TRATORES MF4400","-","true","https://cdn.appmaq.com.br/appmaq-media/manuals/0196f443-bf7e-7eee-aee6-f8019ab73800/019ed14e-a796-7cf8-9994-0b8a499f23c5.pdf"
"1646","Trator Agrícola","MASSEY FERGUSON","MF4410","CATALOGO DE PEÇAS DE BOMBA HIDRAULICA MASSEY FERGUNSON E OUTRAS MARCAS.","-","true","https://cdn.appmaq.com.br/appmaq-media/manuals/0196f443-bf9c-7afb-9488-dc0fae9597ce/019ed14f-4745-789a-a06c-1b36f421af79.pdf"
"1647","Trator Agrícola","MASSEY FERGUSON","MF4410","CATALOGO DE PEÇAS DE BOMBA HIDRAULICA MASSEY FERGUNSON E OUTRAS MARCAS.","-","true","https://cdn.appmaq.com.br/appmaq-media/manuals/0196f443-bf9c-7afb-9488-dc0fae9597ce/019ed14f-ff35-72f0-ba78-4c67e09d91e4.pdf"
"1648","Trator Agrícola","MASSEY FERGUSON","MF4410","CURSO DE OPERAÇÃO E MANUTENÇÃO DE TRATORES MASSEY FERGUNSON","-","true","https://cdn.appmaq.com.br/appmaq-media/manuals/0196f443-bf9c-7afb-9488-dc0fae9597ce/019ed14f-4753-7881-8cb0-bb106e5eb99e.pdf"
"1649","Trator Agrícola","MASSEY FERGUSON","MF4410","CURSO DE OPERAÇÃO E MANUTENÇÃO DE TRATORES MASSEY FERGUNSON","-","true","https://cdn.appmaq.com.br/appmaq-media/manuals/0196f443-bf9c-7afb-9488-dc0fae9597ce/019ed14f-ff43-756a-97e6-ecc7fc450b80.pdf"
"1650","Trator Agrícola","MASSEY FERGUSON","MF4410","FOLHETO DOS TRATORES MASSEY FERGUNSON 4400","-","true","https://cdn.appmaq.com.br/appmaq-media/manuals/0196f443-bf9c-7afb-9488-dc0fae9597ce/019ed14f-ffaf-750e-bffc-9fbdce38ddff.pdf"
"1651","Trator Agrícola","MASSEY FERGUSON","MF4410","FOLHETO DOS TRATORES MASSEY FERGUNSON 4400","-","true","https://cdn.appmaq.com.br/appmaq-media/manuals/0196f443-bf9c-7afb-9488-dc0fae9597ce/019ed14f-47a0-718e-a582-b4893140e7ef.pdf"
"1652","Trator Agrícola","MASSEY FERGUSON","MF4410","MANUAL DO SISTEMAS HIDRÁULICOS E ELÉTRICOS DOS TRATORES MASSEY FERGUNSON MF3400 E MF4400","-","true","https://cdn.appmaq.com.br/appmaq-media/manuals/0196f443-bf9c-7afb-9488-dc0fae9597ce/019ed14f-4886-743d-bfb9-34b7eafe80d5.pdf"
"1653","Trator Agrícola","MASSEY FERGUSON","MF4410","MANUAL DO SISTEMAS HIDRÁULICOS E ELÉTRICOS DOS TRATORES MASSEY FERGUNSON MF3400 E MF4400","-","true","https://cdn.appmaq.com.br/appmaq-media/manuals/0196f443-bf9c-7afb-9488-dc0fae9597ce/019ed150-0099-7d69-a1e3-4bc3dab065b1.pdf"
"1654","Trator Agrícola","MASSEY FERGUSON","MF4410","MANUTENÇÃO PERIÓDICA TRATORES MF4400","-","true","https://cdn.appmaq.com.br/appmaq-media/manuals/0196f443-bf9c-7afb-9488-dc0fae9597ce/019ed14f-4a8f-7546-b4b7-b5e9de9ad92b.pdf"
"1655","Trator Agrícola","MASSEY FERGUSON","MF4410","MANUTENÇÃO PERIÓDICA TRATORES MF4400","-","true","https://cdn.appmaq.com.br/appmaq-media/manuals/0196f443-bf9c-7afb-9488-dc0fae9597ce/019ed150-0188-76a6-978d-3db52d96d472.pdf"
"1656","Trator Agrícola","MASSEY FERGUSON","MF4708","CATALOGO DE PEÇAS DE BOMBA HIDRAULICA MASSEY FERGUNSON E OUTRAS MARCAS.","-","true","https://cdn.appmaq.com.br/appmaq-media/manuals/01957100-b0df-73df-a38e-ccb5449d74e5/019ed152-2107-7286-9739-064ed5a524e6.pdf"
"1657","Trator Agrícola","MASSEY FERGUSON","MF4708","CONCEITOS OPERACIONAIS TRATORES MF 4700","-","true","https://cdn.appmaq.com.br/appmaq-media/manuals/01957100-b0df-73df-a38e-ccb5449d74e5/019ed152-2116-7e5e-9dda-ff659b47a7d5.pdf"
"1658","Trator Agrícola","MASSEY FERGUSON","MF4708","CURSO DE OPERAÇÃO E MANUTENÇÃO DE TRATORES MASSEY FERGUNSON","-","true","https://cdn.appmaq.com.br/appmaq-media/manuals/01957100-b0df-73df-a38e-ccb5449d74e5/019ed152-2201-7bc1-9570-6c1c25e0d490.pdf"
"1659","Trator Agrícola","MASSEY FERGUSON","MF4708","ESPECIFICAÇÕES DO TRATOR MF 4700, MF 5700 e MF 6700","-","true","https://cdn.appmaq.com.br/appmaq-media/manuals/01957100-b0df-73df-a38e-ccb5449d74e5/019ed152-2236-718d-8ca3-7c17716b83b2.pdf"
"1660","Trator Agrícola","MASSEY FERGUSON","MF4708","FOLHETO DOS TRATORES MASSEY FERGUNSON 4700","-","true","https://cdn.appmaq.com.br/appmaq-media/manuals/01957100-b0df-73df-a38e-ccb5449d74e5/019ed152-235a-7c23-aa14-c025b1d6da77.pdf"
"1661","Trator Agrícola","MASSEY FERGUSON","MF4709","CATALOGO DE PEÇAS DE BOMBA HIDRAULICA MASSEY FERGUNSON E OUTRAS MARCAS.","-","true","https://cdn.appmaq.com.br/appmaq-media/manuals/01957100-b0df-7c76-b252-40aab1b993f4/019ed152-c918-7152-9ddd-35f0c20652d5.pdf"
"1662","Trator Agrícola","MASSEY FERGUSON","MF4709","CONCEITOS OPERACIONAIS TRATORES MF 4700","-","true","https://cdn.appmaq.com.br/appmaq-media/manuals/01957100-b0df-7c76-b252-40aab1b993f4/019ed152-cbe3-7a04-958b-62e99a8d2a1a.pdf"
"1663","Trator Agrícola","MASSEY FERGUSON","MF4709","CURSO DE OPERAÇÃO E MANUTENÇÃO DE TRATORES MASSEY FERGUNSON","-","true","https://cdn.appmaq.com.br/appmaq-media/manuals/01957100-b0df-7c76-b252-40aab1b993f4/019ed152-cd5f-79c3-8c54-55dedcf2ba6e.pdf"
"1664","Trator Agrícola","MASSEY FERGUSON","MF4709","ESPECIFICAÇÕES DO TRATOR MF 4700, MF 5700 e MF 6700","-","true","https://cdn.appmaq.com.br/appmaq-media/manuals/01957100-b0df-7c76-b252-40aab1b993f4/019ed152-d25b-7681-8be7-77d916dab2b8.pdf"
"1665","Trator Agrícola","MASSEY FERGUSON","MF4709","FOLHETO DOS TRATORES MASSEY FERGUNSON 4700","-","true","https://cdn.appmaq.com.br/appmaq-media/manuals/01957100-b0df-7c76-b252-40aab1b993f4/019ed152-d436-7680-bb37-76679875b2a3.pdf"
"1666","Trator Agrícola","MASSEY FERGUSON","MF50","CATALOGO DE PEÇAS DE BOMBA HIDRAULICA MASSEY FERGUNSON E OUTRAS MARCAS.","-","true","https://cdn.appmaq.com.br/appmaq-media/manuals/01957100-b0df-7497-90eb-ee1df4c6c2f0/019ed153-2dfa-7e22-9252-9f759a9f2309.pdf"
"1667","Trator Agrícola","MASSEY FERGUSON","MF50","CURSO DE OPERAÇÃO E MANUTENÇÃO DE TRATORES MASSEY FERGUNSON","-","true","https://cdn.appmaq.com.br/appmaq-media/manuals/01957100-b0df-7497-90eb-ee1df4c6c2f0/019ed153-2e06-7bf3-8e5b-2cf30979d1b0.pdf"
"1668","Trator Agrícola","MASSEY FERGUSON","MF50","MANUAL DO OPERADOR DO TRATOR AGRICOLA MF50","-","true","https://cdn.appmaq.com.br/appmaq-media/manuals/01957100-b0df-7497-90eb-ee1df4c6c2f0/019ed153-2e3e-77a0-9069-91b0e96972ee.pdf"
"1669","Trator Agrícola","MASSEY FERGUSON","MF5275","CATALOGO DE PEÇAS DE BOMBA HIDRAULICA MASSEY FERGUNSON E OUTRAS MARCAS.","-","true","https://cdn.appmaq.com.br/appmaq-media/manuals/01957100-b0df-7c27-9da5-b4fed7d43642/019eef73-8d37-79eb-851b-c3ba144b4476.pdf"
"1670","Trator Agrícola","MASSEY FERGUSON","MF5275","CURSO DE OPERAÇÃO E MANUTENÇÃO DE TRATORES MASSEY FERGUNSON","-","true","https://cdn.appmaq.com.br/appmaq-media/manuals/01957100-b0df-7c27-9da5-b4fed7d43642/019eef73-8d45-7cfa-abdc-432d6897b134.pdf"
"1671","Trator Agrícola","MASSEY FERGUSON","MF5275","ESPECIFICAÇÕES DO TRATOR MF 4700, MF 5700 e MF 6700","-","true","https://cdn.appmaq.com.br/appmaq-media/manuals/01957100-b0df-7c27-9da5-b4fed7d43642/019eef73-8da1-7f93-ac6b-13ac136a5670.pdf"
"1672","Trator Agrícola","MASSEY FERGUSON","MF5275","MANUAL DO OPERADOR TRATORES MF5200","-","true","https://cdn.appmaq.com.br/appmaq-media/manuals/01957100-b0df-7c27-9da5-b4fed7d43642/019eef73-8e16-7913-a36f-5390172a6b1e.pdf"
"1673","Trator Agrícola","MASSEY FERGUSON","MF5310","CATALOGO DE PEÇAS DE BOMBA HIDRAULICA MASSEY FERGUNSON E OUTRAS MARCAS.","-","true","https://cdn.appmaq.com.br/appmaq-media/manuals/01957100-b0df-7e69-b365-daad48e2252a/019eef83-0336-7486-8a53-7ddc84bb911d.pdf"
"1674","Trator Agrícola","MASSEY FERGUSON","MF5310","CATÁLOGO DE PEÇAS TRATOR MASSEY FERGUSON 5310","-","true","https://cdn.appmaq.com.br/appmaq-media/manuals/01957100-b0df-7e69-b365-daad48e2252a/019eef83-0345-7c7d-bc7f-1a38144e4f7f.pdf"
"1675","Trator Agrícola","MASSEY FERGUSON","MF5310","CURSO DE OPERAÇÃO E MANUTENÇÃO DE TRATORES MASSEY FERGUNSON","-","true","https://cdn.appmaq.com.br/appmaq-media/manuals/01957100-b0df-7e69-b365-daad48e2252a/019eef83-0570-7370-938b-1455c92c67b1.pdf"
"1676","Trator Agrícola","MASSEY FERGUSON","MF5310","ESPECIFICAÇÕES DO TRATOR MF 4700, MF 5700 e MF 6700","-","true","https://cdn.appmaq.com.br/appmaq-media/manuals/01957100-b0df-7e69-b365-daad48e2252a/019eef83-05a0-7db9-a51e-35116aa2325c.pdf"
"1677","Trator Agrícola","MASSEY FERGUSON","MF5320","CATALOGO DE PEÇAS DE BOMBA HIDRAULICA MASSEY FERGUNSON E OUTRAS MARCAS.","-","true","https://cdn.appmaq.com.br/appmaq-media/manuals/01957100-b0df-7727-94e5-744f1ff76c7e/019eef83-81ae-7c3f-b045-ea48bf6bfd2c.pdf"
"1678","Trator Agrícola","MASSEY FERGUSON","MF5320","CURSO DE OPERAÇÃO E MANUTENÇÃO DE TRATORES MASSEY FERGUNSON","-","true","https://cdn.appmaq.com.br/appmaq-media/manuals/01957100-b0df-7727-94e5-744f1ff76c7e/019eef83-81bb-7f13-a707-c99ad63b95c1.pdf"
"1679","Trator Agrícola","MASSEY FERGUSON","MF5320","ESPECIFICAÇÕES DO TRATOR MF 4700, MF 5700 e MF 6700","-","true","https://cdn.appmaq.com.br/appmaq-media/manuals/01957100-b0df-7727-94e5-744f1ff76c7e/019eef83-81f9-7a14-877e-bf5d2043a35e.pdf"
"1680","Trator Agrícola","MASSEY FERGUSON","MF5709","CATALOGO DE PEÇAS DE BOMBA HIDRAULICA MASSEY FERGUNSON E OUTRAS MARCAS.","-","true","https://cdn.appmaq.com.br/appmaq-media/manuals/01957100-b0df-739c-a182-feb37914af0a/019eef83-eabf-7107-9aa5-5691cd86a434.pdf"
"1681","Trator Agrícola","MASSEY FERGUSON","MF5709","CURSO DE OPERAÇÃO E MANUTENÇÃO DE TRATORES MASSEY FERGUNSON","-","true","https://cdn.appmaq.com.br/appmaq-media/manuals/01957100-b0df-739c-a182-feb37914af0a/019eef83-eacd-7b1c-a83c-e6c8f1b8c168.pdf"
"1682","Trator Agrícola","MASSEY FERGUSON","MF5709","ESPECIFICAÇÕES DO TRATOR MF 4700, MF 5700 e MF 6700","-","true","https://cdn.appmaq.com.br/appmaq-media/manuals/01957100-b0df-739c-a182-feb37914af0a/019eef83-eb50-7d1e-a6ab-5f8e7c1412b1.pdf"
"1683","Trator Agrícola","MASSEY FERGUSON","MF5709","MANUTEÇÃO EPRIODICA DOS TRATORES AGRICOLAS MF4700, MF5700 e MF6700","-","true","https://cdn.appmaq.com.br/appmaq-media/manuals/01957100-b0df-739c-a182-feb37914af0a/019eef83-eb8a-7142-86d7-503ff3d98ec6.pdf"
"1684","Trator Agrícola","MASSEY FERGUSON","MF5710","CATALOGO DE PEÇAS DE BOMBA HIDRAULICA MASSEY FERGUNSON E OUTRAS MARCAS.","-","true","https://cdn.appmaq.com.br/appmaq-media/manuals/0196f443-bf9c-7107-9b37-b5770aadb160/019eef84-4ee3-78c7-98e2-8839b17ae155.pdf"
"1685","Trator Agrícola","MASSEY FERGUSON","MF5710","CURSO DE OPERAÇÃO E MANUTENÇÃO DE TRATORES MASSEY FERGUNSON","-","true","https://cdn.appmaq.com.br/appmaq-media/manuals/0196f443-bf9c-7107-9b37-b5770aadb160/019eef84-4ef0-7519-b06c-97c238cf4001.pdf"
"1686","Trator Agrícola","MASSEY FERGUSON","MF5710","ESPECIFICAÇÕES DO TRATOR MF 4700, MF 5700 e MF 6700","-","true","https://cdn.appmaq.com.br/appmaq-media/manuals/0196f443-bf9c-7107-9b37-b5770aadb160/019eef84-4f46-7a7f-9270-18a507fda8d4.pdf"
"1687","Trator Agrícola","MASSEY FERGUSON","MF5710","MANUTEÇÃO EPRIODICA DOS TRATORES AGRICOLAS MF4700, MF5700 e MF6700","-","true","https://cdn.appmaq.com.br/appmaq-media/manuals/0196f443-bf9c-7107-9b37-b5770aadb160/019eef84-4f86-790f-850c-df3e01547733.pdf"
"1688","Trator Agrícola","MASSEY FERGUSON","MF5710","POTÊNCIA E ESPECIFICAÇÕES DO TRATOR MF 5710","-","true","https://cdn.appmaq.com.br/appmaq-media/manuals/0196f443-bf9c-7107-9b37-b5770aadb160/019eef84-4fdb-706b-aa56-bc1519ba130b.pdf"
"1689","Trator Agrícola","MASSEY FERGUSON","MF610","CATALOGO DE PEÇAS DE BOMBA HIDRAULICA MASSEY FERGUNSON E OUTRAS MARCAS.","-","true","https://cdn.appmaq.com.br/appmaq-media/manuals/0196f443-bf7b-7616-ae7c-64aa463e867f/019eef4d-2d3f-78d9-a86c-c538cdffe06c.pdf"
"1690","Trator Agrícola","MASSEY FERGUSON","MF610","CURSO DE OPERAÇÃO E MANUTENÇÃO DE TRATORES MASSEY FERGUNSON","-","true","https://cdn.appmaq.com.br/appmaq-media/manuals/0196f443-bf7b-7616-ae7c-64aa463e867f/019eef4d-2d4e-7788-9298-965acbca6edf.pdf"
"1691","Trator Agrícola","MASSEY FERGUSON","MF6350","AJUSTES TÉCNICOS DO TRATOR MF 6350 6360","-","true","https://cdn.appmaq.com.br/appmaq-media/manuals/01957100-b0df-7055-bad7-e763083d4ba0/019eef85-2017-7c76-b24d-44d52d16452f.pdf"
"1692","Trator Agrícola","MASSEY FERGUSON","MF6350","CATALOGO DE PEÇAS DE BOMBA HIDRAULICA MASSEY FERGUNSON E OUTRAS MARCAS.","-","true","https://cdn.appmaq.com.br/appmaq-media/manuals/01957100-b0df-7055-bad7-e763083d4ba0/019eef85-236b-72da-9065-fe3452024ada.pdf"
"1693","Trator Agrícola","MASSEY FERGUSON","MF6350","CURSO DE OPERAÇÃO E MANUTENÇÃO DE TRATORES MASSEY FERGUNSON","-","true","https://cdn.appmaq.com.br/appmaq-media/manuals/01957100-b0df-7055-bad7-e763083d4ba0/019eef85-2511-7f0e-9c07-c3f19f69df06.pdf"
"1694","Trator Agrícola","MASSEY FERGUSON","MF65","CATALOGO DE PEÇAS DE BOMBA HIDRAULICA MASSEY FERGUNSON E OUTRAS MARCAS.","-","true","https://cdn.appmaq.com.br/appmaq-media/manuals/01957100-b0df-77dc-9ebe-ebdc4cf43273/019eef30-6a6c-781c-a7ed-1b93151f0df2.pdf"
"1695","Trator Agrícola","MASSEY FERGUSON","MF65","CURSO DE OPERAÇÃO E MANUTENÇÃO DE TRATORES MASSEY FERGUNSON","-","true","https://cdn.appmaq.com.br/appmaq-media/manuals/01957100-b0df-77dc-9ebe-ebdc4cf43273/019eef30-6a8f-7611-9f83-4c1721560bbf.pdf"
"1696","Trator Agrícola","MASSEY FERGUSON","MF65","MANUAL DE SERVIÇO DO TRATOR MF65","-","true","https://cdn.appmaq.com.br/appmaq-media/manuals/01957100-b0df-77dc-9ebe-ebdc4cf43273/019eef30-6b4e-7297-8b41-aaea4a275c65.pdf"
"1697","Trator Agrícola","MASSEY FERGUSON","MF650","CATALOGO DE PEÇAS DE BOMBA HIDRAULICA MASSEY FERGUNSON E OUTRAS MARCAS.","-","true","https://cdn.appmaq.com.br/appmaq-media/manuals/01957100-b0df-79f2-a544-31745389de76/019eef4d-c8ce-71ba-a473-2a6ca8012352.pdf"
"1698","Trator Agrícola","MASSEY FERGUSON","MF650","CURSO DE OPERAÇÃO E MANUTENÇÃO DE TRATORES MASSEY FERGUNSON","-","true","https://cdn.appmaq.com.br/appmaq-media/manuals/01957100-b0df-79f2-a544-31745389de76/019eef4d-c8db-7a93-b52f-df0e4a2c2548.pdf"
"1699","Trator Agrícola","MASSEY FERGUSON","MF660","CATALOGO DE PEÇAS DE BOMBA HIDRAULICA MASSEY FERGUNSON E OUTRAS MARCAS.","-","true","https://cdn.appmaq.com.br/appmaq-media/manuals/0196f443-bf7b-7ddd-93ce-1f4529f6631b/019eef4e-3e13-7a38-ab90-f3774bc30004.pdf"
"1700","Trator Agrícola","MASSEY FERGUSON","MF660","CATÁLOGO DE PEÇAS TRATOR MASSEY FERGUSON 660","-","true","https://cdn.appmaq.com.br/appmaq-media/manuals/0196f443-bf7b-7ddd-93ce-1f4529f6631b/019eef4e-3e25-7a8a-8af9-329b5efeab53.pdf"
"1701","Trator Agrícola","MASSEY FERGUSON","MF660","CURSO DE OPERAÇÃO E MANUTENÇÃO DE TRATORES MASSEY FERGUNSON","-","true","https://cdn.appmaq.com.br/appmaq-media/manuals/0196f443-bf7b-7ddd-93ce-1f4529f6631b/019eef4e-3fdc-771e-bb67-e2bb58551f33.pdf"
"1702","Trator Agrícola","MASSEY FERGUSON","MF6700","TABELA DE LUBRIFICAÇÃO TRATORES - MASSEY FERGUSSON","-","true","https://cdn.appmaq.com.br/appmaq-media/manuals/019ed6c0-b44c-749a-880d-bbb1f69ed148/019ed6c8-da4b-7e92-85f3-6d24f81b82fc.pdf"
"1703","Trator Agrícola","MASSEY FERGUSON","MF6700-R DYNA-4","TABELA DE LUBRIFICAÇÃO TRATORES - MASSEY FERGUSSON","-","true","https://cdn.appmaq.com.br/appmaq-media/manuals/019ed6c1-7a08-7a96-a375-9ea82e7c1986/019ed6c9-63a5-7a3a-a041-6130fca9317a.pdf"
"1704","Trator Agrícola","MASSEY FERGUSON","MF6711","CATALOGO DE PEÇAS DE BOMBA HIDRAULICA MASSEY FERGUNSON E OUTRAS MARCAS.","-","true","https://cdn.appmaq.com.br/appmaq-media/manuals/01957100-b0df-780d-a2a4-f05e805f3758/019eef85-c02f-792a-bbdb-69491a0a9a77.pdf"
"1705","Trator Agrícola","MASSEY FERGUSON","MF6711","CURSO DE OPERAÇÃO E MANUTENÇÃO DE TRATORES MASSEY FERGUNSON","-","true","https://cdn.appmaq.com.br/appmaq-media/manuals/01957100-b0df-780d-a2a4-f05e805f3758/019eef85-c03d-711f-9ed3-b54008ac5874.pdf"
"1706","Trator Agrícola","MASSEY FERGUSON","MF6711","ESPECIFICAÇÕES DO TRATOR MF 4700, MF 5700 e MF 6700","-","true","https://cdn.appmaq.com.br/appmaq-media/manuals/01957100-b0df-780d-a2a4-f05e805f3758/019eef85-c09a-7c34-acd5-c9f9da25da50.pdf"
"1707","Trator Agrícola","MASSEY FERGUSON","MF6711","FOLHETO DOS TRATORES MF 6700","-","true","https://cdn.appmaq.com.br/appmaq-media/manuals/01957100-b0df-780d-a2a4-f05e805f3758/019eef85-c0cd-74a0-9c48-5f270c51bbc1.pdf"
"1708","Trator Agrícola","MASSEY FERGUSON","MF6711","MANUTEÇÃO EPRIODICA DOS TRATORES AGRICOLAS MF4700, MF5700 e MF6700","-","true","https://cdn.appmaq.com.br/appmaq-media/manuals/01957100-b0df-780d-a2a4-f05e805f3758/019eef85-c178-7e76-8286-4dee46f75b91.pdf"
"1709","Trator Agrícola","MASSEY FERGUSON","MF6712","CATALOGO DE PEÇAS DE BOMBA HIDRAULICA MASSEY FERGUNSON E OUTRAS MARCAS.","-","true","https://cdn.appmaq.com.br/appmaq-media/manuals/0195b3ba-39a6-7493-b94f-be9bdf153235/019eef86-3a33-7494-933e-51c810080db9.pdf"
"1710","Trator Agrícola","MASSEY FERGUSON","MF6712","CURSO DE OPERAÇÃO E MANUTENÇÃO DE TRATORES MASSEY FERGUNSON","-","true","https://cdn.appmaq.com.br/appmaq-media/manuals/0195b3ba-39a6-7493-b94f-be9bdf153235/019eef86-3a41-7d47-817b-fa0cc30080ee.pdf"
"1711","Trator Agrícola","MASSEY FERGUSON","MF6712","ESPECIFICAÇÕES DO TRATOR MF 4700, MF 5700 e MF 6700","-","true","https://cdn.appmaq.com.br/appmaq-media/manuals/0195b3ba-39a6-7493-b94f-be9bdf153235/019eef86-3a8d-7520-8052-a68c4cc97b74.pdf"
"1712","Trator Agrícola","MASSEY FERGUSON","MF6712","FOLHETO DOS TRATORES MF 6700","-","true","https://cdn.appmaq.com.br/appmaq-media/manuals/0195b3ba-39a6-7493-b94f-be9bdf153235/019eef86-3ac4-741c-bead-631a2e3a09da.pdf"
"1713","Trator Agrícola","MASSEY FERGUSON","MF6712","MANUTEÇÃO EPRIODICA DOS TRATORES AGRICOLAS MF4700, MF5700 e MF6700","-","true","https://cdn.appmaq.com.br/appmaq-media/manuals/0195b3ba-39a6-7493-b94f-be9bdf153235/019eef86-3baa-75e7-844a-87d84b2d4010.pdf"
"1714","Trator Agrícola","MASSEY FERGUSON","MF6713","CATALOGO DE PEÇAS DE BOMBA HIDRAULICA MASSEY FERGUNSON E OUTRAS MARCAS.","-","true","https://cdn.appmaq.com.br/appmaq-media/manuals/01957100-b0df-7a4f-badd-b7625e544510/019eef86-9588-7afb-9657-0d418b25f324.pdf"
"1715","Trator Agrícola","MASSEY FERGUSON","MF6713","CURSO DE OPERAÇÃO E MANUTENÇÃO DE TRATORES MASSEY FERGUNSON","-","true","https://cdn.appmaq.com.br/appmaq-media/manuals/01957100-b0df-7a4f-badd-b7625e544510/019eef86-9596-7071-8b58-f8727ef90314.pdf"
"1716","Trator Agrícola","MASSEY FERGUSON","MF6713","ESPECIFICAÇÕES DO TRATOR MF 4700, MF 5700 e MF 6700","-","true","https://cdn.appmaq.com.br/appmaq-media/manuals/01957100-b0df-7a4f-badd-b7625e544510/019eef86-95e8-7082-a075-d50e831386de.pdf"
"1717","Trator Agrícola","MASSEY FERGUSON","MF6713","FOLHETO DOS TRATORES MF 6700","-","true","https://cdn.appmaq.com.br/appmaq-media/manuals/01957100-b0df-7a4f-badd-b7625e544510/019eef86-9678-7a82-838c-2926400ccdb3.pdf"
"1718","Trator Agrícola","MASSEY FERGUSON","MF6713","MANUTEÇÃO EPRIODICA DOS TRATORES AGRICOLAS MF4700, MF5700 e MF6700","-","true","https://cdn.appmaq.com.br/appmaq-media/manuals/01957100-b0df-7a4f-badd-b7625e544510/019eef86-970c-72ce-9979-5c49deef9c8a.pdf"
"1719","Trator Agrícola","MASSEY FERGUSON","MF6714","CATALOGO DE PEÇAS DE BOMBA HIDRAULICA MASSEY FERGUNSON E OUTRAS MARCAS.","-","true","https://cdn.appmaq.com.br/appmaq-media/manuals/0195b3ba-39a6-7ba6-8678-a35e18be586f/019eef86-eba9-753c-b680-a5b429245f1a.pdf"
"1720","Trator Agrícola","MASSEY FERGUSON","MF6714","CURSO DE OPERAÇÃO E MANUTENÇÃO DE TRATORES MASSEY FERGUNSON","-","true","https://cdn.appmaq.com.br/appmaq-media/manuals/0195b3ba-39a6-7ba6-8678-a35e18be586f/019eef86-ebb6-7552-bf45-2a5fa33bc217.pdf"
"1721","Trator Agrícola","MASSEY FERGUSON","MF6714","ESPECIFICAÇÕES DO TRATOR MF 4700, MF 5700 e MF 6700","-","true","https://cdn.appmaq.com.br/appmaq-media/manuals/0195b3ba-39a6-7ba6-8678-a35e18be586f/019eef86-ec13-731f-b604-71715c7077b2.pdf"
"1722","Trator Agrícola","MASSEY FERGUSON","MF6714","FOLHETO DOS TRATORES MF 6700","-","true","https://cdn.appmaq.com.br/appmaq-media/manuals/0195b3ba-39a6-7ba6-8678-a35e18be586f/019eef86-ec8e-7767-b010-c9602a3e2a32.pdf"
"1723","Trator Agrícola","MASSEY FERGUSON","MF6714","MANUTEÇÃO EPRIODICA DOS TRATORES AGRICOLAS MF4700, MF5700 e MF6700","-","true","https://cdn.appmaq.com.br/appmaq-media/manuals/0195b3ba-39a6-7ba6-8678-a35e18be586f/019eef86-ed10-7fad-b521-db37523e9a36.pdf"
"1724","Trator Agrícola","MASSEY FERGUSON","MF680","CATALOGO DE PEÇAS DE BOMBA HIDRAULICA MASSEY FERGUNSON E OUTRAS MARCAS.","-","true","https://cdn.appmaq.com.br/appmaq-media/manuals/01957100-b0df-7ecd-9bcc-2a9575b1d66f/019eef4e-a161-7bd6-b500-6305bfaa1d95.pdf"
"1725","Trator Agrícola","MASSEY FERGUSON","MF680","CURSO DE OPERAÇÃO E MANUTENÇÃO DE TRATORES MASSEY FERGUNSON","-","true","https://cdn.appmaq.com.br/appmaq-media/manuals/01957100-b0df-7ecd-9bcc-2a9575b1d66f/019eef4e-a17c-7dfd-984a-8302df166cd6.pdf"
"1726","Trator Agrícola","MASSEY FERGUSON","MF680","ESPECIFICAÇÕES DO TRATOR MF 680","-","true","https://cdn.appmaq.com.br/appmaq-media/manuals/01957100-b0df-7ecd-9bcc-2a9575b1d66f/019eef4e-a1df-7ccf-977f-e340352a9261.pdf"
"1727","Trator Agrícola","MASSEY FERGUSON","MF7000 DYNA-6","TABELA DE LUBRIFICAÇÃO TRATORES - MASSEY FERGUSSON","-","true","https://cdn.appmaq.com.br/appmaq-media/manuals/019ed6c3-57fb-7489-8ffe-707007c33a4f/019ed6ca-9638-7c73-94f6-d66c2f6d31ef.pdf"
"1728","Trator Agrícola","MASSEY FERGUSON","MF7100","TABELA DE LUBRIFICAÇÃO TRATORES - MASSEY FERGUSSON","-","true","https://cdn.appmaq.com.br/appmaq-media/manuals/019ed6c1-d7ad-7e8a-9d28-4cc2bb524af4/019ed6c9-cf44-70f4-baa8-711799ab96de.pdf"
"1729","Trator Agrícola","MASSEY FERGUSON","MF7140","CATALOGO DE PEÇAS DE BOMBA HIDRAULICA MASSEY FERGUNSON E OUTRAS MARCAS.","-","true","https://cdn.appmaq.com.br/appmaq-media/manuals/01957100-b0df-75de-98ea-29d570e12983/019eef9f-d557-7a95-8193-1f8cae31031e.pdf"
"1730","Trator Agrícola","MASSEY FERGUSON","MF7140","CURSO DE OPERAÇÃO E MANUTENÇÃO DE TRATORES MASSEY FERGUNSON","-","true","https://cdn.appmaq.com.br/appmaq-media/manuals/01957100-b0df-75de-98ea-29d570e12983/019eef9f-d566-7c00-aca5-c128cda555c5.pdf"
"1731","Trator Agrícola","MASSEY FERGUSON","MF7140","ESPECIFICAÇÕES DO TRATOR MF7000 DYNA-6","-","true","https://cdn.appmaq.com.br/appmaq-media/manuals/01957100-b0df-75de-98ea-29d570e12983/019eef9f-d5b4-74ec-a5a9-3375fd443a1c.pdf"
"1732","Trator Agrícola","MASSEY FERGUSON","MF7140","MANUAL DE AMACIAMENTO DO MOTOR DO TRATOR MF 7100","-","true","https://cdn.appmaq.com.br/appmaq-media/manuals/01957100-b0df-75de-98ea-29d570e12983/019eef9f-d651-7f72-8165-1cfb546da571.pdf"
"1733","Trator Agrícola","MASSEY FERGUSON","MF7140","MANUAL DO OPERADOR TRATOR MASSEY FERGUNSON 7140,7150,7170,7180","-","true","https://cdn.appmaq.com.br/appmaq-media/manuals/01957100-b0df-75de-98ea-29d570e12983/019eef9f-d6a6-737a-9028-820a60697171.pdf"
"1734","Trator Agrícola","MASSEY FERGUSON","MF7140","MANUAL DO SISTEMA HUSCO MF 7100","-","true","https://cdn.appmaq.com.br/appmaq-media/manuals/01957100-b0df-75de-98ea-29d570e12983/019eef9f-d92b-7f1e-81f4-279ef55cdcb9.pdf"
"1735","Trator Agrícola","MASSEY FERGUSON","MF7150","CATALOGO DE PEÇAS DE BOMBA HIDRAULICA MASSEY FERGUNSON E OUTRAS MARCAS.","-","true","https://cdn.appmaq.com.br/appmaq-media/manuals/01957100-b0df-72a1-b247-bbb41cd48cfb/019eefa0-7e1e-7cb0-be6a-037d9df64a53.pdf"
"1736","Trator Agrícola","MASSEY FERGUSON","MF7150","CURSO DE OPERAÇÃO E MANUTENÇÃO DE TRATORES MASSEY FERGUNSON","-","true","https://cdn.appmaq.com.br/appmaq-media/manuals/01957100-b0df-72a1-b247-bbb41cd48cfb/019eefa0-7e2c-7e4e-8baf-aa42b1e51f4a.pdf"
"1737","Trator Agrícola","MASSEY FERGUSON","MF7150","ESPECIFICAÇÕES DO TRATOR MF7000 DYNA-6","-","true","https://cdn.appmaq.com.br/appmaq-media/manuals/01957100-b0df-72a1-b247-bbb41cd48cfb/019eefa0-7e8e-7435-8bd0-148c26411e52.pdf"
"1738","Trator Agrícola","MASSEY FERGUSON","MF7150","MANUAL DE AMACIAMENTO DO MOTOR DO TRATOR MF 7100","-","true","https://cdn.appmaq.com.br/appmaq-media/manuals/01957100-b0df-72a1-b247-bbb41cd48cfb/019eefa0-7f39-7362-83b3-28b2a1eb7a6c.pdf"
"1739","Trator Agrícola","MASSEY FERGUSON","MF7150","MANUAL DO OPERADOR TRATOR MASSEY FERGUNSON 7140,7150,7170,7180","-","true","https://cdn.appmaq.com.br/appmaq-media/manuals/01957100-b0df-72a1-b247-bbb41cd48cfb/019eefa0-7fe9-7518-b0b2-8f4bcf9b4def.pdf"
"1740","Trator Agrícola","MASSEY FERGUSON","MF7150","MANUAL DO SISTEMA HUSCO MF 7100","-","true","https://cdn.appmaq.com.br/appmaq-media/manuals/01957100-b0df-72a1-b247-bbb41cd48cfb/019eefa0-820d-71b2-ad0d-beeba1585761.pdf"
"1741","Trator Agrícola","MASSEY FERGUSON","MF7180","CATALOGO DE PEÇAS DE BOMBA HIDRAULICA MASSEY FERGUNSON E OUTRAS MARCAS.","-","true","https://cdn.appmaq.com.br/appmaq-media/manuals/01957100-b0df-7bc6-bf1b-e385aa06fa8a/019eefa1-514d-7de6-96ad-bfe7b5822a68.pdf"
"1742","Trator Agrícola","MASSEY FERGUSON","MF7180","CURSO DE OPERAÇÃO E MANUTENÇÃO DE TRATORES MASSEY FERGUNSON","-","true","https://cdn.appmaq.com.br/appmaq-media/manuals/01957100-b0df-7bc6-bf1b-e385aa06fa8a/019eefa1-515a-7367-a5e1-7d9d436efea0.pdf"
"1743","Trator Agrícola","MASSEY FERGUSON","MF7180","ESPECIFICAÇÕES DO TRATOR MF7000 DYNA-6","-","true","https://cdn.appmaq.com.br/appmaq-media/manuals/01957100-b0df-7bc6-bf1b-e385aa06fa8a/019eefa1-5201-7705-9e8d-36e7de332f95.pdf"
"1744","Trator Agrícola","MASSEY FERGUSON","MF7180","MANUAL DE AMACIAMENTO DO MOTOR DO TRATOR MF 7100","-","true","https://cdn.appmaq.com.br/appmaq-media/manuals/01957100-b0df-7bc6-bf1b-e385aa06fa8a/019eefa1-528c-7a54-90e8-75ac773c8e9a.pdf"
"1745","Trator Agrícola","MASSEY FERGUSON","MF7180","MANUAL DO OPERADOR TRATOR MASSEY FERGUNSON 7140,7150,7170,7180","-","true","https://cdn.appmaq.com.br/appmaq-media/manuals/01957100-b0df-7bc6-bf1b-e385aa06fa8a/019eefa1-52c3-789d-861d-b17df5e43c73.pdf"
"1746","Trator Agrícola","MASSEY FERGUSON","MF7180","MANUAL DO SISTEMA HUSCO MF 7100","-","true","https://cdn.appmaq.com.br/appmaq-media/manuals/01957100-b0df-7bc6-bf1b-e385aa06fa8a/019eefa1-5577-7d30-86c5-5a9dea32c559.pdf"
"1747","Trator Agrícola","MASSEY FERGUSON","MF7200","TABELA DE LUBRIFICAÇÃO TRATORES - MASSEY FERGUSSON","-","true","https://cdn.appmaq.com.br/appmaq-media/manuals/019ed6c2-2ba0-741d-ae8e-7cdbf06ecd64/019ed6ca-297b-78bb-8448-df7c9c8b89c3.pdf"
"1748","Trator Agrícola","MASSEY FERGUSON","MF7219","CATALOGO DE PEÇAS DE BOMBA HIDRAULICA MASSEY FERGUNSON E OUTRAS MARCAS.","-","true","https://cdn.appmaq.com.br/appmaq-media/manuals/01957100-b0df-77d6-9c09-03f5e888ddb7/019ef068-b40f-767d-a7ac-00cfa1e1ec6a.pdf"
"1749","Trator Agrícola","MASSEY FERGUSON","MF7219","CURSO DE OPERAÇÃO E MANUTENÇÃO DE TRATORES MASSEY FERGUNSON","-","true","https://cdn.appmaq.com.br/appmaq-media/manuals/01957100-b0df-77d6-9c09-03f5e888ddb7/019ef068-b430-79c2-b3c5-485f98035e64.pdf"
"1750","Trator Agrícola","MASSEY FERGUSON","MF7219","ESPECIFICAÇÕES DOS TRATORES MF7200","-","true","https://cdn.appmaq.com.br/appmaq-media/manuals/01957100-b0df-77d6-9c09-03f5e888ddb7/019ef068-b482-76ed-a5d2-631fc469ea12.pdf"
"1751","Trator Agrícola","MASSEY FERGUSON","MF7316","CATALOGO DE PEÇAS DE BOMBA HIDRAULICA MASSEY FERGUNSON E OUTRAS MARCAS.","-","true","https://cdn.appmaq.com.br/appmaq-media/manuals/019ef075-7e40-79d2-a3b7-56a1407a1e3d/019ef07b-51ca-74ce-b46a-422058ac08e2.pdf"
"1752","Trator Agrícola","MASSEY FERGUSON","MF7316","CURSO DE OPERAÇÃO E MANUTENÇÃO DE TRATORES MASSEY FERGUNSON","-","true","https://cdn.appmaq.com.br/appmaq-media/manuals/019ef075-7e40-79d2-a3b7-56a1407a1e3d/019ef07b-51d8-7520-b46f-21fdc4252ffe.pdf"
"1753","Trator Agrícola","MASSEY FERGUSON","MF7316","ESPECIFICAÇÕES DO TRATOR MF7300","-","true","https://cdn.appmaq.com.br/appmaq-media/manuals/019ef075-7e40-79d2-a3b7-56a1407a1e3d/019ef07b-5257-7bd9-ab95-939b26590b3a.pdf"
"1754","Trator Agrícola","MASSEY FERGUSON","MF7318","CATALOGO DE PEÇAS DE BOMBA HIDRAULICA MASSEY FERGUNSON E OUTRAS MARCAS.","-","true","https://cdn.appmaq.com.br/appmaq-media/manuals/0195b3ba-39a6-78bb-9574-e8be0ab4b5fd/019ef074-b130-7e19-832f-daa17ff09ab7.pdf"
"1755","Trator Agrícola","MASSEY FERGUSON","MF7318","CURSO DE OPERAÇÃO E MANUTENÇÃO DE TRATORES MASSEY FERGUNSON","-","true","https://cdn.appmaq.com.br/appmaq-media/manuals/0195b3ba-39a6-78bb-9574-e8be0ab4b5fd/019ef074-b152-7311-9093-4c1526a45092.pdf"
"1756","Trator Agrícola","MASSEY FERGUSON","MF7318","ESPECIFICAÇÕES DO TRATOR MF7300","-","true","https://cdn.appmaq.com.br/appmaq-media/manuals/0195b3ba-39a6-78bb-9574-e8be0ab4b5fd/019ef074-b1cd-702e-8974-6485e185aa5b.pdf"
"1757","Trator Agrícola","MASSEY FERGUSON","MF7350","CATALOGO DE PEÇAS DE BOMBA HIDRAULICA MASSEY FERGUNSON E OUTRAS MARCAS.","-","true","https://cdn.appmaq.com.br/appmaq-media/manuals/0195b3ba-39a6-7fc8-8c43-fecbf972d40d/019ef096-7eef-749d-81f2-a8b1d08990e3.pdf"
"1758","Trator Agrícola","MASSEY FERGUSON","MF7350","CURSO DE OPERAÇÃO E MANUTENÇÃO DE TRATORES MASSEY FERGUNSON","-","true","https://cdn.appmaq.com.br/appmaq-media/manuals/0195b3ba-39a6-7fc8-8c43-fecbf972d40d/019ef096-7efe-7b34-b514-8e55c52bd3c0.pdf"
"1759","Trator Agrícola","MASSEY FERGUSON","MF7350","ESPECIFICAÇÕES DO TRATOR MF7000 DYNA-6","-","true","https://cdn.appmaq.com.br/appmaq-media/manuals/0195b3ba-39a6-7fc8-8c43-fecbf972d40d/019ef096-7f86-75db-b0d1-fb5c553d4b46.pdf"
"1760","Trator Agrícola","MASSEY FERGUSON","MF7370","CATALOGO DE PEÇAS DE BOMBA HIDRAULICA MASSEY FERGUNSON E OUTRAS MARCAS.","-","true","https://cdn.appmaq.com.br/appmaq-media/manuals/01957100-b0df-7fea-88df-6c788343a117/019ef098-c7a8-73de-be93-8ef0a18be5de.pdf"
"1761","Trator Agrícola","MASSEY FERGUSON","MF7370","CURSO DE OPERAÇÃO E MANUTENÇÃO DE TRATORES MASSEY FERGUNSON","-","true","https://cdn.appmaq.com.br/appmaq-media/manuals/01957100-b0df-7fea-88df-6c788343a117/019ef098-c7bb-7f2c-99e3-cb3200540bc2.pdf"
"1762","Trator Agrícola","MASSEY FERGUSON","MF7370","ESPECIFICAÇÕES DO TRATOR MF7000 DYNA-6","-","true","https://cdn.appmaq.com.br/appmaq-media/manuals/01957100-b0df-7fea-88df-6c788343a117/019ef098-c85b-72a1-8f36-4e03397188f6.pdf"
"1763","Trator Agrícola","MASSEY FERGUSON","MF7390","CATALOGO DE PEÇAS DE BOMBA HIDRAULICA MASSEY FERGUNSON E OUTRAS MARCAS.","-","true","https://cdn.appmaq.com.br/appmaq-media/manuals/01957100-b0df-7a98-915b-494823901f82/019ef099-43ad-762e-93ea-3dccb5882893.pdf"
"1764","Trator Agrícola","MASSEY FERGUSON","MF7390","CURSO DE OPERAÇÃO E MANUTENÇÃO DE TRATORES MASSEY FERGUNSON","-","true","https://cdn.appmaq.com.br/appmaq-media/manuals/01957100-b0df-7a98-915b-494823901f82/019ef099-43bb-7923-b61e-ded9fd73dab3.pdf"
"1765","Trator Agrícola","MASSEY FERGUSON","MF7390","ESPECIFICAÇÕES DO TRATOR MF7000 DYNA-6","-","true","https://cdn.appmaq.com.br/appmaq-media/manuals/01957100-b0df-7a98-915b-494823901f82/019ef099-43fd-73b6-a10d-96b9f4e1e259.pdf"
"1766","Trator Agrícola","MASSEY FERGUSON","MF7415","CATALOGO DE PEÇAS DE BOMBA HIDRAULICA MASSEY FERGUNSON E OUTRAS MARCAS.","-","true","https://cdn.appmaq.com.br/appmaq-media/manuals/01957100-b0df-7534-b453-a0a6d0573d57/019ed151-70f6-79df-afc4-0e2f07e8480f.pdf"
"1767","Trator Agrícola","MASSEY FERGUSON","MF7415","CURSO DE OPERAÇÃO E MANUTENÇÃO DE TRATORES MASSEY FERGUNSON","-","true","https://cdn.appmaq.com.br/appmaq-media/manuals/01957100-b0df-7534-b453-a0a6d0573d57/019ef099-c6f0-7b8d-80d4-2b0c56e3b454.pdf"
"1768","Trator Agrícola","MASSEY FERGUSON","MF7415","ESPECIFICAÇÕES DO TRATOR MF7000 DYNA-6","-","true","https://cdn.appmaq.com.br/appmaq-media/manuals/01957100-b0df-7534-b453-a0a6d0573d57/019ef099-c7cb-74f0-9919-11555e725944.pdf"
"1769","Trator Agrícola","MASSEY FERGUSON","MF7700 DYNA-6","TABELA DE LUBRIFICAÇÃO TRATORES - MASSEY FERGUSSON","-","true","https://cdn.appmaq.com.br/appmaq-media/manuals/019ed6c4-bf28-7892-bceb-a723e204b657/019ed6ca-f053-724c-99ac-acd63b16c987.pdf"
"1770","Trator Agrícola","MASSEY FERGUSON","MF7719","CATALOGO DE PEÇAS DE BOMBA HIDRAULICA MASSEY FERGUNSON E OUTRAS MARCAS.","-","true","https://cdn.appmaq.com.br/appmaq-media/manuals/0195b3ba-39a6-7890-b7c8-b709d4cdfada/019ef09b-8c58-75d6-8da6-694cd3d950f5.pdf"
"1771","Trator Agrícola","MASSEY FERGUSON","MF7719","CURSO DE OPERAÇÃO E MANUTENÇÃO DE TRATORES MASSEY FERGUNSON","-","true","https://cdn.appmaq.com.br/appmaq-media/manuals/0195b3ba-39a6-7890-b7c8-b709d4cdfada/019ef09b-8c65-77f0-a106-e8fe4ad04f4d.pdf"
"1772","Trator Agrícola","MASSEY FERGUSON","MF7719","ESPECIFICAÇÕES DO TRATOR MF7000 DYNA-6","-","true","https://cdn.appmaq.com.br/appmaq-media/manuals/0195b3ba-39a6-7890-b7c8-b709d4cdfada/019ef09b-8caf-7cb0-a290-0827630d097c.pdf"
"1773","Trator Agrícola","MASSEY FERGUSON","MF7719","MANUAL DO OPERADOR DO TRATOR MASSEY FERGUSON MF7700 SERIES MF 7719 7720 7722 7725","-","true","https://cdn.appmaq.com.br/appmaq-media/manuals/0195b3ba-39a6-7890-b7c8-b709d4cdfada/019ef09b-8d4b-77ca-ab08-e7a5b89e42fb.pdf"
"1774","Trator Agrícola","MASSEY FERGUSON","MF7719","MANUAL DO OPERADOR MASSEY FERGUSON MF7700 SERIES MF 7719 7720 7722 7725","-","true","https://cdn.appmaq.com.br/appmaq-media/manuals/0195b3ba-39a6-7890-b7c8-b709d4cdfada/019ef09b-912d-72f0-bcdc-c7d766e5360d.pdf"
"1775","Trator Agrícola","MASSEY FERGUSON","MF7722","CATALOGO DE PEÇAS DE BOMBA HIDRAULICA MASSEY FERGUNSON E OUTRAS MARCAS.","-","true","https://cdn.appmaq.com.br/appmaq-media/manuals/0195b3ba-39a6-7a1a-864b-7b2332d43be6/019ef0bb-306f-7a56-8148-454701363d56.pdf"
"1776","Trator Agrícola","MASSEY FERGUSON","MF7722","CURSO DE OPERAÇÃO E MANUTENÇÃO DE TRATORES MASSEY FERGUNSON","-","true","https://cdn.appmaq.com.br/appmaq-media/manuals/0195b3ba-39a6-7a1a-864b-7b2332d43be6/019ef0bb-307d-7aa5-b316-861e00af29ef.pdf"
"1777","Trator Agrícola","MASSEY FERGUSON","MF7722","ESPECIFICAÇÕES DO TRATOR MF7000 DYNA-6","-","true","https://cdn.appmaq.com.br/appmaq-media/manuals/0195b3ba-39a6-7a1a-864b-7b2332d43be6/019ef0bb-30fe-7946-967e-2919ac5ed3b0.pdf"
"1778","Trator Agrícola","MASSEY FERGUSON","MF7722","MANUAL DO OPERADOR MASSEY FERGUSON MF7700 SERIES MF 7719 7720 7722 7725","-","true","https://cdn.appmaq.com.br/appmaq-media/manuals/0195b3ba-39a6-7a1a-864b-7b2332d43be6/019ef0bb-31aa-7e23-9aaa-c45910c85f24.pdf"
"1779","Trator Agrícola","MASSEY FERGUSON","MF7725","CATALOGO DE PEÇAS DE BOMBA HIDRAULICA MASSEY FERGUNSON E OUTRAS MARCAS.","-","true","https://cdn.appmaq.com.br/appmaq-media/manuals/01957100-b0df-7f1c-91d6-fc098989164b/019ef0bb-c649-7529-ab96-c186920f33ef.pdf"
"1780","Trator Agrícola","MASSEY FERGUSON","MF7725","CURSO DE OPERAÇÃO E MANUTENÇÃO DE TRATORES MASSEY FERGUNSON","-","true","https://cdn.appmaq.com.br/appmaq-media/manuals/01957100-b0df-7f1c-91d6-fc098989164b/019ef0bb-c656-704f-b597-fb1faeea0de4.pdf"
"1781","Trator Agrícola","MASSEY FERGUSON","MF7725","ESPECIFICAÇÕES DO TRATOR MF7000 DYNA-6","-","true","https://cdn.appmaq.com.br/appmaq-media/manuals/01957100-b0df-7f1c-91d6-fc098989164b/019ef0bb-c6c5-7138-8e93-f89876fad878.pdf"
"1782","Trator Agrícola","MASSEY FERGUSON","MF7725","MANUAL DO OPERADOR MASSEY FERGUSON MF7700 SERIES MF 7719 7720 7722 7725","-","true","https://cdn.appmaq.com.br/appmaq-media/manuals/01957100-b0df-7f1c-91d6-fc098989164b/019ef0bb-c78a-78a5-8b39-3e1bf11a2db0.pdf"
"1783","Trator Agrícola","MASSEY FERGUSON","MF85","CATALOGO DE PEÇAS DE BOMBA HIDRAULICA MASSEY FERGUNSON E OUTRAS MARCAS.","-","true","https://cdn.appmaq.com.br/appmaq-media/manuals/0196f443-bf7a-78b3-8e6d-106343b0fbc1/019eef35-94cf-7929-8275-7f97ee64a164.pdf"
"1784","Trator Agrícola","MASSEY FERGUSON","MF85","CURSO DE OPERAÇÃO E MANUTENÇÃO DE TRATORES MASSEY FERGUNSON","-","true","https://cdn.appmaq.com.br/appmaq-media/manuals/0196f443-bf7a-78b3-8e6d-106343b0fbc1/019eef35-94dd-71af-bbbc-e3291a2ac0e1.pdf"
"1785","Trator Agrícola","MASSEY FERGUSON","MF85","ESPECIFICAÇÕES DO TRATOR MF85","-","true","https://cdn.appmaq.com.br/appmaq-media/manuals/0196f443-bf7a-78b3-8e6d-106343b0fbc1/019eef35-9513-77ae-b18e-ee90c3b70d92.pdf"
"1786","Trator Agrícola","MASSEY FERGUSON","MF85","MANUAL DE SERVIÇO DO TRATOR MF85 E MF90 EM INGLES","-","true","https://cdn.appmaq.com.br/appmaq-media/manuals/0196f443-bf7a-78b3-8e6d-106343b0fbc1/019eef35-955b-7518-a3b1-251640d85afd.pdf"
"1787","Trator Agrícola","MASSEY FERGUSON","MF8600 DYNA-VT","TABELA DE LUBRIFICAÇÃO TRATORES - MASSEY FERGUSSON","-","true","https://cdn.appmaq.com.br/appmaq-media/manuals/019ed6c5-9b4b-7a26-887e-468f2de68952/019ed6cb-4247-76e4-b91c-257dfde17bb6.pdf"
"1788","Trator Agrícola","MASSEY FERGUSON","MF8670","CATALOGO DE PEÇAS DE BOMBA HIDRAULICA MASSEY FERGUNSON E OUTRAS MARCAS.","-","true","https://cdn.appmaq.com.br/appmaq-media/manuals/0195b3ba-39a6-7034-9f8e-3fafe63b817a/019ef0bc-4661-7948-a1f1-dd3795bf4858.pdf"
"1789","Trator Agrícola","MASSEY FERGUSON","MF8670","CURSO DE OPERAÇÃO E MANUTENÇÃO DE TRATORES MASSEY FERGUNSON","-","true","https://cdn.appmaq.com.br/appmaq-media/manuals/0195b3ba-39a6-7034-9f8e-3fafe63b817a/019ef0bc-4673-70ca-b2cd-ec1318b65399.pdf"
"1790","Trator Agrícola","MASSEY FERGUSON","MF8730S","CATALOGO DE PEÇAS DE BOMBA HIDRAULICA MASSEY FERGUNSON E OUTRAS MARCAS.","-","true","https://cdn.appmaq.com.br/appmaq-media/manuals/019ef079-8644-71f8-a088-9c2bb2e55d65/019ef0bc-ef10-785a-880b-e2d9e8c25198.pdf"
"1791","Trator Agrícola","MASSEY FERGUSON","MF8730S","CURSO DE OPERAÇÃO E MANUTENÇÃO DE TRATORES MASSEY FERGUNSON","-","true","https://cdn.appmaq.com.br/appmaq-media/manuals/019ef079-8644-71f8-a088-9c2bb2e55d65/019ef0bc-ef1f-7d8d-9674-d37dd61b025d.pdf"
"1792","Trator Agrícola","MASSEY FERGUSON","MF8730S","FOLHETO DO TRATOR MF 8700","-","true","https://cdn.appmaq.com.br/appmaq-media/manuals/019ef079-8644-71f8-a088-9c2bb2e55d65/019ef0bc-ef76-75ba-be39-d23991e58108.pdf"
"1793","Trator Agrícola","MASSEY FERGUSON","MF8730S","MANUAL DE ESPECIFICAÇÕES E RECURSOS TRATORES MF 8700","-","true","https://cdn.appmaq.com.br/appmaq-media/manuals/019ef079-8644-71f8-a088-9c2bb2e55d65/019ef0bc-efbf-7812-8f29-ceeb1985abae.pdf"
"1794","Trator Agrícola","MASSEY FERGUSON","MF8730S","MANUAL DO SISTEMA ELETRICO E HIDRAULICO DOS TRATORES MF8700S","-","true","https://cdn.appmaq.com.br/appmaq-media/manuals/019ef079-8644-71f8-a088-9c2bb2e55d65/019ef0bc-f0ff-7ac5-a1d0-7de00d80af0c.pdf"
"1795","Trator Agrícola","MASSEY FERGUSON","MF8735S","CATALOGO DE PEÇAS DE BOMBA HIDRAULICA MASSEY FERGUNSON E OUTRAS MARCAS.","-","true","https://cdn.appmaq.com.br/appmaq-media/manuals/019ef078-f0e5-7bff-a0e3-ad10cd9f4f2c/019ef0bd-7714-7228-98a2-e92c74ddb8a7.pdf"
"1796","Trator Agrícola","MASSEY FERGUSON","MF8735S","CURSO DE OPERAÇÃO E MANUTENÇÃO DE TRATORES MASSEY FERGUNSON","-","true","https://cdn.appmaq.com.br/appmaq-media/manuals/019ef078-f0e5-7bff-a0e3-ad10cd9f4f2c/019ef0bd-773d-76fc-aa02-41e22630e990.pdf"
"1797","Trator Agrícola","MASSEY FERGUSON","MF8735S","FOLHETO DO TRATOR MF 8700","-","true","https://cdn.appmaq.com.br/appmaq-media/manuals/019ef078-f0e5-7bff-a0e3-ad10cd9f4f2c/019ef0bd-77d0-78a4-82b3-40634f1cc300.pdf"
"1798","Trator Agrícola","MASSEY FERGUSON","MF8735S","MANUAL DE ESPECIFICAÇÕES E RECURSOS TRATORES MF 8700","-","true","https://cdn.appmaq.com.br/appmaq-media/manuals/019ef078-f0e5-7bff-a0e3-ad10cd9f4f2c/019ef0bd-78be-7246-b8fa-5b4660ac3c04.pdf"
"1799","Trator Agrícola","MASSEY FERGUSON","MF8735S","MANUAL DO SISTEMA ELETRICO E HIDRAULICO DOS TRATORES MF8700S","-","true","https://cdn.appmaq.com.br/appmaq-media/manuals/019ef078-f0e5-7bff-a0e3-ad10cd9f4f2c/019ef0bd-7a51-7475-99a7-55bd0bf1116a.pdf"
"1800","Trator Agrícola","MASSEY FERGUSON","MF8737","CATALOGO DE PEÇAS DE BOMBA HIDRAULICA MASSEY FERGUNSON E OUTRAS MARCAS.","-","true","https://cdn.appmaq.com.br/appmaq-media/manuals/0195b3ba-39a6-7a70-bf77-0a54cb14fc69/019ef0c8-951a-7f07-9f8e-b4011b8c723d.pdf"
"1801","Trator Agrícola","MASSEY FERGUSON","MF8737","CURSO DE OPERAÇÃO E MANUTENÇÃO DE TRATORES MASSEY FERGUNSON","-","true","https://cdn.appmaq.com.br/appmaq-media/manuals/0195b3ba-39a6-7a70-bf77-0a54cb14fc69/019ef0c8-9527-73e6-b498-3ca4b2f1cff0.pdf"
"1802","Trator Agrícola","MASSEY FERGUSON","MF8737","FOLHETO DO TRATOR MF 8700","-","true","https://cdn.appmaq.com.br/appmaq-media/manuals/0195b3ba-39a6-7a70-bf77-0a54cb14fc69/019ef0c8-957b-7021-aa11-272f5d015b72.pdf"
"1803","Trator Agrícola","MASSEY FERGUSON","MF8737","MANUAL DE ESPECIFICAÇÕES E RECURSOS TRATORES MF 8700","-","true","https://cdn.appmaq.com.br/appmaq-media/manuals/0195b3ba-39a6-7a70-bf77-0a54cb14fc69/019ef0c8-95cc-7715-b952-2522d84eead7.pdf"
"1804","Trator Agrícola","MASSEY FERGUSON","MF8737","MANUAL DO SISTEMA ELETRICO E HIDRAULICO DOS TRATORES MF8700S","-","true","https://cdn.appmaq.com.br/appmaq-media/manuals/0195b3ba-39a6-7a70-bf77-0a54cb14fc69/019ef0c8-96ef-7964-a295-cdb2fb43e6e3.pdf"
"1805","Trator Agrícola","MASSEY FERGUSON","MF95","CATALOGO DE PEÇAS DE BOMBA HIDRAULICA MASSEY FERGUNSON E OUTRAS MARCAS.","-","true","https://cdn.appmaq.com.br/appmaq-media/manuals/01957100-b0df-7b8d-84f3-f1b1e5577016/019eef40-c461-752c-a310-5d5c1ea241f9.pdf"
"1806","Trator Agrícola","MASSEY FERGUSON","MF95","CURSO DE OPERAÇÃO E MANUTENÇÃO DE TRATORES MASSEY FERGUNSON","-","true","https://cdn.appmaq.com.br/appmaq-media/manuals/01957100-b0df-7b8d-84f3-f1b1e5577016/019eef40-c479-7750-9092-bcddfa8c7b75.pdf"
"1807","Trator Agrícola","MASSEY FERGUSON","MF95","MANUAL DO OPERADOR DO TRATO MF95","-","true","https://cdn.appmaq.com.br/appmaq-media/manuals/01957100-b0df-7b8d-84f3-f1b1e5577016/019eef40-c678-7901-a275-98d1d7f5bce2.pdf"
"1808","Trator Agrícola","NEW HOLLAND","4630","CATALOGO DE PEÇAS E FILTROS PARA OS TRATORES NEW HOLLAND","-","true","https://cdn.appmaq.com.br/appmaq-media/manuals/01957100-b0df-7679-9152-f07ce472f752/019e6aba-1853-7c8c-b853-f5d6bfc4a47e.pdf"
"1809","Trator Agrícola","NEW HOLLAND","4630","INSTRUÇÕES DE LUBRIFICAÇÃO PARA TRATORES NEW HOLLAND","-","true","https://cdn.appmaq.com.br/appmaq-media/manuals/01957100-b0df-7679-9152-f07ce472f752/019e6aba-185d-7735-8b22-6ce68ec3b840.pdf"
"1810","Trator Agrícola","NEW HOLLAND","4630","LUZES DO PAINEL DOS TRATORES NEW HOLLAND","-","true","https://cdn.appmaq.com.br/appmaq-media/manuals/01957100-b0df-7679-9152-f07ce472f752/019e6aba-189b-7fd0-86c2-4ed1e7517f63.pdf"
"1811","Trator Agrícola","NEW HOLLAND","5030","CATALOGO DE PEÇAS E FILTROS PARA OS TRATORES NEW HOLLAND","-","true","https://cdn.appmaq.com.br/appmaq-media/manuals/01957100-b0df-7b69-8070-206b78699663/019e6aba-5d9c-7f1f-b519-5ac308acb509.pdf"
"1812","Trator Agrícola","NEW HOLLAND","5030","INSTRUÇÕES DE LUBRIFICAÇÃO PARA TRATORES NEW HOLLAND","-","true","https://cdn.appmaq.com.br/appmaq-media/manuals/01957100-b0df-7b69-8070-206b78699663/019e6aba-5da6-7ee9-922a-4488c3baa26e.pdf"
"1813","Trator Agrícola","NEW HOLLAND","5030","LUZES DO PAINEL DOS TRATORES NEW HOLLAND","-","true","https://cdn.appmaq.com.br/appmaq-media/manuals/01957100-b0df-7b69-8070-206b78699663/019e6aba-5dfe-7e86-82b2-2258f78ed425.pdf"
"1814","Trator Agrícola","NEW HOLLAND","6630","CATALOGO DE PEÇAS E FILTROS PARA OS TRATORES NEW HOLLAND","-","true","https://cdn.appmaq.com.br/appmaq-media/manuals/01957100-b0df-73c5-a782-cb10a10a772a/019e6aba-b869-7497-8b2b-cb947f0cf257.pdf"
"1815","Trator Agrícola","NEW HOLLAND","6630","CATÁLOGO PEÇAS E SUPRIMENTOS PARA TRATORES NEW HOLLAND 6630, 7630 E 8030","-","true","https://cdn.appmaq.com.br/appmaq-media/manuals/01957100-b0df-73c5-a782-cb10a10a772a/019e6aba-b873-794a-96bb-2cf6cd5bf3b7.pdf"
"1816","Trator Agrícola","NEW HOLLAND","6630","INSTRUÇÕES DE LUBRIFICAÇÃO PARA TRATORES NEW HOLLAND","-","true","https://cdn.appmaq.com.br/appmaq-media/manuals/01957100-b0df-73c5-a782-cb10a10a772a/019e6aba-b8b8-79ff-bb4c-7d224b8a0e24.pdf"
"1817","Trator Agrícola","NEW HOLLAND","6630","LUZES DO PAINEL DOS TRATORES NEW HOLLAND","-","true","https://cdn.appmaq.com.br/appmaq-media/manuals/01957100-b0df-73c5-a782-cb10a10a772a/019e6aba-b8ec-725e-b233-83eb0c0aae89.pdf"
"1818","Trator Agrícola","NEW HOLLAND","7630","CATALOGO DE PEÇAS E FILTROS PARA OS TRATORES NEW HOLLAND","-","true","https://cdn.appmaq.com.br/appmaq-media/manuals/01957100-b0df-787a-b576-9cc32fb8a5ce/019e6abb-0f63-7fba-8f91-6d4efbb62114.pdf"
"1819","Trator Agrícola","NEW HOLLAND","7630","CATÁLOGO PEÇAS E SUPRIMENTOS PARA TRATORES NEW HOLLAND 6630, 7630 E 8030","-","true","https://cdn.appmaq.com.br/appmaq-media/manuals/01957100-b0df-787a-b576-9cc32fb8a5ce/019e6abb-0f6f-7675-961c-807ee0c1abeb.pdf"
"1820","Trator Agrícola","NEW HOLLAND","7630","ESPECIFICAÇÕES DO TRATOR AGRICOLA NEW HOLLAND 7630 E 8030","-","true","https://cdn.appmaq.com.br/appmaq-media/manuals/01957100-b0df-787a-b576-9cc32fb8a5ce/019e6abb-0fa3-7020-a85f-6369e855e455.pdf"
"1821","Trator Agrícola","NEW HOLLAND","7630","FOLHETO DOS TRATORES AGRICOLA NEW HOLLAND 7630 E 8030","-","true","https://cdn.appmaq.com.br/appmaq-media/manuals/01957100-b0df-787a-b576-9cc32fb8a5ce/019e6abb-0ff6-7b3e-a782-15232fdf1f37.pdf"
"1822","Trator Agrícola","NEW HOLLAND","7630","INSTRUÇÕES DE LUBRIFICAÇÃO PARA TRATORES NEW HOLLAND","-","true","https://cdn.appmaq.com.br/appmaq-media/manuals/01957100-b0df-787a-b576-9cc32fb8a5ce/019e6abb-1138-7187-aa16-c6343b4091cd.pdf"
"1823","Trator Agrícola","NEW HOLLAND","7630","LUZES DO PAINEL DOS TRATORES NEW HOLLAND","-","true","https://cdn.appmaq.com.br/appmaq-media/manuals/01957100-b0df-787a-b576-9cc32fb8a5ce/019e6abb-1155-7510-b64c-e8e9bec799ad.pdf"
"1824","Trator Agrícola","NEW HOLLAND","7630","MANUAL DE SERVIÇO DOS TRATORES NEW HOLLAND 7630 E 8030","-","true","https://cdn.appmaq.com.br/appmaq-media/manuals/01957100-b0df-787a-b576-9cc32fb8a5ce/019e6abb-1197-7201-ad96-9d5927922dea.pdf"
"1825","Trator Agrícola","NEW HOLLAND","7830","CATALOGO DE PEÇAS E FILTROS PARA OS TRATORES NEW HOLLAND","-","true","https://cdn.appmaq.com.br/appmaq-media/manuals/0196f443-bf7f-7bf1-81af-55592dd3624f/019e6abb-6a09-743c-b89f-6d703c5c5f0f.pdf"
"1826","Trator Agrícola","NEW HOLLAND","7830","INSTRUÇÕES DE LUBRIFICAÇÃO PARA TRATORES NEW HOLLAND","-","true","https://cdn.appmaq.com.br/appmaq-media/manuals/0196f443-bf7f-7bf1-81af-55592dd3624f/019e6abb-6a12-76ac-92c9-b9d53072fe06.pdf"
"1827","Trator Agrícola","NEW HOLLAND","7830","LUZES DO PAINEL DOS TRATORES NEW HOLLAND","-","true","https://cdn.appmaq.com.br/appmaq-media/manuals/0196f443-bf7f-7bf1-81af-55592dd3624f/019e6abb-6a3b-7174-bbef-67d24e83b759.pdf"
"1828","Trator Agrícola","NEW HOLLAND","8030","CATALOGO DE PEÇAS E FILTROS PARA OS TRATORES NEW HOLLAND","-","true","https://cdn.appmaq.com.br/appmaq-media/manuals/01957100-b0df-762d-bcb0-1a5442419ebd/019e6abb-d4f4-7ecc-acae-6840880107a0.pdf"
"1829","Trator Agrícola","NEW HOLLAND","8030","CATÁLOGO PEÇAS E SUPRIMENTOS PARA TRATORES NEW HOLLAND 6630, 7630 E 8030","-","true","https://cdn.appmaq.com.br/appmaq-media/manuals/01957100-b0df-762d-bcb0-1a5442419ebd/019e6abb-d4fe-70bd-a98e-cd88aeddceba.pdf"
"1830","Trator Agrícola","NEW HOLLAND","8030","ESPECIFICAÇÕES DO TRATOR AGRICOLA NEW HOLLAND 7630 E 8030","-","true","https://cdn.appmaq.com.br/appmaq-media/manuals/01957100-b0df-762d-bcb0-1a5442419ebd/019e6abb-d594-7c0c-bede-28fc7fc9f9a1.pdf"
"1831","Trator Agrícola","NEW HOLLAND","8030","FOLHETO DOS TRATORES AGRICOLA NEW HOLLAND 7630 E 8030","-","true","https://cdn.appmaq.com.br/appmaq-media/manuals/01957100-b0df-762d-bcb0-1a5442419ebd/019e6abb-d5ec-7bc1-85bb-7ea4433afb27.pdf"
"1832","Trator Agrícola","NEW HOLLAND","8030","INSTRUÇÕES DE LUBRIFICAÇÃO PARA TRATORES NEW HOLLAND","-","true","https://cdn.appmaq.com.br/appmaq-media/manuals/01957100-b0df-762d-bcb0-1a5442419ebd/019e6abb-d700-7496-90ef-2182ab94f6f0.pdf"
"1833","Trator Agrícola","NEW HOLLAND","8030","LUZES DO PAINEL DOS TRATORES NEW HOLLAND","-","true","https://cdn.appmaq.com.br/appmaq-media/manuals/01957100-b0df-762d-bcb0-1a5442419ebd/019e6abb-d72f-7003-b862-bdce6893714d.pdf"
"1834","Trator Agrícola","NEW HOLLAND","8030","MANUAL DE SERVIÇO DOS TRATORES NEW HOLLAND 7630 E 8030","-","true","https://cdn.appmaq.com.br/appmaq-media/manuals/01957100-b0df-762d-bcb0-1a5442419ebd/019e6abb-d7a8-7390-9f94-0294d677676d.pdf"
"1835","Trator Agrícola","NEW HOLLAND","T3.65F","CATALOGO DE PEÇAS E FILTROS PARA OS TRATORES NEW HOLLAND","-","true","https://cdn.appmaq.com.br/appmaq-media/manuals/0198f28d-62b4-7e73-8d3e-42ccb40b2113/019e6abc-2a51-7a27-9836-5b85b952dbee.pdf"
"1836","Trator Agrícola","NEW HOLLAND","T3.65F","ESPECIFICAÇÕES DO TRATOR AGRICOLA NEW HOLLAND T3.65F E T3.75F","-","true","https://cdn.appmaq.com.br/appmaq-media/manuals/0198f28d-62b4-7e73-8d3e-42ccb40b2113/019e6abc-2a5b-7170-bf0f-03aaba8df8a3.pdf"
"1837","Trator Agrícola","NEW HOLLAND","T3.65F","INSTRUÇÕES DE LUBRIFICAÇÃO PARA TRATORES NEW HOLLAND","-","true","https://cdn.appmaq.com.br/appmaq-media/manuals/0198f28d-62b4-7e73-8d3e-42ccb40b2113/019e6abc-2a89-79f9-b220-4eca936aa501.pdf"
"1838","Trator Agrícola","NEW HOLLAND","T3.65F","LUZES DO PAINEL DOS TRATORES NEW HOLLAND","-","true","https://cdn.appmaq.com.br/appmaq-media/manuals/0198f28d-62b4-7e73-8d3e-42ccb40b2113/019e6abc-2aae-7e32-9f5f-a7b8416a38eb.pdf"
"1839","Trator Agrícola","NEW HOLLAND","T3.65F","MANUAL DO OPERADOR TRATORES NEW HOLLAND T3F","-","true","https://cdn.appmaq.com.br/appmaq-media/manuals/0198f28d-62b4-7e73-8d3e-42ccb40b2113/019e6abc-2b1f-70af-a06d-0ac9f25876ae.pdf"
"1840","Trator Agrícola","NEW HOLLAND","T3.65F","SISTEMA DE DIREÇÃO DOS TRATORES NEW HOLLAND - TT-TL-TT4-T4-T3-T5S-S30-T6","-","true","https://cdn.appmaq.com.br/appmaq-media/manuals/0198f28d-62b4-7e73-8d3e-42ccb40b2113/019e6abc-2ba1-79cc-a7c8-23d53bcc6a35.pdf"
"1841","Trator Agrícola","NEW HOLLAND","T3.75F","CATALOGO DE PEÇAS E FILTROS PARA OS TRATORES NEW HOLLAND","-","true","https://cdn.appmaq.com.br/appmaq-media/manuals/019e6ab7-0d29-7ad9-ac53-b00e5f570110/019e6abc-778d-7ecb-a12e-1276cfffa3aa.pdf"
"1842","Trator Agrícola","NEW HOLLAND","T3.75F","ESPECIFICAÇÕES DO TRATOR AGRICOLA NEW HOLLAND T3.65F E T3.75F","-","true","https://cdn.appmaq.com.br/appmaq-media/manuals/019e6ab7-0d29-7ad9-ac53-b00e5f570110/019e6abc-7797-7784-9597-052276ba712d.pdf"
"1843","Trator Agrícola","NEW HOLLAND","T3.75F","INSTRUÇÕES DE LUBRIFICAÇÃO PARA TRATORES NEW HOLLAND","-","true","https://cdn.appmaq.com.br/appmaq-media/manuals/019e6ab7-0d29-7ad9-ac53-b00e5f570110/019e6abc-77c2-747e-be01-4f88163297ad.pdf"
"1844","Trator Agrícola","NEW HOLLAND","T3.75F","LUZES DO PAINEL DOS TRATORES NEW HOLLAND","-","true","https://cdn.appmaq.com.br/appmaq-media/manuals/019e6ab7-0d29-7ad9-ac53-b00e5f570110/019e6abc-77ec-7ac9-812e-8676dc766a62.pdf"
"1845","Trator Agrícola","NEW HOLLAND","T3.75F","MANUAL DO OPERADOR TRATORES NEW HOLLAND T3F","-","true","https://cdn.appmaq.com.br/appmaq-media/manuals/019e6ab7-0d29-7ad9-ac53-b00e5f570110/019e6abc-785e-78d8-948f-2fa88ae0bcf2.pdf"
"1846","Trator Agrícola","NEW HOLLAND","T3.75F","SISTEMA DE DIREÇÃO DOS TRATORES NEW HOLLAND - TT-TL-TT4-T4-T3-T5S-S30-T6","-","true","https://cdn.appmaq.com.br/appmaq-media/manuals/019e6ab7-0d29-7ad9-ac53-b00e5f570110/019e6abc-78db-79bf-8f81-dcafe3b7b5c8.pdf"
"1847","Trator Agrícola","NEW HOLLAND","T4.75N","CATALOGO DE PEÇAS E FILTROS PARA OS TRATORES NEW HOLLAND","-","true","https://cdn.appmaq.com.br/appmaq-media/manuals/0198f291-4183-78c3-9a33-0ac8418a2a58/019e6abd-4bdc-74e3-9d7e-33315ecc1f45.pdf"
"1848","Trator Agrícola","NEW HOLLAND","T4.75N","ESPECIFICAÇÕES DO TRATOR AGRICOLA NEW HOLLAND T4.75N E T4.85 F","-","true","https://cdn.appmaq.com.br/appmaq-media/manuals/0198f291-4183-78c3-9a33-0ac8418a2a58/019e6abd-4bec-71d3-ae63-b285e5fb4cb2.pdf"
"1849","Trator Agrícola","NEW HOLLAND","T4.75N","FOLHETO DOS TRATORES AGRICOLA NEW HOLLAND T4.75N","-","true","https://cdn.appmaq.com.br/appmaq-media/manuals/0198f291-4183-78c3-9a33-0ac8418a2a58/019e6abd-4c07-72f1-83bb-5049e337785d.pdf"
"1850","Trator Agrícola","NEW HOLLAND","T4.75N","INSTRUÇÕES DE LUBRIFICAÇÃO PARA TRATORES NEW HOLLAND","-","true","https://cdn.appmaq.com.br/appmaq-media/manuals/0198f291-4183-78c3-9a33-0ac8418a2a58/019e6abd-4ead-7ab6-8f31-27be7d8fc2b9.pdf"
"1851","Trator Agrícola","NEW HOLLAND","T4.75N","LUZES DO PAINEL DOS TRATORES NEW HOLLAND","-","true","https://cdn.appmaq.com.br/appmaq-media/manuals/0198f291-4183-78c3-9a33-0ac8418a2a58/019e6abd-4ec0-71bb-8985-42b11576d7b1.pdf"
"1852","Trator Agrícola","NEW HOLLAND","T4.75N","SISTEMA DE DIREÇÃO DOS TRATORES NEW HOLLAND - TT-TL-TT4-T4-T3-T5S-S30-T6","-","true","https://cdn.appmaq.com.br/appmaq-media/manuals/0198f291-4183-78c3-9a33-0ac8418a2a58/019e6abd-4f8e-76cd-be4c-57e7b3a292be.pdf"
"1853","Trator Agrícola","NEW HOLLAND","T4.75S","CATALOGO DE PEÇAS E FILTROS PARA OS TRATORES NEW HOLLAND","-","true","https://cdn.appmaq.com.br/appmaq-media/manuals/0198f28e-f044-706b-b36c-8a99284c1426/019e6ac7-cf0c-7e7a-99a7-83bad4d29266.pdf"
"1854","Trator Agrícola","NEW HOLLAND","T4.75S","FICHA TECNICA DOS TRATORES NEW HOLLAND T4S","-","true","https://cdn.appmaq.com.br/appmaq-media/manuals/0198f28e-f044-706b-b36c-8a99284c1426/019e6ac7-cf1a-7742-b680-1796620c0508.pdf"
"1855","Trator Agrícola","NEW HOLLAND","T4.75S","FOLHETO DOS TRATORES NEW HOLLAND T4S EM INGLES","-","true","https://cdn.appmaq.com.br/appmaq-media/manuals/0198f28e-f044-706b-b36c-8a99284c1426/019e6ac7-d01a-7180-aa42-585f1f54e9eb.pdf"
"1856","Trator Agrícola","NEW HOLLAND","T4.75S","INSTRUÇÕES DE LUBRIFICAÇÃO PARA TRATORES NEW HOLLAND","-","true","https://cdn.appmaq.com.br/appmaq-media/manuals/0198f28e-f044-706b-b36c-8a99284c1426/019e6ac7-d0aa-7fe1-bffd-3579d2b85965.pdf"
"1857","Trator Agrícola","NEW HOLLAND","T4.75S","LUZES DO PAINEL DOS TRATORES NEW HOLLAND","-","true","https://cdn.appmaq.com.br/appmaq-media/manuals/0198f28e-f044-706b-b36c-8a99284c1426/019e6ac7-d10a-7c2e-84b1-791a1b031744.pdf"
"1858","Trator Agrícola","NEW HOLLAND","T4.75S","SISTEMA DE DIREÇÃO DOS TRATORES NEW HOLLAND - TT-TL-TT4-T4-T3-T5S-S30-T6","-","true","https://cdn.appmaq.com.br/appmaq-media/manuals/0198f28e-f044-706b-b36c-8a99284c1426/019e6ac7-d589-7151-93f8-95640be0ccb8.pdf"
"1859","Trator Agrícola","NEW HOLLAND","T4.85F","CATALOGO DE PEÇAS E FILTROS PARA OS TRATORES NEW HOLLAND","-","true","https://cdn.appmaq.com.br/appmaq-media/manuals/0198f292-977b-707f-b0e9-60fc6c275009/019e6ac8-4971-753f-8992-9b4807cb8cdd.pdf"
"1860","Trator Agrícola","NEW HOLLAND","T4.85F","ESPECIFICAÇÕES DO TRATOR AGRICOLA NEW HOLLAND T4.75N E T4.85 F","-","true","https://cdn.appmaq.com.br/appmaq-media/manuals/0198f292-977b-707f-b0e9-60fc6c275009/019e6ac8-498c-7372-8910-d200f4a86024.pdf"
"1861","Trator Agrícola","NEW HOLLAND","T4.85F","INSTRUÇÕES DE LUBRIFICAÇÃO PARA TRATORES NEW HOLLAND","-","true","https://cdn.appmaq.com.br/appmaq-media/manuals/0198f292-977b-707f-b0e9-60fc6c275009/019e6ac8-49b8-78db-9b53-803aa511622a.pdf"
"1862","Trator Agrícola","NEW HOLLAND","T4.85F","LUZES DO PAINEL DOS TRATORES NEW HOLLAND","-","true","https://cdn.appmaq.com.br/appmaq-media/manuals/0198f292-977b-707f-b0e9-60fc6c275009/019e6ac8-49f2-74a2-9ce8-046bf2e5994a.pdf"
"1863","Trator Agrícola","NEW HOLLAND","T4.85F","MANUAL DO OPERADOR TRATORES NEW HOLLAND T3F","-","true","https://cdn.appmaq.com.br/appmaq-media/manuals/0198f292-977b-707f-b0e9-60fc6c275009/019e6ac8-4a64-76d0-9a27-3a304879a98e.pdf"
"1864","Trator Agrícola","NEW HOLLAND","T4.85F","SISTEMA DE DIREÇÃO DOS TRATORES NEW HOLLAND - TT-TL-TT4-T4-T3-T5S-S30-T6","-","true","https://cdn.appmaq.com.br/appmaq-media/manuals/0198f292-977b-707f-b0e9-60fc6c275009/019e6ac8-4b0a-7c69-9939-0169b2859369.pdf"
"1865","Trator Agrícola","NEW HOLLAND","T5.100","CATALOGO DE PEÇAS E FILTROS PARA OS TRATORES NEW HOLLAND","-","true","https://cdn.appmaq.com.br/appmaq-media/manuals/0198f295-836b-77c2-98db-b20ca0bf0dd0/019e6ac8-9617-755d-8d4b-45d2f924a276.pdf"
"1866","Trator Agrícola","NEW HOLLAND","T5.100","ESPECIFICAÇÕES DO TRATOR AGRICOLA NEW HOLLAND T5","-","true","https://cdn.appmaq.com.br/appmaq-media/manuals/0198f295-836b-77c2-98db-b20ca0bf0dd0/019e6ac8-963f-721d-b939-e1f1ec82b3bf.pdf"
"1867","Trator Agrícola","NEW HOLLAND","T5.100","FICHA TECNICA DOS TRATORES AGRICOLA NEW HOLLAND T5","-","true","https://cdn.appmaq.com.br/appmaq-media/manuals/0198f295-836b-77c2-98db-b20ca0bf0dd0/019e6ac8-96c7-748b-bb90-eec65fe45b35.pdf"
"1868","Trator Agrícola","NEW HOLLAND","T5.100","INSTRUÇÕES DE LUBRIFICAÇÃO PARA TRATORES NEW HOLLAND","-","true","https://cdn.appmaq.com.br/appmaq-media/manuals/0198f295-836b-77c2-98db-b20ca0bf0dd0/019e6ac8-9771-76f0-b0df-1e3d1be9512a.pdf"
"1869","Trator Agrícola","NEW HOLLAND","T5.100","LUZES DO PAINEL DOS TRATORES NEW HOLLAND","-","true","https://cdn.appmaq.com.br/appmaq-media/manuals/0198f295-836b-77c2-98db-b20ca0bf0dd0/019e6ac8-97a4-77de-b610-40e8c93a4875.pdf"
"1870","Trator Agrícola","NEW HOLLAND","T5.110","CATALOGO DE PEÇAS E FILTROS PARA OS TRATORES NEW HOLLAND","-","true","https://cdn.appmaq.com.br/appmaq-media/manuals/0198f637-326e-7738-aa70-a4211c312705/019e6ac9-2d15-7436-92b8-b81db0eb86bd.pdf"
"1871","Trator Agrícola","NEW HOLLAND","T5.110","INSTRUÇÕES DE LUBRIFICAÇÃO PARA TRATORES NEW HOLLAND","-","true","https://cdn.appmaq.com.br/appmaq-media/manuals/0198f637-326e-7738-aa70-a4211c312705/019e6ac9-2d2a-72e5-b2c5-30e19f825765.pdf"
"1872","Trator Agrícola","NEW HOLLAND","T5.110","LUZES DO PAINEL DOS TRATORES NEW HOLLAND","-","true","https://cdn.appmaq.com.br/appmaq-media/manuals/0198f637-326e-7738-aa70-a4211c312705/019e6ac9-2d71-7a63-9c0b-07084cc114e2.pdf"
"1873","Trator Agrícola","NEW HOLLAND","T6010","MANUAL DE MANUTENÇÃO TRATOR - NEW HOLLAND - T6010 - T6020 - T6030 - T6040 - T6050 - T6060 - T6070 -","-","true","https://cdn.appmaq.com.br/appmaq-media/manuals/019ed683-d5f3-76e2-b5bf-4103a506a6e8/019ed686-6872-7903-aeb1-ad6b32c87392.pdf"
"1874","Trator Agrícola","NEW HOLLAND","T6020","MANUAL DE MANUTENÇÃO TRATOR - NEW HOLLAND - T6010 - T6020 - T6030 - T6040 - T6050 - T6060 - T6070 -","-","true","https://cdn.appmaq.com.br/appmaq-media/manuals/019ed684-18b1-7fef-b04c-39171d5836ff/019ed686-be4a-7b19-9b4c-23df63e539bd.pdf"
"1875","Trator Agrícola","NEW HOLLAND","T6030","MANUAL DE MANUTENÇÃO TRATOR - NEW HOLLAND - T6010 - T6020 - T6030 - T6040 - T6050 - T6060 - T6070 -","-","true","https://cdn.appmaq.com.br/appmaq-media/manuals/019ed684-64db-795b-902d-f9f71191736c/019ed687-13ed-7d76-8546-9cf8541b3fed.pdf"
"1876","Trator Agrícola","NEW HOLLAND","T6040","MANUAL DE MANUTENÇÃO TRATOR - NEW HOLLAND - T6010 - T6020 - T6030 - T6040 - T6050 - T6060 - T6070 -","-","true","https://cdn.appmaq.com.br/appmaq-media/manuals/019ed684-9d6d-7992-b7bb-0b799e6fb658/019ed687-6cf9-7944-9f51-185630570983.pdf"
"1877","Trator Agrícola","NEW HOLLAND","T6050","MANUAL DE MANUTENÇÃO TRATOR - NEW HOLLAND - T6010 - T6020 - T6030 - T6040 - T6050 - T6060 - T6070 -","-","true","https://cdn.appmaq.com.br/appmaq-media/manuals/019ed684-dc5c-7bc3-b42e-d1c07794508b/019ed687-c130-745d-abf7-f8d253bedb13.pdf"
"1878","Trator Agrícola","NEW HOLLAND","T6060","MANUAL DE MANUTENÇÃO TRATOR - NEW HOLLAND - T6010 - T6020 - T6030 - T6040 - T6050 - T6060 - T6070 -","-","true","https://cdn.appmaq.com.br/appmaq-media/manuals/019ed685-135e-7e37-93dc-b0e9281bbe91/019ed688-1951-7a73-8291-1e997a0840e0.pdf"
"1879","Trator Agrícola","NEW HOLLAND","T6070","MANUAL DE MANUTENÇÃO TRATOR - NEW HOLLAND - T6010 - T6020 - T6030 - T6040 - T6050 - T6060 - T6070 -","-","true","https://cdn.appmaq.com.br/appmaq-media/manuals/019ed685-4cb8-700d-8c0a-bff5c96e641c/019ed688-9f67-7d2d-a1d5-ee0e4e7aba88.pdf"
"1880","Trator Agrícola","NEW HOLLAND","T6.110","CATALOGO DE PEÇAS E FILTROS PARA OS TRATORES NEW HOLLAND","-","true","https://cdn.appmaq.com.br/appmaq-media/manuals/01957100-b0df-7f5a-9df9-e2643c20bdd0/019e6ac9-a79b-7a0a-9d38-f708019ad4b6.pdf"
"1881","Trator Agrícola","NEW HOLLAND","T6.110","FICHA TÉCNICA DO TRATOR NEW HOLLAND T6","-","true","https://cdn.appmaq.com.br/appmaq-media/manuals/01957100-b0df-7f5a-9df9-e2643c20bdd0/019e6ac9-a7a5-7eb0-ba3c-38f8c2bf56e2.pdf"
"1882","Trator Agrícola","NEW HOLLAND","T6.110","FOLHETO DOS TRATORES NEW HOLLAND T6","-","true","https://cdn.appmaq.com.br/appmaq-media/manuals/01957100-b0df-7f5a-9df9-e2643c20bdd0/019e6ac9-a7f3-758c-971d-c0e93603b5bd.pdf"
"1883","Trator Agrícola","NEW HOLLAND","T6.110","INSTRUÇÕES DE LUBRIFICAÇÃO PARA TRATORES NEW HOLLAND","-","true","https://cdn.appmaq.com.br/appmaq-media/manuals/01957100-b0df-7f5a-9df9-e2643c20bdd0/019e6ac9-a920-78a7-8ea6-d98d1e575813.pdf"
"1884","Trator Agrícola","NEW HOLLAND","T6.110","LUZES DO PAINEL DOS TRATORES NEW HOLLAND","-","true","https://cdn.appmaq.com.br/appmaq-media/manuals/01957100-b0df-7f5a-9df9-e2643c20bdd0/019e6ac9-a933-72df-978c-2c9eb70d6fc1.pdf"
"1885","Trator Agrícola","NEW HOLLAND","T6.110","MANUAL DE DESPIECE NEW HOLLAND T6.110","-","true","https://cdn.appmaq.com.br/appmaq-media/manuals/01957100-b0df-7f5a-9df9-e2643c20bdd0/019e6ac9-a996-7569-9808-8bee9131152c.pdf"
"1886","Trator Agrícola","NEW HOLLAND","T6.110","MANUAL DE SERVIÇO DOS TRATORES NEW HOLLAND T6.110 T6.120 T6.130","-","true","https://cdn.appmaq.com.br/appmaq-media/manuals/01957100-b0df-7f5a-9df9-e2643c20bdd0/019e6ac9-a9d5-7964-b347-a02078757143.pdf"
"1887","Trator Agrícola","NEW HOLLAND","T6.110","MANUAL DO OPERADOR TRATORES NEW HOLLAND MODELO T6 EM INGLES","-","true","https://cdn.appmaq.com.br/appmaq-media/manuals/01957100-b0df-7f5a-9df9-e2643c20bdd0/019e6ac9-aa2b-76d2-95f1-a3a79652f6ba.pdf"
"1888","Trator Agrícola","NEW HOLLAND","T6.110","PLANO DE MANUTENÇÃO DO TRATOR NEW HOLLAND T6.110","-","true","https://cdn.appmaq.com.br/appmaq-media/manuals/01957100-b0df-7f5a-9df9-e2643c20bdd0/019e6ac9-aa6f-7845-9fce-7779973f4671.pdf"
"1889","Trator Agrícola","NEW HOLLAND","T6.110","SISTEMA DE DIREÇÃO DOS TRATORES NEW HOLLAND - TT-TL-TT4-T4-T3-T5S-S30-T6","-","true","https://cdn.appmaq.com.br/appmaq-media/manuals/01957100-b0df-7f5a-9df9-e2643c20bdd0/019e6ac9-ab78-710f-9ccc-667ab4433dea.pdf"
"1890","Trator Agrícola","NEW HOLLAND","T6.110","VÁLVULAS REMOTAS PARA SISTEMAS HIDRÁULICOS DOS TRATORES NEW HOLLAND T6 E T5S","-","true","https://cdn.appmaq.com.br/appmaq-media/manuals/01957100-b0df-7f5a-9df9-e2643c20bdd0/019e6ac9-ac07-7ae9-92fa-a61023589799.pdf"
"1891","Trator Agrícola","NEW HOLLAND","T6.120","CATALOGO DE PEÇAS E FILTROS PARA OS TRATORES NEW HOLLAND","-","true","https://cdn.appmaq.com.br/appmaq-media/manuals/01957100-b0df-715d-a6e3-9ac777e801e8/019e6aca-2360-78d6-90be-a0de91b76e18.pdf"
"1892","Trator Agrícola","NEW HOLLAND","T6.120","FICHA TÉCNICA DO TRATOR NEW HOLLAND T6","-","true","https://cdn.appmaq.com.br/appmaq-media/manuals/01957100-b0df-715d-a6e3-9ac777e801e8/019e6aca-2369-760b-a912-7a5c5d581ecb.pdf"
"1893","Trator Agrícola","NEW HOLLAND","T6.120","FOLHETO DOS TRATORES NEW HOLLAND T6","-","true","https://cdn.appmaq.com.br/appmaq-media/manuals/01957100-b0df-715d-a6e3-9ac777e801e8/019e6aca-23b1-7ffe-886f-c53081106ca6.pdf"
"1894","Trator Agrícola","NEW HOLLAND","T6.120","INSTRUÇÕES DE LUBRIFICAÇÃO PARA TRATORES NEW HOLLAND","-","true","https://cdn.appmaq.com.br/appmaq-media/manuals/01957100-b0df-715d-a6e3-9ac777e801e8/019e6aca-24a4-7b2c-ac9c-d2b835de413a.pdf"
"1895","Trator Agrícola","NEW HOLLAND","T6.120","LUZES DO PAINEL DOS TRATORES NEW HOLLAND","-","true","https://cdn.appmaq.com.br/appmaq-media/manuals/01957100-b0df-715d-a6e3-9ac777e801e8/019e6aca-25f4-7940-b0f4-f83534a13562.pdf"
"1896","Trator Agrícola","NEW HOLLAND","T6.120","MANUAL DE SERVIÇO DOS TRATORES NEW HOLLAND T6.110 T6.120 T6.130","-","true","https://cdn.appmaq.com.br/appmaq-media/manuals/01957100-b0df-715d-a6e3-9ac777e801e8/019e6aca-2626-7224-895c-ddaf35cc19cb.pdf"
"1897","Trator Agrícola","NEW HOLLAND","T6.120","MANUAL DO OPERADOR TRATORES NEW HOLLAND MODELO T6 EM INGLES","-","true","https://cdn.appmaq.com.br/appmaq-media/manuals/01957100-b0df-715d-a6e3-9ac777e801e8/019e6aca-2669-73c0-8b68-b79b8385f84e.pdf"
"1898","Trator Agrícola","NEW HOLLAND","T6.120","SISTEMA DE DIREÇÃO DOS TRATORES NEW HOLLAND - TT-TL-TT4-T4-T3-T5S-S30-T6","-","true","https://cdn.appmaq.com.br/appmaq-media/manuals/01957100-b0df-715d-a6e3-9ac777e801e8/019e6aca-26d0-7752-bb3c-43c3038421a6.pdf"
"1899","Trator Agrícola","NEW HOLLAND","T6.120","VÁLVULAS REMOTAS PARA SISTEMAS HIDRÁULICOS DOS TRATORES NEW HOLLAND T6 E T5S","-","true","https://cdn.appmaq.com.br/appmaq-media/manuals/01957100-b0df-715d-a6e3-9ac777e801e8/019e6aca-276c-7e68-96da-1cbc6d7f01e1.pdf"
"1900","Trator Agrícola","NEW HOLLAND","T6.130","CATALOGO DE PEÇAS E FILTROS PARA OS TRATORES NEW HOLLAND","-","true","https://cdn.appmaq.com.br/appmaq-media/manuals/01957100-b0df-7db2-8724-d9e33b3eda80/019e6aca-d1e0-711d-b023-9abc5d6bc63d.pdf"
"1901","Trator Agrícola","NEW HOLLAND","T6.130","FICHA TÉCNICA DO TRATOR NEW HOLLAND T6","-","true","https://cdn.appmaq.com.br/appmaq-media/manuals/01957100-b0df-7db2-8724-d9e33b3eda80/019e6aca-d1ea-740d-bf06-a1f065b00a4b.pdf"
"1902","Trator Agrícola","NEW HOLLAND","T6.130","FOLHETO DOS TRATORES NEW HOLLAND T6","-","true","https://cdn.appmaq.com.br/appmaq-media/manuals/01957100-b0df-7db2-8724-d9e33b3eda80/019e6aca-d22f-729d-8b7d-d541beb29956.pdf"
"1903","Trator Agrícola","NEW HOLLAND","T6.130","INSTRUÇÕES DE LUBRIFICAÇÃO PARA TRATORES NEW HOLLAND","-","true","https://cdn.appmaq.com.br/appmaq-media/manuals/01957100-b0df-7db2-8724-d9e33b3eda80/019e6aca-d371-7732-bebb-c53f78e55024.pdf"
"1904","Trator Agrícola","NEW HOLLAND","T6.130","LUZES DO PAINEL DOS TRATORES NEW HOLLAND","-","true","https://cdn.appmaq.com.br/appmaq-media/manuals/01957100-b0df-7db2-8724-d9e33b3eda80/019e6aca-d491-7e5a-8f4d-a90a4f5e67eb.pdf"
"1905","Trator Agrícola","NEW HOLLAND","T6.130","MANUAL DE SERVIÇO DOS TRATORES NEW HOLLAND T6.110 T6.120 T6.130","-","true","https://cdn.appmaq.com.br/appmaq-media/manuals/01957100-b0df-7db2-8724-d9e33b3eda80/019e6aca-d4da-7c49-abd8-8dc7c764532c.pdf"
"1906","Trator Agrícola","NEW HOLLAND","T6.130","MANUAL DO OPERADOR TRATORES NEW HOLLAND MODELO T6 EM INGLES","-","true","https://cdn.appmaq.com.br/appmaq-media/manuals/01957100-b0df-7db2-8724-d9e33b3eda80/019e6aca-d559-7361-871a-316901d33037.pdf"
"1907","Trator Agrícola","NEW HOLLAND","T6.130","SISTEMA DE DIREÇÃO DOS TRATORES NEW HOLLAND - TT-TL-TT4-T4-T3-T5S-S30-T6","-","true","https://cdn.appmaq.com.br/appmaq-media/manuals/01957100-b0df-7db2-8724-d9e33b3eda80/019e6aca-d5a3-79a7-b324-5a1d283af5ce.pdf"
"1908","Trator Agrícola","NEW HOLLAND","T6.130","VÁLVULAS REMOTAS PARA SISTEMAS HIDRÁULICOS DOS TRATORES NEW HOLLAND T6 E T5S","-","true","https://cdn.appmaq.com.br/appmaq-media/manuals/01957100-b0df-7db2-8724-d9e33b3eda80/019e6aca-d64b-7d99-a441-666787443eb8.pdf"
"1909","Trator Agrícola","NEW HOLLAND","T6.140 ELETROCOMAND","CATALOGO DE PEÇAS E FILTROS PARA OS TRATORES NEW HOLLAND","-","true","https://cdn.appmaq.com.br/appmaq-media/manuals/0198f299-af68-731c-8805-34f33de1d6f5/019e6acb-4c1c-7971-a8fd-7a817d4594c6.pdf"
"1910","Trator Agrícola","NEW HOLLAND","T6.140 ELETROCOMAND","FICHA TÉCNICA DO TRATOR NEW HOLLAND T6","-","true","https://cdn.appmaq.com.br/appmaq-media/manuals/0198f299-af68-731c-8805-34f33de1d6f5/019e6acb-4c26-7f04-bd90-492bef46ecff.pdf"
"1911","Trator Agrícola","NEW HOLLAND","T6.140 ELETROCOMAND","FOLHETO DOS TRATORES NEW HOLLAND T6","-","true","https://cdn.appmaq.com.br/appmaq-media/manuals/0198f299-af68-731c-8805-34f33de1d6f5/019e6acb-4c60-7cda-9af7-ac881ec255ff.pdf"
"1912","Trator Agrícola","NEW HOLLAND","T6.140 ELETROCOMAND","INSTRUÇÕES DE LUBRIFICAÇÃO PARA TRATORES NEW HOLLAND","-","true","https://cdn.appmaq.com.br/appmaq-media/manuals/0198f299-af68-731c-8805-34f33de1d6f5/019e6acb-4dbd-7422-85e4-ac9c9c1d9555.pdf"
"1913","Trator Agrícola","NEW HOLLAND","T6.140 ELETROCOMAND","LUZES DO PAINEL DOS TRATORES NEW HOLLAND","-","true","https://cdn.appmaq.com.br/appmaq-media/manuals/0198f299-af68-731c-8805-34f33de1d6f5/019e6acb-4dd4-71e5-a082-660817714777.pdf"
"1914","Trator Agrícola","NEW HOLLAND","T6.140 ELETROCOMAND","MANUAL DO OPERADOR TRATORES NEW HOLLAND MODELO T6 EM INGLES","-","true","https://cdn.appmaq.com.br/appmaq-media/manuals/0198f299-af68-731c-8805-34f33de1d6f5/019e6acb-4e4a-70a0-ba02-2f7f3c75400b.pdf"
"1915","Trator Agrícola","NEW HOLLAND","T6.140 ELETROCOMAND","SISTEMA DE DIREÇÃO DOS TRATORES NEW HOLLAND - TT-TL-TT4-T4-T3-T5S-S30-T6","-","true","https://cdn.appmaq.com.br/appmaq-media/manuals/0198f299-af68-731c-8805-34f33de1d6f5/019e6acb-4e88-7762-9e47-726fae5ed490.pdf"
"1916","Trator Agrícola","NEW HOLLAND","T6.140 ELETROCOMAND","VÁLVULAS REMOTAS PARA SISTEMAS HIDRÁULICOS DOS TRATORES NEW HOLLAND T6 E T5S","-","true","https://cdn.appmaq.com.br/appmaq-media/manuals/0198f299-af68-731c-8805-34f33de1d6f5/019e6acb-4fd6-71d5-ad56-26dbd475d405.pdf"
"1917","Trator Agrícola","NEW HOLLAND","T6.180","CATALOGO DE PEÇAS E FILTROS PARA OS TRATORES NEW HOLLAND","-","true","https://cdn.appmaq.com.br/appmaq-media/manuals/0198f2a0-25eb-720c-8cce-61b99721a3e5/019e6ae1-ce0e-7e19-a4cd-90e6a5df2932.pdf"
"1918","Trator Agrícola","NEW HOLLAND","T6.180","ESPECIFICAÇÕES DO TRATOR NEW HOLLAND T6.180","-","true","https://cdn.appmaq.com.br/appmaq-media/manuals/0198f2a0-25eb-720c-8cce-61b99721a3e5/019e6ae1-ce19-7c93-965e-5287dc746e49.pdf"
"1919","Trator Agrícola","NEW HOLLAND","T6.180","FICHA TÉCNICA DO TRATOR NEW HOLLAND T6","-","true","https://cdn.appmaq.com.br/appmaq-media/manuals/0198f2a0-25eb-720c-8cce-61b99721a3e5/019e6ae1-ce63-79e6-b18d-85bc932a722a.pdf"
"1920","Trator Agrícola","NEW HOLLAND","T6.180","FOLHETO DOS TRATORES NEW HOLLAND T6","-","true","https://cdn.appmaq.com.br/appmaq-media/manuals/0198f2a0-25eb-720c-8cce-61b99721a3e5/019e6ae1-ceac-7b68-b7bb-dc40c4599dac.pdf"
"1921","Trator Agrícola","NEW HOLLAND","T6.180","INSTRUÇÕES DE LUBRIFICAÇÃO PARA TRATORES NEW HOLLAND","-","true","https://cdn.appmaq.com.br/appmaq-media/manuals/0198f2a0-25eb-720c-8cce-61b99721a3e5/019e6ae1-cff0-7e53-9b81-ee7af7c507dd.pdf"
"1922","Trator Agrícola","NEW HOLLAND","T6.180","LUZES DO PAINEL DOS TRATORES NEW HOLLAND","-","true","https://cdn.appmaq.com.br/appmaq-media/manuals/0198f2a0-25eb-720c-8cce-61b99721a3e5/019e6ae1-d009-766d-b339-fa9cae38d4ba.pdf"
"1923","Trator Agrícola","NEW HOLLAND","T6.180","MANUAL DO OPERADOR TRATORES NEW HOLLAND MODELO T6 EM INGLES","-","true","https://cdn.appmaq.com.br/appmaq-media/manuals/0198f2a0-25eb-720c-8cce-61b99721a3e5/019e6ae1-d070-7417-94d7-779438a70839.pdf"
"1924","Trator Agrícola","NEW HOLLAND","T6.180","SISTEMA DE DIREÇÃO DOS TRATORES NEW HOLLAND - TT-TL-TT4-T4-T3-T5S-S30-T6","-","true","https://cdn.appmaq.com.br/appmaq-media/manuals/0198f2a0-25eb-720c-8cce-61b99721a3e5/019e6ae1-d16f-7fe6-894e-1016f459089e.pdf"
"1925","Trator Agrícola","NEW HOLLAND","T6.180","VÁLVULAS REMOTAS PARA SISTEMAS HIDRÁULICOS DOS TRATORES NEW HOLLAND T6 E T5S","-","true","https://cdn.appmaq.com.br/appmaq-media/manuals/0198f2a0-25eb-720c-8cce-61b99721a3e5/019e6ae1-d1e6-7e47-ad45-f1991fa2959e.pdf"
"1926","Trator Agrícola","NEW HOLLAND","T7030","CATÁLOGO DE PEÇAS DO TRATOR NEW HOLLAND T3-T8, TD, TL, E TV TRACTOR SERIES EM INGLES","-","true","https://cdn.appmaq.com.br/appmaq-media/manuals/019e8402-bae4-74f5-8c41-7594d734a927/019e846d-0600-7ed0-b26e-5a1164b3cc12.pdf"
"1927","Trator Agrícola","NEW HOLLAND","T7030","CATALOGO DE PEÇAS E FILTROS PARA OS TRATORES NEW HOLLAND","-","true","https://cdn.appmaq.com.br/appmaq-media/manuals/019e8402-bae4-74f5-8c41-7594d734a927/019e846d-0664-7eb3-84c8-d179bb70448d.pdf"
"1928","Trator Agrícola","NEW HOLLAND","T7030","INSTRUÇÕES DE LUBRIFICAÇÃO PARA TRATORES NEW HOLLAND","-","true","https://cdn.appmaq.com.br/appmaq-media/manuals/019e8402-bae4-74f5-8c41-7594d734a927/019e846d-06fe-7f6c-9e51-bdb8923a9642.pdf"
"1929","Trator Agrícola","NEW HOLLAND","T7030","LUZES DO PAINEL DOS TRATORES NEW HOLLAND","-","true","https://cdn.appmaq.com.br/appmaq-media/manuals/019e8402-bae4-74f5-8c41-7594d734a927/019e846d-0743-7a65-af3d-a722be65bbc3.pdf"
"1930","Trator Agrícola","NEW HOLLAND","T7030","MANUAL DE REPARAÇÕES TRATOR NEW HOLLAND - TM 7010 -7020 -7030 - 7040 -","-","true","https://cdn.appmaq.com.br/appmaq-media/manuals/019e8402-bae4-74f5-8c41-7594d734a927/019f0459-f2be-72f2-b12c-c6b60c6da7cd.pdf"
"1931","Trator Agrícola","NEW HOLLAND","T7030","MANUAL DO OPERADOR DO NEW HOLLAND T7030 T7040 T7050 T7060","-","true","https://cdn.appmaq.com.br/appmaq-media/manuals/019e8402-bae4-74f5-8c41-7594d734a927/019e846d-0784-7219-8b4b-8f34d09e8be8.pdf"
"1932","Trator Agrícola","NEW HOLLAND","T7040","CATÁLOGO DE PEÇAS DO TRATOR NEW HOLLAND T3-T8, TD, TL, E TV TRACTOR SERIES EM INGLES","-","true","https://cdn.appmaq.com.br/appmaq-media/manuals/0196f443-bfa3-7797-b148-dc5b683fe381/019e846d-7bf3-70d7-a199-eb86c2012035.pdf"
"1933","Trator Agrícola","NEW HOLLAND","T7040","CATALOGO DE PEÇAS E FILTROS PARA OS TRATORES NEW HOLLAND","-","true","https://cdn.appmaq.com.br/appmaq-media/manuals/0196f443-bfa3-7797-b148-dc5b683fe381/019e846d-7c51-7317-9036-fe9f5b16083c.pdf"
"1934","Trator Agrícola","NEW HOLLAND","T7040","INSTRUÇÕES DE LUBRIFICAÇÃO PARA TRATORES NEW HOLLAND","-","true","https://cdn.appmaq.com.br/appmaq-media/manuals/0196f443-bfa3-7797-b148-dc5b683fe381/019e846d-7c7a-73dd-99e8-83a9c2af9c5d.pdf"
"1935","Trator Agrícola","NEW HOLLAND","T7040","LUZES DO PAINEL DOS TRATORES NEW HOLLAND","-","true","https://cdn.appmaq.com.br/appmaq-media/manuals/0196f443-bfa3-7797-b148-dc5b683fe381/019e846d-7ce8-743e-8f4c-08e35965dcba.pdf"
"1936","Trator Agrícola","NEW HOLLAND","T7040","MANUAL DO OPERADOR DO NEW HOLLAND T7030 T7040 T7050 T7060","-","true","https://cdn.appmaq.com.br/appmaq-media/manuals/0196f443-bfa3-7797-b148-dc5b683fe381/019e846d-7d28-7ff3-bb77-718f080af5d5.pdf"
"1937","Trator Agrícola","NEW HOLLAND","T7050","CATÁLOGO DE PEÇAS DO TRATOR NEW HOLLAND T3-T8, TD, TL, E TV TRACTOR SERIES EM INGLES","-","true","https://cdn.appmaq.com.br/appmaq-media/manuals/019e8402-5d60-7be4-851a-badb1aaf6a08/019e846e-1ddd-7203-bb44-bf3e3c5dccbc.pdf"
"1938","Trator Agrícola","NEW HOLLAND","T7050","CATALOGO DE PEÇAS E FILTROS PARA OS TRATORES NEW HOLLAND","-","true","https://cdn.appmaq.com.br/appmaq-media/manuals/019e8402-5d60-7be4-851a-badb1aaf6a08/019e846e-1e3c-7309-87b2-adb43d09c425.pdf"
"1939","Trator Agrícola","NEW HOLLAND","T7050","INSTRUÇÕES DE LUBRIFICAÇÃO PARA TRATORES NEW HOLLAND","-","true","https://cdn.appmaq.com.br/appmaq-media/manuals/019e8402-5d60-7be4-851a-badb1aaf6a08/019e846e-1eb6-772b-b81e-ba0973e5e065.pdf"
"1940","Trator Agrícola","NEW HOLLAND","T7050","LUZES DO PAINEL DOS TRATORES NEW HOLLAND","-","true","https://cdn.appmaq.com.br/appmaq-media/manuals/019e8402-5d60-7be4-851a-badb1aaf6a08/019e846e-1efa-7b32-aa2c-07437593f49a.pdf"
"1941","Trator Agrícola","NEW HOLLAND","T7050","MANUAL DO OPERADOR DO NEW HOLLAND T7030 T7040 T7050 T7060","-","true","https://cdn.appmaq.com.br/appmaq-media/manuals/019e8402-5d60-7be4-851a-badb1aaf6a08/019e846e-1f3a-76b5-b996-aa3ab975ff8f.pdf"
"1942","Trator Agrícola","NEW HOLLAND","T7060","CATÁLOGO DE PEÇAS DO TRATOR NEW HOLLAND T3-T8, TD, TL, E TV TRACTOR SERIES EM INGLES","-","true","https://cdn.appmaq.com.br/appmaq-media/manuals/01957100-b0df-7ed8-9b9d-7755991d3ba5/019e8477-a39d-77b7-9a43-f64790698138.pdf"
"1943","Trator Agrícola","NEW HOLLAND","T7060","CATALOGO DE PEÇAS E FILTROS PARA OS TRATORES NEW HOLLAND","-","true","https://cdn.appmaq.com.br/appmaq-media/manuals/01957100-b0df-7ed8-9b9d-7755991d3ba5/019e8477-a40b-72d3-b54c-0100af7a4568.pdf"
"1944","Trator Agrícola","NEW HOLLAND","T7060","INSTRUÇÕES DE LUBRIFICAÇÃO PARA TRATORES NEW HOLLAND","-","true","https://cdn.appmaq.com.br/appmaq-media/manuals/01957100-b0df-7ed8-9b9d-7755991d3ba5/019e8477-a486-7b60-b548-e624bb72dc76.pdf"
"1945","Trator Agrícola","NEW HOLLAND","T7060","LUZES DO PAINEL DOS TRATORES NEW HOLLAND","-","true","https://cdn.appmaq.com.br/appmaq-media/manuals/01957100-b0df-7ed8-9b9d-7755991d3ba5/019e8477-a496-71a7-97be-e91b2024c460.pdf"
"1946","Trator Agrícola","NEW HOLLAND","T7060","MANUAL DO OPERADOR DO NEW HOLLAND T7030 T7040 T7050 T7060","-","true","https://cdn.appmaq.com.br/appmaq-media/manuals/01957100-b0df-7ed8-9b9d-7755991d3ba5/019e8477-a4ed-7930-bca8-6602ee53dae4.pdf"
"1947","Trator Agrícola","NEW HOLLAND","T7.140","MANUAL DO OPERADOR TRATOR - NEW HOLLAND -T7.140 - T7.150 - T7.165 - T7.175 - T7.180 - T7.190 - T7.195 - T7.205 -","-","true","https://cdn.appmaq.com.br/appmaq-media/manuals/019e92b0-7f9f-7722-b840-2df588f23a6f/019e92b3-310e-7336-8ba8-a19124b0a3d4.pdf"
"1948","Trator Agrícola","NEW HOLLAND","T7.150","MANUAL DO OPERADOR TRATOR - NEW HOLLAND -T7.140 - T7.150 - T7.165 - T7.175 - T7.180 - T7.190 - T7.195 - T7.205 -","-","true","https://cdn.appmaq.com.br/appmaq-media/manuals/019e92b0-f330-72f7-8d18-c1d8fc1893d8/019e92b3-c2e0-77c2-bc10-f3a6ee083c0a.pdf"
"1949","Trator Agrícola","NEW HOLLAND","T7.165","MANUAL DO OPERADOR TRATOR - NEW HOLLAND -T7.140 - T7.150 - T7.165 - T7.175 - T7.180 - T7.190 - T7.195 - T7.205 -","-","true","https://cdn.appmaq.com.br/appmaq-media/manuals/019e92b1-73d2-7fa0-86fc-7c3523ea4a5b/019e92b4-54b2-70c7-9725-b0fd3a33d44d.pdf"
"1950","Trator Agrícola","NEW HOLLAND","T7.175","CATÁLOGO DE PEÇAS DO TRATOR NEW HOLLAND T3-T8, TD, TL, E TV TRACTOR SERIES EM INGLES","-","true","https://cdn.appmaq.com.br/appmaq-media/manuals/01957100-b0df-7206-8db6-06bdda15ca6f/019e8478-83fd-7551-9153-15bd1dc35092.pdf"
"1951","Trator Agrícola","NEW HOLLAND","T7.175","CATALOGO DE PEÇAS E FILTROS PARA OS TRATORES NEW HOLLAND","-","true","https://cdn.appmaq.com.br/appmaq-media/manuals/01957100-b0df-7206-8db6-06bdda15ca6f/019e8478-845f-7e6f-b851-60c6b3c55bdb.pdf"
"1952","Trator Agrícola","NEW HOLLAND","T7.175","CATÁLOGO DE PEÇAS TRATOR NEW HOLLAND T7","-","true","https://cdn.appmaq.com.br/appmaq-media/manuals/01957100-b0df-7206-8db6-06bdda15ca6f/019e8478-8481-7f6a-a9b9-7fc164e3db87.pdf"
"1953","Trator Agrícola","NEW HOLLAND","T7.175","FILTROS APRA TRATORES NEW HOLLAND T7","-","true","https://cdn.appmaq.com.br/appmaq-media/manuals/01957100-b0df-7206-8db6-06bdda15ca6f/019e8478-8616-7ec4-ad21-a2a5a4475896.pdf"
"1954","Trator Agrícola","NEW HOLLAND","T7.175","FOLHETO DOS TRATORES NEW HOLLAND T7","-","true","https://cdn.appmaq.com.br/appmaq-media/manuals/01957100-b0df-7206-8db6-06bdda15ca6f/019e8478-864f-7555-9b82-0c2cdb8ce497.pdf"
"1955","Trator Agrícola","NEW HOLLAND","T7.175","INSTRUÇÕES DE LUBRIFICAÇÃO PARA TRATORES NEW HOLLAND","-","true","https://cdn.appmaq.com.br/appmaq-media/manuals/01957100-b0df-7206-8db6-06bdda15ca6f/019e8478-87dd-7a16-8a0c-88c4e2714586.pdf"
"1956","Trator Agrícola","NEW HOLLAND","T7.175","LUZES DO PAINEL DOS TRATORES NEW HOLLAND","-","true","https://cdn.appmaq.com.br/appmaq-media/manuals/01957100-b0df-7206-8db6-06bdda15ca6f/019e8478-87fe-7061-9d23-92277bd32d4a.pdf"
"1957","Trator Agrícola","NEW HOLLAND","T7.175","MANUAL DO OPERADOR TRATORES NEW HOLLAND - MODELO T7","-","true","https://cdn.appmaq.com.br/appmaq-media/manuals/01957100-b0df-7206-8db6-06bdda15ca6f/019e8478-883d-7733-aefb-ff5e67238a33.pdf"
"1958","Trator Agrícola","NEW HOLLAND","T7.175","MANUAL DO OPERADOR TRATOR - NEW HOLLAND -T7.140 - T7.150 - T7.165 - T7.175 - T7.180 - T7.190 - T7.195 - T7.205 -","-","true","https://cdn.appmaq.com.br/appmaq-media/manuals/01957100-b0df-7206-8db6-06bdda15ca6f/019e92b4-dde1-7ff9-99d7-60760f665530.pdf"
"1959","Trator Agrícola","NEW HOLLAND","T7.180","CATÁLOGO DE PEÇAS DO TRATOR NEW HOLLAND T3-T8, TD, TL, E TV TRACTOR SERIES EM INGLES","-","true","https://cdn.appmaq.com.br/appmaq-media/manuals/0195b3ba-39a6-704c-a76e-fd34eb55b819/019e8479-460c-7521-ac52-2d2cbb693bc2.pdf"
"1960","Trator Agrícola","NEW HOLLAND","T7.180","CATALOGO DE PEÇAS E FILTROS PARA OS TRATORES NEW HOLLAND","-","true","https://cdn.appmaq.com.br/appmaq-media/manuals/0195b3ba-39a6-704c-a76e-fd34eb55b819/019e8479-466b-7788-a117-d03c17f52a47.pdf"
"1961","Trator Agrícola","NEW HOLLAND","T7.180","CATÁLOGO DE PEÇAS TRATOR NEW HOLLAND T7","-","true","https://cdn.appmaq.com.br/appmaq-media/manuals/0195b3ba-39a6-704c-a76e-fd34eb55b819/019e8479-4a82-77fd-b5dc-8b900ab78bee.pdf"
"1962","Trator Agrícola","NEW HOLLAND","T7.180","FILTROS APRA TRATORES NEW HOLLAND T7","-","true","https://cdn.appmaq.com.br/appmaq-media/manuals/0195b3ba-39a6-704c-a76e-fd34eb55b819/019e8479-4cb5-7c4e-89e2-4916dc8de4d9.pdf"
"1963","Trator Agrícola","NEW HOLLAND","T7.180","FOLHETO DOS TRATORES NEW HOLLAND T7","-","true","https://cdn.appmaq.com.br/appmaq-media/manuals/0195b3ba-39a6-704c-a76e-fd34eb55b819/019e8479-4d7a-7939-ba9e-83e5eefcdb52.pdf"
"1964","Trator Agrícola","NEW HOLLAND","T7.180","INSTRUÇÕES DE LUBRIFICAÇÃO PARA TRATORES NEW HOLLAND","-","true","https://cdn.appmaq.com.br/appmaq-media/manuals/0195b3ba-39a6-704c-a76e-fd34eb55b819/019e8479-4e5d-7b2c-b1c1-391ed35441c9.pdf"
"1965","Trator Agrícola","NEW HOLLAND","T7.180","LUZES DO PAINEL DOS TRATORES NEW HOLLAND","-","true","https://cdn.appmaq.com.br/appmaq-media/manuals/0195b3ba-39a6-704c-a76e-fd34eb55b819/019e8479-51c6-720d-be49-25bbbd611336.pdf"
"1966","Trator Agrícola","NEW HOLLAND","T7.180","MANUAL DO OPERADOR TRATOR - NEW HOLLAND -T7.140 - T7.150 - T7.165 - T7.175 - T7.180 - T7.190 - T7.195 - T7.205 -","-","true","https://cdn.appmaq.com.br/appmaq-media/manuals/0195b3ba-39a6-704c-a76e-fd34eb55b819/019e92b5-6748-7581-b3c9-041df3564f9d.pdf"
"1967","Trator Agrícola","NEW HOLLAND","T7.190","CATÁLOGO DE PEÇAS DO TRATOR NEW HOLLAND T3-T8, TD, TL, E TV TRACTOR SERIES EM INGLES","-","true","https://cdn.appmaq.com.br/appmaq-media/manuals/01957100-b0df-7642-bdf0-100360333df4/019e847f-ba00-70e8-bafb-f0dfcf1d0ded.pdf"
"1968","Trator Agrícola","NEW HOLLAND","T7.190","CATALOGO DE PEÇAS E FILTROS PARA OS TRATORES NEW HOLLAND","-","true","https://cdn.appmaq.com.br/appmaq-media/manuals/01957100-b0df-7642-bdf0-100360333df4/019e847f-ba64-74c5-b818-11c19087845f.pdf"
"1969","Trator Agrícola","NEW HOLLAND","T7.190","CATÁLOGO DE PEÇAS TRATOR NEW HOLLAND T7","-","true","https://cdn.appmaq.com.br/appmaq-media/manuals/01957100-b0df-7642-bdf0-100360333df4/019e847f-ba79-7fe3-bd18-bbc902782270.pdf"
"1970","Trator Agrícola","NEW HOLLAND","T7.190","FILTROS APRA TRATORES NEW HOLLAND T7","-","true","https://cdn.appmaq.com.br/appmaq-media/manuals/01957100-b0df-7642-bdf0-100360333df4/019e847f-bc13-7bbe-8c1a-3722db9983a1.pdf"
"1971","Trator Agrícola","NEW HOLLAND","T7.190","FOLHETO DOS TRATORES NEW HOLLAND T7","-","true","https://cdn.appmaq.com.br/appmaq-media/manuals/01957100-b0df-7642-bdf0-100360333df4/019e847f-bc76-7bca-80c5-123f1335d81f.pdf"
"1972","Trator Agrícola","NEW HOLLAND","T7.190","INSTRUÇÕES DE LUBRIFICAÇÃO PARA TRATORES NEW HOLLAND","-","true","https://cdn.appmaq.com.br/appmaq-media/manuals/01957100-b0df-7642-bdf0-100360333df4/019e847f-bcd8-7ef1-bb4a-6b2dc9af41bf.pdf"
"1973","Trator Agrícola","NEW HOLLAND","T7.190","LUZES DO PAINEL DOS TRATORES NEW HOLLAND","-","true","https://cdn.appmaq.com.br/appmaq-media/manuals/01957100-b0df-7642-bdf0-100360333df4/019e847f-bd47-7ffb-82ee-50a62660938d.pdf"
"1974","Trator Agrícola","NEW HOLLAND","T7.190","MANUAL DO OPERADOR TRATORES NEW HOLLAND - MODELO T7","-","true","https://cdn.appmaq.com.br/appmaq-media/manuals/01957100-b0df-7642-bdf0-100360333df4/019e847f-bd82-707c-bf75-1bb9e79cdc82.pdf"
"1975","Trator Agrícola","NEW HOLLAND","T7.190","MANUAL DO OPERADOR TRATOR - NEW HOLLAND -T7.140 - T7.150 - T7.165 - T7.175 - T7.180 - T7.190 - T7.195 - T7.205 -","-","true","https://cdn.appmaq.com.br/appmaq-media/manuals/01957100-b0df-7642-bdf0-100360333df4/019e92b5-e1bb-7e08-962f-a3c360546489.pdf"
"1976","Trator Agrícola","NEW HOLLAND","T7.195","CATÁLOGO DE PEÇAS DO TRATOR NEW HOLLAND T3-T8, TD, TL, E TV TRACTOR SERIES EM INGLES","-","true","https://cdn.appmaq.com.br/appmaq-media/manuals/0198f2a3-94b0-798f-9247-bef2ea811aed/019e8480-6832-790d-81c4-a73741f74ecf.pdf"
"1977","Trator Agrícola","NEW HOLLAND","T7.195","CATALOGO DE PEÇAS E FILTROS PARA OS TRATORES NEW HOLLAND","-","true","https://cdn.appmaq.com.br/appmaq-media/manuals/0198f2a3-94b0-798f-9247-bef2ea811aed/019e8480-6890-7367-97e3-e4cce4467aaa.pdf"
"1978","Trator Agrícola","NEW HOLLAND","T7.195","CATÁLOGO DE PEÇAS TRATOR NEW HOLLAND T7","-","true","https://cdn.appmaq.com.br/appmaq-media/manuals/0198f2a3-94b0-798f-9247-bef2ea811aed/019e8480-68b5-7411-a0de-d6bd7f3a716a.pdf"
"1979","Trator Agrícola","NEW HOLLAND","T7.195","FILTROS APRA TRATORES NEW HOLLAND T7","-","true","https://cdn.appmaq.com.br/appmaq-media/manuals/0198f2a3-94b0-798f-9247-bef2ea811aed/019e8480-6a58-76ba-bddb-05ac815a34c8.pdf"
"1980","Trator Agrícola","NEW HOLLAND","T7.195","FOLHETO DOS TRATORES NEW HOLLAND T7","-","true","https://cdn.appmaq.com.br/appmaq-media/manuals/0198f2a3-94b0-798f-9247-bef2ea811aed/019e8480-6ac7-78d3-a7f2-464a58ffade3.pdf"
"1981","Trator Agrícola","NEW HOLLAND","T7.195","INSTRUÇÕES DE LUBRIFICAÇÃO PARA TRATORES NEW HOLLAND","-","true","https://cdn.appmaq.com.br/appmaq-media/manuals/0198f2a3-94b0-798f-9247-bef2ea811aed/019e8480-6b78-7828-8b7c-c24cf9b7d5b3.pdf"
"1982","Trator Agrícola","NEW HOLLAND","T7.195","LUZES DO PAINEL DOS TRATORES NEW HOLLAND","-","true","https://cdn.appmaq.com.br/appmaq-media/manuals/0198f2a3-94b0-798f-9247-bef2ea811aed/019e8480-6b9c-75f4-8ea5-db0b868770f7.pdf"
"1983","Trator Agrícola","NEW HOLLAND","T7.195","MANUAL DO OPERADOR TRATORES NEW HOLLAND - MODELO T7","-","true","https://cdn.appmaq.com.br/appmaq-media/manuals/0198f2a3-94b0-798f-9247-bef2ea811aed/019e8480-6bed-7cd6-a1ad-3265e9672ca9.pdf"
"1984","Trator Agrícola","NEW HOLLAND","T7.195","MANUAL DO OPERADOR TRATOR - NEW HOLLAND -T7.140 - T7.150 - T7.165 - T7.175 - T7.180 - T7.190 - T7.195 - T7.205 -","-","true","https://cdn.appmaq.com.br/appmaq-media/manuals/0198f2a3-94b0-798f-9247-bef2ea811aed/019e92b6-6afa-7293-bf8e-35c19df52a7b.pdf"
"1985","Trator Agrícola","NEW HOLLAND","T7.205","CATÁLOGO DE PEÇAS DO TRATOR NEW HOLLAND T3-T8, TD, TL, E TV TRACTOR SERIES EM INGLES","-","true","https://cdn.appmaq.com.br/appmaq-media/manuals/01957100-b0df-75f6-8034-a8c8f88e63bf/019e8480-ecdb-75b6-bdc2-b0de9a04da3c.pdf"
"1986","Trator Agrícola","NEW HOLLAND","T7.205","CATALOGO DE PEÇAS E FILTROS PARA OS TRATORES NEW HOLLAND","-","true","https://cdn.appmaq.com.br/appmaq-media/manuals/01957100-b0df-75f6-8034-a8c8f88e63bf/019e8480-f0c0-779c-b6b1-45897c3a3bc1.pdf"
"1987","Trator Agrícola","NEW HOLLAND","T7.205","CATÁLOGO DE PEÇAS TRATOR NEW HOLLAND T7","-","true","https://cdn.appmaq.com.br/appmaq-media/manuals/01957100-b0df-75f6-8034-a8c8f88e63bf/019e8480-f210-7cad-9ad4-b69cfb1662d1.pdf"
"1988","Trator Agrícola","NEW HOLLAND","T7.205","FILTROS APRA TRATORES NEW HOLLAND T7","-","true","https://cdn.appmaq.com.br/appmaq-media/manuals/01957100-b0df-75f6-8034-a8c8f88e63bf/019e8480-f4a0-76f2-bc94-46ef8e5da341.pdf"
"1989","Trator Agrícola","NEW HOLLAND","T7.205","FOLHETO DOS TRATORES NEW HOLLAND T7","-","true","https://cdn.appmaq.com.br/appmaq-media/manuals/01957100-b0df-75f6-8034-a8c8f88e63bf/019e8480-f4f9-70f7-9559-42dbab8c9412.pdf"
"1990","Trator Agrícola","NEW HOLLAND","T7.205","INSTRUÇÕES DE LUBRIFICAÇÃO PARA TRATORES NEW HOLLAND","-","true","https://cdn.appmaq.com.br/appmaq-media/manuals/01957100-b0df-75f6-8034-a8c8f88e63bf/019e8480-f5c2-75dd-9e7b-f2c8921e69c7.pdf"
"1991","Trator Agrícola","NEW HOLLAND","T7.205","LUZES DO PAINEL DOS TRATORES NEW HOLLAND","-","true","https://cdn.appmaq.com.br/appmaq-media/manuals/01957100-b0df-75f6-8034-a8c8f88e63bf/019e8480-f621-7149-b5b9-887b0efeb5d0.pdf"
"1992","Trator Agrícola","NEW HOLLAND","T7.205","MANUAL DO OPERADOR TRATORES NEW HOLLAND - MODELO T7","-","true","https://cdn.appmaq.com.br/appmaq-media/manuals/01957100-b0df-75f6-8034-a8c8f88e63bf/019e8480-f85a-71bb-a484-ff26eadb6013.pdf"
"1993","Trator Agrícola","NEW HOLLAND","T7.205","MANUAL DO OPERADOR TRATOR - NEW HOLLAND -T7.140 - T7.150 - T7.165 - T7.175 - T7.180 - T7.190 - T7.195 - T7.205 -","-","true","https://cdn.appmaq.com.br/appmaq-media/manuals/01957100-b0df-75f6-8034-a8c8f88e63bf/019e92b6-e723-7ba8-abd3-a76d23f86ff6.pdf"
"1994","Trator Agrícola","NEW HOLLAND","T7.220","CATÁLOGO DE PEÇAS DO TRATOR NEW HOLLAND T3-T8, TD, TL, E TV TRACTOR SERIES EM INGLES","-","true","https://cdn.appmaq.com.br/appmaq-media/manuals/019e845a-90ad-7589-b942-3ec9d9686dc1/019e8481-9fa3-7f7d-9344-6d95ab789b7e.pdf"
"1995","Trator Agrícola","NEW HOLLAND","T7.220","CATALOGO DE PEÇAS E FILTROS PARA OS TRATORES NEW HOLLAND","-","true","https://cdn.appmaq.com.br/appmaq-media/manuals/019e845a-90ad-7589-b942-3ec9d9686dc1/019e8481-a006-723b-972d-fdbbad613d4d.pdf"
"1996","Trator Agrícola","NEW HOLLAND","T7.220","CATÁLOGO DE PEÇAS TRATOR NEW HOLLAND T7","-","true","https://cdn.appmaq.com.br/appmaq-media/manuals/019e845a-90ad-7589-b942-3ec9d9686dc1/019e8481-a081-75de-b5e4-10f120445934.pdf"
"1997","Trator Agrícola","NEW HOLLAND","T7.220","FILTROS APRA TRATORES NEW HOLLAND T7","-","true","https://cdn.appmaq.com.br/appmaq-media/manuals/019e845a-90ad-7589-b942-3ec9d9686dc1/019e8481-a1f5-76ac-a232-76a6b9b7ff71.pdf"
"1998","Trator Agrícola","NEW HOLLAND","T7.220","FOLHETO DOS TRATORES NEW HOLLAND T7","-","true","https://cdn.appmaq.com.br/appmaq-media/manuals/019e845a-90ad-7589-b942-3ec9d9686dc1/019e8481-a377-74ff-97bf-9606e0ac9f98.pdf"
"1999","Trator Agrícola","NEW HOLLAND","T7.220","INSTRUÇÕES DE LUBRIFICAÇÃO PARA TRATORES NEW HOLLAND","-","true","https://cdn.appmaq.com.br/appmaq-media/manuals/019e845a-90ad-7589-b942-3ec9d9686dc1/019e8481-a457-7a2c-aae1-7241d5fc0883.pdf"
"2000","Trator Agrícola","NEW HOLLAND","T7.220","LUZES DO PAINEL DOS TRATORES NEW HOLLAND","-","true","https://cdn.appmaq.com.br/appmaq-media/manuals/019e845a-90ad-7589-b942-3ec9d9686dc1/019e8481-a474-778a-b5dc-82a876a8b1ea.pdf"
"2001","Trator Agrícola","NEW HOLLAND","T7.220","MANUAL DO OPERADOR DO NEW HOLLAND T7. 220 T7.235 T7.250 T7.260 T7.270 EM INGLES","-","true","https://cdn.appmaq.com.br/appmaq-media/manuals/019e845a-90ad-7589-b942-3ec9d9686dc1/019e8481-a4d8-79fe-bbe9-a63b866f694c.pdf"
"2002","Trator Agrícola","NEW HOLLAND","T7.235","CATÁLOGO DE PEÇAS DO TRATOR NEW HOLLAND T3-T8, TD, TL, E TV TRACTOR SERIES EM INGLES","-","true","https://cdn.appmaq.com.br/appmaq-media/manuals/019e8459-fc96-7c4c-9a2e-e50b07e3eb10/019e8482-24db-7d50-a488-8f19dc4ddc18.pdf"
"2003","Trator Agrícola","NEW HOLLAND","T7.235","CATALOGO DE PEÇAS E FILTROS PARA OS TRATORES NEW HOLLAND","-","true","https://cdn.appmaq.com.br/appmaq-media/manuals/019e8459-fc96-7c4c-9a2e-e50b07e3eb10/019e8482-253b-776d-b194-f2ed999bf291.pdf"
"2004","Trator Agrícola","NEW HOLLAND","T7.235","CATÁLOGO DE PEÇAS TRATOR NEW HOLLAND T7","-","true","https://cdn.appmaq.com.br/appmaq-media/manuals/019e8459-fc96-7c4c-9a2e-e50b07e3eb10/019e8482-255d-733c-bd95-5f0149e5d326.pdf"
"2005","Trator Agrícola","NEW HOLLAND","T7.235","FILTROS APRA TRATORES NEW HOLLAND T7","-","true","https://cdn.appmaq.com.br/appmaq-media/manuals/019e8459-fc96-7c4c-9a2e-e50b07e3eb10/019e8482-26fd-7de5-8187-c2f7b3bd53c9.pdf"
"2006","Trator Agrícola","NEW HOLLAND","T7.235","FOLHETO DOS TRATORES NEW HOLLAND T7","-","true","https://cdn.appmaq.com.br/appmaq-media/manuals/019e8459-fc96-7c4c-9a2e-e50b07e3eb10/019e8482-2780-7d9a-bed8-a8421612211a.pdf"
"2007","Trator Agrícola","NEW HOLLAND","T7.235","INSTRUÇÕES DE LUBRIFICAÇÃO PARA TRATORES NEW HOLLAND","-","true","https://cdn.appmaq.com.br/appmaq-media/manuals/019e8459-fc96-7c4c-9a2e-e50b07e3eb10/019e8482-2800-7408-91ac-f6b03703ad31.pdf"
"2008","Trator Agrícola","NEW HOLLAND","T7.235","LUZES DO PAINEL DOS TRATORES NEW HOLLAND","-","true","https://cdn.appmaq.com.br/appmaq-media/manuals/019e8459-fc96-7c4c-9a2e-e50b07e3eb10/019e8482-281c-7ca8-a0cf-4ce2bfcc59b8.pdf"
"2009","Trator Agrícola","NEW HOLLAND","T7.235","MANUAL DO OPERADOR DO NEW HOLLAND T7. 220 T7.235 T7.250 T7.260 T7.270 EM INGLES","-","true","https://cdn.appmaq.com.br/appmaq-media/manuals/019e8459-fc96-7c4c-9a2e-e50b07e3eb10/019e8482-284a-7ed2-b6fd-5771dbb849fc.pdf"
"2010","Trator Agrícola","NEW HOLLAND","T7.240","CATÁLOGO DE PEÇAS DO TRATOR NEW HOLLAND T3-T8, TD, TL, E TV TRACTOR SERIES EM INGLES","-","true","https://cdn.appmaq.com.br/appmaq-media/manuals/01957100-b0df-78d6-af92-bd1fd1439b32/019e8482-9a45-727e-9d59-e1722f06e192.pdf"
"2011","Trator Agrícola","NEW HOLLAND","T7.240","CATALOGO DE PEÇAS E FILTROS PARA OS TRATORES NEW HOLLAND","-","true","https://cdn.appmaq.com.br/appmaq-media/manuals/01957100-b0df-78d6-af92-bd1fd1439b32/019e8482-9aa6-7239-9e11-8441a798baff.pdf"
"2012","Trator Agrícola","NEW HOLLAND","T7.240","CATÁLOGO DE PEÇAS TRATOR NEW HOLLAND T7","-","true","https://cdn.appmaq.com.br/appmaq-media/manuals/01957100-b0df-78d6-af92-bd1fd1439b32/019e8482-9ab7-7e35-8ae5-1a4df6123ca9.pdf"
"2013","Trator Agrícola","NEW HOLLAND","T7.240","FILTROS APRA TRATORES NEW HOLLAND T7","-","true","https://cdn.appmaq.com.br/appmaq-media/manuals/01957100-b0df-78d6-af92-bd1fd1439b32/019e8482-9cc1-70df-bf4f-6f8d72cc5d64.pdf"
"2014","Trator Agrícola","NEW HOLLAND","T7.240","FOLHETO DOS TRATORES NEW HOLLAND T7","-","true","https://cdn.appmaq.com.br/appmaq-media/manuals/01957100-b0df-78d6-af92-bd1fd1439b32/019e8482-9cf5-7bfc-8a6b-5ed22e8e302e.pdf"
"2015","Trator Agrícola","NEW HOLLAND","T7.240","INSTRUÇÕES DE LUBRIFICAÇÃO PARA TRATORES NEW HOLLAND","-","true","https://cdn.appmaq.com.br/appmaq-media/manuals/01957100-b0df-78d6-af92-bd1fd1439b32/019e8482-9db3-7242-867d-d4689414e557.pdf"
"2016","Trator Agrícola","NEW HOLLAND","T7.240","LUZES DO PAINEL DOS TRATORES NEW HOLLAND","-","true","https://cdn.appmaq.com.br/appmaq-media/manuals/01957100-b0df-78d6-af92-bd1fd1439b32/019e8482-9dd3-7529-a9d3-1e52235bdceb.pdf"
"2017","Trator Agrícola","NEW HOLLAND","T7.245","CATÁLOGO DE PEÇAS DO TRATOR NEW HOLLAND T3-T8, TD, TL, E TV TRACTOR SERIES EM INGLES","-","true","https://cdn.appmaq.com.br/appmaq-media/manuals/01957100-b0df-70c5-95b5-b0baa3936f4b/019e8483-1b5c-7eb8-9ac4-df5de2d0efb4.pdf"
"2018","Trator Agrícola","NEW HOLLAND","T7.245","CATÁLOGO DE PEÇAS DO TRATOR NEW HOLLAND T7.245","-","true","https://cdn.appmaq.com.br/appmaq-media/manuals/01957100-b0df-70c5-95b5-b0baa3936f4b/019e8483-1bc9-70e2-8efa-315e5f40bd7f.pdf"
"2019","Trator Agrícola","NEW HOLLAND","T7.245","CATALOGO DE PEÇAS E FILTROS PARA OS TRATORES NEW HOLLAND","-","true","https://cdn.appmaq.com.br/appmaq-media/manuals/01957100-b0df-70c5-95b5-b0baa3936f4b/019e8483-1d46-7129-8559-63d8b52bfd19.pdf"
"2020","Trator Agrícola","NEW HOLLAND","T7.245","CATÁLOGO DE PEÇAS TRATOR NEW HOLLAND T7","-","true","https://cdn.appmaq.com.br/appmaq-media/manuals/01957100-b0df-70c5-95b5-b0baa3936f4b/019e8483-1d5d-71aa-b37d-077d56a8c668.pdf"
"2021","Trator Agrícola","NEW HOLLAND","T7.245","FILTROS APRA TRATORES NEW HOLLAND T7","-","true","https://cdn.appmaq.com.br/appmaq-media/manuals/01957100-b0df-70c5-95b5-b0baa3936f4b/019e8483-1f41-72ec-aa2c-c97a4863121a.pdf"
"2022","Trator Agrícola","NEW HOLLAND","T7.245","FOLHETO DOS TRATORES NEW HOLLAND T7","-","true","https://cdn.appmaq.com.br/appmaq-media/manuals/01957100-b0df-70c5-95b5-b0baa3936f4b/019e8483-2074-733a-b4c7-a1ffa81f270b.pdf"
"2023","Trator Agrícola","NEW HOLLAND","T7.245","INSTRUÇÕES DE LUBRIFICAÇÃO PARA TRATORES NEW HOLLAND","-","true","https://cdn.appmaq.com.br/appmaq-media/manuals/01957100-b0df-70c5-95b5-b0baa3936f4b/019e8483-217c-7a34-b68f-e31a3cd634c7.pdf"
"2024","Trator Agrícola","NEW HOLLAND","T7.245","LUZES DO PAINEL DOS TRATORES NEW HOLLAND","-","true","https://cdn.appmaq.com.br/appmaq-media/manuals/01957100-b0df-70c5-95b5-b0baa3936f4b/019e8483-21f0-780d-9a1b-5a1f67fb5fa8.pdf"
"2025","Trator Agrícola","NEW HOLLAND","T7.250","CATÁLOGO DE PEÇAS DO TRATOR NEW HOLLAND T3-T8, TD, TL, E TV TRACTOR SERIES EM INGLES","-","true","https://cdn.appmaq.com.br/appmaq-media/manuals/019e8484-14c6-7d62-b427-f324f4bf8228/019e8486-1d15-7557-b9d5-250ede8e5724.pdf"
"2026","Trator Agrícola","NEW HOLLAND","T7.250","CATALOGO DE PEÇAS E FILTROS PARA OS TRATORES NEW HOLLAND","-","true","https://cdn.appmaq.com.br/appmaq-media/manuals/019e8484-14c6-7d62-b427-f324f4bf8228/019e8486-1d79-7cb9-9a62-0223dde11b7c.pdf"
"2027","Trator Agrícola","NEW HOLLAND","T7.250","CATÁLOGO DE PEÇAS TRATOR NEW HOLLAND T7","-","true","https://cdn.appmaq.com.br/appmaq-media/manuals/019e8484-14c6-7d62-b427-f324f4bf8228/019e8486-1d85-72ac-a608-1bfd9250253f.pdf"
"2028","Trator Agrícola","NEW HOLLAND","T7.250","FILTROS APRA TRATORES NEW HOLLAND T7","-","true","https://cdn.appmaq.com.br/appmaq-media/manuals/019e8484-14c6-7d62-b427-f324f4bf8228/019e8486-1f64-7654-94be-579190bd2658.pdf"
"2029","Trator Agrícola","NEW HOLLAND","T7.250","FOLHETO DOS TRATORES NEW HOLLAND T7","-","true","https://cdn.appmaq.com.br/appmaq-media/manuals/019e8484-14c6-7d62-b427-f324f4bf8228/019e8486-2090-737d-a19a-3cbc0a65ed27.pdf"
"2030","Trator Agrícola","NEW HOLLAND","T7.250","INSTRUÇÕES DE LUBRIFICAÇÃO PARA TRATORES NEW HOLLAND","-","true","https://cdn.appmaq.com.br/appmaq-media/manuals/019e8484-14c6-7d62-b427-f324f4bf8228/019e8486-21a0-7c4e-951c-456c8c33a7ed.pdf"
"2031","Trator Agrícola","NEW HOLLAND","T7.250","LUZES DO PAINEL DOS TRATORES NEW HOLLAND","-","true","https://cdn.appmaq.com.br/appmaq-media/manuals/019e8484-14c6-7d62-b427-f324f4bf8228/019e8486-220f-7e9b-9520-cca81ebbd788.pdf"
"2032","Trator Agrícola","NEW HOLLAND","T7.250","MANUAL DO OPERADOR DO NEW HOLLAND T7. 220 T7.235 T7.250 T7.260 T7.270 EM INGLES","-","true","https://cdn.appmaq.com.br/appmaq-media/manuals/019e8484-14c6-7d62-b427-f324f4bf8228/019e8486-2252-79da-8813-cbe59d4e03c6.pdf"
"2033","Trator Agrícola","NEW HOLLAND","T7.260","CATÁLOGO DE PEÇAS DO TRATOR NEW HOLLAND T3-T8, TD, TL, E TV TRACTOR SERIES EM INGLES","-","true","https://cdn.appmaq.com.br/appmaq-media/manuals/01957100-b0df-74b5-a13e-76299cc2ccec/019e8487-898e-75ab-ace9-a8b24a5b0b90.pdf"
"2034","Trator Agrícola","NEW HOLLAND","T7.260","CATALOGO DE PEÇAS E FILTROS PARA OS TRATORES NEW HOLLAND","-","true","https://cdn.appmaq.com.br/appmaq-media/manuals/01957100-b0df-74b5-a13e-76299cc2ccec/019e8487-89ec-71c9-9099-bebd16b6364d.pdf"
"2035","Trator Agrícola","NEW HOLLAND","T7.260","CATÁLOGO DE PEÇAS TRATOR NEW HOLLAND T7","-","true","https://cdn.appmaq.com.br/appmaq-media/manuals/01957100-b0df-74b5-a13e-76299cc2ccec/019e8487-8aa2-7db1-8355-85bf72160cb4.pdf"
"2036","Trator Agrícola","NEW HOLLAND","T7.260","FILTROS APRA TRATORES NEW HOLLAND T7","-","true","https://cdn.appmaq.com.br/appmaq-media/manuals/01957100-b0df-74b5-a13e-76299cc2ccec/019e8487-8fbd-7ebf-a262-2ebb7a84a641.pdf"
"2037","Trator Agrícola","NEW HOLLAND","T7.260","FOLHETO DOS TRATORES NEW HOLLAND T7","-","true","https://cdn.appmaq.com.br/appmaq-media/manuals/01957100-b0df-74b5-a13e-76299cc2ccec/019e8487-9021-70c6-a231-3b27bee642f3.pdf"
"2038","Trator Agrícola","NEW HOLLAND","T7.260","INSTRUÇÕES DE LUBRIFICAÇÃO PARA TRATORES NEW HOLLAND","-","true","https://cdn.appmaq.com.br/appmaq-media/manuals/01957100-b0df-74b5-a13e-76299cc2ccec/019e8487-92bc-732d-94a2-46deb9c76a62.pdf"
"2039","Trator Agrícola","NEW HOLLAND","T7.260","LUZES DO PAINEL DOS TRATORES NEW HOLLAND","-","true","https://cdn.appmaq.com.br/appmaq-media/manuals/01957100-b0df-74b5-a13e-76299cc2ccec/019e8487-932a-7eb5-bcfc-47f09ff1a547.pdf"
"2040","Trator Agrícola","NEW HOLLAND","T7.260","MANUAL DO OPERADOR DO NEW HOLLAND T7. 220 T7.235 T7.250 T7.260 T7.270 EM INGLES","-","true","https://cdn.appmaq.com.br/appmaq-media/manuals/01957100-b0df-74b5-a13e-76299cc2ccec/019e8487-943a-700f-80d1-fb169797754d.pdf"
"2041","Trator Agrícola","NEW HOLLAND","T7.270","CATÁLOGO DE PEÇAS DO TRATOR NEW HOLLAND T3-T8, TD, TL, E TV TRACTOR SERIES EM INGLES","-","true","https://cdn.appmaq.com.br/appmaq-media/manuals/019e8440-5939-7665-87c7-a5211f77e307/019e8488-f180-7a76-9adf-d8524152607a.pdf"
"2042","Trator Agrícola","NEW HOLLAND","T7.270","CATALOGO DE PEÇAS E FILTROS PARA OS TRATORES NEW HOLLAND","-","true","https://cdn.appmaq.com.br/appmaq-media/manuals/019e8440-5939-7665-87c7-a5211f77e307/019e8488-f1e0-757b-9238-ee3f65dc9aad.pdf"
"2043","Trator Agrícola","NEW HOLLAND","T7.270","CATÁLOGO DE PEÇAS TRATOR NEW HOLLAND T7","-","true","https://cdn.appmaq.com.br/appmaq-media/manuals/019e8440-5939-7665-87c7-a5211f77e307/019e8488-f1fc-7e88-9ba5-b36df796c237.pdf"
"2044","Trator Agrícola","NEW HOLLAND","T7.270","FILTROS APRA TRATORES NEW HOLLAND T7","-","true","https://cdn.appmaq.com.br/appmaq-media/manuals/019e8440-5939-7665-87c7-a5211f77e307/019e8488-f3f9-7d56-9422-141c1c21aa74.pdf"
"2045","Trator Agrícola","NEW HOLLAND","T7.270","FOLHETO DOS TRATORES NEW HOLLAND T7","-","true","https://cdn.appmaq.com.br/appmaq-media/manuals/019e8440-5939-7665-87c7-a5211f77e307/019e8488-f41c-7955-8bea-45eb7bd8f0f3.pdf"
"2046","Trator Agrícola","NEW HOLLAND","T7.270","INSTRUÇÕES DE LUBRIFICAÇÃO PARA TRATORES NEW HOLLAND","-","true","https://cdn.appmaq.com.br/appmaq-media/manuals/019e8440-5939-7665-87c7-a5211f77e307/019e8488-f48f-73e9-9f17-15c14d71407a.pdf"
"2047","Trator Agrícola","NEW HOLLAND","T7.270","LUZES DO PAINEL DOS TRATORES NEW HOLLAND","-","true","https://cdn.appmaq.com.br/appmaq-media/manuals/019e8440-5939-7665-87c7-a5211f77e307/019e8488-f4bd-79c2-bd81-258ffa90fa5e.pdf"
"2048","Trator Agrícola","NEW HOLLAND","T7.270","MANUAL DO OPERADOR DO NEW HOLLAND T7. 220 T7.235 T7.250 T7.260 T7.270 EM INGLES","-","true","https://cdn.appmaq.com.br/appmaq-media/manuals/019e8440-5939-7665-87c7-a5211f77e307/019e8488-f64c-71b4-9d8a-a98f372c11a6.pdf"
"2049","Trator Agrícola","NEW HOLLAND","T7.300 CVT","CATÁLOGO DE PEÇAS DO TRATOR NEW HOLLAND T3-T8, TD, TL, E TV TRACTOR SERIES EM INGLES","-","true","https://cdn.appmaq.com.br/appmaq-media/manuals/0199108f-1b05-70ac-abd6-2a63e47ebd39/019e848a-3900-75c9-ae93-04f41cc10a59.pdf"
"2050","Trator Agrícola","NEW HOLLAND","T7.300 CVT","CATALOGO DE PEÇAS E FILTROS PARA OS TRATORES NEW HOLLAND","-","true","https://cdn.appmaq.com.br/appmaq-media/manuals/0199108f-1b05-70ac-abd6-2a63e47ebd39/019e848a-395f-7fc3-9894-23b13d5b3407.pdf"
"2051","Trator Agrícola","NEW HOLLAND","T7.300 CVT","CATÁLOGO DE PEÇAS TRATOR NEW HOLLAND T7","-","true","https://cdn.appmaq.com.br/appmaq-media/manuals/0199108f-1b05-70ac-abd6-2a63e47ebd39/019e848a-3970-78d3-ab03-f64fb2d45997.pdf"
"2052","Trator Agrícola","NEW HOLLAND","T7.300 CVT","ESPECIFICAÇÕES DO TRATOR NEW HOLLAND T7.300","-","true","https://cdn.appmaq.com.br/appmaq-media/manuals/0199108f-1b05-70ac-abd6-2a63e47ebd39/019e848a-3b2b-7214-b283-d89fec8ac7a5.pdf"
"2053","Trator Agrícola","NEW HOLLAND","T7.300 CVT","FILTROS APRA TRATORES NEW HOLLAND T7","-","true","https://cdn.appmaq.com.br/appmaq-media/manuals/0199108f-1b05-70ac-abd6-2a63e47ebd39/019e848a-3bc6-7976-8a76-bd97cd6214ab.pdf"
"2054","Trator Agrícola","NEW HOLLAND","T7.300 CVT","FOLHETO DOS TRATORES NEW HOLLAND T7","-","true","https://cdn.appmaq.com.br/appmaq-media/manuals/0199108f-1b05-70ac-abd6-2a63e47ebd39/019e848a-3c57-74d9-a3b0-6add1009906c.pdf"
"2055","Trator Agrícola","NEW HOLLAND","T7.300 CVT","INSTRUÇÕES DE LUBRIFICAÇÃO PARA TRATORES NEW HOLLAND","-","true","https://cdn.appmaq.com.br/appmaq-media/manuals/0199108f-1b05-70ac-abd6-2a63e47ebd39/019e848a-3e12-7278-bc02-5e743df50118.pdf"
"2056","Trator Agrícola","NEW HOLLAND","T7.300 CVT","LUZES DO PAINEL DOS TRATORES NEW HOLLAND","-","true","https://cdn.appmaq.com.br/appmaq-media/manuals/0199108f-1b05-70ac-abd6-2a63e47ebd39/019e848a-3e60-754b-91c7-d6ddce5a943e.pdf"
"2057","Trator Agrícola","NEW HOLLAND","T8.270","CATÁLOGO DE PEÇAS DO TRATOR NEW HOLLAND T3-T8, TD, TL, E TV TRACTOR SERIES EM INGLES","-","true","https://cdn.appmaq.com.br/appmaq-media/manuals/0195b3ba-39a6-78bc-858a-3a94b9e4ebc6/019e848a-eace-7761-92df-8b5faed007eb.pdf"
"2058","Trator Agrícola","NEW HOLLAND","T8.270","CATALOGO DE PEÇAS E FILTROS PARA OS TRATORES NEW HOLLAND","-","true","https://cdn.appmaq.com.br/appmaq-media/manuals/0195b3ba-39a6-78bc-858a-3a94b9e4ebc6/019e848a-eb30-7096-9b07-14b7adae0302.pdf"
"2059","Trator Agrícola","NEW HOLLAND","T8.270","ESPECIFICAÇÕES DOS TRATORES NEW HOLLAND T8 EM INGLES","-","true","https://cdn.appmaq.com.br/appmaq-media/manuals/0195b3ba-39a6-78bc-858a-3a94b9e4ebc6/019e8446-4e5d-7f27-9290-3f455bc3d7d2.pdf"
"2060","Trator Agrícola","NEW HOLLAND","T8.270","FOLHETO E ESPECIFICAÇÕES DOS TRATORES NEW HOLLAND T8","-","true","https://cdn.appmaq.com.br/appmaq-media/manuals/0195b3ba-39a6-78bc-858a-3a94b9e4ebc6/019e8446-4f5f-7408-82b3-6f1e99c3ac51.pdf"
"2061","Trator Agrícola","NEW HOLLAND","T8.270","INOVAÇÕES NO CONSOLE DO TRATOR T8","-","true","https://cdn.appmaq.com.br/appmaq-media/manuals/0195b3ba-39a6-78bc-858a-3a94b9e4ebc6/019e8446-4f9a-7527-a168-af06ec66ada2.pdf"
"2062","Trator Agrícola","NEW HOLLAND","T8.270","INSTRUÇÕES DE LUBRIFICAÇÃO PARA TRATORES NEW HOLLAND","-","true","https://cdn.appmaq.com.br/appmaq-media/manuals/0195b3ba-39a6-78bc-858a-3a94b9e4ebc6/019e8446-50e9-7d97-89bf-994f9e0ecafa.pdf"
"2063","Trator Agrícola","NEW HOLLAND","T8.270","INSTRUÇÕES DE LUBRIFICAÇÃO PARA TRATORES NEW HOLLAND","-","true","https://cdn.appmaq.com.br/appmaq-media/manuals/0195b3ba-39a6-78bc-858a-3a94b9e4ebc6/019e848a-ed92-73dd-83e6-8aade8b84f38.pdf"
"2064","Trator Agrícola","NEW HOLLAND","T8.270","LANÇAMENTO DOS TRATORES - NEW HOLLAND - T8.270 - T8.325 . T8.355 - T8.385 -","-","true","https://cdn.appmaq.com.br/appmaq-media/manuals/0195b3ba-39a6-78bc-858a-3a94b9e4ebc6/019e8502-b8f7-7bef-817c-4606421d1724.pdf"
"2065","Trator Agrícola","NEW HOLLAND","T8.270","LUZES DO PAINEL DOS TRATORES NEW HOLLAND","-","true","https://cdn.appmaq.com.br/appmaq-media/manuals/0195b3ba-39a6-78bc-858a-3a94b9e4ebc6/019e848a-edd7-7007-9d24-38c90f902bc5.pdf"
"2066","Trator Agrícola","NEW HOLLAND","T8.270","MANUAL DO OPERADOR TRATORES NEW HOLLAND - T8.270 T8.295 T8.325 T8.355 T8.385","-","true","https://cdn.appmaq.com.br/appmaq-media/manuals/0195b3ba-39a6-78bc-858a-3a94b9e4ebc6/019e848a-ee3b-7162-8c77-d193a2c587dd.pdf"
"2067","Trator Agrícola","NEW HOLLAND","T8.275","CATÁLOGO DE PEÇAS DO TRATOR NEW HOLLAND T3-T8, TD, TL, E TV TRACTOR SERIES EM INGLES","-","true","https://cdn.appmaq.com.br/appmaq-media/manuals/019e8440-d7b9-7aff-8144-7ea2cc81875e/019e848b-5a45-7b34-9a9e-d2357ab78ae1.pdf"
"2068","Trator Agrícola","NEW HOLLAND","T8.275","CATÁLOGO DE PEÇAS DO TRATOR NEW HOLLAND T3-T8, TD, TL, E TV TRACTOR SERIES EM INGLES","-","true","https://cdn.appmaq.com.br/appmaq-media/manuals/019e8440-d7b9-7aff-8144-7ea2cc81875e/019e8497-9b06-7207-b57a-bd10884d74cc.pdf"
"2069","Trator Agrícola","NEW HOLLAND","T8.275","CATALOGO DE PEÇAS E FILTROS PARA OS TRATORES NEW HOLLAND","-","true","https://cdn.appmaq.com.br/appmaq-media/manuals/019e8440-d7b9-7aff-8144-7ea2cc81875e/019e848b-5c06-7911-af7d-3274ad504e51.pdf"
"2070","Trator Agrícola","NEW HOLLAND","T8.275","CATALOGO DE PEÇAS E FILTROS PARA OS TRATORES NEW HOLLAND","-","true","https://cdn.appmaq.com.br/appmaq-media/manuals/019e8440-d7b9-7aff-8144-7ea2cc81875e/019e8497-9bf5-70ea-a5d8-5df4ab000237.pdf"
"2071","Trator Agrícola","NEW HOLLAND","T8.275","INOVAÇÕES NO CONSOLE DO TRATOR T8","-","true","https://cdn.appmaq.com.br/appmaq-media/manuals/019e8440-d7b9-7aff-8144-7ea2cc81875e/019e8497-9c2e-774b-b1f9-8510f0b5c78d.pdf"
"2072","Trator Agrícola","NEW HOLLAND","T8.275","INOVAÇÕES NO CONSOLE DO TRATOR T8","-","true","https://cdn.appmaq.com.br/appmaq-media/manuals/019e8440-d7b9-7aff-8144-7ea2cc81875e/019e848b-5c8f-751d-bd40-de29e4d5491b.pdf"
"2073","Trator Agrícola","NEW HOLLAND","T8.275","INSTRUÇÕES DE LUBRIFICAÇÃO PARA TRATORES NEW HOLLAND","-","true","https://cdn.appmaq.com.br/appmaq-media/manuals/019e8440-d7b9-7aff-8144-7ea2cc81875e/019e8497-9dc9-78a1-ad6b-2e7842f5c854.pdf"
"2074","Trator Agrícola","NEW HOLLAND","T8.275","INSTRUÇÕES DE LUBRIFICAÇÃO PARA TRATORES NEW HOLLAND","-","true","https://cdn.appmaq.com.br/appmaq-media/manuals/019e8440-d7b9-7aff-8144-7ea2cc81875e/019e848b-5fa0-7cf4-b177-f529e594382f.pdf"
"2075","Trator Agrícola","NEW HOLLAND","T8.275","LUZES DO PAINEL DOS TRATORES NEW HOLLAND","-","true","https://cdn.appmaq.com.br/appmaq-media/manuals/019e8440-d7b9-7aff-8144-7ea2cc81875e/019e8497-9ea5-7766-9268-c18aa18e2068.pdf"
"2076","Trator Agrícola","NEW HOLLAND","T8.275","LUZES DO PAINEL DOS TRATORES NEW HOLLAND","-","true","https://cdn.appmaq.com.br/appmaq-media/manuals/019e8440-d7b9-7aff-8144-7ea2cc81875e/019e848b-5ffb-7cb8-8f55-6b7685911fa6.pdf"
"2077","Trator Agrícola","NEW HOLLAND","T8.275","MANUAL DE SERVIÇO DOS TRATORES NEW HOLLAND T8.275 T8.300 T8.330 T8.360 T8.390","-","true","https://cdn.appmaq.com.br/appmaq-media/manuals/019e8440-d7b9-7aff-8144-7ea2cc81875e/019e8497-9f15-717b-a627-886e78f93a55.pdf"
"2078","Trator Agrícola","NEW HOLLAND","T8.275","MANUAL DE SERVIÇO DOS TRATORES NEW HOLLAND T8.275 T8.300 T8.330 T8.360 T8.390","-","true","https://cdn.appmaq.com.br/appmaq-media/manuals/019e8440-d7b9-7aff-8144-7ea2cc81875e/019e848b-60c0-7aac-a8f5-1407de12aa47.pdf"
"2079","Trator Agrícola","NEW HOLLAND","T8.295","CATÁLOGO DE PEÇAS DO TRATOR NEW HOLLAND T3-T8, TD, TL, E TV TRACTOR SERIES EM INGLES","-","true","https://cdn.appmaq.com.br/appmaq-media/manuals/01957100-b0df-73a1-9da5-d70f9674339f/019e8499-0442-7471-80f8-5d550b461788.pdf"
"2080","Trator Agrícola","NEW HOLLAND","T8.295","CATALOGO DE PEÇAS E FILTROS PARA OS TRATORES NEW HOLLAND","-","true","https://cdn.appmaq.com.br/appmaq-media/manuals/01957100-b0df-73a1-9da5-d70f9674339f/019e8499-04a3-7d3c-b2f0-edb85e14cb0f.pdf"
"2081","Trator Agrícola","NEW HOLLAND","T8.295","ESPECIFICAÇÕES DOS TRATORES NEW HOLLAND T8 EM INGLES","-","true","https://cdn.appmaq.com.br/appmaq-media/manuals/01957100-b0df-73a1-9da5-d70f9674339f/019e8499-04b6-7174-bea5-2642cc17729d.pdf"
"2082","Trator Agrícola","NEW HOLLAND","T8.295","FOLHETO DOS TRATORES NEW HOLLAND T8.320 T8.350 T8.380 T8.410 T8.430 T8.440","-","true","https://cdn.appmaq.com.br/appmaq-media/manuals/01957100-b0df-73a1-9da5-d70f9674339f/019e8499-05e6-7349-9d29-c8c1e6a84a38.pdf"
"2083","Trator Agrícola","NEW HOLLAND","T8.295","FOLHETO E ESPECIFICAÇÕES DOS TRATORES NEW HOLLAND T8","-","true","https://cdn.appmaq.com.br/appmaq-media/manuals/01957100-b0df-73a1-9da5-d70f9674339f/019e8499-0625-719b-b0bf-b29983a7fdd6.pdf"
"2084","Trator Agrícola","NEW HOLLAND","T8.295","INOVAÇÕES NO CONSOLE DO TRATOR T8","-","true","https://cdn.appmaq.com.br/appmaq-media/manuals/01957100-b0df-73a1-9da5-d70f9674339f/019e8499-0798-7cdf-991b-d9b0682a3d1e.pdf"
"2085","Trator Agrícola","NEW HOLLAND","T8.295","INSTRUÇÕES DE LUBRIFICAÇÃO PARA TRATORES NEW HOLLAND","-","true","https://cdn.appmaq.com.br/appmaq-media/manuals/01957100-b0df-73a1-9da5-d70f9674339f/019e8499-082d-7f24-96ac-7db63aab62f1.pdf"
"2086","Trator Agrícola","NEW HOLLAND","T8.295","LANÇAMENTO DOS TRATORES - NEW HOLLAND - T8.270 - T8.295 - T8.325 . T8.355 - T8.385 -","-","true","https://cdn.appmaq.com.br/appmaq-media/manuals/01957100-b0df-73a1-9da5-d70f9674339f/019e8505-210f-7574-a2bb-694963ad7226.pdf"
"2087","Trator Agrícola","NEW HOLLAND","T8.295","LUZES DO PAINEL DOS TRATORES NEW HOLLAND","-","true","https://cdn.appmaq.com.br/appmaq-media/manuals/01957100-b0df-73a1-9da5-d70f9674339f/019e8499-087e-7f75-b879-3a8a78025a8b.pdf"
"2088","Trator Agrícola","NEW HOLLAND","T8.295","MANUAL DE SERVIÇO DOS TRATORES NEW HOLLAND T8.295 T8.325 T8.355 T8.385 EM ESPANHOL","-","true","https://cdn.appmaq.com.br/appmaq-media/manuals/01957100-b0df-73a1-9da5-d70f9674339f/019e8496-8f91-7258-b0b9-4598436fe15d.pdf"
"2089","Trator Agrícola","NEW HOLLAND","T8.295","MANUAL DO OPERADOR TRATORES NEW HOLLAND - T8.270 T8.295 T8.325 T8.355 T8.385","-","true","https://cdn.appmaq.com.br/appmaq-media/manuals/01957100-b0df-73a1-9da5-d70f9674339f/019e8499-0905-717d-b5c0-33d3514b7cc4.pdf"
"2090","Trator Agrícola","NEW HOLLAND","T8.320","CATÁLOGO DE PEÇAS DO TRATOR NEW HOLLAND T3-T8, TD, TL, E TV TRACTOR SERIES EM INGLES","-","true","https://cdn.appmaq.com.br/appmaq-media/manuals/0198f2a5-9598-7871-be20-d24d36a03f1d/019e849c-c410-7773-8efc-c02362ace16d.pdf"
"2091","Trator Agrícola","NEW HOLLAND","T8.320","CATALOGO DE PEÇAS E FILTROS PARA OS TRATORES NEW HOLLAND","-","true","https://cdn.appmaq.com.br/appmaq-media/manuals/0198f2a5-9598-7871-be20-d24d36a03f1d/019e849c-c49e-7252-8b0b-476a422bef64.pdf"
"2092","Trator Agrícola","NEW HOLLAND","T8.320","ESPECIFICAÇÕES DO TRATOR NEW HOLLAND T8.320 T8.350 T8.380 T8.410 T8.430 T8.440","-","true","https://cdn.appmaq.com.br/appmaq-media/manuals/0198f2a5-9598-7871-be20-d24d36a03f1d/019e849c-c53c-75d8-a4f0-48ae6b673468.pdf"
"2093","Trator Agrícola","NEW HOLLAND","T8.320","FOLHETO DOS TRATORES NEW HOLLAND T8.320 T8.350 T8.380 T8.410 T8.430 T8.440","-","true","https://cdn.appmaq.com.br/appmaq-media/manuals/0198f2a5-9598-7871-be20-d24d36a03f1d/019e849c-c5c3-7a4a-88ef-1ab35a1e7bdf.pdf"
"2094","Trator Agrícola","NEW HOLLAND","T8.320","INOVAÇÕES NO CONSOLE DO TRATOR T8","-","true","https://cdn.appmaq.com.br/appmaq-media/manuals/0198f2a5-9598-7871-be20-d24d36a03f1d/019e849c-c6d8-7416-86a5-ae0f56dc1d11.pdf"
"2095","Trator Agrícola","NEW HOLLAND","T8.320","INSTRUÇÕES DE LUBRIFICAÇÃO PARA TRATORES NEW HOLLAND","-","true","https://cdn.appmaq.com.br/appmaq-media/manuals/0198f2a5-9598-7871-be20-d24d36a03f1d/019e849c-c7d3-73ad-bee7-e2b680860240.pdf"
"2096","Trator Agrícola","NEW HOLLAND","T8.320","LUZES DO PAINEL DOS TRATORES NEW HOLLAND","-","true","https://cdn.appmaq.com.br/appmaq-media/manuals/0198f2a5-9598-7871-be20-d24d36a03f1d/019e849c-c830-7e2e-843a-28e60d2df1f9.pdf"
"2097","Trator Agrícola","NEW HOLLAND","T8.320","MANUAL DO OPERADOR TRATORES NEW HOLLAND - T8.320 T8.350 T8.380 T8.410 T8.435","-","true","https://cdn.appmaq.com.br/appmaq-media/manuals/0198f2a5-9598-7871-be20-d24d36a03f1d/019e849c-c98a-7ad6-b6b4-8ee3f581fb44.pdf"
"2098","Trator Agrícola","NEW HOLLAND","T8.325","CATÁLOGO DE PEÇAS DO TRATOR NEW HOLLAND T3-T8, TD, TL, E TV TRACTOR SERIES EM INGLES","-","true","https://cdn.appmaq.com.br/appmaq-media/manuals/0195b3ba-39a6-7a7f-8b94-1c3ca3293756/019e849d-7b6b-7c64-926d-af6cdc6067c6.pdf"
"2099","Trator Agrícola","NEW HOLLAND","T8.325","CATALOGO DE PEÇAS E FILTROS PARA OS TRATORES NEW HOLLAND","-","true","https://cdn.appmaq.com.br/appmaq-media/manuals/0195b3ba-39a6-7a7f-8b94-1c3ca3293756/019e849d-7c32-7b08-89ed-3928eae10e81.pdf"
"2100","Trator Agrícola","NEW HOLLAND","T8.325","ESPECIFICAÇÕES DOS TRATORES NEW HOLLAND T8 EM INGLES","-","true","https://cdn.appmaq.com.br/appmaq-media/manuals/0195b3ba-39a6-7a7f-8b94-1c3ca3293756/019e849d-7cd3-7185-9a30-baa1892f623a.pdf"
"2101","Trator Agrícola","NEW HOLLAND","T8.325","FOLHETO DOS TRATORES NEW HOLLAND T8.320 T8.350 T8.380 T8.410 T8.430 T8.440","-","true","https://cdn.appmaq.com.br/appmaq-media/manuals/0195b3ba-39a6-7a7f-8b94-1c3ca3293756/019e849d-7e77-786e-8cec-936d2601a6ed.pdf"
"2102","Trator Agrícola","NEW HOLLAND","T8.325","FOLHETO E ESPECIFICAÇÕES DOS TRATORES NEW HOLLAND T8","-","true","https://cdn.appmaq.com.br/appmaq-media/manuals/0195b3ba-39a6-7a7f-8b94-1c3ca3293756/019e849d-8125-7ccd-a93c-dcbd6f1c57dd.pdf"
"2103","Trator Agrícola","NEW HOLLAND","T8.325","INOVAÇÕES NO CONSOLE DO TRATOR T8","-","true","https://cdn.appmaq.com.br/appmaq-media/manuals/0195b3ba-39a6-7a7f-8b94-1c3ca3293756/019e849d-841c-7dd9-84d0-137bc4db75e3.pdf"
"2104","Trator Agrícola","NEW HOLLAND","T8.325","INSTRUÇÕES DE LUBRIFICAÇÃO PARA TRATORES NEW HOLLAND","-","true","https://cdn.appmaq.com.br/appmaq-media/manuals/0195b3ba-39a6-7a7f-8b94-1c3ca3293756/019e849d-8525-7012-8bcd-91e5297325c3.pdf"
"2105","Trator Agrícola","NEW HOLLAND","T8.325","LUZES DO PAINEL DOS TRATORES NEW HOLLAND","-","true","https://cdn.appmaq.com.br/appmaq-media/manuals/0195b3ba-39a6-7a7f-8b94-1c3ca3293756/019e849d-8544-7b60-ad47-773cbbed1ea7.pdf"
"2106","Trator Agrícola","NEW HOLLAND","T8.325","MANUAL DE SERVIÇO DOS TRATORES NEW HOLLAND T8.295 T8.325 T8.355 T8.385 EM ESPANHOL","-","true","https://cdn.appmaq.com.br/appmaq-media/manuals/0195b3ba-39a6-7a7f-8b94-1c3ca3293756/019e849e-d689-7cc3-a836-89bde2d525a2.pdf"
"2107","Trator Agrícola","NEW HOLLAND","T8.325","MANUAL DO OPERADOR TRATORES NEW HOLLAND - T8.270 T8.295 T8.325 T8.355 T8.385","-","true","https://cdn.appmaq.com.br/appmaq-media/manuals/0195b3ba-39a6-7a7f-8b94-1c3ca3293756/019e849d-8603-739d-9e04-3a33289bc5af.pdf"
"2108","Trator Agrícola","NEW HOLLAND","T8.330","CATÁLOGO DE PEÇAS DO TRATOR NEW HOLLAND T3-T8, TD, TL, E TV TRACTOR SERIES EM INGLES","-","true","https://cdn.appmaq.com.br/appmaq-media/manuals/019e8441-7de6-7ca9-af73-c92fa06edc3e/019e84ab-57bc-7a5f-948c-1456cf377658.pdf"
"2109","Trator Agrícola","NEW HOLLAND","T8.330","CATALOGO DE PEÇAS E FILTROS PARA OS TRATORES NEW HOLLAND","-","true","https://cdn.appmaq.com.br/appmaq-media/manuals/019e8441-7de6-7ca9-af73-c92fa06edc3e/019e84ab-581a-78ba-87a5-634b80a45596.pdf"
"2110","Trator Agrícola","NEW HOLLAND","T8.330","INOVAÇÕES NO CONSOLE DO TRATOR T8","-","true","https://cdn.appmaq.com.br/appmaq-media/manuals/019e8441-7de6-7ca9-af73-c92fa06edc3e/019e84ab-5831-7e68-8e1a-04d91c816155.pdf"
"2111","Trator Agrícola","NEW HOLLAND","T8.330","INSTRUÇÕES DE LUBRIFICAÇÃO PARA TRATORES NEW HOLLAND","-","true","https://cdn.appmaq.com.br/appmaq-media/manuals/019e8441-7de6-7ca9-af73-c92fa06edc3e/019e84ab-58e9-712e-80d0-e73037594755.pdf"
"2112","Trator Agrícola","NEW HOLLAND","T8.330","LUZES DO PAINEL DOS TRATORES NEW HOLLAND","-","true","https://cdn.appmaq.com.br/appmaq-media/manuals/019e8441-7de6-7ca9-af73-c92fa06edc3e/019e84ab-5911-74d4-b81c-b5e2e4b453bf.pdf"
"2113","Trator Agrícola","NEW HOLLAND","T8.330","MANUAL DE SERVIÇO DOS TRATORES NEW HOLLAND T8.275 T8.300 T8.330 T8.360 T8.390","-","true","https://cdn.appmaq.com.br/appmaq-media/manuals/019e8441-7de6-7ca9-af73-c92fa06edc3e/019e84ab-59cb-7670-8ad9-d240ce4bb5ba.pdf"
"2114","Trator Agrícola","NEW HOLLAND","T8.350","CATÁLOGO DE PEÇAS DO TRATOR NEW HOLLAND T3-T8, TD, TL, E TV TRACTOR SERIES EM INGLES","-","true","https://cdn.appmaq.com.br/appmaq-media/manuals/0198f2a6-4183-7d17-80af-be94b1f160db/019e84ae-9590-7001-a004-f353dbdca5dd.pdf"
"2115","Trator Agrícola","NEW HOLLAND","T8.350","CATALOGO DE PEÇAS E FILTROS PARA OS TRATORES NEW HOLLAND","-","true","https://cdn.appmaq.com.br/appmaq-media/manuals/0198f2a6-4183-7d17-80af-be94b1f160db/019e84ae-961b-7ad6-ab39-21070147a108.pdf"
"2116","Trator Agrícola","NEW HOLLAND","T8.350","ESPECIFICAÇÕES DO TRATOR NEW HOLLAND T8.320 T8.350 T8.380 T8.410 T8.430 T8.440","-","true","https://cdn.appmaq.com.br/appmaq-media/manuals/0198f2a6-4183-7d17-80af-be94b1f160db/019e84ae-96ea-745a-8c19-7aa47bb761b4.pdf"
"2117","Trator Agrícola","NEW HOLLAND","T8.350","INOVAÇÕES NO CONSOLE DO TRATOR T8","-","true","https://cdn.appmaq.com.br/appmaq-media/manuals/0198f2a6-4183-7d17-80af-be94b1f160db/019e84ae-97a2-7dc7-86b0-9e86e1925b44.pdf"
"2118","Trator Agrícola","NEW HOLLAND","T8.350","INSTRUÇÕES DE LUBRIFICAÇÃO PARA TRATORES NEW HOLLAND","-","true","https://cdn.appmaq.com.br/appmaq-media/manuals/0198f2a6-4183-7d17-80af-be94b1f160db/019e84ae-9971-727a-82a2-d5a59bda19f2.pdf"
"2119","Trator Agrícola","NEW HOLLAND","T8.350","LUZES DO PAINEL DOS TRATORES NEW HOLLAND","-","true","https://cdn.appmaq.com.br/appmaq-media/manuals/0198f2a6-4183-7d17-80af-be94b1f160db/019e84ae-999e-7b0e-8e0e-df8828e91644.pdf"
"2120","Trator Agrícola","NEW HOLLAND","T8.350","MANUAL DO OPERADOR TRATORES NEW HOLLAND - T8.320 T8.350 T8.380 T8.410 T8.435","-","true","https://cdn.appmaq.com.br/appmaq-media/manuals/0198f2a6-4183-7d17-80af-be94b1f160db/019e84ae-9e93-76c1-99f3-a54c59649278.pdf"
"2121","Trator Agrícola","NEW HOLLAND","T8.355","CATÁLOGO DE PEÇAS DO TRATOR NEW HOLLAND T3-T8, TD, TL, E TV TRACTOR SERIES EM INGLES","-","true","https://cdn.appmaq.com.br/appmaq-media/manuals/0198f2a9-476c-7d79-81d8-beffc3173653/019e84ac-648e-7209-8369-59b1b2913acc.pdf"
"2122","Trator Agrícola","NEW HOLLAND","T8.355","CATALOGO DE PEÇAS E FILTROS PARA OS TRATORES NEW HOLLAND","-","true","https://cdn.appmaq.com.br/appmaq-media/manuals/0198f2a9-476c-7d79-81d8-beffc3173653/019e84ac-64f0-7850-87e8-631b60a46b7c.pdf"
"2123","Trator Agrícola","NEW HOLLAND","T8.355","ESPECIFICAÇÕES DOS TRATORES NEW HOLLAND T8 EM INGLES","-","true","https://cdn.appmaq.com.br/appmaq-media/manuals/0198f2a9-476c-7d79-81d8-beffc3173653/019e84ac-6583-78b2-9de0-a340ff269222.pdf"
"2124","Trator Agrícola","NEW HOLLAND","T8.355","FOLHETO DOS TRATORES NEW HOLLAND T8.320 T8.350 T8.380 T8.410 T8.430 T8.440","-","true","https://cdn.appmaq.com.br/appmaq-media/manuals/0198f2a9-476c-7d79-81d8-beffc3173653/019e84ac-6641-7d9a-8de8-6c3876a2b303.pdf"
"2125","Trator Agrícola","NEW HOLLAND","T8.355","FOLHETO E ESPECIFICAÇÕES DOS TRATORES NEW HOLLAND T8","-","true","https://cdn.appmaq.com.br/appmaq-media/manuals/0198f2a9-476c-7d79-81d8-beffc3173653/019e84ac-676f-7d12-abf4-15e3f5f6c5c6.pdf"
"2126","Trator Agrícola","NEW HOLLAND","T8.355","INOVAÇÕES NO CONSOLE DO TRATOR T8","-","true","https://cdn.appmaq.com.br/appmaq-media/manuals/0198f2a9-476c-7d79-81d8-beffc3173653/019e84ac-6870-7fd2-aac3-313731d5800e.pdf"
"2127","Trator Agrícola","NEW HOLLAND","T8.355","INSTRUÇÕES DE LUBRIFICAÇÃO PARA TRATORES NEW HOLLAND","-","true","https://cdn.appmaq.com.br/appmaq-media/manuals/0198f2a9-476c-7d79-81d8-beffc3173653/019e84ac-6949-7a90-92e1-bd236431a61b.pdf"
"2128","Trator Agrícola","NEW HOLLAND","T8.355","LANÇAMENTO DOS TRATORES - NEW HOLLAND - T8.270 - T8.295 - T8.325 . T8.355 - T8.385 -","-","true","https://cdn.appmaq.com.br/appmaq-media/manuals/0198f2a9-476c-7d79-81d8-beffc3173653/019e8505-e1ce-7320-88c8-079e46f0d75d.pdf"
"2129","Trator Agrícola","NEW HOLLAND","T8.355","LUZES DO PAINEL DOS TRATORES NEW HOLLAND","-","true","https://cdn.appmaq.com.br/appmaq-media/manuals/0198f2a9-476c-7d79-81d8-beffc3173653/019e84ac-69da-7466-b2fa-8137877d6fb2.pdf"
"2130","Trator Agrícola","NEW HOLLAND","T8.355","MANUAL DE SERVIÇO DOS TRATORES NEW HOLLAND T8.295 T8.325 T8.355 T8.385 EM ESPANHOL","-","true","https://cdn.appmaq.com.br/appmaq-media/manuals/0198f2a9-476c-7d79-81d8-beffc3173653/019e84ad-fa3f-76c2-a7a2-0cf54fb4246f.pdf"
"2131","Trator Agrícola","NEW HOLLAND","T8.355","MANUAL DO OPERADOR TRATORES NEW HOLLAND - T8.270 T8.295 T8.325 T8.355 T8.385","-","true","https://cdn.appmaq.com.br/appmaq-media/manuals/0198f2a9-476c-7d79-81d8-beffc3173653/019e84ac-6a17-7a53-98a9-c13d0c8abaae.pdf"
"2132","Trator Agrícola","NEW HOLLAND","T8.360","CATÁLOGO DE PEÇAS DO TRATOR NEW HOLLAND T3-T8, TD, TL, E TV TRACTOR SERIES EM INGLES","-","true","https://cdn.appmaq.com.br/appmaq-media/manuals/019e8442-2450-7d83-9868-5bb23458a130/019e84af-af7f-716c-8c2e-7294fa100e26.pdf"
"2133","Trator Agrícola","NEW HOLLAND","T8.360","CATALOGO DE PEÇAS E FILTROS PARA OS TRATORES NEW HOLLAND","-","true","https://cdn.appmaq.com.br/appmaq-media/manuals/019e8442-2450-7d83-9868-5bb23458a130/019e84af-b01a-79c7-9a4d-2650cc5c8475.pdf"
"2134","Trator Agrícola","NEW HOLLAND","T8.360","INOVAÇÕES NO CONSOLE DO TRATOR T8","-","true","https://cdn.appmaq.com.br/appmaq-media/manuals/019e8442-2450-7d83-9868-5bb23458a130/019e84af-b0a4-7cad-b435-6b49dc5ff9a2.pdf"
"2135","Trator Agrícola","NEW HOLLAND","T8.360","INSTRUÇÕES DE LUBRIFICAÇÃO PARA TRATORES NEW HOLLAND","-","true","https://cdn.appmaq.com.br/appmaq-media/manuals/019e8442-2450-7d83-9868-5bb23458a130/019e84af-b285-77cd-93bd-2a3c47fddfc3.pdf"
"2136","Trator Agrícola","NEW HOLLAND","T8.360","LUZES DO PAINEL DOS TRATORES NEW HOLLAND","-","true","https://cdn.appmaq.com.br/appmaq-media/manuals/019e8442-2450-7d83-9868-5bb23458a130/019e84af-b2a0-784f-92fb-5dcce213d75f.pdf"
"2137","Trator Agrícola","NEW HOLLAND","T8.360","MANUAL DE SERVIÇO DOS TRATORES NEW HOLLAND T8.275 T8.300 T8.330 T8.360 T8.390","-","true","https://cdn.appmaq.com.br/appmaq-media/manuals/019e8442-2450-7d83-9868-5bb23458a130/019e84af-b309-7499-a579-b14e3b6391cb.pdf"
"2138","Trator Agrícola","NEW HOLLAND","T8.380","CATÁLOGO DE PEÇAS DO TRATOR NEW HOLLAND T3-T8, TD, TL, E TV TRACTOR SERIES EM INGLES","-","true","https://cdn.appmaq.com.br/appmaq-media/manuals/0198f2a9-f7f5-708b-8421-2bafd9fdfcbc/019e84b0-c56f-7b66-aa5d-70b089f4f0d1.pdf"
"2139","Trator Agrícola","NEW HOLLAND","T8.380","CATALOGO DE PEÇAS E FILTROS PARA OS TRATORES NEW HOLLAND","-","true","https://cdn.appmaq.com.br/appmaq-media/manuals/0198f2a9-f7f5-708b-8421-2bafd9fdfcbc/019e84b0-c5d1-7ee9-94a2-32903ca4993e.pdf"
"2140","Trator Agrícola","NEW HOLLAND","T8.380","ESPECIFICAÇÕES DO TRATOR NEW HOLLAND T8.320 T8.350 T8.380 T8.410 T8.430 T8.440","-","true","https://cdn.appmaq.com.br/appmaq-media/manuals/0198f2a9-f7f5-708b-8421-2bafd9fdfcbc/019e84b0-c653-7924-80a7-9cb4b0149451.pdf"
"2141","Trator Agrícola","NEW HOLLAND","T8.380","INOVAÇÕES NO CONSOLE DO TRATOR T8","-","true","https://cdn.appmaq.com.br/appmaq-media/manuals/0198f2a9-f7f5-708b-8421-2bafd9fdfcbc/019e84b0-c69d-7100-acb6-ee9c936c8d3e.pdf"
"2142","Trator Agrícola","NEW HOLLAND","T8.380","INSTRUÇÕES DE LUBRIFICAÇÃO PARA TRATORES NEW HOLLAND","-","true","https://cdn.appmaq.com.br/appmaq-media/manuals/0198f2a9-f7f5-708b-8421-2bafd9fdfcbc/019e84b0-c718-749d-acf9-b838f1751253.pdf"
"2143","Trator Agrícola","NEW HOLLAND","T8.380","LUZES DO PAINEL DOS TRATORES NEW HOLLAND","-","true","https://cdn.appmaq.com.br/appmaq-media/manuals/0198f2a9-f7f5-708b-8421-2bafd9fdfcbc/019e84b0-c765-71d4-a187-c1f7e89e73c2.pdf"
"2144","Trator Agrícola","NEW HOLLAND","T8.380","MANUAL DO OPERADOR TRATORES NEW HOLLAND - T8.320 T8.350 T8.380 T8.410 T8.435","-","true","https://cdn.appmaq.com.br/appmaq-media/manuals/0198f2a9-f7f5-708b-8421-2bafd9fdfcbc/019e84b0-c800-78d4-a5fb-b3eee87c6a86.pdf"
"2145","Trator Agrícola","NEW HOLLAND","T8.385","CATÁLOGO DE PEÇAS DO TRATOR NEW HOLLAND T3-T8, TD, TL, E TV TRACTOR SERIES EM INGLES","-","true","https://cdn.appmaq.com.br/appmaq-media/manuals/01957100-b0e0-7192-bc8d-d398c9f7cac3/019e84bd-c245-75c7-b4fa-e9d6c370ae60.pdf"
"2146","Trator Agrícola","NEW HOLLAND","T8.385","CATALOGO DE PEÇAS E FILTROS PARA OS TRATORES NEW HOLLAND","-","true","https://cdn.appmaq.com.br/appmaq-media/manuals/01957100-b0e0-7192-bc8d-d398c9f7cac3/019e84bd-c2a7-73db-b49c-3343522d402b.pdf"
"2147","Trator Agrícola","NEW HOLLAND","T8.385","ESPECIFICAÇÕES DOS TRATORES NEW HOLLAND T8 EM INGLES","-","true","https://cdn.appmaq.com.br/appmaq-media/manuals/01957100-b0e0-7192-bc8d-d398c9f7cac3/019e84bd-c2b7-7ea3-b082-32d609f36178.pdf"
"2148","Trator Agrícola","NEW HOLLAND","T8.385","FOLHETO DOS TRATORES NEW HOLLAND T8.320 T8.350 T8.380 T8.410 T8.430 T8.440","-","true","https://cdn.appmaq.com.br/appmaq-media/manuals/01957100-b0e0-7192-bc8d-d398c9f7cac3/019e84bd-c3b3-7e87-bca8-677e4054b314.pdf"
"2149","Trator Agrícola","NEW HOLLAND","T8.385","FOLHETO E ESPECIFICAÇÕES DOS TRATORES NEW HOLLAND T8","-","true","https://cdn.appmaq.com.br/appmaq-media/manuals/01957100-b0e0-7192-bc8d-d398c9f7cac3/019e84bd-c3dd-76c1-ae12-8787cc138683.pdf"
"2150","Trator Agrícola","NEW HOLLAND","T8.385","INOVAÇÕES NO CONSOLE DO TRATOR T8","-","true","https://cdn.appmaq.com.br/appmaq-media/manuals/01957100-b0e0-7192-bc8d-d398c9f7cac3/019e84bd-c464-7633-9487-1afb4dd207a3.pdf"
"2151","Trator Agrícola","NEW HOLLAND","T8.385","INSTRUÇÕES DE LUBRIFICAÇÃO PARA TRATORES NEW HOLLAND","-","true","https://cdn.appmaq.com.br/appmaq-media/manuals/01957100-b0e0-7192-bc8d-d398c9f7cac3/019e84bd-c5f5-7ba4-ab9a-b63fbd172211.pdf"
"2152","Trator Agrícola","NEW HOLLAND","T8.385","LANÇAMENTO DOS TRATORES - NEW HOLLAND - T8.270 - T8.295 - T8.325 . T8.355 - T8.385 -","-","true","https://cdn.appmaq.com.br/appmaq-media/manuals/01957100-b0e0-7192-bc8d-d398c9f7cac3/019e8506-6f0e-7123-8b34-1344c311ac2a.pdf"
"2153","Trator Agrícola","NEW HOLLAND","T8.385","LUZES DO PAINEL DOS TRATORES NEW HOLLAND","-","true","https://cdn.appmaq.com.br/appmaq-media/manuals/01957100-b0e0-7192-bc8d-d398c9f7cac3/019e84bd-c637-7cd7-b6fa-f051cc2af1ae.pdf"
"2154","Trator Agrícola","NEW HOLLAND","T8.385","MANUAL DE SERVIÇO TRATOR - NEW HOLLAND - T8.385 -","-","true","https://cdn.appmaq.com.br/appmaq-media/manuals/01957100-b0e0-7192-bc8d-d398c9f7cac3/019e84f5-5c6b-70c4-a84d-dbbc78745cb0.pdf"
"2155","Trator Agrícola","NEW HOLLAND","T8.385","MANUAL DO OPERADOR TRATORES NEW HOLLAND - T8.270 T8.295 T8.325 T8.355 T8.385","-","true","https://cdn.appmaq.com.br/appmaq-media/manuals/01957100-b0e0-7192-bc8d-d398c9f7cac3/019e84bd-c692-7314-a7c6-22f50893f994.pdf"
"2156","Trator Agrícola","NEW HOLLAND","T8.390","CATÁLOGO DE PEÇAS DO TRATOR NEW HOLLAND T3-T8, TD, TL, E TV TRACTOR SERIES EM INGLES","-","true","https://cdn.appmaq.com.br/appmaq-media/manuals/019e8442-8d03-7b84-a182-b29f4b25db43/019e84bf-23a8-7a65-a90f-8363855e70cd.pdf"
"2157","Trator Agrícola","NEW HOLLAND","T8.390","CATALOGO DE PEÇAS E FILTROS PARA OS TRATORES NEW HOLLAND","-","true","https://cdn.appmaq.com.br/appmaq-media/manuals/019e8442-8d03-7b84-a182-b29f4b25db43/019e84bf-2408-70b4-b19c-017b51c09545.pdf"
"2158","Trator Agrícola","NEW HOLLAND","T8.390","INOVAÇÕES NO CONSOLE DO TRATOR T8","-","true","https://cdn.appmaq.com.br/appmaq-media/manuals/019e8442-8d03-7b84-a182-b29f4b25db43/019e84bf-2419-7a29-a658-5a30727194b7.pdf"
"2159","Trator Agrícola","NEW HOLLAND","T8.390","INSTRUÇÕES DE LUBRIFICAÇÃO PARA TRATORES NEW HOLLAND","-","true","https://cdn.appmaq.com.br/appmaq-media/manuals/019e8442-8d03-7b84-a182-b29f4b25db43/019e84bf-24d4-7f81-bc94-e37e90c0654f.pdf"
"2160","Trator Agrícola","NEW HOLLAND","T8.390","LUZES DO PAINEL DOS TRATORES NEW HOLLAND","-","true","https://cdn.appmaq.com.br/appmaq-media/manuals/019e8442-8d03-7b84-a182-b29f4b25db43/019e84bf-24eb-7c4c-b2d5-db6116da8df9.pdf"
"2161","Trator Agrícola","NEW HOLLAND","T8.390","MANUAL DE SERVIÇO DOS TRATORES NEW HOLLAND T8.275 T8.300 T8.330 T8.360 T8.390","-","true","https://cdn.appmaq.com.br/appmaq-media/manuals/019e8442-8d03-7b84-a182-b29f4b25db43/019e84bf-2570-798d-9811-63b2bb418b1a.pdf"
"2162","Trator Agrícola","NEW HOLLAND","T8.410","CATÁLOGO DE PEÇAS DO TRATOR NEW HOLLAND T3-T8, TD, TL, E TV TRACTOR SERIES EM INGLES","-","true","https://cdn.appmaq.com.br/appmaq-media/manuals/0198f2ab-9a36-719f-a91e-b6fb1e719994/019e84bf-9f97-7fa3-abe6-53e20eccd3ae.pdf"
"2163","Trator Agrícola","NEW HOLLAND","T8.410","CATALOGO DE PEÇAS E FILTROS PARA OS TRATORES NEW HOLLAND","-","true","https://cdn.appmaq.com.br/appmaq-media/manuals/0198f2ab-9a36-719f-a91e-b6fb1e719994/019e84bf-9ff5-7d53-a1cc-113f538cd690.pdf"
"2164","Trator Agrícola","NEW HOLLAND","T8.410","ESPECIFICAÇÕES DO TRATOR NEW HOLLAND T8.320 T8.350 T8.380 T8.410 T8.430 T8.440","-","true","https://cdn.appmaq.com.br/appmaq-media/manuals/0198f2ab-9a36-719f-a91e-b6fb1e719994/019e84bf-a073-74cc-b089-7a81ae13465c.pdf"
"2165","Trator Agrícola","NEW HOLLAND","T8.410","INOVAÇÕES NO CONSOLE DO TRATOR T8","-","true","https://cdn.appmaq.com.br/appmaq-media/manuals/0198f2ab-9a36-719f-a91e-b6fb1e719994/019e84bf-a0c1-7277-a0ce-18e5fc7ace07.pdf"
"2166","Trator Agrícola","NEW HOLLAND","T8.410","INSTRUÇÕES DE LUBRIFICAÇÃO PARA TRATORES NEW HOLLAND","-","true","https://cdn.appmaq.com.br/appmaq-media/manuals/0198f2ab-9a36-719f-a91e-b6fb1e719994/019e84bf-a17b-7d67-8350-fa4b2a79f75d.pdf"
"2167","Trator Agrícola","NEW HOLLAND","T8.410","LUZES DO PAINEL DOS TRATORES NEW HOLLAND","-","true","https://cdn.appmaq.com.br/appmaq-media/manuals/0198f2ab-9a36-719f-a91e-b6fb1e719994/019e84bf-a213-771c-8929-541653a50876.pdf"
"2168","Trator Agrícola","NEW HOLLAND","T8.410","MANUAL DO OPERADOR TRATORES NEW HOLLAND - T8.320 T8.350 T8.380 T8.410 T8.435","-","true","https://cdn.appmaq.com.br/appmaq-media/manuals/0198f2ab-9a36-719f-a91e-b6fb1e719994/019e84bf-a278-76ec-aee8-c879e88ce994.pdf"
"2169","Trator Agrícola","NEW HOLLAND","T8.430","CATÁLOGO DE PEÇAS DO TRATOR NEW HOLLAND T3-T8, TD, TL, E TV TRACTOR SERIES EM INGLES","-","true","https://cdn.appmaq.com.br/appmaq-media/manuals/019e8442-f27a-7068-abf2-85652fe0d227/019e84c1-c5fb-7cd3-8036-1428fb85949f.pdf"
"2170","Trator Agrícola","NEW HOLLAND","T8.430","CATALOGO DE PEÇAS E FILTROS PARA OS TRATORES NEW HOLLAND","-","true","https://cdn.appmaq.com.br/appmaq-media/manuals/019e8442-f27a-7068-abf2-85652fe0d227/019e84c1-c65a-7ee3-95e8-de8e35bcc533.pdf"
"2171","Trator Agrícola","NEW HOLLAND","T8.430","ESPECIFICAÇÕES DO TRATOR NEW HOLLAND T8.320 T8.350 T8.380 T8.410 T8.430 T8.440","-","true","https://cdn.appmaq.com.br/appmaq-media/manuals/019e8442-f27a-7068-abf2-85652fe0d227/019e84c1-c66e-7650-bc36-5dcf9e56f5b1.pdf"
"2172","Trator Agrícola","NEW HOLLAND","T8.430","FOLHETO DOS TRATORES NEW HOLLAND T8.320 T8.350 T8.380 T8.410 T8.430 T8.440","-","true","https://cdn.appmaq.com.br/appmaq-media/manuals/019e8442-f27a-7068-abf2-85652fe0d227/019e84c1-c6e1-7182-84ae-e30e7a587c6d.pdf"
"2173","Trator Agrícola","NEW HOLLAND","T8.430","INOVAÇÕES NO CONSOLE DO TRATOR T8","-","true","https://cdn.appmaq.com.br/appmaq-media/manuals/019e8442-f27a-7068-abf2-85652fe0d227/019e84c1-c751-7752-81a8-492099aadb8c.pdf"
"2174","Trator Agrícola","NEW HOLLAND","T8.430","INSTRUÇÕES DE LUBRIFICAÇÃO PARA TRATORES NEW HOLLAND","-","true","https://cdn.appmaq.com.br/appmaq-media/manuals/019e8442-f27a-7068-abf2-85652fe0d227/019e84c1-c818-700b-9868-fe659a8b24ba.pdf"
"2175","Trator Agrícola","NEW HOLLAND","T8.430","LUZES DO PAINEL DOS TRATORES NEW HOLLAND","-","true","https://cdn.appmaq.com.br/appmaq-media/manuals/019e8442-f27a-7068-abf2-85652fe0d227/019e84c1-c83e-7352-ad1d-011ecd093b7a.pdf"
"2176","Trator Agrícola","NEW HOLLAND","T8.440","CATÁLOGO DE PEÇAS DO TRATOR NEW HOLLAND T3-T8, TD, TL, E TV TRACTOR SERIES EM INGLES","-","true","https://cdn.appmaq.com.br/appmaq-media/manuals/0198f64d-4a6c-7fbf-b40b-7f4f230221bc/019e84c3-0bcc-7514-b011-adee58658050.pdf"
"2177","Trator Agrícola","NEW HOLLAND","T8.440","CATALOGO DE PEÇAS E FILTROS PARA OS TRATORES NEW HOLLAND","-","true","https://cdn.appmaq.com.br/appmaq-media/manuals/0198f64d-4a6c-7fbf-b40b-7f4f230221bc/019e84c3-0c50-7425-85f8-b9dc2e4f34b5.pdf"
"2178","Trator Agrícola","NEW HOLLAND","T8.440","ESPECIFICAÇÕES DO TRATOR NEW HOLLAND T8.320 T8.350 T8.380 T8.410 T8.430 T8.440","-","true","https://cdn.appmaq.com.br/appmaq-media/manuals/0198f64d-4a6c-7fbf-b40b-7f4f230221bc/019e84c3-0ca6-74f0-acb4-3aefc6dc2206.pdf"
"2179","Trator Agrícola","NEW HOLLAND","T8.440","FOLHETO DOS TRATORES NEW HOLLAND T8.320 T8.350 T8.380 T8.410 T8.430 T8.440","-","true","https://cdn.appmaq.com.br/appmaq-media/manuals/0198f64d-4a6c-7fbf-b40b-7f4f230221bc/019e84c3-0cf8-7afb-a10a-5b6603f5cd2f.pdf"
"2180","Trator Agrícola","NEW HOLLAND","T8.440","INOVAÇÕES NO CONSOLE DO TRATOR T8","-","true","https://cdn.appmaq.com.br/appmaq-media/manuals/0198f64d-4a6c-7fbf-b40b-7f4f230221bc/019e84c3-0db5-7070-8a81-10afd3903201.pdf"
"2181","Trator Agrícola","NEW HOLLAND","T8.440","INSTRUÇÕES DE LUBRIFICAÇÃO PARA TRATORES NEW HOLLAND","-","true","https://cdn.appmaq.com.br/appmaq-media/manuals/0198f64d-4a6c-7fbf-b40b-7f4f230221bc/019e84c3-0f19-76af-89c5-845330c65ebf.pdf"
"2182","Trator Agrícola","NEW HOLLAND","T8.440","LUZES DO PAINEL DOS TRATORES NEW HOLLAND","-","true","https://cdn.appmaq.com.br/appmaq-media/manuals/0198f64d-4a6c-7fbf-b40b-7f4f230221bc/019e84c3-0f9b-78b0-8ec6-a1779b81f7f1.pdf"
"2183","Trator Agrícola","NEW HOLLAND","T9.350","CATALOGO DE PEÇAS E FILTROS PARA OS TRATORES NEW HOLLAND","-","true","https://cdn.appmaq.com.br/appmaq-media/manuals/019e8ee1-3130-7cb8-99c5-1141683943fa/019e8ee4-34bf-7dd8-97aa-29add0d916eb.pdf"
"2184","Trator Agrícola","NEW HOLLAND","T9.350","FOLHETO DOS TRATORES NEW HOLLAND T9","-","true","https://cdn.appmaq.com.br/appmaq-media/manuals/019e8ee1-3130-7cb8-99c5-1141683943fa/019e8ee4-34cb-7476-9958-e2deda77af3a.pdf"
"2185","Trator Agrícola","NEW HOLLAND","T9.350","INSTRUÇÕES DE LUBRIFICAÇÃO PARA TRATORES NEW HOLLAND","-","true","https://cdn.appmaq.com.br/appmaq-media/manuals/019e8ee1-3130-7cb8-99c5-1141683943fa/019e8ee4-352b-7aec-8213-4d1a095a0e07.pdf"
"2186","Trator Agrícola","NEW HOLLAND","T9.350","LUZES DO PAINEL DOS TRATORES NEW HOLLAND","-","true","https://cdn.appmaq.com.br/appmaq-media/manuals/019e8ee1-3130-7cb8-99c5-1141683943fa/019e8ee4-353e-7bc2-abc7-9981bc1d6bed.pdf"
"2187","Trator Agrícola","NEW HOLLAND","T9.350","MANUAL DO OPERADOR DOS TRATORES AGRICOLA T9.390 T9.450 T9.505 T9.560 T9.615 T9.670 EM INGLES","-","true","https://cdn.appmaq.com.br/appmaq-media/manuals/019e8ee1-3130-7cb8-99c5-1141683943fa/019e8ee4-35ea-7b16-a313-eea67e4eceb7.pdf"
"2188","Trator Agrícola","NEW HOLLAND","T9.450","CATALOGO DE PEÇAS E FILTROS PARA OS TRATORES NEW HOLLAND","-","true","https://cdn.appmaq.com.br/appmaq-media/manuals/019e8ee1-622d-7e1b-a97f-336c623828d6/019e8ee4-9321-7fb3-87c2-1e0c09f5d34f.pdf"
"2189","Trator Agrícola","NEW HOLLAND","T9.450","FOLHETO DOS TRATORES NEW HOLLAND T9","-","true","https://cdn.appmaq.com.br/appmaq-media/manuals/019e8ee1-622d-7e1b-a97f-336c623828d6/019e8ee4-932b-7b7d-8d1d-5e4fbda0a599.pdf"
"2190","Trator Agrícola","NEW HOLLAND","T9.450","INSTRUÇÕES DE LUBRIFICAÇÃO PARA TRATORES NEW HOLLAND","-","true","https://cdn.appmaq.com.br/appmaq-media/manuals/019e8ee1-622d-7e1b-a97f-336c623828d6/019e8ee4-938a-7756-931a-d080995bbdd3.pdf"
"2191","Trator Agrícola","NEW HOLLAND","T9.450","LUZES DO PAINEL DOS TRATORES NEW HOLLAND","-","true","https://cdn.appmaq.com.br/appmaq-media/manuals/019e8ee1-622d-7e1b-a97f-336c623828d6/019e8ee4-93ad-71c6-829e-e32ab04dcbdb.pdf"
"2192","Trator Agrícola","NEW HOLLAND","T9.450","MANUAL DO OPERADOR DOS TRATORES AGRICOLA T9.390 T9.450 T9.505 T9.560 T9.615 T9.670 EM INGLES","-","true","https://cdn.appmaq.com.br/appmaq-media/manuals/019e8ee1-622d-7e1b-a97f-336c623828d6/019e8ee4-9454-74d0-9b2b-f05232edd751.pdf"
"2193","Trator Agrícola","NEW HOLLAND","T9.470 - COM LEVANTE","CATALOGO DE PEÇAS E FILTROS PARA OS TRATORES NEW HOLLAND","-","true","https://cdn.appmaq.com.br/appmaq-media/manuals/01991091-3cd6-7e38-9c4f-f743da18c850/019e8ee4-dcb4-7766-941c-78df53f99a89.pdf"
"2194","Trator Agrícola","NEW HOLLAND","T9.470 - COM LEVANTE","ESPECIFICAÇÕES DOS TRATORES NEW HOLLAND T9.470 T9.520 T9.580 T9.615 T9.700","-","true","https://cdn.appmaq.com.br/appmaq-media/manuals/01991091-3cd6-7e38-9c4f-f743da18c850/019e8ee4-dcbd-7547-b84d-1110008e339a.pdf"
"2195","Trator Agrícola","NEW HOLLAND","T9.470 - COM LEVANTE","FOLHETO DOS TRATORES NEW HOLLAND T9","-","true","https://cdn.appmaq.com.br/appmaq-media/manuals/01991091-3cd6-7e38-9c4f-f743da18c850/019e8ee4-dceb-79d3-8159-e1aeca58e628.pdf"
"2196","Trator Agrícola","NEW HOLLAND","T9.470 - COM LEVANTE","INSTRUÇÕES DE LUBRIFICAÇÃO PARA TRATORES NEW HOLLAND","-","true","https://cdn.appmaq.com.br/appmaq-media/manuals/01991091-3cd6-7e38-9c4f-f743da18c850/019e8ee4-dd49-7df8-9451-b46b11f41cbf.pdf"
"2197","Trator Agrícola","NEW HOLLAND","T9.470 - COM LEVANTE","LUZES DO PAINEL DOS TRATORES NEW HOLLAND","-","true","https://cdn.appmaq.com.br/appmaq-media/manuals/01991091-3cd6-7e38-9c4f-f743da18c850/019e8ee4-ddd2-785c-b1fc-6ccb63b6822e.pdf"
"2198","Trator Agrícola","NEW HOLLAND","T9.470 - PIVOT","CATALOGO DE PEÇAS E FILTROS PARA OS TRATORES NEW HOLLAND","-","true","https://cdn.appmaq.com.br/appmaq-media/manuals/01991090-977e-7dc9-b327-600454da3c46/019e8ee5-3917-79a3-a41a-dffdbefd1762.pdf"
"2199","Trator Agrícola","NEW HOLLAND","T9.470 - PIVOT","ESPECIFICAÇÕES DOS TRATORES NEW HOLLAND T9.470 T9.520 T9.580 T9.615 T9.700","-","true","https://cdn.appmaq.com.br/appmaq-media/manuals/01991090-977e-7dc9-b327-600454da3c46/019e8ee5-3a1c-7724-afa0-0012585ce9dc.pdf"
"2200","Trator Agrícola","NEW HOLLAND","T9.470 - PIVOT","FOLHETO DOS TRATORES NEW HOLLAND T9","-","true","https://cdn.appmaq.com.br/appmaq-media/manuals/01991090-977e-7dc9-b327-600454da3c46/019e8ee5-3aaa-7f21-a6d2-e5961ebf6155.pdf"
"2201","Trator Agrícola","NEW HOLLAND","T9.470 - PIVOT","INSTRUÇÕES DE LUBRIFICAÇÃO PARA TRATORES NEW HOLLAND","-","true","https://cdn.appmaq.com.br/appmaq-media/manuals/01991090-977e-7dc9-b327-600454da3c46/019e8ee5-3bb8-7aef-a6b6-a875a0065766.pdf"
"2202","Trator Agrícola","NEW HOLLAND","T9.470 - PIVOT","LUZES DO PAINEL DOS TRATORES NEW HOLLAND","-","true","https://cdn.appmaq.com.br/appmaq-media/manuals/01991090-977e-7dc9-b327-600454da3c46/019e8ee5-3be4-78a3-9671-cdd3f4b7a90d.pdf"
"2203","Trator Agrícola","NEW HOLLAND","T9.480","CATALOGO DE PEÇAS E FILTROS PARA OS TRATORES NEW HOLLAND","-","true","https://cdn.appmaq.com.br/appmaq-media/manuals/0196f443-bfa3-7c38-aa9b-bba8c6ebd617/019e8ee5-c731-7a0f-a2e9-4c4dc6169c93.pdf"
"2204","Trator Agrícola","NEW HOLLAND","T9.480","FOLHETO DOS TRATORES NEW HOLLAND T9","-","true","https://cdn.appmaq.com.br/appmaq-media/manuals/0196f443-bfa3-7c38-aa9b-bba8c6ebd617/019e8ee5-c73c-7051-a786-5b1755b4edbe.pdf"
"2205","Trator Agrícola","NEW HOLLAND","T9.480","INSTRUÇÕES DE LUBRIFICAÇÃO PARA TRATORES NEW HOLLAND","-","true","https://cdn.appmaq.com.br/appmaq-media/manuals/0196f443-bfa3-7c38-aa9b-bba8c6ebd617/019e8ee5-c7a0-7aae-b823-4ba97d9a96f2.pdf"
"2206","Trator Agrícola","NEW HOLLAND","T9.480","LUZES DO PAINEL DOS TRATORES NEW HOLLAND","-","true","https://cdn.appmaq.com.br/appmaq-media/manuals/0196f443-bfa3-7c38-aa9b-bba8c6ebd617/019e8ee5-c7b0-76ac-8b11-94ffda83bb21.pdf"
"2207","Trator Agrícola","NEW HOLLAND","T9.480","MANUAL DO OPERADOR DOS TRATORES AGRICOLA T9.435 T9.480 T9.530 T9.565 T9.600 T9.645 T9.700","-","true","https://cdn.appmaq.com.br/appmaq-media/manuals/0196f443-bfa3-7c38-aa9b-bba8c6ebd617/019e8ee5-c86d-7f53-8026-7791ef5b76b0.pdf"
"2208","Trator Agrícola","NEW HOLLAND","T9.505","CATALOGO DE PEÇAS E FILTROS PARA OS TRATORES NEW HOLLAND","-","true","https://cdn.appmaq.com.br/appmaq-media/manuals/019e8ee1-f5ec-7017-9da2-708d834b29be/019e8ee7-8c13-7244-bf56-b01d5d9450b6.pdf"
"2209","Trator Agrícola","NEW HOLLAND","T9.505","FOLHETO DOS TRATORES NEW HOLLAND T9","-","true","https://cdn.appmaq.com.br/appmaq-media/manuals/019e8ee1-f5ec-7017-9da2-708d834b29be/019e8ee7-8c1d-7033-820b-e0391eaed034.pdf"
"2210","Trator Agrícola","NEW HOLLAND","T9.505","INSTRUÇÕES DE LUBRIFICAÇÃO PARA TRATORES NEW HOLLAND","-","true","https://cdn.appmaq.com.br/appmaq-media/manuals/019e8ee1-f5ec-7017-9da2-708d834b29be/019e8ee7-8cb8-7647-a03f-9e3e64fa904b.pdf"
"2211","Trator Agrícola","NEW HOLLAND","T9.505","LUZES DO PAINEL DOS TRATORES NEW HOLLAND","-","true","https://cdn.appmaq.com.br/appmaq-media/manuals/019e8ee1-f5ec-7017-9da2-708d834b29be/019e8ee7-8d57-7fed-920f-38ef45b5dbf7.pdf"
"2212","Trator Agrícola","NEW HOLLAND","T9.505","MANUAL DO OPERADOR DOS TRATORES AGRICOLA T9.390 T9.450 T9.505 T9.560 T9.615 T9.670 EM INGLES","-","true","https://cdn.appmaq.com.br/appmaq-media/manuals/019e8ee1-f5ec-7017-9da2-708d834b29be/019e8ee7-8d9b-7de8-b2d1-16e59f71cd59.pdf"
"2213","Trator Agrícola","NEW HOLLAND","T9.520 - COM LEVANTE","CATALOGO DE PEÇAS E FILTROS PARA OS TRATORES NEW HOLLAND","-","true","https://cdn.appmaq.com.br/appmaq-media/manuals/01991093-8f97-7741-844d-a7621118089a/019e8ee7-d664-7d9f-9ec3-e75d0237e035.pdf"
"2214","Trator Agrícola","NEW HOLLAND","T9.520 - COM LEVANTE","ESPECIFICAÇÕES DOS TRATORES NEW HOLLAND T9.470 T9.520 T9.580 T9.615 T9.700","-","true","https://cdn.appmaq.com.br/appmaq-media/manuals/01991093-8f97-7741-844d-a7621118089a/019e8ee7-d66d-7d86-bc48-fe11e5fedb05.pdf"
"2215","Trator Agrícola","NEW HOLLAND","T9.520 - COM LEVANTE","FOLHETO DOS TRATORES NEW HOLLAND T9","-","true","https://cdn.appmaq.com.br/appmaq-media/manuals/01991093-8f97-7741-844d-a7621118089a/019e8ee7-d6c6-7260-a76d-291fcba5bb34.pdf"
"2216","Trator Agrícola","NEW HOLLAND","T9.520 - COM LEVANTE","INSTRUÇÕES DE LUBRIFICAÇÃO PARA TRATORES NEW HOLLAND","-","true","https://cdn.appmaq.com.br/appmaq-media/manuals/01991093-8f97-7741-844d-a7621118089a/019e8ee7-d725-7944-8f5d-ad0f5e9e24d5.pdf"
"2217","Trator Agrícola","NEW HOLLAND","T9.520 - COM LEVANTE","LUZES DO PAINEL DOS TRATORES NEW HOLLAND","-","true","https://cdn.appmaq.com.br/appmaq-media/manuals/01991093-8f97-7741-844d-a7621118089a/019e8ee7-d769-7474-9156-2158d33c2ecc.pdf"
"2218","Trator Agrícola","NEW HOLLAND","T9.520 - PIVOT","CATALOGO DE PEÇAS E FILTROS PARA OS TRATORES NEW HOLLAND","-","true","https://cdn.appmaq.com.br/appmaq-media/manuals/01991092-54ec-7d04-87c1-563e1a0dad0b/019e8ee9-d77c-7688-9126-2b2fafef0d7e.pdf"
"2219","Trator Agrícola","NEW HOLLAND","T9.520 - PIVOT","ESPECIFICAÇÕES DOS TRATORES NEW HOLLAND T9.470 T9.520 T9.580 T9.615 T9.700","-","true","https://cdn.appmaq.com.br/appmaq-media/manuals/01991092-54ec-7d04-87c1-563e1a0dad0b/019e8ee9-d786-7eec-828b-c2236fd86817.pdf"
"2220","Trator Agrícola","NEW HOLLAND","T9.520 - PIVOT","FOLHETO DOS TRATORES NEW HOLLAND T9","-","true","https://cdn.appmaq.com.br/appmaq-media/manuals/01991092-54ec-7d04-87c1-563e1a0dad0b/019e8ee9-d7b8-7cda-aecf-6732dc59fadf.pdf"
"2221","Trator Agrícola","NEW HOLLAND","T9.520 - PIVOT","INSTRUÇÕES DE LUBRIFICAÇÃO PARA TRATORES NEW HOLLAND","-","true","https://cdn.appmaq.com.br/appmaq-media/manuals/01991092-54ec-7d04-87c1-563e1a0dad0b/019e8ee9-d8a1-778b-a907-30e1ee216da9.pdf"
"2222","Trator Agrícola","NEW HOLLAND","T9.520 - PIVOT","LUZES DO PAINEL DOS TRATORES NEW HOLLAND","-","true","https://cdn.appmaq.com.br/appmaq-media/manuals/01991092-54ec-7d04-87c1-563e1a0dad0b/019e8ee9-d99a-76b1-b2bd-4124be476695.pdf"
"2223","Trator Agrícola","NEW HOLLAND","T9.560","CATALOGO DE PEÇAS E FILTROS PARA OS TRATORES NEW HOLLAND","-","true","https://cdn.appmaq.com.br/appmaq-media/manuals/019e8ee2-26e9-712a-906e-d427dfbb6d1b/019e8ee9-47d4-7788-b4bc-6fcb09b2f2ae.pdf"
"2224","Trator Agrícola","NEW HOLLAND","T9.560","FOLHETO DOS TRATORES NEW HOLLAND T9","-","true","https://cdn.appmaq.com.br/appmaq-media/manuals/019e8ee2-26e9-712a-906e-d427dfbb6d1b/019e8ee9-47df-73a6-9e6d-9b20d4ac55da.pdf"
"2225","Trator Agrícola","NEW HOLLAND","T9.560","INSTRUÇÕES DE LUBRIFICAÇÃO PARA TRATORES NEW HOLLAND","-","true","https://cdn.appmaq.com.br/appmaq-media/manuals/019e8ee2-26e9-712a-906e-d427dfbb6d1b/019e8ee9-4845-7622-bd0d-7add07825288.pdf"
"2226","Trator Agrícola","NEW HOLLAND","T9.560","LUZES DO PAINEL DOS TRATORES NEW HOLLAND","-","true","https://cdn.appmaq.com.br/appmaq-media/manuals/019e8ee2-26e9-712a-906e-d427dfbb6d1b/019e8ee9-4857-77fc-bec2-c4ae880be656.pdf"
"2227","Trator Agrícola","NEW HOLLAND","T9.560","MANUAL DO OPERADOR DOS TRATORES AGRICOLA T9.390 T9.450 T9.505 T9.560 T9.615 T9.670 EM INGLES","-","true","https://cdn.appmaq.com.br/appmaq-media/manuals/019e8ee2-26e9-712a-906e-d427dfbb6d1b/019e8ee9-48b3-74bb-bdb0-5f5510e81cc5.pdf"
"2228","Trator Agrícola","NEW HOLLAND","T9.565","CATALOGO DE PEÇAS E FILTROS PARA OS TRATORES NEW HOLLAND","-","true","https://cdn.appmaq.com.br/appmaq-media/manuals/0195b3ba-39a6-779c-90b1-66bcea6f7e9a/019e8eea-66e6-7d5c-9c8e-04306f98f4f9.pdf"
"2229","Trator Agrícola","NEW HOLLAND","T9.565","ESPECIFICAÇÕES DOS TRATORES NEW HOLLAND T9 BX","-","true","https://cdn.appmaq.com.br/appmaq-media/manuals/0195b3ba-39a6-779c-90b1-66bcea6f7e9a/019e8eea-66f0-71e0-97e9-7163fb3258c7.pdf"
"2230","Trator Agrícola","NEW HOLLAND","T9.565","INSTRUÇÕES DE LUBRIFICAÇÃO PARA TRATORES NEW HOLLAND","-","true","https://cdn.appmaq.com.br/appmaq-media/manuals/0195b3ba-39a6-779c-90b1-66bcea6f7e9a/019e8eea-6737-7688-a255-6e6588136973.pdf"
"2231","Trator Agrícola","NEW HOLLAND","T9.565","LUZES DO PAINEL DOS TRATORES NEW HOLLAND","-","true","https://cdn.appmaq.com.br/appmaq-media/manuals/0195b3ba-39a6-779c-90b1-66bcea6f7e9a/019e8eea-675a-7a98-9d3d-3a7ac9ee8616.pdf"
"2232","Trator Agrícola","NEW HOLLAND","T9.565","MANUAL DO OPERADOR DOS TRATORES AGRICOLA T9.435 T9.480 T9.530 T9.565 T9.600 T9.645 T9.700","-","true","https://cdn.appmaq.com.br/appmaq-media/manuals/0195b3ba-39a6-779c-90b1-66bcea6f7e9a/019e8eea-67cc-7b50-9298-c161caed5096.pdf"
"2233","Trator Agrícola","NEW HOLLAND","T9.580 - COM LEVANTE","CATALOGO DE PEÇAS E FILTROS PARA OS TRATORES NEW HOLLAND","-","true","https://cdn.appmaq.com.br/appmaq-media/manuals/01991094-dbaa-72c5-a871-e491712547c5/019e8eea-c27e-71ce-a7e0-b87aebebc57b.pdf"
"2234","Trator Agrícola","NEW HOLLAND","T9.580 - COM LEVANTE","ESPECIFICAÇÕES DOS TRATORES NEW HOLLAND T9.470 T9.520 T9.580 T9.615 T9.700","-","true","https://cdn.appmaq.com.br/appmaq-media/manuals/01991094-dbaa-72c5-a871-e491712547c5/019e8eea-c287-72e0-8818-cd1c0504e111.pdf"
"2235","Trator Agrícola","NEW HOLLAND","T9.580 - COM LEVANTE","FOLHETO DOS TRATORES NEW HOLLAND T9","-","true","https://cdn.appmaq.com.br/appmaq-media/manuals/01991094-dbaa-72c5-a871-e491712547c5/019e8eea-c2a2-7f37-9a51-3a89b3ef92cc.pdf"
"2236","Trator Agrícola","NEW HOLLAND","T9.580 - COM LEVANTE","INSTRUÇÕES DE LUBRIFICAÇÃO PARA TRATORES NEW HOLLAND","-","true","https://cdn.appmaq.com.br/appmaq-media/manuals/01991094-dbaa-72c5-a871-e491712547c5/019e8eea-c35e-7f9f-b2dd-8ab355c1cedc.pdf"
"2237","Trator Agrícola","NEW HOLLAND","T9.580 - COM LEVANTE","LUZES DO PAINEL DOS TRATORES NEW HOLLAND","-","true","https://cdn.appmaq.com.br/appmaq-media/manuals/01991094-dbaa-72c5-a871-e491712547c5/019e8eea-c37e-7448-89ce-5cb992335868.pdf"
"2238","Trator Agrícola","NEW HOLLAND","T9.580 - PIVOT","CATALOGO DE PEÇAS E FILTROS PARA OS TRATORES NEW HOLLAND","-","true","https://cdn.appmaq.com.br/appmaq-media/manuals/01991094-7805-7bc1-9c0e-520d5175f1b0/019e8eeb-1747-7b8d-9fbd-be1f2efb8f42.pdf"
"2239","Trator Agrícola","NEW HOLLAND","T9.580 - PIVOT","ESPECIFICAÇÕES DOS TRATORES NEW HOLLAND T9.470 T9.520 T9.580 T9.615 T9.700","-","true","https://cdn.appmaq.com.br/appmaq-media/manuals/01991094-7805-7bc1-9c0e-520d5175f1b0/019e8eeb-1750-7d1e-a949-bfce2ac408bc.pdf"
"2240","Trator Agrícola","NEW HOLLAND","T9.580 - PIVOT","FOLHETO DOS TRATORES NEW HOLLAND T9","-","true","https://cdn.appmaq.com.br/appmaq-media/manuals/01991094-7805-7bc1-9c0e-520d5175f1b0/019e8eeb-179a-7ffb-be12-241ed3e6e41a.pdf"
"2241","Trator Agrícola","NEW HOLLAND","T9.580 - PIVOT","INSTRUÇÕES DE LUBRIFICAÇÃO PARA TRATORES NEW HOLLAND","-","true","https://cdn.appmaq.com.br/appmaq-media/manuals/01991094-7805-7bc1-9c0e-520d5175f1b0/019e8eeb-1881-7984-a19f-374b04bf0763.pdf"
"2242","Trator Agrícola","NEW HOLLAND","T9.580 - PIVOT","LUZES DO PAINEL DOS TRATORES NEW HOLLAND","-","true","https://cdn.appmaq.com.br/appmaq-media/manuals/01991094-7805-7bc1-9c0e-520d5175f1b0/019e8eeb-18fb-7340-8e1e-6cf2b1bd95b4.pdf"
"2243","Trator Agrícola","NEW HOLLAND","T9.615 - COM LEVANTE","CATALOGO DE PEÇAS E FILTROS PARA OS TRATORES NEW HOLLAND","-","true","https://cdn.appmaq.com.br/appmaq-media/manuals/01991096-2c7d-7267-882a-5836c56fedec/019e8eeb-6ea9-7319-9db5-6e0ed3de3205.pdf"
"2244","Trator Agrícola","NEW HOLLAND","T9.615 - COM LEVANTE","ESPECIFICAÇÕES DOS TRATORES NEW HOLLAND T9.470 T9.520 T9.580 T9.615 T9.700","-","true","https://cdn.appmaq.com.br/appmaq-media/manuals/01991096-2c7d-7267-882a-5836c56fedec/019e8eeb-6eb2-757c-9c43-e2cfd5d133f2.pdf"
"2245","Trator Agrícola","NEW HOLLAND","T9.615 - COM LEVANTE","FOLHETO DOS TRATORES NEW HOLLAND T9","-","true","https://cdn.appmaq.com.br/appmaq-media/manuals/01991096-2c7d-7267-882a-5836c56fedec/019e8eeb-6ed0-7538-abb5-0a1797404614.pdf"
"2246","Trator Agrícola","NEW HOLLAND","T9.615 - COM LEVANTE","INSTRUÇÕES DE LUBRIFICAÇÃO PARA TRATORES NEW HOLLAND","-","true","https://cdn.appmaq.com.br/appmaq-media/manuals/01991096-2c7d-7267-882a-5836c56fedec/019e8eeb-6f3a-7fe6-bd63-ddb72ad3d9d1.pdf"
"2247","Trator Agrícola","NEW HOLLAND","T9.615 - COM LEVANTE","LUZES DO PAINEL DOS TRATORES NEW HOLLAND","-","true","https://cdn.appmaq.com.br/appmaq-media/manuals/01991096-2c7d-7267-882a-5836c56fedec/019e8eeb-6f95-7380-aff3-584f4a94233f.pdf"
"2248","Trator Agrícola","NEW HOLLAND","T9.615 - COM LEVANTE","MANUAL DO OPERADOR DOS TRATORES AGRICOLA T9.390 T9.450 T9.505 T9.560 T9.615 T9.670 EM INGLES","-","true","https://cdn.appmaq.com.br/appmaq-media/manuals/01991096-2c7d-7267-882a-5836c56fedec/019e8eeb-6fc4-7042-9d13-9013260b9efe.pdf"
"2249","Trator Agrícola","NEW HOLLAND","T9.615 - PIVOT","CATALOGO DE PEÇAS E FILTROS PARA OS TRATORES NEW HOLLAND","-","true","https://cdn.appmaq.com.br/appmaq-media/manuals/01991095-bcdf-7471-b8c0-555a32587a55/019e8eeb-bea8-787b-b1de-a743b8e3bf91.pdf"
"2250","Trator Agrícola","NEW HOLLAND","T9.615 - PIVOT","ESPECIFICAÇÕES DOS TRATORES NEW HOLLAND T9.470 T9.520 T9.580 T9.615 T9.700","-","true","https://cdn.appmaq.com.br/appmaq-media/manuals/01991095-bcdf-7471-b8c0-555a32587a55/019e8eeb-beb0-7820-bb9c-64775bbfbf6b.pdf"
"2251","Trator Agrícola","NEW HOLLAND","T9.615 - PIVOT","FOLHETO DOS TRATORES NEW HOLLAND T9","-","true","https://cdn.appmaq.com.br/appmaq-media/manuals/01991095-bcdf-7471-b8c0-555a32587a55/019e8eeb-bedf-7881-961c-65c10f7342b3.pdf"
"2252","Trator Agrícola","NEW HOLLAND","T9.615 - PIVOT","INSTRUÇÕES DE LUBRIFICAÇÃO PARA TRATORES NEW HOLLAND","-","true","https://cdn.appmaq.com.br/appmaq-media/manuals/01991095-bcdf-7471-b8c0-555a32587a55/019e8eeb-bf7b-7ef7-b6eb-bbecffadd1cf.pdf"
"2253","Trator Agrícola","NEW HOLLAND","T9.615 - PIVOT","LUZES DO PAINEL DOS TRATORES NEW HOLLAND","-","true","https://cdn.appmaq.com.br/appmaq-media/manuals/01991095-bcdf-7471-b8c0-555a32587a55/019e8eeb-bf8a-7d8e-9c95-87df5f6fb3ef.pdf"
"2254","Trator Agrícola","NEW HOLLAND","T9.615 - PIVOT","MANUAL DO OPERADOR DOS TRATORES AGRICOLA T9.390 T9.450 T9.505 T9.560 T9.615 T9.670 EM INGLES","-","true","https://cdn.appmaq.com.br/appmaq-media/manuals/01991095-bcdf-7471-b8c0-555a32587a55/019e8eeb-bfc9-7ff6-bf8c-80f03ebd91c4.pdf"
"2255","Trator Agrícola","NEW HOLLAND","T9.700 - PIVOT","CATALOGO DE PEÇAS E FILTROS PARA OS TRATORES NEW HOLLAND","-","true","https://cdn.appmaq.com.br/appmaq-media/manuals/01991096-dacf-79f5-b264-1c71b6a44496/019e8eec-e6f5-7d17-92a8-bfa1daa7d10c.pdf"
"2256","Trator Agrícola","NEW HOLLAND","T9.700 - PIVOT","ESPECIFICAÇÕES DOS TRATORES NEW HOLLAND T9.470 T9.520 T9.580 T9.615 T9.700","-","true","https://cdn.appmaq.com.br/appmaq-media/manuals/01991096-dacf-79f5-b264-1c71b6a44496/019e8eec-e6ff-7a46-94b5-b584721113b9.pdf"
"2257","Trator Agrícola","NEW HOLLAND","T9.700 - PIVOT","FICHA TÉCNICA TRATOR NEW HOLLAND T9.700","-","true","https://cdn.appmaq.com.br/appmaq-media/manuals/01991096-dacf-79f5-b264-1c71b6a44496/019e8eec-e728-78a4-be13-d01f2c498217.pdf"
"2258","Trator Agrícola","NEW HOLLAND","T9.700 - PIVOT","FOLHETO DOS TRATORES NEW HOLLAND T9","-","true","https://cdn.appmaq.com.br/appmaq-media/manuals/01991096-dacf-79f5-b264-1c71b6a44496/019e8eec-e760-7221-8675-eeaeef29da54.pdf"
"2259","Trator Agrícola","NEW HOLLAND","T9.700 - PIVOT","INSTRUÇÕES DE LUBRIFICAÇÃO PARA TRATORES NEW HOLLAND","-","true","https://cdn.appmaq.com.br/appmaq-media/manuals/01991096-dacf-79f5-b264-1c71b6a44496/019e8eec-e7ea-7383-bdaa-129c3353e0b2.pdf"
"2260","Trator Agrícola","NEW HOLLAND","T9.700 - PIVOT","LUZES DO PAINEL DOS TRATORES NEW HOLLAND","-","true","https://cdn.appmaq.com.br/appmaq-media/manuals/01991096-dacf-79f5-b264-1c71b6a44496/019e8eec-e8ee-7f0d-a926-29812a046039.pdf"
"2261","Trator Agrícola","NEW HOLLAND","T9.700 - PIVOT","MANUAL DO OPERADOR DOS TRATORES AGRICOLA T9.390 T9.450 T9.505 T9.560 T9.615 T9.670 EM INGLES","-","true","https://cdn.appmaq.com.br/appmaq-media/manuals/01991096-dacf-79f5-b264-1c71b6a44496/019e8eec-e92c-7800-99dc-3f80a8d0c435.pdf"
"2262","Trator Agrícola","NEW HOLLAND","T9.700 - PIVOT","MANUAL DO OPERADOR DOS TRATORES AGRICOLA T9.435 T9.480 T9.530 T9.565 T9.600 T9.645 T9.700","-","true","https://cdn.appmaq.com.br/appmaq-media/manuals/01991096-dacf-79f5-b264-1c71b6a44496/019e8eec-e9a2-7438-ac5a-17a4649498b8.pdf"
"2263","Trator Agrícola","NEW HOLLAND","TK4.100","CATALOGO DE PEÇAS E FILTROS PARA OS TRATORES NEW HOLLAND","-","true","https://cdn.appmaq.com.br/appmaq-media/manuals/019ea8ab-83d3-7ce8-8ee3-c0693f66f59a/019eac51-e5bf-75da-a2b2-14394d140313.pdf"
"2264","Trator Agrícola","NEW HOLLAND","TK4.100","FOLHETO DOS TRATORES NEW HOLLAND TK4","-","true","https://cdn.appmaq.com.br/appmaq-media/manuals/019ea8ab-83d3-7ce8-8ee3-c0693f66f59a/019eac51-e5cc-78a6-9b2f-63e888e45180.pdf"
"2265","Trator Agrícola","NEW HOLLAND","TK4.100","INSTRUÇÕES DE LUBRIFICAÇÃO PARA TRATORES NEW HOLLAND","-","true","https://cdn.appmaq.com.br/appmaq-media/manuals/019ea8ab-83d3-7ce8-8ee3-c0693f66f59a/019eac51-e66a-722c-ae38-fbd26c4ead5c.pdf"
"2266","Trator Agrícola","NEW HOLLAND","TK4.100","LUZES DO PAINEL DOS TRATORES NEW HOLLAND","-","true","https://cdn.appmaq.com.br/appmaq-media/manuals/019ea8ab-83d3-7ce8-8ee3-c0693f66f59a/019eac51-e730-7f50-90c4-ec632e3c84b8.pdf"
"2267","Trator Agrícola","NEW HOLLAND","TK4.80","CATALOGO DE PEÇAS E FILTROS PARA OS TRATORES NEW HOLLAND","-","true","https://cdn.appmaq.com.br/appmaq-media/manuals/0198f64e-07c3-7ce2-a66c-45e2d720a1b3/019eac49-be85-7ef9-bde2-2a3b278dd3c8.pdf"
"2268","Trator Agrícola","NEW HOLLAND","TK4.80","FOLHETO DOS TRATORES NEW HOLLAND TK4","-","true","https://cdn.appmaq.com.br/appmaq-media/manuals/0198f64e-07c3-7ce2-a66c-45e2d720a1b3/019eac49-bef9-7f72-890d-1d655391f067.pdf"
"2269","Trator Agrícola","NEW HOLLAND","TK4.80","INSTRUÇÕES DE LUBRIFICAÇÃO PARA TRATORES NEW HOLLAND","-","true","https://cdn.appmaq.com.br/appmaq-media/manuals/0198f64e-07c3-7ce2-a66c-45e2d720a1b3/019eac49-bf4a-7bc3-ad94-1ff45bada954.pdf"
"2270","Trator Agrícola","NEW HOLLAND","TK4.80","LUZES DO PAINEL DOS TRATORES NEW HOLLAND","-","true","https://cdn.appmaq.com.br/appmaq-media/manuals/0198f64e-07c3-7ce2-a66c-45e2d720a1b3/019eac49-c257-74a5-a280-7b4543690c05.pdf"
"2271","Trator Agrícola","NEW HOLLAND","TK4.90","CATALOGO DE PEÇAS E FILTROS PARA OS TRATORES NEW HOLLAND","-","true","https://cdn.appmaq.com.br/appmaq-media/manuals/019ea8ab-3e1c-7b9b-a0fb-e11661e1b0ec/019eac51-9050-78d0-b677-eaf10de81cf6.pdf"
"2272","Trator Agrícola","NEW HOLLAND","TK4.90","FOLHETO DOS TRATORES NEW HOLLAND TK4","-","true","https://cdn.appmaq.com.br/appmaq-media/manuals/019ea8ab-3e1c-7b9b-a0fb-e11661e1b0ec/019eac51-905c-7712-8449-38fce27c3ad4.pdf"
"2273","Trator Agrícola","NEW HOLLAND","TK4.90","INSTRUÇÕES DE LUBRIFICAÇÃO PARA TRATORES NEW HOLLAND","-","true","https://cdn.appmaq.com.br/appmaq-media/manuals/019ea8ab-3e1c-7b9b-a0fb-e11661e1b0ec/019eac51-90f1-79b4-9db4-ec84b19bf316.pdf"
"2274","Trator Agrícola","NEW HOLLAND","TK4.90","LUZES DO PAINEL DOS TRATORES NEW HOLLAND","-","true","https://cdn.appmaq.com.br/appmaq-media/manuals/019ea8ab-3e1c-7b9b-a0fb-e11661e1b0ec/019eac51-9138-787a-bdf6-aacd38b7dfc4.pdf"
"2275","Trator Agrícola","NEW HOLLAND","TL100","CATÁLOGO DE PEÇAS DO TRATOR NEW HOLLAND T3-T8, TD, TL, E TV TRACTOR SERIES EM INGLES","-","true","https://cdn.appmaq.com.br/appmaq-media/manuals/01957100-b0e0-744e-9a84-1022fbb7b8e9/019e8eed-966f-7ea5-93d0-2c6d33403ea6.pdf"
"2276","Trator Agrícola","NEW HOLLAND","TL100","CATALOGO DE PEÇAS E FILTROS PARA OS TRATORES NEW HOLLAND","-","true","https://cdn.appmaq.com.br/appmaq-media/manuals/01957100-b0e0-744e-9a84-1022fbb7b8e9/019e8eed-96ec-787f-81ac-0971e8b83f70.pdf"
"2277","Trator Agrícola","NEW HOLLAND","TL100","INSTRUÇÕES DE LUBRIFICAÇÃO PARA TRATORES NEW HOLLAND","-","true","https://cdn.appmaq.com.br/appmaq-media/manuals/01957100-b0e0-744e-9a84-1022fbb7b8e9/019e8eed-970f-761f-8a34-f0a852eb271c.pdf"
"2278","Trator Agrícola","NEW HOLLAND","TL100","LUZES DO PAINEL DOS TRATORES NEW HOLLAND","-","true","https://cdn.appmaq.com.br/appmaq-media/manuals/01957100-b0e0-744e-9a84-1022fbb7b8e9/019e8eed-97a5-7cf6-bf2f-72ca5f015667.pdf"
"2279","Trator Agrícola","NEW HOLLAND","TL100","SISTEMA DE DIREÇÃO DOS TRATORES NEW HOLLAND - TT-TL-TT4-T4-T3-T5S-S30-T6","-","true","https://cdn.appmaq.com.br/appmaq-media/manuals/01957100-b0e0-744e-9a84-1022fbb7b8e9/019e8eed-97d6-7c1e-a925-dc48c82d23ba.pdf"
"2280","Trator Agrícola","NEW HOLLAND","TL5.100","CATÁLOGO DE PEÇAS DO TRATOR NEW HOLLAND T3-T8, TD, TL, E TV TRACTOR SERIES EM INGLES","-","true","https://cdn.appmaq.com.br/appmaq-media/manuals/01957100-b0e0-78fe-bb6f-a7f6b6aa3b61/019e8eee-2a0b-7407-b442-f45b95a2863a.pdf"
"2281","Trator Agrícola","NEW HOLLAND","TL5.100","CATALOGO DE PEÇAS E FILTROS PARA OS TRATORES NEW HOLLAND","-","true","https://cdn.appmaq.com.br/appmaq-media/manuals/01957100-b0e0-78fe-bb6f-a7f6b6aa3b61/019e8eee-2ac6-7075-b57b-01eca0ee61d9.pdf"
"2282","Trator Agrícola","NEW HOLLAND","TL5.100","FICHA TÉCNICA TRATOR NEW HOLLAND TL5","-","true","https://cdn.appmaq.com.br/appmaq-media/manuals/01957100-b0e0-78fe-bb6f-a7f6b6aa3b61/019e8eee-2ad7-7f6f-a453-6bdc44e9e1a5.pdf"
"2283","Trator Agrícola","NEW HOLLAND","TL5.100","INSTRUÇÕES DE LUBRIFICAÇÃO PARA TRATORES NEW HOLLAND","-","true","https://cdn.appmaq.com.br/appmaq-media/manuals/01957100-b0e0-78fe-bb6f-a7f6b6aa3b61/019e8eee-2b6f-7bc4-a9d5-39925c315785.pdf"
"2284","Trator Agrícola","NEW HOLLAND","TL5.100","LUZES DO PAINEL DOS TRATORES NEW HOLLAND","-","true","https://cdn.appmaq.com.br/appmaq-media/manuals/01957100-b0e0-78fe-bb6f-a7f6b6aa3b61/019e8eee-2b90-78ee-a062-7c76b23ff993.pdf"
"2285","Trator Agrícola","NEW HOLLAND","TL5.100","MANUAL DO OPERADOR DOS TRATORES NEW HOLLAND TL5 EM ESPANHOL","-","true","https://cdn.appmaq.com.br/appmaq-media/manuals/01957100-b0e0-78fe-bb6f-a7f6b6aa3b61/019e8eee-2cd7-7edc-9d0c-a6ac94b94a34.pdf"
"2286","Trator Agrícola","NEW HOLLAND","TL5.100","SISTEMA DE DIREÇÃO DOS TRATORES NEW HOLLAND - TT-TL-TT4-T4-T3-T5S-S30-T6","-","true","https://cdn.appmaq.com.br/appmaq-media/manuals/01957100-b0e0-78fe-bb6f-a7f6b6aa3b61/019e8eee-2d5a-7c7d-a77a-22af957f3673.pdf"
"2287","Trator Agrícola","NEW HOLLAND","TL5.80","CATÁLOGO DE PEÇAS DO TRATOR NEW HOLLAND T3-T8, TD, TL, E TV TRACTOR SERIES EM INGLES","-","true","https://cdn.appmaq.com.br/appmaq-media/manuals/01957100-b0e0-7fc5-876a-00b7219d4ed9/019e8eee-aa3b-780c-8d81-64e4b2b17dfe.pdf"
"2288","Trator Agrícola","NEW HOLLAND","TL5.80","CATALOGO DE PEÇAS E FILTROS PARA OS TRATORES NEW HOLLAND","-","true","https://cdn.appmaq.com.br/appmaq-media/manuals/01957100-b0e0-7fc5-876a-00b7219d4ed9/019e8eee-aa9f-76fc-b0af-df7d96e1473f.pdf"
"2289","Trator Agrícola","NEW HOLLAND","TL5.80","FICHA TÉCNICA TRATOR NEW HOLLAND TL5","-","true","https://cdn.appmaq.com.br/appmaq-media/manuals/01957100-b0e0-7fc5-876a-00b7219d4ed9/019e8eee-aac5-773d-a37d-c1e921569d72.pdf"
"2290","Trator Agrícola","NEW HOLLAND","TL5.80","INSTRUÇÕES DE LUBRIFICAÇÃO PARA TRATORES NEW HOLLAND","-","true","https://cdn.appmaq.com.br/appmaq-media/manuals/01957100-b0e0-7fc5-876a-00b7219d4ed9/019e8eee-ab54-7661-8984-e8e6385b0569.pdf"
"2291","Trator Agrícola","NEW HOLLAND","TL5.80","LUZES DO PAINEL DOS TRATORES NEW HOLLAND","-","true","https://cdn.appmaq.com.br/appmaq-media/manuals/01957100-b0e0-7fc5-876a-00b7219d4ed9/019e8eee-ab84-76d4-8bf7-60088b89bbcc.pdf"
"2292","Trator Agrícola","NEW HOLLAND","TL5.80","MANUAL DO OPERADOR DOS TRATORES NEW HOLLAND TL5 EM ESPANHOL","-","true","https://cdn.appmaq.com.br/appmaq-media/manuals/01957100-b0e0-7fc5-876a-00b7219d4ed9/019e8eee-ac92-7cb5-ab31-b1e5e37c031c.pdf"
"2293","Trator Agrícola","NEW HOLLAND","TL5.80","SISTEMA DE DIREÇÃO DOS TRATORES NEW HOLLAND - TT-TL-TT4-T4-T3-T5S-S30-T6","-","true","https://cdn.appmaq.com.br/appmaq-media/manuals/01957100-b0e0-7fc5-876a-00b7219d4ed9/019e8eee-ad20-7e10-b088-eb38839d837a.pdf"
"2294","Trator Agrícola","NEW HOLLAND","TL5.90","CATÁLOGO DE PEÇAS DO TRATOR NEW HOLLAND T3-T8, TD, TL, E TV TRACTOR SERIES EM INGLES","-","true","https://cdn.appmaq.com.br/appmaq-media/manuals/01957100-b0e0-7bee-8548-ca76773346fe/019e8eef-073e-76eb-a64a-79941e621cfb.pdf"
"2295","Trator Agrícola","NEW HOLLAND","TL5.90","CATALOGO DE PEÇAS E FILTROS PARA OS TRATORES NEW HOLLAND","-","true","https://cdn.appmaq.com.br/appmaq-media/manuals/01957100-b0e0-7bee-8548-ca76773346fe/019e8eef-079b-7e2a-992b-34181606a2c8.pdf"
"2296","Trator Agrícola","NEW HOLLAND","TL5.90","FICHA TÉCNICA TRATOR NEW HOLLAND TL5","-","true","https://cdn.appmaq.com.br/appmaq-media/manuals/01957100-b0e0-7bee-8548-ca76773346fe/019e8eef-081b-7579-99c2-5d92db848076.pdf"
"2297","Trator Agrícola","NEW HOLLAND","TL5.90","INSTRUÇÕES DE LUBRIFICAÇÃO PARA TRATORES NEW HOLLAND","-","true","https://cdn.appmaq.com.br/appmaq-media/manuals/01957100-b0e0-7bee-8548-ca76773346fe/019e8eef-0850-797f-993d-5dd89a335986.pdf"
"2298","Trator Agrícola","NEW HOLLAND","TL5.90","LUZES DO PAINEL DOS TRATORES NEW HOLLAND","-","true","https://cdn.appmaq.com.br/appmaq-media/manuals/01957100-b0e0-7bee-8548-ca76773346fe/019e8eef-0885-731d-b4cc-6dbeae6804f5.pdf"
"2299","Trator Agrícola","NEW HOLLAND","TL5.90","MANUAL DO OPERADOR DOS TRATORES NEW HOLLAND TL5 EM ESPANHOL","-","true","https://cdn.appmaq.com.br/appmaq-media/manuals/01957100-b0e0-7bee-8548-ca76773346fe/019e8eef-0901-7d21-8e88-c10c975c69f2.pdf"
"2300","Trator Agrícola","NEW HOLLAND","TL5.90","SISTEMA DE DIREÇÃO DOS TRATORES NEW HOLLAND - TT-TL-TT4-T4-T3-T5S-S30-T6","-","true","https://cdn.appmaq.com.br/appmaq-media/manuals/01957100-b0e0-7bee-8548-ca76773346fe/019e8eef-0a33-7429-b62d-4d4df5dd9382.pdf"
"2301","Trator Agrícola","NEW HOLLAND","TL60E","CATÁLOGO DE PEÇAS DO TRATOR NEW HOLLAND T3-T8, TD, TL, E TV TRACTOR SERIES EM INGLES","-","true","https://cdn.appmaq.com.br/appmaq-media/manuals/01957100-b0e0-7465-8411-b1bf9bd7f624/019e8eef-a679-7e1a-9616-be98a52e24b4.pdf"
"2302","Trator Agrícola","NEW HOLLAND","TL60E","CATALOGO DE PEÇAS E FILTROS PARA OS TRATORES NEW HOLLAND","-","true","https://cdn.appmaq.com.br/appmaq-media/manuals/01957100-b0e0-7465-8411-b1bf9bd7f624/019e8eef-a6f7-751f-828f-e042a96cb2cf.pdf"
"2303","Trator Agrícola","NEW HOLLAND","TL60E","FICHA TÉCNICA TRATOR NEW HOLLAND TL","-","true","https://cdn.appmaq.com.br/appmaq-media/manuals/01957100-b0e0-7465-8411-b1bf9bd7f624/019e8eef-a71f-753f-a6f1-c592b29c9a6d.pdf"
"2304","Trator Agrícola","NEW HOLLAND","TL60E","INSTRUÇÕES DE LUBRIFICAÇÃO PARA TRATORES NEW HOLLAND","-","true","https://cdn.appmaq.com.br/appmaq-media/manuals/01957100-b0e0-7465-8411-b1bf9bd7f624/019e8eef-a7d4-7e31-a9b9-a4902d5a6c1f.pdf"
"2305","Trator Agrícola","NEW HOLLAND","TL60E","LUZES DO PAINEL DOS TRATORES NEW HOLLAND","-","true","https://cdn.appmaq.com.br/appmaq-media/manuals/01957100-b0e0-7465-8411-b1bf9bd7f624/019e8eef-a7ed-7aa2-b034-ba1d794936d5.pdf"
"2306","Trator Agrícola","NEW HOLLAND","TL60E","MANUAL DO OPERADOR DOS TRATORES NEW HOLLAND TL E TLE","-","true","https://cdn.appmaq.com.br/appmaq-media/manuals/01957100-b0e0-7465-8411-b1bf9bd7f624/019e8eef-a851-7cb9-b049-fec19b956a7c.pdf"
"2307","Trator Agrícola","NEW HOLLAND","TL60E","MANUAL DO OPERADOR TRATORES NEW HOLLAND MODELO TL 60 TL 75 TL 85 E TL 90","-","true","https://cdn.appmaq.com.br/appmaq-media/manuals/01957100-b0e0-7465-8411-b1bf9bd7f624/019e8eef-aa8d-7240-9893-beb1abc6ff7f.pdf"
"2308","Trator Agrícola","NEW HOLLAND","TL60E","SISTEMA DE DIREÇÃO DOS TRATORES NEW HOLLAND - TT-TL-TT4-T4-T3-T5S-S30-T6","-","true","https://cdn.appmaq.com.br/appmaq-media/manuals/01957100-b0e0-7465-8411-b1bf9bd7f624/019e8eef-acfe-7c65-824b-6be6a74ee7e2.pdf"
"2309","Trator Agrícola","NEW HOLLAND","TL65","CATÁLOGO DE PEÇAS DO TRATOR NEW HOLLAND T3-T8, TD, TL, E TV TRACTOR SERIES EM INGLES","-","true","https://cdn.appmaq.com.br/appmaq-media/manuals/01957100-b0e0-709a-9fa2-8181c9acebb2/019e8ef0-30d4-7f0a-9a6b-c365cb77cb21.pdf"
"2310","Trator Agrícola","NEW HOLLAND","TL65","CATALOGO DE PEÇAS E FILTROS PARA OS TRATORES NEW HOLLAND","-","true","https://cdn.appmaq.com.br/appmaq-media/manuals/01957100-b0e0-709a-9fa2-8181c9acebb2/019e8ef0-3133-787f-a49c-b5f957019e75.pdf"
"2311","Trator Agrícola","NEW HOLLAND","TL65","INSTRUÇÕES DE LUBRIFICAÇÃO PARA TRATORES NEW HOLLAND","-","true","https://cdn.appmaq.com.br/appmaq-media/manuals/01957100-b0e0-709a-9fa2-8181c9acebb2/019e8ef0-313e-71fe-96db-df7e7c370a4f.pdf"
"2312","Trator Agrícola","NEW HOLLAND","TL65","LUZES DO PAINEL DOS TRATORES NEW HOLLAND","-","true","https://cdn.appmaq.com.br/appmaq-media/manuals/01957100-b0e0-709a-9fa2-8181c9acebb2/019e8ef0-31f0-71b6-9999-96c272f6e8a8.pdf"
"2313","Trator Agrícola","NEW HOLLAND","TL65","MANUAL DO OPERADOR DOS TRATORES NEW HOLLAND TL E TLE","-","true","https://cdn.appmaq.com.br/appmaq-media/manuals/01957100-b0e0-709a-9fa2-8181c9acebb2/019e8ef0-3248-7421-a327-9fade50ca71d.pdf"
"2314","Trator Agrícola","NEW HOLLAND","TL65","SISTEMA DE DIREÇÃO DOS TRATORES NEW HOLLAND - TT-TL-TT4-T4-T3-T5S-S30-T6","-","true","https://cdn.appmaq.com.br/appmaq-media/manuals/01957100-b0e0-709a-9fa2-8181c9acebb2/019e8ef0-343b-7e9e-926c-fed0ca539195.pdf"
"2315","Trator Agrícola","NEW HOLLAND","TL70","CATÁLOGO DE PEÇAS DO TRATOR NEW HOLLAND T3-T8, TD, TL, E TV TRACTOR SERIES EM INGLES","-","true","https://cdn.appmaq.com.br/appmaq-media/manuals/01957100-b0e0-7c87-a317-3a70a499f1a2/019e8ef0-85e9-771e-9204-6079bc2f51a5.pdf"
"2316","Trator Agrícola","NEW HOLLAND","TL70","CATALOGO DE PEÇAS E FILTROS PARA OS TRATORES NEW HOLLAND","-","true","https://cdn.appmaq.com.br/appmaq-media/manuals/01957100-b0e0-7c87-a317-3a70a499f1a2/019e8ef0-866b-78ff-b502-2dec9fa0ef63.pdf"
"2317","Trator Agrícola","NEW HOLLAND","TL70","INSTRUÇÕES DE LUBRIFICAÇÃO PARA TRATORES NEW HOLLAND","-","true","https://cdn.appmaq.com.br/appmaq-media/manuals/01957100-b0e0-7c87-a317-3a70a499f1a2/019e8ef0-867b-7c62-b410-6b75863cd2a5.pdf"
"2318","Trator Agrícola","NEW HOLLAND","TL70","LUZES DO PAINEL DOS TRATORES NEW HOLLAND","-","true","https://cdn.appmaq.com.br/appmaq-media/manuals/01957100-b0e0-7c87-a317-3a70a499f1a2/019e8ef0-870c-795b-91e8-156a51875197.pdf"
"2319","Trator Agrícola","NEW HOLLAND","TL70","SISTEMA DE DIREÇÃO DOS TRATORES NEW HOLLAND - TT-TL-TT4-T4-T3-T5S-S30-T6","-","true","https://cdn.appmaq.com.br/appmaq-media/manuals/01957100-b0e0-7c87-a317-3a70a499f1a2/019e8ef0-8747-7af4-b201-af152f7b5ba0.pdf"
"2320","Trator Agrícola","NEW HOLLAND","TL75","CATÁLOGO DE PEÇAS DO TRATOR NEW HOLLAND T3-T8, TD, TL, E TV TRACTOR SERIES EM INGLES","-","true","https://cdn.appmaq.com.br/appmaq-media/manuals/01957100-b0e0-773d-8f7e-7fa2e6eb9bac/019e8ef1-165e-70fe-9479-45cf3be5df99.pdf"
"2321","Trator Agrícola","NEW HOLLAND","TL75","CATALOGO DE PEÇAS E FILTROS PARA OS TRATORES NEW HOLLAND","-","true","https://cdn.appmaq.com.br/appmaq-media/manuals/01957100-b0e0-773d-8f7e-7fa2e6eb9bac/019e8ef1-16bd-7d5a-927a-faa5b5c27535.pdf"
"2322","Trator Agrícola","NEW HOLLAND","TL75","INSTRUÇÕES DE LUBRIFICAÇÃO PARA TRATORES NEW HOLLAND","-","true","https://cdn.appmaq.com.br/appmaq-media/manuals/01957100-b0e0-773d-8f7e-7fa2e6eb9bac/019e8ef1-16d3-7a81-ad2a-8bdc688dd329.pdf"
"2323","Trator Agrícola","NEW HOLLAND","TL75","LUZES DO PAINEL DOS TRATORES NEW HOLLAND","-","true","https://cdn.appmaq.com.br/appmaq-media/manuals/01957100-b0e0-773d-8f7e-7fa2e6eb9bac/019e8ef1-1748-749d-b2e6-97901094c848.pdf"
"2324","Trator Agrícola","NEW HOLLAND","TL75","MANUAL DO OPERADOR DOS TRATORES NEW HOLLAND TL E TLE","-","true","https://cdn.appmaq.com.br/appmaq-media/manuals/01957100-b0e0-773d-8f7e-7fa2e6eb9bac/019e8ef1-179e-7023-a6db-0f0603eed4f2.pdf"
"2325","Trator Agrícola","NEW HOLLAND","TL75","MANUAL DO OPERADOR TRATORES NEW HOLLAND MODELO TL 60 TL 75 TL 85 E TL 90","-","true","https://cdn.appmaq.com.br/appmaq-media/manuals/01957100-b0e0-773d-8f7e-7fa2e6eb9bac/019e8ef1-199d-73e9-9e4a-51cc0b0147d6.pdf"
"2326","Trator Agrícola","NEW HOLLAND","TL75","SISTEMA DE DIREÇÃO DOS TRATORES NEW HOLLAND - TT-TL-TT4-T4-T3-T5S-S30-T6","-","true","https://cdn.appmaq.com.br/appmaq-media/manuals/01957100-b0e0-773d-8f7e-7fa2e6eb9bac/019e8ef1-1b83-79b7-b6d7-b82a33ecaadf.pdf"
"2327","Trator Agrícola","NEW HOLLAND","TL75E","CATÁLOGO DE PEÇAS DO TRATOR NEW HOLLAND T3-T8, TD, TL, E TV TRACTOR SERIES EM INGLES","-","true","https://cdn.appmaq.com.br/appmaq-media/manuals/01957100-b0e0-7444-805f-64f0736b52ec/019e8ef1-8a36-712e-ade5-a8d78ad038cc.pdf"
"2328","Trator Agrícola","NEW HOLLAND","TL75E","CATALOGO DE PEÇAS E FILTROS PARA OS TRATORES NEW HOLLAND","-","true","https://cdn.appmaq.com.br/appmaq-media/manuals/01957100-b0e0-7444-805f-64f0736b52ec/019e8ef1-8a92-7994-b4af-4733e162600a.pdf"
"2329","Trator Agrícola","NEW HOLLAND","TL75E","FICHA TÉCNICA TRATOR NEW HOLLAND TL","-","true","https://cdn.appmaq.com.br/appmaq-media/manuals/01957100-b0e0-7444-805f-64f0736b52ec/019e8ef1-8aae-7f12-a84a-a321109820e7.pdf"
"2330","Trator Agrícola","NEW HOLLAND","TL75E","INSTRUÇÕES DE LUBRIFICAÇÃO PARA TRATORES NEW HOLLAND","-","true","https://cdn.appmaq.com.br/appmaq-media/manuals/01957100-b0e0-7444-805f-64f0736b52ec/019e8ef1-8b45-7475-bf3c-da27d0fef3ee.pdf"
"2331","Trator Agrícola","NEW HOLLAND","TL75E","LUZES DO PAINEL DOS TRATORES NEW HOLLAND","-","true","https://cdn.appmaq.com.br/appmaq-media/manuals/01957100-b0e0-7444-805f-64f0736b52ec/019e8ef1-8b54-79a4-a559-0820c0206cab.pdf"
"2332","Trator Agrícola","NEW HOLLAND","TL75E","MANUAL DO OPERADOR DOS TRATORES NEW HOLLAND TL E TLE","-","true","https://cdn.appmaq.com.br/appmaq-media/manuals/01957100-b0e0-7444-805f-64f0736b52ec/019e8ef1-8b95-776e-8428-761acc2cc015.pdf"
"2333","Trator Agrícola","NEW HOLLAND","TL75E","SISTEMA DE DIREÇÃO DOS TRATORES NEW HOLLAND - TT-TL-TT4-T4-T3-T5S-S30-T6","-","true","https://cdn.appmaq.com.br/appmaq-media/manuals/01957100-b0e0-7444-805f-64f0736b52ec/019e8ef1-8de4-707e-8462-9107ce3831b9.pdf"
"2334","Trator Agrícola","NEW HOLLAND","TL80","CATÁLOGO DE PEÇAS DO TRATOR NEW HOLLAND T3-T8, TD, TL, E TV TRACTOR SERIES EM INGLES","-","true","https://cdn.appmaq.com.br/appmaq-media/manuals/01957100-b0e0-792d-b828-7207353cc075/019e8ef3-b007-7c47-9438-c206ac215eca.pdf"
"2335","Trator Agrícola","NEW HOLLAND","TL80","CATALOGO DE PEÇAS E FILTROS PARA OS TRATORES NEW HOLLAND","-","true","https://cdn.appmaq.com.br/appmaq-media/manuals/01957100-b0e0-792d-b828-7207353cc075/019e8ef3-b077-7c64-ba5f-597a45a0078d.pdf"
"2336","Trator Agrícola","NEW HOLLAND","TL80","INSTRUÇÕES DE LUBRIFICAÇÃO PARA TRATORES NEW HOLLAND","-","true","https://cdn.appmaq.com.br/appmaq-media/manuals/01957100-b0e0-792d-b828-7207353cc075/019e8ef3-b092-7d9c-be55-8876ad882453.pdf"
"2337","Trator Agrícola","NEW HOLLAND","TL80","LUZES DO PAINEL DOS TRATORES NEW HOLLAND","-","true","https://cdn.appmaq.com.br/appmaq-media/manuals/01957100-b0e0-792d-b828-7207353cc075/019e8ef3-b0f5-745a-bf7c-1b0d7af36ab1.pdf"
"2338","Trator Agrícola","NEW HOLLAND","TL80","SISTEMA DE DIREÇÃO DOS TRATORES NEW HOLLAND - TT-TL-TT4-T4-T3-T5S-S30-T6","-","true","https://cdn.appmaq.com.br/appmaq-media/manuals/01957100-b0e0-792d-b828-7207353cc075/019e8ef3-b134-7d72-866c-8bd71e9c1c34.pdf"
"2339","Trator Agrícola","NEW HOLLAND","TL85","CATÁLOGO DE PEÇAS DO TRATOR NEW HOLLAND T3-T8, TD, TL, E TV TRACTOR SERIES EM INGLES","-","true","https://cdn.appmaq.com.br/appmaq-media/manuals/01957100-b0e0-7e34-8c75-540878eab38f/019e8ef4-41b1-7eb7-99de-784b01cdd98e.pdf"
"2340","Trator Agrícola","NEW HOLLAND","TL85","CATALOGO DE PEÇAS E FILTROS PARA OS TRATORES NEW HOLLAND","-","true","https://cdn.appmaq.com.br/appmaq-media/manuals/01957100-b0e0-7e34-8c75-540878eab38f/019e8ef4-420f-725e-b4e1-769c6e462998.pdf"
"2341","Trator Agrícola","NEW HOLLAND","TL85","INSTRUÇÕES DE LUBRIFICAÇÃO PARA TRATORES NEW HOLLAND","-","true","https://cdn.appmaq.com.br/appmaq-media/manuals/01957100-b0e0-7e34-8c75-540878eab38f/019e8ef4-4227-7854-ab91-5aeb08670aa2.pdf"
"2342","Trator Agrícola","NEW HOLLAND","TL85","LUZES DO PAINEL DOS TRATORES NEW HOLLAND","-","true","https://cdn.appmaq.com.br/appmaq-media/manuals/01957100-b0e0-7e34-8c75-540878eab38f/019e8ef4-428d-7fe1-9797-9bb911c012ab.pdf"
"2343","Trator Agrícola","NEW HOLLAND","TL85","MANUAL DO OPERADOR DOS TRATORES NEW HOLLAND TL E TLE","-","true","https://cdn.appmaq.com.br/appmaq-media/manuals/01957100-b0e0-7e34-8c75-540878eab38f/019e8ef4-42f7-721c-987f-6a09931b4b9c.pdf"
"2344","Trator Agrícola","NEW HOLLAND","TL85","MANUAL DO OPERADOR TRATORES NEW HOLLAND MODELO TL 60 TL 75 TL 85 E TL 90","-","true","https://cdn.appmaq.com.br/appmaq-media/manuals/01957100-b0e0-7e34-8c75-540878eab38f/019e8ef4-44f7-7635-87f7-8afab3dc4268.pdf"
"2345","Trator Agrícola","NEW HOLLAND","TL85","SISTEMA DE DIREÇÃO DOS TRATORES NEW HOLLAND - TT-TL-TT4-T4-T3-T5S-S30-T6","-","true","https://cdn.appmaq.com.br/appmaq-media/manuals/01957100-b0e0-7e34-8c75-540878eab38f/019e8ef4-4741-7135-b880-5d1b27eb9611.pdf"
"2346","Trator Agrícola","NEW HOLLAND","TL85E","CATÁLOGO DE PEÇAS DO TRATOR NEW HOLLAND T3-T8, TD, TL, E TV TRACTOR SERIES EM INGLES","-","true","https://cdn.appmaq.com.br/appmaq-media/manuals/01957100-b0e0-7852-ab09-2bb6f09ed9b3/019e8ef4-bcfb-7b03-8139-8a745199cf06.pdf"
"2347","Trator Agrícola","NEW HOLLAND","TL85E","CATALOGO DE PEÇAS E FILTROS PARA OS TRATORES NEW HOLLAND","-","true","https://cdn.appmaq.com.br/appmaq-media/manuals/01957100-b0e0-7852-ab09-2bb6f09ed9b3/019e8ef4-bd70-70cb-a87d-6c69fc869144.pdf"
"2348","Trator Agrícola","NEW HOLLAND","TL85E","FICHA TÉCNICA TRATOR NEW HOLLAND TL","-","true","https://cdn.appmaq.com.br/appmaq-media/manuals/01957100-b0e0-7852-ab09-2bb6f09ed9b3/019e8ef4-be1a-71f1-803e-dbe26e230e6c.pdf"
"2349","Trator Agrícola","NEW HOLLAND","TL85E","INSTRUÇÕES DE LUBRIFICAÇÃO PARA TRATORES NEW HOLLAND","-","true","https://cdn.appmaq.com.br/appmaq-media/manuals/01957100-b0e0-7852-ab09-2bb6f09ed9b3/019e8ef4-be65-7d7b-b065-dfbbd10d1564.pdf"
"2350","Trator Agrícola","NEW HOLLAND","TL85E","LUZES DO PAINEL DOS TRATORES NEW HOLLAND","-","true","https://cdn.appmaq.com.br/appmaq-media/manuals/01957100-b0e0-7852-ab09-2bb6f09ed9b3/019e8ef4-befc-7a97-b021-857c8f1e828f.pdf"
"2351","Trator Agrícola","NEW HOLLAND","TL85E","MANUAL DO OPERADOR DOS TRATORES NEW HOLLAND TL E TLE","-","true","https://cdn.appmaq.com.br/appmaq-media/manuals/01957100-b0e0-7852-ab09-2bb6f09ed9b3/019e8ef4-bf52-722f-a727-9fd1efd5144a.pdf"
"2352","Trator Agrícola","NEW HOLLAND","TL85E","SISTEMA DE DIREÇÃO DOS TRATORES NEW HOLLAND - TT-TL-TT4-T4-T3-T5S-S30-T6","-","true","https://cdn.appmaq.com.br/appmaq-media/manuals/01957100-b0e0-7852-ab09-2bb6f09ed9b3/019e8ef4-c248-76d4-8bbd-bbeef5a3b630.pdf"
"2353","Trator Agrícola","NEW HOLLAND","TL90","CATÁLOGO DE PEÇAS DO TRATOR NEW HOLLAND T3-T8, TD, TL, E TV TRACTOR SERIES EM INGLES","-","true","https://cdn.appmaq.com.br/appmaq-media/manuals/01957100-b0e0-72c1-98e7-d7471257893c/019e8ef5-4426-7d20-8820-dae37f618bd5.pdf"
"2354","Trator Agrícola","NEW HOLLAND","TL90","CATALOGO DE PEÇAS E FILTROS PARA OS TRATORES NEW HOLLAND","-","true","https://cdn.appmaq.com.br/appmaq-media/manuals/01957100-b0e0-72c1-98e7-d7471257893c/019e8ef5-4488-7df1-8d36-b1937e38e5ab.pdf"
"2355","Trator Agrícola","NEW HOLLAND","TL90","INSTRUÇÕES DE LUBRIFICAÇÃO PARA TRATORES NEW HOLLAND","-","true","https://cdn.appmaq.com.br/appmaq-media/manuals/01957100-b0e0-72c1-98e7-d7471257893c/019e8ef5-449d-7518-8b6e-de3c2d1e7c81.pdf"
"2356","Trator Agrícola","NEW HOLLAND","TL90","LUZES DO PAINEL DOS TRATORES NEW HOLLAND","-","true","https://cdn.appmaq.com.br/appmaq-media/manuals/01957100-b0e0-72c1-98e7-d7471257893c/019e8ef5-456a-7a74-a9b9-2cf75e08d5e8.pdf"
"2357","Trator Agrícola","NEW HOLLAND","TL90","MANUAL DO OPERADOR TRATORES NEW HOLLAND MODELO TL 60 TL 75 TL 85 E TL 90","-","true","https://cdn.appmaq.com.br/appmaq-media/manuals/01957100-b0e0-72c1-98e7-d7471257893c/019e8ef5-459c-7304-8245-b8b28304998a.pdf"
"2358","Trator Agrícola","NEW HOLLAND","TL90","SISTEMA DE DIREÇÃO DOS TRATORES NEW HOLLAND - TT-TL-TT4-T4-T3-T5S-S30-T6","-","true","https://cdn.appmaq.com.br/appmaq-media/manuals/01957100-b0e0-72c1-98e7-d7471257893c/019e8ef5-4770-79b7-b868-d3c1ec3d78bb.pdf"
"2359","Trator Agrícola","NEW HOLLAND","TL95","CATÁLOGO DE PEÇAS DO TRATOR NEW HOLLAND T3-T8, TD, TL, E TV TRACTOR SERIES EM INGLES","-","true","https://cdn.appmaq.com.br/appmaq-media/manuals/0196f443-bfa3-72ac-9999-e969247b512e/019e8ef6-2d4d-79b4-a7d6-c68591546039.pdf"
"2360","Trator Agrícola","NEW HOLLAND","TL95","CATALOGO DE PEÇAS E FILTROS PARA OS TRATORES NEW HOLLAND","-","true","https://cdn.appmaq.com.br/appmaq-media/manuals/0196f443-bfa3-72ac-9999-e969247b512e/019e8ef6-2dae-7fdd-9ca6-b71533f79970.pdf"
"2361","Trator Agrícola","NEW HOLLAND","TL95","INSTRUÇÕES DE LUBRIFICAÇÃO PARA TRATORES NEW HOLLAND","-","true","https://cdn.appmaq.com.br/appmaq-media/manuals/0196f443-bfa3-72ac-9999-e969247b512e/019e8ef6-2dcb-7155-a790-db4a9987c91b.pdf"
"2362","Trator Agrícola","NEW HOLLAND","TL95","LUZES DO PAINEL DOS TRATORES NEW HOLLAND","-","true","https://cdn.appmaq.com.br/appmaq-media/manuals/0196f443-bfa3-72ac-9999-e969247b512e/019e8ef6-2e21-7809-bd06-b39c14b2603a.pdf"
"2363","Trator Agrícola","NEW HOLLAND","TL95","MANUAL DO OPERADOR DOS TRATORES NEW HOLLAND TL E TLE","-","true","https://cdn.appmaq.com.br/appmaq-media/manuals/0196f443-bfa3-72ac-9999-e969247b512e/019e8ef6-2e7e-71de-8926-c50b6b0b840f.pdf"
"2364","Trator Agrícola","NEW HOLLAND","TL95","SISTEMA DE DIREÇÃO DOS TRATORES NEW HOLLAND - TT-TL-TT4-T4-T3-T5S-S30-T6","-","true","https://cdn.appmaq.com.br/appmaq-media/manuals/0196f443-bfa3-72ac-9999-e969247b512e/019e8ef6-30d0-74ac-b129-55db83eaf9ac.pdf"
"2365","Trator Agrícola","NEW HOLLAND","TL95E","CATÁLOGO DE PEÇAS DO TRATOR NEW HOLLAND T3-T8, TD, TL, E TV TRACTOR SERIES EM INGLES","-","true","https://cdn.appmaq.com.br/appmaq-media/manuals/01957100-b0e0-7015-9210-0473b815fcc7/019e8ef5-bc63-78ee-885b-fa487f430f2a.pdf"
"2366","Trator Agrícola","NEW HOLLAND","TL95E","CATALOGO DE PEÇAS E FILTROS PARA OS TRATORES NEW HOLLAND","-","true","https://cdn.appmaq.com.br/appmaq-media/manuals/01957100-b0e0-7015-9210-0473b815fcc7/019e8ef5-bcc1-7dd8-a6c9-72fd137e0804.pdf"
"2367","Trator Agrícola","NEW HOLLAND","TL95E","FICHA TÉCNICA TRATOR NEW HOLLAND TL","-","true","https://cdn.appmaq.com.br/appmaq-media/manuals/01957100-b0e0-7015-9210-0473b815fcc7/019e8ef5-bcf8-7ff7-8154-c2da478de250.pdf"
"2368","Trator Agrícola","NEW HOLLAND","TL95E","INSTRUÇÕES DE LUBRIFICAÇÃO PARA TRATORES NEW HOLLAND","-","true","https://cdn.appmaq.com.br/appmaq-media/manuals/01957100-b0e0-7015-9210-0473b815fcc7/019e8ef5-bd79-776b-8802-725c805ba041.pdf"
"2369","Trator Agrícola","NEW HOLLAND","TL95E","LUZES DO PAINEL DOS TRATORES NEW HOLLAND","-","true","https://cdn.appmaq.com.br/appmaq-media/manuals/01957100-b0e0-7015-9210-0473b815fcc7/019e8ef5-bd9a-7a86-b9aa-2951ce05ce99.pdf"
"2370","Trator Agrícola","NEW HOLLAND","TL95E","MANUAL DO OPERADOR DOS TRATORES NEW HOLLAND TL E TLE","-","true","https://cdn.appmaq.com.br/appmaq-media/manuals/01957100-b0e0-7015-9210-0473b815fcc7/019e8ef5-bdff-7b3b-8a2f-4e2f5f1d0218.pdf"
"2371","Trator Agrícola","NEW HOLLAND","TL95E","SISTEMA DE DIREÇÃO DOS TRATORES NEW HOLLAND - TT-TL-TT4-T4-T3-T5S-S30-T6","-","true","https://cdn.appmaq.com.br/appmaq-media/manuals/01957100-b0e0-7015-9210-0473b815fcc7/019e8ef5-bfe8-7742-a6d3-b6add5fc3bb4.pdf"
"2372","Trator Agrícola","NEW HOLLAND","TM120","CATALOGO DE PEÇAS E FILTROS PARA OS TRATORES NEW HOLLAND","-","true","https://cdn.appmaq.com.br/appmaq-media/manuals/01957100-b0e0-7e60-a067-05bc041d7d8b/019eac68-6ad8-7eb9-9ade-c0b4617b0be6.pdf"
"2373","Trator Agrícola","NEW HOLLAND","TM120","INSTRUÇÕES DE LUBRIFICAÇÃO PARA TRATORES NEW HOLLAND","-","true","https://cdn.appmaq.com.br/appmaq-media/manuals/01957100-b0e0-7e60-a067-05bc041d7d8b/019eac68-6ae2-7b08-9e34-0eaab5eb904a.pdf"
"2374","Trator Agrícola","NEW HOLLAND","TM120","LUZES DO PAINEL DOS TRATORES NEW HOLLAND","-","true","https://cdn.appmaq.com.br/appmaq-media/manuals/01957100-b0e0-7e60-a067-05bc041d7d8b/019eac68-6af5-7eb4-943f-a276e603be63.pdf"
"2375","Trator Agrícola","NEW HOLLAND","TM135","CATALOGO DE PEÇAS E FILTROS PARA OS TRATORES NEW HOLLAND","-","true","https://cdn.appmaq.com.br/appmaq-media/manuals/01957100-b0e0-7592-8573-0f2b4813cad0/019eac68-b006-7d24-999f-88e3125acafc.pdf"
"2376","Trator Agrícola","NEW HOLLAND","TM135","ESPECIFICAÇÕES DOS TRATORES AGRICOLAS TM135 TM135E TM150 TM150E TM165 TM180","-","true","https://cdn.appmaq.com.br/appmaq-media/manuals/01957100-b0e0-7592-8573-0f2b4813cad0/019eac68-b010-7f01-ae9a-b3927932ab70.pdf"
"2377","Trator Agrícola","NEW HOLLAND","TM135","INSTRUÇÕES DE LUBRIFICAÇÃO PARA TRATORES NEW HOLLAND","-","true","https://cdn.appmaq.com.br/appmaq-media/manuals/01957100-b0e0-7592-8573-0f2b4813cad0/019eac68-b0ad-709f-9c0e-30154f51694a.pdf"
"2378","Trator Agrícola","NEW HOLLAND","TM135","LUZES DO PAINEL DOS TRATORES NEW HOLLAND","-","true","https://cdn.appmaq.com.br/appmaq-media/manuals/01957100-b0e0-7592-8573-0f2b4813cad0/019eac68-b0f7-7ee9-b80e-585b0b3899c8.pdf"
"2379","Trator Agrícola","NEW HOLLAND","TM140","CATALOGO DE PEÇAS E FILTROS PARA OS TRATORES NEW HOLLAND","-","true","https://cdn.appmaq.com.br/appmaq-media/manuals/01957100-b0e0-784d-b585-000fcb455437/019eac69-21da-7fb6-be17-b20f6cb130f3.pdf"
"2380","Trator Agrícola","NEW HOLLAND","TM140","INSTRUÇÕES DE LUBRIFICAÇÃO PARA TRATORES NEW HOLLAND","-","true","https://cdn.appmaq.com.br/appmaq-media/manuals/01957100-b0e0-784d-b585-000fcb455437/019eac69-21e7-7ead-a89b-7309aa44b008.pdf"
"2381","Trator Agrícola","NEW HOLLAND","TM140","LUZES DO PAINEL DOS TRATORES NEW HOLLAND","-","true","https://cdn.appmaq.com.br/appmaq-media/manuals/01957100-b0e0-784d-b585-000fcb455437/019eac69-220a-74cd-8db8-d5ce5ff9205d.pdf"
"2382","Trator Agrícola","NEW HOLLAND","TM150","CATALOGO DE PEÇAS E FILTROS PARA OS TRATORES NEW HOLLAND","-","true","https://cdn.appmaq.com.br/appmaq-media/manuals/01957100-b0e0-7110-a7ae-6ec6be766601/019eac69-65cf-747a-8a9f-e6f48ac4682d.pdf"
"2383","Trator Agrícola","NEW HOLLAND","TM150","ESPECIFICAÇÕES DOS TRATORES AGRICOLAS TM135 TM135E TM150 TM150E TM165 TM180","-","true","https://cdn.appmaq.com.br/appmaq-media/manuals/01957100-b0e0-7110-a7ae-6ec6be766601/019eac69-65d9-71c0-8d67-2d8fe8551855.pdf"
"2384","Trator Agrícola","NEW HOLLAND","TM150","INSTRUÇÕES DE LUBRIFICAÇÃO PARA TRATORES NEW HOLLAND","-","true","https://cdn.appmaq.com.br/appmaq-media/manuals/01957100-b0e0-7110-a7ae-6ec6be766601/019eac69-6646-794b-b786-96b714f73027.pdf"
"2385","Trator Agrícola","NEW HOLLAND","TM150","LUZES DO PAINEL DOS TRATORES NEW HOLLAND","-","true","https://cdn.appmaq.com.br/appmaq-media/manuals/01957100-b0e0-7110-a7ae-6ec6be766601/019eac69-6665-7b2d-b1a7-44f664d0fd88.pdf"
"2386","Trator Agrícola","NEW HOLLAND","TM165","CATALOGO DE PEÇAS E FILTROS PARA OS TRATORES NEW HOLLAND","-","true","https://cdn.appmaq.com.br/appmaq-media/manuals/01957100-b0e0-74f3-ae89-c89ed69fab2a/019eac69-b5b5-7623-bcd1-df692eb254b6.pdf"
"2387","Trator Agrícola","NEW HOLLAND","TM165","ESPECIFICAÇÕES DOS TRATORES AGRICOLAS TM135 TM135E TM150 TM150E TM165 TM180","-","true","https://cdn.appmaq.com.br/appmaq-media/manuals/01957100-b0e0-74f3-ae89-c89ed69fab2a/019eac69-b5be-71f2-90f0-48ac367ba97e.pdf"
"2388","Trator Agrícola","NEW HOLLAND","TM165","INSTRUÇÕES DE LUBRIFICAÇÃO PARA TRATORES NEW HOLLAND","-","true","https://cdn.appmaq.com.br/appmaq-media/manuals/01957100-b0e0-74f3-ae89-c89ed69fab2a/019eac69-b61c-7f69-9ab6-dd3789ea8968.pdf"
"2389","Trator Agrícola","NEW HOLLAND","TM165","LUZES DO PAINEL DOS TRATORES NEW HOLLAND","-","true","https://cdn.appmaq.com.br/appmaq-media/manuals/01957100-b0e0-74f3-ae89-c89ed69fab2a/019eac69-b6b5-761d-a509-000f9e387065.pdf"
"2390","Trator Agrícola","NEW HOLLAND","TM180","CATALOGO DE PEÇAS E FILTROS PARA OS TRATORES NEW HOLLAND","-","true","https://cdn.appmaq.com.br/appmaq-media/manuals/019ea8ac-8f4c-7514-9dd1-534ab194c617/019eac6a-0312-72e1-8130-ca6c0dc8b9ba.pdf"
"2391","Trator Agrícola","NEW HOLLAND","TM180","ESPECIFICAÇÕES DOS TRATORES AGRICOLAS TM135 TM135E TM150 TM150E TM165 TM180","-","true","https://cdn.appmaq.com.br/appmaq-media/manuals/019ea8ac-8f4c-7514-9dd1-534ab194c617/019eac6a-031d-7ce2-a1d3-5588784ea236.pdf"
"2392","Trator Agrícola","NEW HOLLAND","TM180","INSTRUÇÕES DE LUBRIFICAÇÃO PARA TRATORES NEW HOLLAND","-","true","https://cdn.appmaq.com.br/appmaq-media/manuals/019ea8ac-8f4c-7514-9dd1-534ab194c617/019eac6a-037c-74d7-9ecb-eeb1ec06de3f.pdf"
"2393","Trator Agrícola","NEW HOLLAND","TM180","LUZES DO PAINEL DOS TRATORES NEW HOLLAND","-","true","https://cdn.appmaq.com.br/appmaq-media/manuals/019ea8ac-8f4c-7514-9dd1-534ab194c617/019eac6a-0394-72c7-8627-eede82423b60.pdf"
"2394","Trator Agrícola","NEW HOLLAND","TM7010","CATALOGO DE PEÇAS E FILTROS PARA OS TRATORES NEW HOLLAND","-","true","https://cdn.appmaq.com.br/appmaq-media/manuals/01957100-b0e0-7e76-aa1e-c9a703751832/019eac53-777f-7fe1-9616-b2ffd1c890af.pdf"
"2395","Trator Agrícola","NEW HOLLAND","TM7010","FOLHETO E ESPECIFICAÇÕES DOS TRATORES TM","-","true","https://cdn.appmaq.com.br/appmaq-media/manuals/01957100-b0e0-7e76-aa1e-c9a703751832/019eac53-778d-781c-b0e9-482465610a3b.pdf"
"2396","Trator Agrícola","NEW HOLLAND","TM7010","INSTRUÇÕES DE LUBRIFICAÇÃO PARA TRATORES NEW HOLLAND","-","true","https://cdn.appmaq.com.br/appmaq-media/manuals/01957100-b0e0-7e76-aa1e-c9a703751832/019eac53-77e7-762d-b062-60d4cb9381d7.pdf"
"2397","Trator Agrícola","NEW HOLLAND","TM7010","LUZES DO PAINEL DOS TRATORES NEW HOLLAND","-","true","https://cdn.appmaq.com.br/appmaq-media/manuals/01957100-b0e0-7e76-aa1e-c9a703751832/019eac53-786a-728e-b74a-c9f72eed0f3e.pdf"
"2398","Trator Agrícola","NEW HOLLAND","TM7010","MANUAL DE REPARAÇÕES TRATOR NEW HOLLAND - TM 7010 -7020 -7030 - 7040 -","-","true","https://cdn.appmaq.com.br/appmaq-media/manuals/01957100-b0e0-7e76-aa1e-c9a703751832/019f0456-d164-705c-99e8-b6e7dd5f360b.pdf"
"2399","Trator Agrícola","NEW HOLLAND","TM.7010 EXITUS","CATALOGO DE PEÇAS E FILTROS PARA OS TRATORES NEW HOLLAND","-","true","https://cdn.appmaq.com.br/appmaq-media/manuals/019ea8df-4342-7a51-b4c6-415666db6d8b/019eac54-193c-7857-9912-f8b2dc1eceeb.pdf"
"2400","Trator Agrícola","NEW HOLLAND","TM.7010 EXITUS","FOLHETO E ESPECIFICAÇÕES DOS TRATORES TM","-","true","https://cdn.appmaq.com.br/appmaq-media/manuals/019ea8df-4342-7a51-b4c6-415666db6d8b/019eac54-194e-7938-958d-b3f0af4b60da.pdf"
"2401","Trator Agrícola","NEW HOLLAND","TM.7010 EXITUS","INSTRUÇÕES DE LUBRIFICAÇÃO PARA TRATORES NEW HOLLAND","-","true","https://cdn.appmaq.com.br/appmaq-media/manuals/019ea8df-4342-7a51-b4c6-415666db6d8b/019eac54-19bd-740d-ae85-378eb72b9a40.pdf"
"2402","Trator Agrícola","NEW HOLLAND","TM.7010 EXITUS","LUZES DO PAINEL DOS TRATORES NEW HOLLAND","-","true","https://cdn.appmaq.com.br/appmaq-media/manuals/019ea8df-4342-7a51-b4c6-415666db6d8b/019eac54-1a44-7905-882b-b702a82846cb.pdf"
"2403","Trator Agrícola","NEW HOLLAND","TM.7010 EXITUS","MANUAL DE REPARAÇÕES TRATOR NEW HOLLAND - TM 7010 -7020 -7030 - 7040 -","-","true","https://cdn.appmaq.com.br/appmaq-media/manuals/019ea8df-4342-7a51-b4c6-415666db6d8b/019f0457-8878-7d17-9ca9-25fe2167f9b1.pdf"
"2404","Trator Agrícola","NEW HOLLAND","TM.7020","CATALOGO DE PEÇAS E FILTROS PARA OS TRATORES NEW HOLLAND","-","true","https://cdn.appmaq.com.br/appmaq-media/manuals/0196f443-bfa4-76e0-9eb4-b55a20f73b75/019eac55-e87e-7d10-919c-d3209e1b0214.pdf"
"2405","Trator Agrícola","NEW HOLLAND","TM.7020","FOLHETO E ESPECIFICAÇÕES DOS TRATORES TM","-","true","https://cdn.appmaq.com.br/appmaq-media/manuals/0196f443-bfa4-76e0-9eb4-b55a20f73b75/019eac55-e8a7-7c50-a36e-7fd289d7d5f2.pdf"
"2406","Trator Agrícola","NEW HOLLAND","TM.7020","INSTRUÇÕES DE LUBRIFICAÇÃO PARA TRATORES NEW HOLLAND","-","true","https://cdn.appmaq.com.br/appmaq-media/manuals/0196f443-bfa4-76e0-9eb4-b55a20f73b75/019eac55-e92f-721d-8bf5-54344bf70d71.pdf"
"2407","Trator Agrícola","NEW HOLLAND","TM.7020","LUZES DO PAINEL DOS TRATORES NEW HOLLAND","-","true","https://cdn.appmaq.com.br/appmaq-media/manuals/0196f443-bfa4-76e0-9eb4-b55a20f73b75/019eac55-ea0f-718b-ab1a-5079e6af4cae.pdf"
"2408","Trator Agrícola","NEW HOLLAND","TM.7020","MANUAL DE REPARAÇÕES TRATOR NEW HOLLAND - TM 7010 -7020 -7030 - 7040 -","-","true","https://cdn.appmaq.com.br/appmaq-media/manuals/0196f443-bfa4-76e0-9eb4-b55a20f73b75/019f0458-2fe5-7b46-8525-50fc9694c2c0.pdf"
"2409","Trator Agrícola","NEW HOLLAND","TM.7020 EXITUS","CATALOGO DE PEÇAS E FILTROS PARA OS TRATORES NEW HOLLAND","-","true","https://cdn.appmaq.com.br/appmaq-media/manuals/019ea8df-6d1e-7025-b74b-d8f5932c54b1/019eac56-4e38-7800-a70e-5620f14ba173.pdf"
"2410","Trator Agrícola","NEW HOLLAND","TM.7020 EXITUS","FOLHETO E ESPECIFICAÇÕES DOS TRATORES TM","-","true","https://cdn.appmaq.com.br/appmaq-media/manuals/019ea8df-6d1e-7025-b74b-d8f5932c54b1/019eac56-4e43-7d85-b75f-c8d9cf62a8ae.pdf"
"2411","Trator Agrícola","NEW HOLLAND","TM.7020 EXITUS","INSTRUÇÕES DE LUBRIFICAÇÃO PARA TRATORES NEW HOLLAND","-","true","https://cdn.appmaq.com.br/appmaq-media/manuals/019ea8df-6d1e-7025-b74b-d8f5932c54b1/019eac56-4e88-707c-8671-7f08eafdb955.pdf"
"2412","Trator Agrícola","NEW HOLLAND","TM.7020 EXITUS","LUZES DO PAINEL DOS TRATORES NEW HOLLAND","-","true","https://cdn.appmaq.com.br/appmaq-media/manuals/019ea8df-6d1e-7025-b74b-d8f5932c54b1/019eac56-4eb4-78a4-8d8f-f3b0da3d9147.pdf"
"2413","Trator Agrícola","NEW HOLLAND","TM.7020 EXITUS","MANUAL DE REPARAÇÕES TRATOR NEW HOLLAND - TM 7010 -7020 -7030 - 7040 -","-","true","https://cdn.appmaq.com.br/appmaq-media/manuals/019ea8df-6d1e-7025-b74b-d8f5932c54b1/019f0459-14af-7b49-9178-6e8391435ccb.pdf"
"2414","Trator Agrícola","NEW HOLLAND","TM7030","MANUAL DE REPARAÇÕES TRATOR NEW HOLLAND - TM 7010 -7020 -7030 - 7040 -","-","true","https://cdn.appmaq.com.br/appmaq-media/manuals/019f045e-32ac-79a0-9234-1c2d2c4f4762/019f045f-2122-72af-9477-be0ae64bf498.pdf"
"2415","Trator Agrícola","NEW HOLLAND","TM.7030 EXITUS","CATALOGO DE PEÇAS E FILTROS PARA OS TRATORES NEW HOLLAND","-","true","https://cdn.appmaq.com.br/appmaq-media/manuals/019ea8df-9d4e-7eb7-ba0a-3320bde09c91/019eac56-a53c-735c-938b-bc791ea9dcfa.pdf"
"2416","Trator Agrícola","NEW HOLLAND","TM.7030 EXITUS","FOLHETO E ESPECIFICAÇÕES DOS TRATORES TM","-","true","https://cdn.appmaq.com.br/appmaq-media/manuals/019ea8df-9d4e-7eb7-ba0a-3320bde09c91/019eac56-a546-7b21-8990-b75e01b33fb1.pdf"
"2417","Trator Agrícola","NEW HOLLAND","TM.7030 EXITUS","INSTRUÇÕES DE LUBRIFICAÇÃO PARA TRATORES NEW HOLLAND","-","true","https://cdn.appmaq.com.br/appmaq-media/manuals/019ea8df-9d4e-7eb7-ba0a-3320bde09c91/019eac56-a586-7609-b960-ce1b1fa173ab.pdf"
"2418","Trator Agrícola","NEW HOLLAND","TM.7030 EXITUS","LUZES DO PAINEL DOS TRATORES NEW HOLLAND","-","true","https://cdn.appmaq.com.br/appmaq-media/manuals/019ea8df-9d4e-7eb7-ba0a-3320bde09c91/019eac56-a5c6-770c-abc6-b393cb192b00.pdf"
"2419","Trator Agrícola","NEW HOLLAND","TM.7030 EXITUS","MANUAL DE REPARAÇÕES TRATOR NEW HOLLAND - TM 7010 -7020 -7030 - 7040 -","-","true","https://cdn.appmaq.com.br/appmaq-media/manuals/019ea8df-9d4e-7eb7-ba0a-3320bde09c91/019f045a-9bb4-70d2-9e43-8ccd647e9719.pdf"
"2420","Trator Agrícola","NEW HOLLAND","TM.7040","CATALOGO DE PEÇAS E FILTROS PARA OS TRATORES NEW HOLLAND","-","true","https://cdn.appmaq.com.br/appmaq-media/manuals/0196f443-bfa4-743d-bd25-45dd30643b94/019eac56-ea8e-7e90-b7f4-d05866483a8d.pdf"
"2421","Trator Agrícola","NEW HOLLAND","TM.7040","FOLHETO E ESPECIFICAÇÕES DOS TRATORES TM","-","true","https://cdn.appmaq.com.br/appmaq-media/manuals/0196f443-bfa4-743d-bd25-45dd30643b94/019eac56-ea9c-7a53-986a-0f7d95404e74.pdf"
"2422","Trator Agrícola","NEW HOLLAND","TM.7040","INSTRUÇÕES DE LUBRIFICAÇÃO PARA TRATORES NEW HOLLAND","-","true","https://cdn.appmaq.com.br/appmaq-media/manuals/0196f443-bfa4-743d-bd25-45dd30643b94/019eac56-ead9-7ed1-bf46-c23777848df2.pdf"
"2423","Trator Agrícola","NEW HOLLAND","TM.7040","LUZES DO PAINEL DOS TRATORES NEW HOLLAND","-","true","https://cdn.appmaq.com.br/appmaq-media/manuals/0196f443-bfa4-743d-bd25-45dd30643b94/019eac56-eaf9-7970-9a7e-b336dde610b9.pdf"
"2424","Trator Agrícola","NEW HOLLAND","TM.7040","MANUAL DE REPARAÇÕES TRATOR NEW HOLLAND - TM 7010 -7020 -7030 - 7040 -","-","true","https://cdn.appmaq.com.br/appmaq-media/manuals/0196f443-bfa4-743d-bd25-45dd30643b94/019f045b-c03c-7603-9c30-a0c16ab5e6a1.pdf"
"2425","Trator Agrícola","NEW HOLLAND","TM.7040 EXITUS","CATALOGO DE PEÇAS E FILTROS PARA OS TRATORES NEW HOLLAND","-","true","https://cdn.appmaq.com.br/appmaq-media/manuals/019ea8df-ca61-70e2-9bce-4bb93685c53c/019eac57-3630-77ff-b610-cbf0855f581e.pdf"
"2426","Trator Agrícola","NEW HOLLAND","TM.7040 EXITUS","FOLHETO E ESPECIFICAÇÕES DOS TRATORES TM","-","true","https://cdn.appmaq.com.br/appmaq-media/manuals/019ea8df-ca61-70e2-9bce-4bb93685c53c/019eac57-363b-7ef7-8d11-52979ad8db1d.pdf"
"2427","Trator Agrícola","NEW HOLLAND","TM.7040 EXITUS","INSTRUÇÕES DE LUBRIFICAÇÃO PARA TRATORES NEW HOLLAND","-","true","https://cdn.appmaq.com.br/appmaq-media/manuals/019ea8df-ca61-70e2-9bce-4bb93685c53c/019eac57-3670-79db-a037-10220db25a48.pdf"
"2428","Trator Agrícola","NEW HOLLAND","TM.7040 EXITUS","LUZES DO PAINEL DOS TRATORES NEW HOLLAND","-","true","https://cdn.appmaq.com.br/appmaq-media/manuals/019ea8df-ca61-70e2-9bce-4bb93685c53c/019eac57-368d-711d-a6ce-01808374e788.pdf"
"2429","Trator Agrícola","NEW HOLLAND","TM.7040 EXITUS","MANUAL DE REPARAÇÕES TRATOR NEW HOLLAND - TM 7010 -7020 -7030 - 7040 -","-","true","https://cdn.appmaq.com.br/appmaq-media/manuals/019ea8df-ca61-70e2-9bce-4bb93685c53c/019f045c-9ac0-7dd1-8a76-e8e00f7be8e0.pdf"
"2430","Trator Agrícola","NEW HOLLAND","TS100","CATALOGO DE PEÇAS E FILTROS PARA OS TRATORES NEW HOLLAND","-","true","https://cdn.appmaq.com.br/appmaq-media/manuals/01957100-b0e0-7e5c-99ed-00d7d40529e9/019eac57-af2e-7fe7-8ab1-7750cb00a430.pdf"
"2431","Trator Agrícola","NEW HOLLAND","TS100","INSTRUÇÕES DE LUBRIFICAÇÃO PARA TRATORES NEW HOLLAND","-","true","https://cdn.appmaq.com.br/appmaq-media/manuals/01957100-b0e0-7e5c-99ed-00d7d40529e9/019eac57-af3a-71db-bf1b-d862494d1252.pdf"
"2432","Trator Agrícola","NEW HOLLAND","TS100","LUZES DO PAINEL DOS TRATORES NEW HOLLAND","-","true","https://cdn.appmaq.com.br/appmaq-media/manuals/01957100-b0e0-7e5c-99ed-00d7d40529e9/019eac57-af4e-765a-a9be-c4a69e790a1b.pdf"
"2433","Trator Agrícola","NEW HOLLAND","TS100","MANUAL DO TRATOR NEW HOLLAND TS90, TS100, TS110, TS120","-","true","https://cdn.appmaq.com.br/appmaq-media/manuals/01957100-b0e0-7e5c-99ed-00d7d40529e9/019eac57-af9f-70f6-82b7-fb1575346c65.pdf"
"2434","Trator Agrícola","NEW HOLLAND","TS110","CATALOGO DE PEÇAS E FILTROS PARA OS TRATORES NEW HOLLAND","-","true","https://cdn.appmaq.com.br/appmaq-media/manuals/01957100-b0e0-7766-9a46-83aa5b2622ea/019eac58-0419-7277-96ff-e23ab8addc11.pdf"
"2435","Trator Agrícola","NEW HOLLAND","TS110","INSTRUÇÕES DE LUBRIFICAÇÃO PARA TRATORES NEW HOLLAND","-","true","https://cdn.appmaq.com.br/appmaq-media/manuals/01957100-b0e0-7766-9a46-83aa5b2622ea/019eac58-0423-7931-9f17-31008817b505.pdf"
"2436","Trator Agrícola","NEW HOLLAND","TS110","LUZES DO PAINEL DOS TRATORES NEW HOLLAND","-","true","https://cdn.appmaq.com.br/appmaq-media/manuals/01957100-b0e0-7766-9a46-83aa5b2622ea/019eac58-043f-79c9-8e1b-6530e8f24129.pdf"
"2437","Trator Agrícola","NEW HOLLAND","TS110","MANUAL DO TRATOR NEW HOLLAND TS90, TS100, TS110, TS120","-","true","https://cdn.appmaq.com.br/appmaq-media/manuals/01957100-b0e0-7766-9a46-83aa5b2622ea/019eac58-049e-744d-81d7-37cbd945db74.pdf"
"2438","Trator Agrícola","NEW HOLLAND","TS120","CATALOGO DE PEÇAS E FILTROS PARA OS TRATORES NEW HOLLAND","-","true","https://cdn.appmaq.com.br/appmaq-media/manuals/01957100-b0e0-7123-aaae-99bbaa07ff38/019eac58-443e-7842-9ab5-e1eb21e11d67.pdf"
"2439","Trator Agrícola","NEW HOLLAND","TS120","INSTRUÇÕES DE LUBRIFICAÇÃO PARA TRATORES NEW HOLLAND","-","true","https://cdn.appmaq.com.br/appmaq-media/manuals/01957100-b0e0-7123-aaae-99bbaa07ff38/019eac58-4447-7ef8-ab88-791fd523403f.pdf"
"2440","Trator Agrícola","NEW HOLLAND","TS120","LUZES DO PAINEL DOS TRATORES NEW HOLLAND","-","true","https://cdn.appmaq.com.br/appmaq-media/manuals/01957100-b0e0-7123-aaae-99bbaa07ff38/019eac58-446b-731a-8ae2-8da2373a6048.pdf"
"2441","Trator Agrícola","NEW HOLLAND","TS120","MANUAL DO TRATOR NEW HOLLAND TS90, TS100, TS110, TS120","-","true","https://cdn.appmaq.com.br/appmaq-media/manuals/01957100-b0e0-7123-aaae-99bbaa07ff38/019eac58-44ca-7633-b218-8051ce1d2b8d.pdf"
"2442","Trator Agrícola","NEW HOLLAND","TS6020","CATALOGO DE PEÇAS E FILTROS PARA OS TRATORES NEW HOLLAND","-","true","https://cdn.appmaq.com.br/appmaq-media/manuals/01957100-b0e0-7216-9cc7-858cc8c6d3f6/019eac58-aa58-7101-86c1-b8b8e962e3b9.pdf"
"2443","Trator Agrícola","NEW HOLLAND","TS6020","INSTRUÇÕES DE LUBRIFICAÇÃO PARA TRATORES NEW HOLLAND","-","true","https://cdn.appmaq.com.br/appmaq-media/manuals/01957100-b0e0-7216-9cc7-858cc8c6d3f6/019eac58-aa62-77d1-b3ca-a5f688b2dffe.pdf"
"2444","Trator Agrícola","NEW HOLLAND","TS6020","LUZES DO PAINEL DOS TRATORES NEW HOLLAND","-","true","https://cdn.appmaq.com.br/appmaq-media/manuals/01957100-b0e0-7216-9cc7-858cc8c6d3f6/019eac58-aa75-71ed-b365-64872615b4cd.pdf"
"2445","Trator Agrícola","NEW HOLLAND","TS6040","CATALOGO DE PEÇAS E FILTROS PARA OS TRATORES NEW HOLLAND","-","true","https://cdn.appmaq.com.br/appmaq-media/manuals/01957100-b0e0-77ba-92c3-382b6547469b/019eac67-df06-7332-b236-8dd6c7cbb9d0.pdf"
"2446","Trator Agrícola","NEW HOLLAND","TS6040","INSTRUÇÕES DE LUBRIFICAÇÃO PARA TRATORES NEW HOLLAND","-","true","https://cdn.appmaq.com.br/appmaq-media/manuals/01957100-b0e0-77ba-92c3-382b6547469b/019eac67-df12-7375-a438-819bc5493e46.pdf"
"2447","Trator Agrícola","NEW HOLLAND","TS6040","LUZES DO PAINEL DOS TRATORES NEW HOLLAND","-","true","https://cdn.appmaq.com.br/appmaq-media/manuals/01957100-b0e0-77ba-92c3-382b6547469b/019eac67-df29-7a5a-9f08-928f97a3faa5.pdf"
"2448","Trator Agrícola","NEW HOLLAND","TT3.50","CATALOGO DE PEÇAS E FILTROS PARA OS TRATORES NEW HOLLAND","-","true","https://cdn.appmaq.com.br/appmaq-media/manuals/0198f659-2f8a-7d3d-ac68-2bf9c2f9435c/019eac6c-7319-7d97-b3d2-1ff833d50282.pdf"
"2449","Trator Agrícola","NEW HOLLAND","TT3.50","EFICIÊNCIA E VERSATILIDADE DOS TRATORES NEW HOLLAND SÉRIE TT","-","true","https://cdn.appmaq.com.br/appmaq-media/manuals/0198f659-2f8a-7d3d-ac68-2bf9c2f9435c/019eac6c-7336-7283-90e9-eb6ab4019e71.pdf"
"2450","Trator Agrícola","NEW HOLLAND","TT3.50","INSTRUÇÕES DE LUBRIFICAÇÃO PARA TRATORES NEW HOLLAND","-","true","https://cdn.appmaq.com.br/appmaq-media/manuals/0198f659-2f8a-7d3d-ac68-2bf9c2f9435c/019eac6c-74e7-775b-a6dc-66d6680af22b.pdf"
"2451","Trator Agrícola","NEW HOLLAND","TT3.50","LUZES DO PAINEL DOS TRATORES NEW HOLLAND","-","true","https://cdn.appmaq.com.br/appmaq-media/manuals/0198f659-2f8a-7d3d-ac68-2bf9c2f9435c/019eac6c-7578-7c01-8400-1990a48ee4b9.pdf"
"2452","Trator Agrícola","NEW HOLLAND","TT3840","CATALOGO DE PEÇAS E FILTROS PARA OS TRATORES NEW HOLLAND","-","true","https://cdn.appmaq.com.br/appmaq-media/manuals/01957100-b0e0-7590-b625-74c7b3b34d7d/019eac6d-0f76-77a9-bb5d-f1d599ae1740.pdf"
"2453","Trator Agrícola","NEW HOLLAND","TT3840","EFICIÊNCIA E VERSATILIDADE DOS TRATORES NEW HOLLAND SÉRIE TT","-","true","https://cdn.appmaq.com.br/appmaq-media/manuals/01957100-b0e0-7590-b625-74c7b3b34d7d/019eac6d-0f81-79af-905b-8041b8947a6d.pdf"
"2454","Trator Agrícola","NEW HOLLAND","TT3840","INSTRUÇÕES DE LUBRIFICAÇÃO PARA TRATORES NEW HOLLAND","-","true","https://cdn.appmaq.com.br/appmaq-media/manuals/01957100-b0e0-7590-b625-74c7b3b34d7d/019eac6d-10c1-7b7f-90ad-96341ad64caa.pdf"
"2455","Trator Agrícola","NEW HOLLAND","TT3840","LUZES DO PAINEL DOS TRATORES NEW HOLLAND","-","true","https://cdn.appmaq.com.br/appmaq-media/manuals/01957100-b0e0-7590-b625-74c7b3b34d7d/019eac6d-124d-7f34-9279-e6d1e59e5b26.pdf"
"2456","Trator Agrícola","NEW HOLLAND","TT3840","MANUAL DO OPERADOR DOS TRATORES AGRICOLAS NEW HOLLAND TT3840 TT3840F TT3880F","-","true","https://cdn.appmaq.com.br/appmaq-media/manuals/01957100-b0e0-7590-b625-74c7b3b34d7d/019eac6d-1290-7364-bf83-7f0fc62ca1a8.pdf"
"2457","Trator Agrícola","NEW HOLLAND","TT3880","CATALOGO DE PEÇAS E FILTROS PARA OS TRATORES NEW HOLLAND","-","true","https://cdn.appmaq.com.br/appmaq-media/manuals/0195b3ba-39a6-70bb-9d17-7c1ddfecb046/019eac6d-651d-7e1f-ad56-b204bb4ff7ec.pdf"
"2458","Trator Agrícola","NEW HOLLAND","TT3880","EFICIÊNCIA E VERSATILIDADE DOS TRATORES NEW HOLLAND SÉRIE TT","-","true","https://cdn.appmaq.com.br/appmaq-media/manuals/0195b3ba-39a6-70bb-9d17-7c1ddfecb046/019eac6d-6526-7a56-8b7d-5ddeb14550b2.pdf"
"2459","Trator Agrícola","NEW HOLLAND","TT3880","INSTRUÇÕES DE LUBRIFICAÇÃO PARA TRATORES NEW HOLLAND","-","true","https://cdn.appmaq.com.br/appmaq-media/manuals/0195b3ba-39a6-70bb-9d17-7c1ddfecb046/019eac6d-6633-7827-b3c8-3f6f876d5895.pdf"
"2460","Trator Agrícola","NEW HOLLAND","TT3880","LUZES DO PAINEL DOS TRATORES NEW HOLLAND","-","true","https://cdn.appmaq.com.br/appmaq-media/manuals/0195b3ba-39a6-70bb-9d17-7c1ddfecb046/019eac6d-6654-740f-a9dc-7374b7cdc6cf.pdf"
"2461","Trator Agrícola","NEW HOLLAND","TT3880","MANUAL DO OPERADOR DOS TRATORES AGRICOLAS NEW HOLLAND TT3840 TT3840F TT3880F","-","true","https://cdn.appmaq.com.br/appmaq-media/manuals/0195b3ba-39a6-70bb-9d17-7c1ddfecb046/019eac6d-66c8-7b6d-a4d3-f04105d09c10.pdf"
"2462","Trator Agrícola","NEW HOLLAND","TT3880F","CATALOGO DE PEÇAS E FILTROS PARA OS TRATORES NEW HOLLAND","-","true","https://cdn.appmaq.com.br/appmaq-media/manuals/0195b3ba-39a6-7181-98df-e2986560c774/019eac6d-ca06-722f-91c8-ad3f52722c42.pdf"
"2463","Trator Agrícola","NEW HOLLAND","TT3880F","EFICIÊNCIA E VERSATILIDADE DOS TRATORES NEW HOLLAND SÉRIE TT","-","true","https://cdn.appmaq.com.br/appmaq-media/manuals/0195b3ba-39a6-7181-98df-e2986560c774/019eac6d-ca11-7c09-b5b2-fbaaf066b9ca.pdf"
"2464","Trator Agrícola","NEW HOLLAND","TT3880F","INSTRUÇÕES DE LUBRIFICAÇÃO PARA TRATORES NEW HOLLAND","-","true","https://cdn.appmaq.com.br/appmaq-media/manuals/0195b3ba-39a6-7181-98df-e2986560c774/019eac6d-cb17-7db6-9237-710b6d769f39.pdf"
"2465","Trator Agrícola","NEW HOLLAND","TT3880F","LUZES DO PAINEL DOS TRATORES NEW HOLLAND","-","true","https://cdn.appmaq.com.br/appmaq-media/manuals/0195b3ba-39a6-7181-98df-e2986560c774/019eac6d-cb34-7013-82c0-0be72178fd6c.pdf"
"2466","Trator Agrícola","NEW HOLLAND","TT3880F","MANUAL DO OPERADOR DOS TRATORES AGRICOLAS NEW HOLLAND TT3840 TT3840F TT3880F","-","true","https://cdn.appmaq.com.br/appmaq-media/manuals/0195b3ba-39a6-7181-98df-e2986560c774/019eac6d-cbc7-7c54-abe8-420a0757767e.pdf"
"2467","Trator Agrícola","NEW HOLLAND","TT4030","CATALOGO DE PEÇAS E FILTROS PARA OS TRATORES NEW HOLLAND","-","true","https://cdn.appmaq.com.br/appmaq-media/manuals/01957100-b0e0-7951-9bd5-a6df8f8fca8e/019eac6e-47cc-71f0-a857-1de13e8e224a.pdf"
"2468","Trator Agrícola","NEW HOLLAND","TT4030","EFICIÊNCIA E VERSATILIDADE DOS TRATORES NEW HOLLAND SÉRIE TT","-","true","https://cdn.appmaq.com.br/appmaq-media/manuals/01957100-b0e0-7951-9bd5-a6df8f8fca8e/019eac6e-47d6-78a0-b15c-30c23b185ac2.pdf"
"2469","Trator Agrícola","NEW HOLLAND","TT4030","FOLHETO DE POTÊNCIA E VERSATILIDADE DO TRATOR NEW HOLLAND TT4030","-","true","https://cdn.appmaq.com.br/appmaq-media/manuals/01957100-b0e0-7951-9bd5-a6df8f8fca8e/019eac6e-48d7-74f0-9a28-6653f0c061ed.pdf"
"2470","Trator Agrícola","NEW HOLLAND","TT4030","INSTRUÇÕES DE LUBRIFICAÇÃO PARA TRATORES NEW HOLLAND","-","true","https://cdn.appmaq.com.br/appmaq-media/manuals/01957100-b0e0-7951-9bd5-a6df8f8fca8e/019eac6e-4991-763b-9ad9-83d9f064c486.pdf"
"2471","Trator Agrícola","NEW HOLLAND","TT4030","LUZES DO PAINEL DOS TRATORES NEW HOLLAND","-","true","https://cdn.appmaq.com.br/appmaq-media/manuals/01957100-b0e0-7951-9bd5-a6df8f8fca8e/019eac6e-4a0a-7849-8a68-869e49a63e99.pdf"
"2472","Trator Agrícola","NEW HOLLAND","TT4.55","CATALOGO DE PEÇAS E FILTROS PARA OS TRATORES NEW HOLLAND","-","true","https://cdn.appmaq.com.br/appmaq-media/manuals/019ea8fb-45f9-79a9-990c-3d1e0c9035dc/019eac71-3f0b-7999-afc4-177798e98096.pdf"
"2473","Trator Agrícola","NEW HOLLAND","TT4.55","EFICIÊNCIA E VERSATILIDADE DOS TRATORES NEW HOLLAND SÉRIE TT","-","true","https://cdn.appmaq.com.br/appmaq-media/manuals/019ea8fb-45f9-79a9-990c-3d1e0c9035dc/019eac71-3f16-7888-aee4-8e4b9b134fef.pdf"
"2474","Trator Agrícola","NEW HOLLAND","TT4.55","ESPECIFICAÇÕES DOS TRATORES NEW HOLLAND TT.55 TT.65 TT.75 TT.55F TT.65F TT.75F","-","true","https://cdn.appmaq.com.br/appmaq-media/manuals/019ea8fb-45f9-79a9-990c-3d1e0c9035dc/019eac71-4032-7e99-8f63-e158fece0e62.pdf"
"2475","Trator Agrícola","NEW HOLLAND","TT4.55","INSTRUÇÕES DE LUBRIFICAÇÃO PARA TRATORES NEW HOLLAND","-","true","https://cdn.appmaq.com.br/appmaq-media/manuals/019ea8fb-45f9-79a9-990c-3d1e0c9035dc/019eac71-4066-7717-a2c8-6f3ef4b54fab.pdf"
"2476","Trator Agrícola","NEW HOLLAND","TT4.55","LUZES DO PAINEL DOS TRATORES NEW HOLLAND","-","true","https://cdn.appmaq.com.br/appmaq-media/manuals/019ea8fb-45f9-79a9-990c-3d1e0c9035dc/019eac71-40bf-70f5-afb6-cdfdbc2b34ec.pdf"
"2477","Trator Agrícola","NEW HOLLAND","TT4.55","MANUAL DE SERVIÇO DOS TRATORES NEW HOLLAND TT4.55 - TT4.65 - TT4.75","-","true","https://cdn.appmaq.com.br/appmaq-media/manuals/019ea8fb-45f9-79a9-990c-3d1e0c9035dc/019eac71-4153-7efc-943f-61aa6c27e706.pdf"
"2478","Trator Agrícola","NEW HOLLAND","TT4.65","CATALOGO DE PEÇAS E FILTROS PARA OS TRATORES NEW HOLLAND","-","true","https://cdn.appmaq.com.br/appmaq-media/manuals/019ea8fc-04b1-7c3c-94cf-a5e8e5caa2a3/019eac71-c89b-72f9-a447-9b69871d3711.pdf"
"2479","Trator Agrícola","NEW HOLLAND","TT4.65","EFICIÊNCIA E VERSATILIDADE DOS TRATORES NEW HOLLAND SÉRIE TT","-","true","https://cdn.appmaq.com.br/appmaq-media/manuals/019ea8fc-04b1-7c3c-94cf-a5e8e5caa2a3/019eac71-c8a6-74e6-97b2-0da26994d02c.pdf"
"2480","Trator Agrícola","NEW HOLLAND","TT4.65","ESPECIFICAÇÕES DOS TRATORES NEW HOLLAND TT.55 TT.65 TT.75 TT.55F TT.65F TT.75F","-","true","https://cdn.appmaq.com.br/appmaq-media/manuals/019ea8fc-04b1-7c3c-94cf-a5e8e5caa2a3/019eac71-c9c6-7d8e-9e63-d6cc8e796ae5.pdf"
"2481","Trator Agrícola","NEW HOLLAND","TT4.65","INSTRUÇÕES DE LUBRIFICAÇÃO PARA TRATORES NEW HOLLAND","-","true","https://cdn.appmaq.com.br/appmaq-media/manuals/019ea8fc-04b1-7c3c-94cf-a5e8e5caa2a3/019eac71-cb6e-7a68-ad11-2d9ed2230211.pdf"
"2482","Trator Agrícola","NEW HOLLAND","TT4.65","LUZES DO PAINEL DOS TRATORES NEW HOLLAND","-","true","https://cdn.appmaq.com.br/appmaq-media/manuals/019ea8fc-04b1-7c3c-94cf-a5e8e5caa2a3/019eac71-cc02-78ef-a14a-b92c0ecf6be3.pdf"
"2483","Trator Agrícola","NEW HOLLAND","TT4.65","MANUAL DE SERVIÇO DOS TRATORES NEW HOLLAND TT4.55 - TT4.65 - TT4.75","-","true","https://cdn.appmaq.com.br/appmaq-media/manuals/019ea8fc-04b1-7c3c-94cf-a5e8e5caa2a3/019eac71-cc42-72a4-8d68-77e870da2f39.pdf"
"2484","Trator Agrícola","NEW HOLLAND","TT4.75","CATALOGO DE PEÇAS E FILTROS PARA OS TRATORES NEW HOLLAND","-","true","https://cdn.appmaq.com.br/appmaq-media/manuals/01957100-b0e0-739a-81ca-8dae4138774d/019eac72-6b11-71d8-b7fe-9bd3e8f21629.pdf"
"2485","Trator Agrícola","NEW HOLLAND","TT4.75","EFICIÊNCIA E VERSATILIDADE DOS TRATORES NEW HOLLAND SÉRIE TT","-","true","https://cdn.appmaq.com.br/appmaq-media/manuals/01957100-b0e0-739a-81ca-8dae4138774d/019eac72-6b1b-733a-a6fc-e82b502e8471.pdf"
"2486","Trator Agrícola","NEW HOLLAND","TT4.75","ESPECIFICAÇÕES DOS TRATORES NEW HOLLAND TT.55 TT.65 TT.75 TT.55F TT.65F TT.75F","-","true","https://cdn.appmaq.com.br/appmaq-media/manuals/01957100-b0e0-739a-81ca-8dae4138774d/019eac72-6c31-7af4-a40a-ae4909156392.pdf"
"2487","Trator Agrícola","NEW HOLLAND","TT4.75","INSTRUÇÕES DE LUBRIFICAÇÃO PARA TRATORES NEW HOLLAND","-","true","https://cdn.appmaq.com.br/appmaq-media/manuals/01957100-b0e0-739a-81ca-8dae4138774d/019eac72-6c6b-7ff7-ab06-34c34707a5ce.pdf"
"2488","Trator Agrícola","NEW HOLLAND","TT4.75","LUZES DO PAINEL DOS TRATORES NEW HOLLAND","-","true","https://cdn.appmaq.com.br/appmaq-media/manuals/01957100-b0e0-739a-81ca-8dae4138774d/019eac72-6e1d-7b6f-9855-5408827fbd78.pdf"
"2489","Trator Agrícola","NEW HOLLAND","TT4.75","MANUAL DE SERVIÇO DOS TRATORES NEW HOLLAND TT4.55 - TT4.65 - TT4.75","-","true","https://cdn.appmaq.com.br/appmaq-media/manuals/01957100-b0e0-739a-81ca-8dae4138774d/019eac72-6e4c-7a67-bf04-086603d2fc25.pdf"
"2490","Trator Agrícola","NEW HOLLAND","TT4.80","CATALOGO DE PEÇAS E FILTROS PARA OS TRATORES NEW HOLLAND","-","true","https://cdn.appmaq.com.br/appmaq-media/manuals/019ea8fc-2bf1-7b50-88ab-be84416266e3/019eac72-d068-7fcc-98be-a25a0d38ee13.pdf"
"2491","Trator Agrícola","NEW HOLLAND","TT4.80","EFICIÊNCIA E VERSATILIDADE DOS TRATORES NEW HOLLAND SÉRIE TT","-","true","https://cdn.appmaq.com.br/appmaq-media/manuals/019ea8fc-2bf1-7b50-88ab-be84416266e3/019eac72-d072-72ca-854c-0c9b26c87493.pdf"
"2492","Trator Agrícola","NEW HOLLAND","TT4.80","INSTRUÇÕES DE LUBRIFICAÇÃO PARA TRATORES NEW HOLLAND","-","true","https://cdn.appmaq.com.br/appmaq-media/manuals/019ea8fc-2bf1-7b50-88ab-be84416266e3/019eac72-d170-73c6-aff7-67c6bda772c5.pdf"
"2493","Trator Agrícola","NEW HOLLAND","TT4.80","LUZES DO PAINEL DOS TRATORES NEW HOLLAND","-","true","https://cdn.appmaq.com.br/appmaq-media/manuals/019ea8fc-2bf1-7b50-88ab-be84416266e3/019eac72-d18b-7d13-b643-7ef434ed26d8.pdf"
"2494","Trator Agrícola","NEW HOLLAND","TT4.80","MANUAL DE SERVIÇO DO TRATOR NEW HOLLAND TT4.80 E TT4.90","-","true","https://cdn.appmaq.com.br/appmaq-media/manuals/019ea8fc-2bf1-7b50-88ab-be84416266e3/019eac72-d1e3-7ea6-b917-452d713e8e80.pdf"
"2495","Trator Agrícola","NEW HOLLAND","TT4.90","CATALOGO DE PEÇAS E FILTROS PARA OS TRATORES NEW HOLLAND","-","true","https://cdn.appmaq.com.br/appmaq-media/manuals/0198f65c-86c2-73f0-94e3-075d8ebcc2e8/019eac73-29ae-7f57-93f3-47c171fc116d.pdf"
"2496","Trator Agrícola","NEW HOLLAND","TT4.90","EFICIÊNCIA E VERSATILIDADE DOS TRATORES NEW HOLLAND SÉRIE TT","-","true","https://cdn.appmaq.com.br/appmaq-media/manuals/0198f65c-86c2-73f0-94e3-075d8ebcc2e8/019eac73-29be-74c9-afbd-8ee4f20b1d73.pdf"
"2497","Trator Agrícola","NEW HOLLAND","TT4.90","INSTRUÇÕES DE LUBRIFICAÇÃO PARA TRATORES NEW HOLLAND","-","true","https://cdn.appmaq.com.br/appmaq-media/manuals/0198f65c-86c2-73f0-94e3-075d8ebcc2e8/019eac73-2b55-78f2-8622-757a27db587f.pdf"
"2498","Trator Agrícola","NEW HOLLAND","TT4.90","LUZES DO PAINEL DOS TRATORES NEW HOLLAND","-","true","https://cdn.appmaq.com.br/appmaq-media/manuals/0198f65c-86c2-73f0-94e3-075d8ebcc2e8/019eac73-2bb3-7292-beca-9b10b1319e1d.pdf"
"2499","Trator Agrícola","NEW HOLLAND","TT4.90","MANUAL DE SERVIÇO DO TRATOR NEW HOLLAND TT4.80 E TT4.90","-","true","https://cdn.appmaq.com.br/appmaq-media/manuals/0198f65c-86c2-73f0-94e3-075d8ebcc2e8/019eac73-2c88-7653-86a0-62cb3bfef837.pdf"
"2500","Trator Agrícola","NEW HOLLAND","TT55F","CATALOGO DE PEÇAS E FILTROS PARA OS TRATORES NEW HOLLAND","-","true","https://cdn.appmaq.com.br/appmaq-media/manuals/0195b3ba-39a6-74d5-b4f1-88ba052ff5bb/019eac73-a013-79d2-b7b9-1e089787de53.pdf"
"2501","Trator Agrícola","NEW HOLLAND","TT55F","EFICIÊNCIA E VERSATILIDADE DOS TRATORES NEW HOLLAND SÉRIE TT","-","true","https://cdn.appmaq.com.br/appmaq-media/manuals/0195b3ba-39a6-74d5-b4f1-88ba052ff5bb/019eac73-a024-738c-9148-51644e8f86fb.pdf"
"2502","Trator Agrícola","NEW HOLLAND","TT55F","ESPECIFICAÇÕES DOS TRATORES NEW HOLLAND TT.55 TT.65 TT.75 TT.55F TT.65F TT.75F","-","true","https://cdn.appmaq.com.br/appmaq-media/manuals/0195b3ba-39a6-74d5-b4f1-88ba052ff5bb/019eac73-a23a-7e1e-93a6-969bdfe7b783.pdf"
"2503","Trator Agrícola","NEW HOLLAND","TT55F","INSTRUÇÕES DE LUBRIFICAÇÃO PARA TRATORES NEW HOLLAND","-","true","https://cdn.appmaq.com.br/appmaq-media/manuals/0195b3ba-39a6-74d5-b4f1-88ba052ff5bb/019eac73-a300-7a0c-a873-cd409131cbde.pdf"
"2504","Trator Agrícola","NEW HOLLAND","TT55F","LUZES DO PAINEL DOS TRATORES NEW HOLLAND","-","true","https://cdn.appmaq.com.br/appmaq-media/manuals/0195b3ba-39a6-74d5-b4f1-88ba052ff5bb/019eac73-a3a9-7983-b9ed-8244a316e168.pdf"
"2505","Trator Agrícola","NEW HOLLAND","TT65F","CATALOGO DE PEÇAS E FILTROS PARA OS TRATORES NEW HOLLAND","-","true","https://cdn.appmaq.com.br/appmaq-media/manuals/0195b3ba-39a6-7e49-b320-28afe81a1e43/019eac73-f973-7e29-80ec-bd52926ff1d7.pdf"
"2506","Trator Agrícola","NEW HOLLAND","TT65F","EFICIÊNCIA E VERSATILIDADE DOS TRATORES NEW HOLLAND SÉRIE TT","-","true","https://cdn.appmaq.com.br/appmaq-media/manuals/0195b3ba-39a6-7e49-b320-28afe81a1e43/019eac73-f97c-7e84-ad31-a80a2bcaee7a.pdf"
"2507","Trator Agrícola","NEW HOLLAND","TT65F","ESPECIFICAÇÕES DOS TRATORES NEW HOLLAND TT.55 TT.65 TT.75 TT.55F TT.65F TT.75F","-","true","https://cdn.appmaq.com.br/appmaq-media/manuals/0195b3ba-39a6-7e49-b320-28afe81a1e43/019eac73-fa86-732d-92d7-cc18d9733924.pdf"
"2508","Trator Agrícola","NEW HOLLAND","TT65F","INSTRUÇÕES DE LUBRIFICAÇÃO PARA TRATORES NEW HOLLAND","-","true","https://cdn.appmaq.com.br/appmaq-media/manuals/0195b3ba-39a6-7e49-b320-28afe81a1e43/019eac73-fac3-7cbf-bf1c-d06bc771dd40.pdf"
"2509","Trator Agrícola","NEW HOLLAND","TT65F","LUZES DO PAINEL DOS TRATORES NEW HOLLAND","-","true","https://cdn.appmaq.com.br/appmaq-media/manuals/0195b3ba-39a6-7e49-b320-28afe81a1e43/019eac73-fb33-7420-b353-0f7cef786bac.pdf"
"2510","Trator Agrícola","NEW HOLLAND","TT75F","CATALOGO DE PEÇAS E FILTROS PARA OS TRATORES NEW HOLLAND","-","true","https://cdn.appmaq.com.br/appmaq-media/manuals/01957100-b0e0-7d2a-84d0-669ab69b61f7/019eac74-573b-7d44-89f4-5c14fc2b5a0f.pdf"
"2511","Trator Agrícola","NEW HOLLAND","TT75F","EFICIÊNCIA E VERSATILIDADE DOS TRATORES NEW HOLLAND SÉRIE TT","-","true","https://cdn.appmaq.com.br/appmaq-media/manuals/01957100-b0e0-7d2a-84d0-669ab69b61f7/019eac74-5744-76a5-8c20-1cd4509781fc.pdf"
"2512","Trator Agrícola","NEW HOLLAND","TT75F","ESPECIFICAÇÕES DOS TRATORES NEW HOLLAND TT.55 TT.65 TT.75 TT.55F TT.65F TT.75F","-","true","https://cdn.appmaq.com.br/appmaq-media/manuals/01957100-b0e0-7d2a-84d0-669ab69b61f7/019eac74-582f-7a92-b9e9-8280171c301d.pdf"
"2513","Trator Agrícola","NEW HOLLAND","TT75F","INSTRUÇÕES DE LUBRIFICAÇÃO PARA TRATORES NEW HOLLAND","-","true","https://cdn.appmaq.com.br/appmaq-media/manuals/01957100-b0e0-7d2a-84d0-669ab69b61f7/019eac74-5897-7b64-810f-91d1060ef21a.pdf"
"2514","Trator Agrícola","NEW HOLLAND","TT75F","LUZES DO PAINEL DOS TRATORES NEW HOLLAND","-","true","https://cdn.appmaq.com.br/appmaq-media/manuals/01957100-b0e0-7d2a-84d0-669ab69b61f7/019eac74-5912-7ef6-be83-4dd0cf59dcda.pdf"
"2515","Trator Agrícola","VALTRA","1280","CATALOGO DE PEÇAS DOS TRATORES VALTRA-VALMET","-","true","https://cdn.appmaq.com.br/appmaq-media/manuals/0196f443-bf7d-74f4-b9d2-eb1f88ce1455/019eff6a-d264-72c7-a417-42dcb2e753a2.pdf"
"2516","Trator Agrícola","VALTRA","1280","MANUAL COM INSTRUÇÕES PARA TRATORES VALTRA","-","true","https://cdn.appmaq.com.br/appmaq-media/manuals/0196f443-bf7d-74f4-b9d2-eb1f88ce1455/019eff6a-d2b3-77e6-9681-17ba199c3361.pdf"
"2517","Trator Agrícola","VALTRA","1280","MANUAL COM INSTRUÇÕES SOBRE OPERAÇÃO, MANUTENÇÃO E SEGURANÇA PARA TRATORES VALTRA","-","true","https://cdn.appmaq.com.br/appmaq-media/manuals/0196f443-bf7d-74f4-b9d2-eb1f88ce1455/019eff6a-d661-735e-8f23-2742e9814abf.pdf"
"2518","Trator Agrícola","VALTRA","1280","MANUAL DE ELÉTRICA E HIDRÁULICA DOS TRATORES VALTRA A4S, A4 E A4 HITECH, INCLUINDO DIAGNÓSTICO DE FALHAS","-","true","https://cdn.appmaq.com.br/appmaq-media/manuals/0196f443-bf7d-74f4-b9d2-eb1f88ce1455/019eff6a-d938-7eff-a381-4b4ac49104fe.pdf"
"2519","Trator Agrícola","VALTRA","1380 S","CATALOGO DE PEÇAS DOS TRATORES VALTRA-VALMET","-","true","https://cdn.appmaq.com.br/appmaq-media/manuals/0196f443-bf81-78eb-a8d0-b5dec6c92d02/019eff6b-ce0d-7e4b-a81c-963d483f0f7a.pdf"
"2520","Trator Agrícola","VALTRA","1380 S","MANUAL COM INSTRUÇÕES PARA TRATORES VALTRA","-","true","https://cdn.appmaq.com.br/appmaq-media/manuals/0196f443-bf81-78eb-a8d0-b5dec6c92d02/019eff6b-cef2-75bd-87b1-8349da9aa9c5.pdf"
"2521","Trator Agrícola","VALTRA","1380 S","MANUAL COM INSTRUÇÕES SOBRE OPERAÇÃO, MANUTENÇÃO E SEGURANÇA PARA TRATORES VALTRA","-","true","https://cdn.appmaq.com.br/appmaq-media/manuals/0196f443-bf81-78eb-a8d0-b5dec6c92d02/019eff6b-d294-72cf-9ad5-f380193a05bd.pdf"
"2522","Trator Agrícola","VALTRA","1380 S","MANUAL DE ELÉTRICA E HIDRÁULICA DOS TRATORES VALTRA A4S, A4 E A4 HITECH, INCLUINDO DIAGNÓSTICO DE FALHAS","-","true","https://cdn.appmaq.com.br/appmaq-media/manuals/0196f443-bf81-78eb-a8d0-b5dec6c92d02/019eff6b-d4c3-7473-8a7a-e7d15448c14e.pdf"
"2523","Trator Agrícola","VALTRA","1780","CATALOGO DE PEÇAS DOS TRATORES VALTRA-VALMET","-","true","https://cdn.appmaq.com.br/appmaq-media/manuals/0196f443-bf7d-7bd7-bac1-053e4c3989c4/019eff6d-4b9e-784c-9384-4a96c7c36fdd.pdf"
"2524","Trator Agrícola","VALTRA","1780","MANUAL COM INSTRUÇÕES PARA TRATORES VALTRA","-","true","https://cdn.appmaq.com.br/appmaq-media/manuals/0196f443-bf7d-7bd7-bac1-053e4c3989c4/019eff6d-4c22-7f86-9c1f-5587343f0d3e.pdf"
"2525","Trator Agrícola","VALTRA","1780","MANUAL COM INSTRUÇÕES SOBRE OPERAÇÃO, MANUTENÇÃO E SEGURANÇA PARA TRATORES VALTRA","-","true","https://cdn.appmaq.com.br/appmaq-media/manuals/0196f443-bf7d-7bd7-bac1-053e4c3989c4/019eff6d-4fca-7be7-b48d-55b8fcf00986.pdf"
"2526","Trator Agrícola","VALTRA","1780","MANUAL DE ELÉTRICA E HIDRÁULICA DOS TRATORES VALTRA A4S, A4 E A4 HITECH, INCLUINDO DIAGNÓSTICO DE FALHAS","-","true","https://cdn.appmaq.com.br/appmaq-media/manuals/0196f443-bf7d-7bd7-bac1-053e4c3989c4/019eff6d-522e-7a79-892e-1c75c982126f.pdf"
"2527","Trator Agrícola","VALTRA","585","CATALOGO DE PEÇAS DOS TRATORES VALTRA-VALMET","-","true","https://cdn.appmaq.com.br/appmaq-media/manuals/0196f443-bf7b-7886-843b-7ab8e17028e6/019eff21-554a-7c41-a0dd-32d22d193a15.pdf"
"2528","Trator Agrícola","VALTRA","585","ESPECIFICAÇÕES DO TRATOR VALTRA 585-785 e BF65 BF75","-","true","https://cdn.appmaq.com.br/appmaq-media/manuals/0196f443-bf7b-7886-843b-7ab8e17028e6/019eff21-55d1-7919-935a-1146216cbbd2.pdf"
"2529","Trator Agrícola","VALTRA","585","MANUAL COM INSTRUÇÕES PARA TRATORES VALTRA","-","true","https://cdn.appmaq.com.br/appmaq-media/manuals/0196f443-bf7b-7886-843b-7ab8e17028e6/019eff21-5606-796a-bca5-218411d643e4.pdf"
"2530","Trator Agrícola","VALTRA","585","MANUAL COM INSTRUÇÕES SOBRE OPERAÇÃO, MANUTENÇÃO E SEGURANÇA PARA TRATORES VALTRA","-","true","https://cdn.appmaq.com.br/appmaq-media/manuals/0196f443-bf7b-7886-843b-7ab8e17028e6/019eff21-5cd2-747b-8711-c38f06c12c1a.pdf"
"2531","Trator Agrícola","VALTRA","585","MANUAL DE ELÉTRICA E HIDRÁULICA DOS TRATORES VALTRA A4S, A4 E A4 HITECH, INCLUINDO DIAGNÓSTICO DE FALHAS","-","true","https://cdn.appmaq.com.br/appmaq-media/manuals/0196f443-bf7b-7886-843b-7ab8e17028e6/019eff21-5fd6-74a4-ac84-d16ba47c0883.pdf"
"2532","Trator Agrícola","VALTRA","685","CATALOGO DE PEÇAS DOS TRATORES VALTRA-VALMET","-","true","https://cdn.appmaq.com.br/appmaq-media/manuals/0196f443-bf7c-72e2-aa09-37daff951cec/019eff21-fa46-76d7-8b8e-8064f724442d.pdf"
"2533","Trator Agrícola","VALTRA","685","ESPECIFICAÇÕES DO TRATOR VALTRA 585-785 e BF65 BF75","-","true","https://cdn.appmaq.com.br/appmaq-media/manuals/0196f443-bf7c-72e2-aa09-37daff951cec/019eff21-fa95-7a5e-a23b-78c035758850.pdf"
"2534","Trator Agrícola","VALTRA","685","MANUAL COM INSTRUÇÕES PARA TRATORES VALTRA","-","true","https://cdn.appmaq.com.br/appmaq-media/manuals/0196f443-bf7c-72e2-aa09-37daff951cec/019eff21-fad3-73db-b002-91bed8a4fb32.pdf"
"2535","Trator Agrícola","VALTRA","685","MANUAL COM INSTRUÇÕES SOBRE OPERAÇÃO, MANUTENÇÃO E SEGURANÇA PARA TRATORES VALTRA","-","true","https://cdn.appmaq.com.br/appmaq-media/manuals/0196f443-bf7c-72e2-aa09-37daff951cec/019eff21-fed1-7cf9-9ed7-876eec439e14.pdf"
"2536","Trator Agrícola","VALTRA","685","MANUAL DE ELÉTRICA E HIDRÁULICA DOS TRATORES VALTRA A4S, A4 E A4 HITECH, INCLUINDO DIAGNÓSTICO DE FALHAS","-","true","https://cdn.appmaq.com.br/appmaq-media/manuals/0196f443-bf7c-72e2-aa09-37daff951cec/019eff22-0186-7c06-a310-fb9115c9fb4d.pdf"
"2537","Trator Agrícola","VALTRA","785","CATALOGO DE PEÇAS DOS TRATORES VALTRA-VALMET","-","true","https://cdn.appmaq.com.br/appmaq-media/manuals/0196f443-bf7c-71bc-82da-eb776308d068/019eff65-01e3-7cc9-a6c7-363655c91ac2.pdf"
"2538","Trator Agrícola","VALTRA","785","ESPECIFICAÇÕES DO TRATOR VALTRA 585-785 e BF65 BF75","-","true","https://cdn.appmaq.com.br/appmaq-media/manuals/0196f443-bf7c-71bc-82da-eb776308d068/019eff65-023a-7613-9134-018150117744.pdf"
"2539","Trator Agrícola","VALTRA","785","MANUAL COM INSTRUÇÕES PARA TRATORES VALTRA","-","true","https://cdn.appmaq.com.br/appmaq-media/manuals/0196f443-bf7c-71bc-82da-eb776308d068/019eff65-025d-7a4d-a832-25973cfa9165.pdf"
"2540","Trator Agrícola","VALTRA","785","MANUAL COM INSTRUÇÕES SOBRE OPERAÇÃO, MANUTENÇÃO E SEGURANÇA PARA TRATORES VALTRA","-","true","https://cdn.appmaq.com.br/appmaq-media/manuals/0196f443-bf7c-71bc-82da-eb776308d068/019eff65-0703-7f20-aa6f-452ecc810277.pdf"
"2541","Trator Agrícola","VALTRA","785","MANUAL DE ELÉTRICA E HIDRÁULICA DOS TRATORES VALTRA A4S, A4 E A4 HITECH, INCLUINDO DIAGNÓSTICO DE FALHAS","-","true","https://cdn.appmaq.com.br/appmaq-media/manuals/0196f443-bf7c-71bc-82da-eb776308d068/019eff65-0aed-73c4-8456-11e769a50b4d.pdf"
"2542","Trator Agrícola","VALTRA","800","CATALOGO DE PEÇAS DOS TRATORES VALTRA-VALMET","-","true","https://cdn.appmaq.com.br/appmaq-media/manuals/0196f443-bf7c-75dc-a4a7-ad916d53663f/019eff65-a777-7a8f-850e-037679bc8488.pdf"
"2543","Trator Agrícola","VALTRA","800","MANUAL COM INSTRUÇÕES PARA TRATORES VALTRA","-","true","https://cdn.appmaq.com.br/appmaq-media/manuals/0196f443-bf7c-75dc-a4a7-ad916d53663f/019eff65-a7ea-7760-b47a-77c9b0dfca4f.pdf"
"2544","Trator Agrícola","VALTRA","800","MANUAL COM INSTRUÇÕES SOBRE OPERAÇÃO, MANUTENÇÃO E SEGURANÇA PARA TRATORES VALTRA","-","true","https://cdn.appmaq.com.br/appmaq-media/manuals/0196f443-bf7c-75dc-a4a7-ad916d53663f/019eff65-accf-7bab-a7f8-c5d4c04c8456.pdf"
"2545","Trator Agrícola","VALTRA","800","MANUAL DE ELÉTRICA E HIDRÁULICA DOS TRATORES VALTRA A4S, A4 E A4 HITECH, INCLUINDO DIAGNÓSTICO DE FALHAS","-","true","https://cdn.appmaq.com.br/appmaq-media/manuals/0196f443-bf7c-75dc-a4a7-ad916d53663f/019eff65-b1f8-721e-b72a-b9f13385142b.pdf"
"2546","Trator Agrícola","VALTRA","885","CATALOGO DE PEÇAS DOS TRATORES VALTRA-VALMET","-","true","https://cdn.appmaq.com.br/appmaq-media/manuals/01957100-b0e0-77b0-8710-4b0047a123d2/019eff66-6b62-7d49-8d75-bb3d9e8fa41d.pdf"
"2547","Trator Agrícola","VALTRA","885","MANUAL COM INSTRUÇÕES PARA TRATORES VALTRA","-","true","https://cdn.appmaq.com.br/appmaq-media/manuals/01957100-b0e0-77b0-8710-4b0047a123d2/019eff66-6bc9-7867-bf92-125ee7312c71.pdf"
"2548","Trator Agrícola","VALTRA","885","MANUAL COM INSTRUÇÕES SOBRE OPERAÇÃO, MANUTENÇÃO E SEGURANÇA PARA TRATORES VALTRA","-","true","https://cdn.appmaq.com.br/appmaq-media/manuals/01957100-b0e0-77b0-8710-4b0047a123d2/019eff66-6f3f-7be2-a3e0-2160d07e3ac1.pdf"
"2549","Trator Agrícola","VALTRA","885","MANUAL DE ELÉTRICA E HIDRÁULICA DOS TRATORES VALTRA A4S, A4 E A4 HITECH, INCLUINDO DIAGNÓSTICO DE FALHAS","-","true","https://cdn.appmaq.com.br/appmaq-media/manuals/01957100-b0e0-77b0-8710-4b0047a123d2/019eff66-7181-7153-834c-97f993d8d009.pdf"
"2550","Trator Agrícola","VALTRA","985","CATALOGO DE PEÇAS DOS TRATORES VALTRA-VALMET","-","true","https://cdn.appmaq.com.br/appmaq-media/manuals/01957100-b0e0-7570-a168-32f7e5dec48c/019eff67-8b18-7b34-a270-201a1511aa52.pdf"
"2551","Trator Agrícola","VALTRA","985","MANUAL COM INSTRUÇÕES PARA TRATORES VALTRA","-","true","https://cdn.appmaq.com.br/appmaq-media/manuals/01957100-b0e0-7570-a168-32f7e5dec48c/019eff67-8b6b-79ca-80a2-feb8141b79f1.pdf"
"2552","Trator Agrícola","VALTRA","985","MANUAL COM INSTRUÇÕES SOBRE OPERAÇÃO, MANUTENÇÃO E SEGURANÇA PARA TRATORES VALTRA","-","true","https://cdn.appmaq.com.br/appmaq-media/manuals/01957100-b0e0-7570-a168-32f7e5dec48c/019eff67-8f0d-7b6d-8363-aa68449cee27.pdf"
"2553","Trator Agrícola","VALTRA","985","MANUAL DE ELÉTRICA E HIDRÁULICA DOS TRATORES VALTRA A4S, A4 E A4 HITECH, INCLUINDO DIAGNÓSTICO DE FALHAS","-","true","https://cdn.appmaq.com.br/appmaq-media/manuals/01957100-b0e0-7570-a168-32f7e5dec48c/019eff67-913f-7bd4-bd77-196c120d4040.pdf"
"2554","Trator Agrícola","VALTRA","A104","CATALOGO DE PEÇAS DOS TRATORES VALTRA-VALMET","-","true","https://cdn.appmaq.com.br/appmaq-media/manuals/01957100-b0e0-7303-a2e7-46ff728f4eb9/019f1456-4084-7593-9315-a4dc8de1fd07.pdf"
"2555","Trator Agrícola","VALTRA","A104","FOLHETO COM INFORMAÇÕES SOBRE ECONOMIA DE COMBUSTÍVEL, CONFORTO, VERSATILIDADE E TECNOLOGIA AVANÇADA DE TODOS TRATORES VALTRA._compressed","-","true","https://cdn.appmaq.com.br/appmaq-media/manuals/01957100-b0e0-7303-a2e7-46ff728f4eb9/019f1456-40d6-7c70-9d42-e9d8b3880c33.pdf"
"2556","Trator Agrícola","VALTRA","A104","FOLHETO DOS TRATORES AGRICOLAS A94 E A104","-","true","https://cdn.appmaq.com.br/appmaq-media/manuals/01957100-b0e0-7303-a2e7-46ff728f4eb9/019f1456-4333-7c36-aa7c-d090017f7ef7.pdf"
"2557","Trator Agrícola","VALTRA","A104","FOLHETO SOBRE POTÊNCIA E VERSATILIDADE TRATORES VALTRA SÉRIE A4 E A4S","-","true","https://cdn.appmaq.com.br/appmaq-media/manuals/01957100-b0e0-7303-a2e7-46ff728f4eb9/019f1456-4365-7843-9b14-f71e4af1d987.pdf"
"2558","Trator Agrícola","VALTRA","A104","MANUAL COM INSTRUÇÕES PARA TRATORES VALTRA","-","true","https://cdn.appmaq.com.br/appmaq-media/manuals/01957100-b0e0-7303-a2e7-46ff728f4eb9/019f1456-4486-743f-afd9-1fc2dcaa9237.pdf"
"2559","Trator Agrícola","VALTRA","A104","MANUAL COM INSTRUÇÕES SOBRE OPERAÇÃO, MANUTENÇÃO E SEGURANÇA PARA TRATORES VALTRA","-","true","https://cdn.appmaq.com.br/appmaq-media/manuals/01957100-b0e0-7303-a2e7-46ff728f4eb9/019f1456-488a-79bf-a9ca-ad17f868917e.pdf"
"2560","Trator Agrícola","VALTRA","A104","MANUTENÇÃO PERIÓDICA TRATORES VALTRA A4 E BH G2","-","true","https://cdn.appmaq.com.br/appmaq-media/manuals/01957100-b0e0-7303-a2e7-46ff728f4eb9/019f1456-4b4f-70b2-8bd2-061b9fb6f07a.pdf"
"2561","Trator Agrícola","VALTRA","A105","CATALOGO DE PEÇAS DOS TRATORES VALTRA-VALMET","-","true","https://cdn.appmaq.com.br/appmaq-media/manuals/019f135e-7e8d-71ba-9f2e-8ad3a6ed0354/019f1457-18d8-7f1b-8f4f-355cf817cad4.pdf"
"2562","Trator Agrícola","VALTRA","A105","FOLHETO COM INFORMAÇÕES SOBRE ECONOMIA DE COMBUSTÍVEL, CONFORTO, VERSATILIDADE E TECNOLOGIA AVANÇADA DE TODOS TRATORES VALTRA._compressed","-","true","https://cdn.appmaq.com.br/appmaq-media/manuals/019f135e-7e8d-71ba-9f2e-8ad3a6ed0354/019f1457-1929-7e2f-b640-b9fe5654b23b.pdf"
"2563","Trator Agrícola","VALTRA","A105","FOLHETO DOS TRATORES AGRICOLAS A5","-","true","https://cdn.appmaq.com.br/appmaq-media/manuals/019f135e-7e8d-71ba-9f2e-8ad3a6ed0354/019f1457-1b7f-7afd-9b0a-a2d657e73c7e.pdf"
"2564","Trator Agrícola","VALTRA","A105","MANUAL COM INSTRUÇÕES PARA TRATORES VALTRA","-","true","https://cdn.appmaq.com.br/appmaq-media/manuals/019f135e-7e8d-71ba-9f2e-8ad3a6ed0354/019f1457-1be9-7b06-a917-0d50c9188dcb.pdf"
"2565","Trator Agrícola","VALTRA","A105","MANUAL COM INSTRUÇÕES SOBRE OPERAÇÃO, MANUTENÇÃO E SEGURANÇA PARA TRATORES VALTRA","-","true","https://cdn.appmaq.com.br/appmaq-media/manuals/019f135e-7e8d-71ba-9f2e-8ad3a6ed0354/019f1457-20d8-7d4a-9121-766984a3a9f0.pdf"
"2566","Trator Agrícola","VALTRA","A114","CATALOGO DE PEÇAS DOS TRATORES VALTRA-VALMET","-","true","https://cdn.appmaq.com.br/appmaq-media/manuals/01957100-b0e0-7494-9166-38599682a455/019f1458-5d0d-7270-a68e-98527ba4f83d.pdf"
"2567","Trator Agrícola","VALTRA","A114","FOLHETO COM INFORMAÇÕES SOBRE ECONOMIA DE COMBUSTÍVEL, CONFORTO, VERSATILIDADE E TECNOLOGIA AVANÇADA DE TODOS TRATORES VALTRA._compressed","-","true","https://cdn.appmaq.com.br/appmaq-media/manuals/01957100-b0e0-7494-9166-38599682a455/019f1458-5d64-72ba-ac70-eca0b2f1d833.pdf"
"2568","Trator Agrícola","VALTRA","A114","FOLHETO DOS TRATORES AGRICOLAS A4","-","true","https://cdn.appmaq.com.br/appmaq-media/manuals/01957100-b0e0-7494-9166-38599682a455/019f1458-5f9a-7f62-bc6c-f144079ffac1.pdf"
"2569","Trator Agrícola","VALTRA","A114","FOLHETO SOBRE POTÊNCIA E VERSATILIDADE TRATORES VALTRA SÉRIE A4 E A4S","-","true","https://cdn.appmaq.com.br/appmaq-media/manuals/01957100-b0e0-7494-9166-38599682a455/019f1458-5fee-7011-b513-618a7105b8da.pdf"
"2570","Trator Agrícola","VALTRA","A114","MANUAL COM INSTRUÇÕES PARA TRATORES VALTRA","-","true","https://cdn.appmaq.com.br/appmaq-media/manuals/01957100-b0e0-7494-9166-38599682a455/019f1458-60bf-74e5-874c-c57618f0c723.pdf"
"2571","Trator Agrícola","VALTRA","A114","MANUAL COM INSTRUÇÕES SOBRE OPERAÇÃO, MANUTENÇÃO E SEGURANÇA PARA TRATORES VALTRA","-","true","https://cdn.appmaq.com.br/appmaq-media/manuals/01957100-b0e0-7494-9166-38599682a455/019f1458-6683-79ef-87e1-965ec6c28c1d.pdf"
"2572","Trator Agrícola","VALTRA","A114","MANUTENÇÃO PERIÓDICA TRATORES VALTRA A4 E BH G2","-","true","https://cdn.appmaq.com.br/appmaq-media/manuals/01957100-b0e0-7494-9166-38599682a455/019f1458-6db3-7d41-85bb-4bd6d7961de9.pdf"
"2573","Trator Agrícola","VALTRA","A114LP","CATALOGO DE PEÇAS DOS TRATORES VALTRA-VALMET","-","true","https://cdn.appmaq.com.br/appmaq-media/manuals/0198b3dc-f8e7-776f-a627-9760e62b0111/019f1459-8824-7435-a436-77296e7d6528.pdf"
"2574","Trator Agrícola","VALTRA","A114LP","FOLHETO COM INFORMAÇÕES SOBRE ECONOMIA DE COMBUSTÍVEL, CONFORTO, VERSATILIDADE E TECNOLOGIA AVANÇADA DE TODOS TRATORES VALTRA._compressed","-","true","https://cdn.appmaq.com.br/appmaq-media/manuals/0198b3dc-f8e7-776f-a627-9760e62b0111/019f1459-8876-75c9-b96c-6c61534e6cc6.pdf"
"2575","Trator Agrícola","VALTRA","A114LP","MANUAL COM INSTRUÇÕES PARA TRATORES VALTRA","-","true","https://cdn.appmaq.com.br/appmaq-media/manuals/0198b3dc-f8e7-776f-a627-9760e62b0111/019f1459-8ae1-79b8-97f0-b4575d427c9c.pdf"
"2576","Trator Agrícola","VALTRA","A114LP","MANUAL COM INSTRUÇÕES SOBRE OPERAÇÃO, MANUTENÇÃO E SEGURANÇA PARA TRATORES VALTRA","-","true","https://cdn.appmaq.com.br/appmaq-media/manuals/0198b3dc-f8e7-776f-a627-9760e62b0111/019f1459-8ee2-7db4-be56-aa164f414f07.pdf"
"2577","Trator Agrícola","VALTRA","A115","CATALOGO DE PEÇAS DOS TRATORES VALTRA-VALMET","-","true","https://cdn.appmaq.com.br/appmaq-media/manuals/019f135e-ff60-7953-aa35-168430e46b30/019f145a-6860-799b-887a-02c5d78ce890.pdf"
"2578","Trator Agrícola","VALTRA","A115","FOLHETO COM INFORMAÇÕES SOBRE ECONOMIA DE COMBUSTÍVEL, CONFORTO, VERSATILIDADE E TECNOLOGIA AVANÇADA DE TODOS TRATORES VALTRA._compressed","-","true","https://cdn.appmaq.com.br/appmaq-media/manuals/019f135e-ff60-7953-aa35-168430e46b30/019f145a-68b4-748e-a665-5b8e232b6e6e.pdf"
"2579","Trator Agrícola","VALTRA","A115","FOLHETO DOS TRATORES AGRICOLAS A5","-","true","https://cdn.appmaq.com.br/appmaq-media/manuals/019f135e-ff60-7953-aa35-168430e46b30/019f145a-6af0-7567-9a60-83ebb6e522cc.pdf"
"2580","Trator Agrícola","VALTRA","A115","MANUAL COM INSTRUÇÕES PARA TRATORES VALTRA","-","true","https://cdn.appmaq.com.br/appmaq-media/manuals/019f135e-ff60-7953-aa35-168430e46b30/019f145a-6b7d-71b8-bb27-62e7005a5e2e.pdf"
"2581","Trator Agrícola","VALTRA","A115","MANUAL COM INSTRUÇÕES SOBRE OPERAÇÃO, MANUTENÇÃO E SEGURANÇA PARA TRATORES VALTRA","-","true","https://cdn.appmaq.com.br/appmaq-media/manuals/019f135e-ff60-7953-aa35-168430e46b30/019f145a-7051-7145-b530-addbe33ef98e.pdf"
"2582","Trator Agrícola","VALTRA","A124","CATALOGO DE PEÇAS DOS TRATORES VALTRA-VALMET","-","true","https://cdn.appmaq.com.br/appmaq-media/manuals/019aa853-b89f-7a5f-ac3f-6a5b3329a727/019f145b-4afa-7c10-8a72-ff766b6ea49d.pdf"
"2583","Trator Agrícola","VALTRA","A124","FOLHETO COM INFORMAÇÕES SOBRE ECONOMIA DE COMBUSTÍVEL, CONFORTO, VERSATILIDADE E TECNOLOGIA AVANÇADA DE TODOS TRATORES VALTRA._compressed","-","true","https://cdn.appmaq.com.br/appmaq-media/manuals/019aa853-b89f-7a5f-ac3f-6a5b3329a727/019f145b-4e6b-70b2-98b8-7ec6696d66fc.pdf"
"2584","Trator Agrícola","VALTRA","A124","FOLHETO DOS TRATORES AGRICOLAS A4","-","true","https://cdn.appmaq.com.br/appmaq-media/manuals/019aa853-b89f-7a5f-ac3f-6a5b3329a727/019f145b-5339-7295-bb8d-bf5e3c6c7ce8.pdf"
"2585","Trator Agrícola","VALTRA","A124","FOLHETO SOBRE POTÊNCIA E VERSATILIDADE TRATORES VALTRA SÉRIE A4 E A4S","-","true","https://cdn.appmaq.com.br/appmaq-media/manuals/019aa853-b89f-7a5f-ac3f-6a5b3329a727/019f145b-5374-7388-a42d-c41614b4afc2.pdf"
"2586","Trator Agrícola","VALTRA","A124","MANUAL COM INSTRUÇÕES PARA TRATORES VALTRA","-","true","https://cdn.appmaq.com.br/appmaq-media/manuals/019aa853-b89f-7a5f-ac3f-6a5b3329a727/019f145b-5439-721f-b502-e67dee81fe70.pdf"
"2587","Trator Agrícola","VALTRA","A124","MANUAL COM INSTRUÇÕES SOBRE OPERAÇÃO, MANUTENÇÃO E SEGURANÇA PARA TRATORES VALTRA","-","true","https://cdn.appmaq.com.br/appmaq-media/manuals/019aa853-b89f-7a5f-ac3f-6a5b3329a727/019f145b-58a2-7f37-a79e-81752219f9e9.pdf"
"2588","Trator Agrícola","VALTRA","A124","MANUTENÇÃO PERIÓDICA TRATORES VALTRA A4 E BH G2","-","true","https://cdn.appmaq.com.br/appmaq-media/manuals/019aa853-b89f-7a5f-ac3f-6a5b3329a727/019f145b-5b0e-73ba-8f24-9d32c6ee766f.pdf"
"2589","Trator Agrícola","VALTRA","A124H","CATALOGO DE PEÇAS DOS TRATORES VALTRA-VALMET","-","true","https://cdn.appmaq.com.br/appmaq-media/manuals/0196f443-bf8b-740e-b583-5c2eeaf84201/019f145c-5211-7a81-b988-485079c47e1e.pdf"
"2590","Trator Agrícola","VALTRA","A124H","FOLHETO COM INFORMAÇÕES SOBRE ECONOMIA DE COMBUSTÍVEL, CONFORTO, VERSATILIDADE E TECNOLOGIA AVANÇADA DE TODOS TRATORES VALTRA._compressed","-","true","https://cdn.appmaq.com.br/appmaq-media/manuals/0196f443-bf8b-740e-b583-5c2eeaf84201/019f145c-5263-7f73-94d8-55015c0330e5.pdf"
"2591","Trator Agrícola","VALTRA","A124H","FOLHETO DOS TRATORES AGRICOLAS A4 HITECH","-","true","https://cdn.appmaq.com.br/appmaq-media/manuals/0196f443-bf8b-740e-b583-5c2eeaf84201/019f145c-54ae-71fe-806f-210c47f03aeb.pdf"
"2592","Trator Agrícola","VALTRA","A124H","MANUAL COM INSTRUÇÕES PARA TRATORES VALTRA","-","true","https://cdn.appmaq.com.br/appmaq-media/manuals/0196f443-bf8b-740e-b583-5c2eeaf84201/019f145c-54fc-7be8-afb3-6e2b69f9d4bf.pdf"
"2593","Trator Agrícola","VALTRA","A124H","MANUAL COM INSTRUÇÕES SOBRE OPERAÇÃO, MANUTENÇÃO E SEGURANÇA PARA TRATORES VALTRA","-","true","https://cdn.appmaq.com.br/appmaq-media/manuals/0196f443-bf8b-740e-b583-5c2eeaf84201/019f145c-5a1b-7f7a-a42f-277729fd345c.pdf"
"2594","Trator Agrícola","VALTRA","A124LC","CATALOGO DE PEÇAS DOS TRATORES VALTRA-VALMET","-","true","https://cdn.appmaq.com.br/appmaq-media/manuals/0198b3de-21fd-7ee6-8830-c3d2b111a237/019f145d-5c53-7d1a-93a3-2f217055622f.pdf"
"2595","Trator Agrícola","VALTRA","A124LC","FOLHETO COM INFORMAÇÕES SOBRE ECONOMIA DE COMBUSTÍVEL, CONFORTO, VERSATILIDADE E TECNOLOGIA AVANÇADA DE TODOS TRATORES VALTRA._compressed","-","true","https://cdn.appmaq.com.br/appmaq-media/manuals/0198b3de-21fd-7ee6-8830-c3d2b111a237/019f145d-5cab-7a62-af45-53699f53e60a.pdf"
"2596","Trator Agrícola","VALTRA","A124LC","MANUAL COM INSTRUÇÕES PARA TRATORES VALTRA","-","true","https://cdn.appmaq.com.br/appmaq-media/manuals/0198b3de-21fd-7ee6-8830-c3d2b111a237/019f145d-5f2a-72af-b45c-a582c5bd7f4b.pdf"
"2597","Trator Agrícola","VALTRA","A124LC","MANUAL COM INSTRUÇÕES SOBRE OPERAÇÃO, MANUTENÇÃO E SEGURANÇA PARA TRATORES VALTRA","-","true","https://cdn.appmaq.com.br/appmaq-media/manuals/0198b3de-21fd-7ee6-8830-c3d2b111a237/019f145d-637b-7508-a4e2-63fa44f0d530.pdf"
"2598","Trator Agrícola","VALTRA","A124LP","CATALOGO DE PEÇAS DOS TRATORES VALTRA-VALMET","-","true","https://cdn.appmaq.com.br/appmaq-media/manuals/01957100-b0e0-78f0-bbbb-ef9692830291/019f145e-34ad-7fe1-83fe-b508651db96e.pdf"
"2599","Trator Agrícola","VALTRA","A124LP","FOLHETO COM INFORMAÇÕES SOBRE ECONOMIA DE COMBUSTÍVEL, CONFORTO, VERSATILIDADE E TECNOLOGIA AVANÇADA DE TODOS TRATORES VALTRA._compressed","-","true","https://cdn.appmaq.com.br/appmaq-media/manuals/01957100-b0e0-78f0-bbbb-ef9692830291/019f145e-3507-7742-af3a-8d88b3b7ac7e.pdf"
"2600","Trator Agrícola","VALTRA","A124LP","MANUAL COM INSTRUÇÕES PARA TRATORES VALTRA","-","true","https://cdn.appmaq.com.br/appmaq-media/manuals/01957100-b0e0-78f0-bbbb-ef9692830291/019f145e-3781-773a-9002-5b3d59765579.pdf"
"2601","Trator Agrícola","VALTRA","A124LP","MANUAL COM INSTRUÇÕES SOBRE OPERAÇÃO, MANUTENÇÃO E SEGURANÇA PARA TRATORES VALTRA","-","true","https://cdn.appmaq.com.br/appmaq-media/manuals/01957100-b0e0-78f0-bbbb-ef9692830291/019f145e-3af9-72e4-bf51-f232a6be9a87.pdf"
"2602","Trator Agrícola","VALTRA","A125","CATALOGO DE PEÇAS DOS TRATORES VALTRA-VALMET","-","true","https://cdn.appmaq.com.br/appmaq-media/manuals/019f135f-618e-7010-961a-cb2b6eb4c9c6/019f145e-fda9-71db-844e-accebb2b26d4.pdf"
"2603","Trator Agrícola","VALTRA","A125","FOLHETO COM INFORMAÇÕES SOBRE ECONOMIA DE COMBUSTÍVEL, CONFORTO, VERSATILIDADE E TECNOLOGIA AVANÇADA DE TODOS TRATORES VALTRA._compressed","-","true","https://cdn.appmaq.com.br/appmaq-media/manuals/019f135f-618e-7010-961a-cb2b6eb4c9c6/019f145e-fdf8-784c-96ae-5cc2954096d5.pdf"
"2604","Trator Agrícola","VALTRA","A125","FOLHETO DOS TRATORES AGRICOLAS A5","-","true","https://cdn.appmaq.com.br/appmaq-media/manuals/019f135f-618e-7010-961a-cb2b6eb4c9c6/019f145e-fff4-7279-bf9c-61797080d69d.pdf"
"2605","Trator Agrícola","VALTRA","A125","MANUAL COM INSTRUÇÕES PARA TRATORES VALTRA","-","true","https://cdn.appmaq.com.br/appmaq-media/manuals/019f135f-618e-7010-961a-cb2b6eb4c9c6/019f145f-0205-7ff6-9707-b74f9d20f71b.pdf"
"2606","Trator Agrícola","VALTRA","A125","MANUAL COM INSTRUÇÕES SOBRE OPERAÇÃO, MANUTENÇÃO E SEGURANÇA PARA TRATORES VALTRA","-","true","https://cdn.appmaq.com.br/appmaq-media/manuals/019f135f-618e-7010-961a-cb2b6eb4c9c6/019f145f-05f3-7892-8e1a-18ffb6aeb258.pdf"
"2607","Trator Agrícola","VALTRA","A125H","CATALOGO DE PEÇAS DOS TRATORES VALTRA-VALMET","-","true","https://cdn.appmaq.com.br/appmaq-media/manuals/019f135f-afeb-71f9-8709-3b3598d2cd7c/019f1460-47ba-7000-ae3a-7055cbcdd1c8.pdf"
"2608","Trator Agrícola","VALTRA","A125H","FOLHETO COM INFORMAÇÕES SOBRE ECONOMIA DE COMBUSTÍVEL, CONFORTO, VERSATILIDADE E TECNOLOGIA AVANÇADA DE TODOS TRATORES VALTRA._compressed","-","true","https://cdn.appmaq.com.br/appmaq-media/manuals/019f135f-afeb-71f9-8709-3b3598d2cd7c/019f1460-480a-7af7-b377-178dc6790a07.pdf"
"2609","Trator Agrícola","VALTRA","A125H","FOLHETO DOS TRATORES AGRICOLAS A5 HITECH","-","true","https://cdn.appmaq.com.br/appmaq-media/manuals/019f135f-afeb-71f9-8709-3b3598d2cd7c/019f1460-4a54-7ee0-a4bd-ec117a5e28b8.pdf"
"2610","Trator Agrícola","VALTRA","A125H","MANUAL COM INSTRUÇÕES PARA TRATORES VALTRA","-","true","https://cdn.appmaq.com.br/appmaq-media/manuals/019f135f-afeb-71f9-8709-3b3598d2cd7c/019f1460-4c17-78e8-887e-fa17c5079744.pdf"
"2611","Trator Agrícola","VALTRA","A125H","MANUAL COM INSTRUÇÕES SOBRE OPERAÇÃO, MANUTENÇÃO E SEGURANÇA PARA TRATORES VALTRA","-","true","https://cdn.appmaq.com.br/appmaq-media/manuals/019f135f-afeb-71f9-8709-3b3598d2cd7c/019f1460-4f61-7b0d-a29d-5171057f8f16.pdf"
"2612","Trator Agrícola","VALTRA","A134","CATALOGO DE PEÇAS DOS TRATORES VALTRA-VALMET","-","true","https://cdn.appmaq.com.br/appmaq-media/manuals/019aa864-cbe1-7863-8141-576a4ffb272c/019f1462-c920-7de4-9fa0-bc87c06335e4.pdf"
"2613","Trator Agrícola","VALTRA","A134","FOLHETO COM INFORMAÇÕES SOBRE ECONOMIA DE COMBUSTÍVEL, CONFORTO, VERSATILIDADE E TECNOLOGIA AVANÇADA DE TODOS TRATORES VALTRA._compressed","-","true","https://cdn.appmaq.com.br/appmaq-media/manuals/019aa864-cbe1-7863-8141-576a4ffb272c/019f1462-c971-7619-8550-bb92f4c20989.pdf"
"2614","Trator Agrícola","VALTRA","A134","FOLHETO DOS TRATORES AGRICOLAS A4","-","true","https://cdn.appmaq.com.br/appmaq-media/manuals/019aa864-cbe1-7863-8141-576a4ffb272c/019f1462-cb9a-77ec-af93-5d31a86dbb62.pdf"
"2615","Trator Agrícola","VALTRA","A134","FOLHETO SOBRE POTÊNCIA E VERSATILIDADE TRATORES VALTRA SÉRIE A4 E A4S","-","true","https://cdn.appmaq.com.br/appmaq-media/manuals/019aa864-cbe1-7863-8141-576a4ffb272c/019f1462-cbda-7d65-a663-70c440e5690d.pdf"
"2616","Trator Agrícola","VALTRA","A134","MANUAL COM INSTRUÇÕES PARA TRATORES VALTRA","-","true","https://cdn.appmaq.com.br/appmaq-media/manuals/019aa864-cbe1-7863-8141-576a4ffb272c/019f1462-cc99-759f-897d-af0427ed86fd.pdf"
"2617","Trator Agrícola","VALTRA","A134","MANUAL COM INSTRUÇÕES SOBRE OPERAÇÃO, MANUTENÇÃO E SEGURANÇA PARA TRATORES VALTRA","-","true","https://cdn.appmaq.com.br/appmaq-media/manuals/019aa864-cbe1-7863-8141-576a4ffb272c/019f1462-d112-7089-8fb3-ec54f2a8a974.pdf"
"2618","Trator Agrícola","VALTRA","A134","MANUTENÇÃO PERIÓDICA TRATORES VALTRA A4 E BH G2","-","true","https://cdn.appmaq.com.br/appmaq-media/manuals/019aa864-cbe1-7863-8141-576a4ffb272c/019f1462-d3ab-74dc-acc6-e7206ed5b666.pdf"
"2619","Trator Agrícola","VALTRA","A134H","CATALOGO DE PEÇAS DOS TRATORES VALTRA-VALMET","-","true","https://cdn.appmaq.com.br/appmaq-media/manuals/01957100-b0e0-77d6-b52b-4956f9531fcf/019f1463-b864-7d42-a322-0dc4653435ed.pdf"
"2620","Trator Agrícola","VALTRA","A134H","FOLHETO COM INFORMAÇÕES SOBRE ECONOMIA DE COMBUSTÍVEL, CONFORTO, VERSATILIDADE E TECNOLOGIA AVANÇADA DE TODOS TRATORES VALTRA._compressed","-","true","https://cdn.appmaq.com.br/appmaq-media/manuals/01957100-b0e0-77d6-b52b-4956f9531fcf/019f1463-b8b3-7121-a22b-46a0ba3c5996.pdf"
"2621","Trator Agrícola","VALTRA","A134H","FOLHETO DOS TRATORES AGRICOLAS A4 HITECH","-","true","https://cdn.appmaq.com.br/appmaq-media/manuals/01957100-b0e0-77d6-b52b-4956f9531fcf/019f1463-baf5-7e9c-b363-316a2ac3d2cc.pdf"
"2622","Trator Agrícola","VALTRA","A134H","MANUAL COM INSTRUÇÕES PARA TRATORES VALTRA","-","true","https://cdn.appmaq.com.br/appmaq-media/manuals/01957100-b0e0-77d6-b52b-4956f9531fcf/019f1463-bb49-7d89-ba11-0ff23d4476e3.pdf"
"2623","Trator Agrícola","VALTRA","A134H","MANUAL COM INSTRUÇÕES SOBRE OPERAÇÃO, MANUTENÇÃO E SEGURANÇA PARA TRATORES VALTRA","-","true","https://cdn.appmaq.com.br/appmaq-media/manuals/01957100-b0e0-77d6-b52b-4956f9531fcf/019f1463-c048-76d2-903c-38179c44e458.pdf"
"2624","Trator Agrícola","VALTRA","A135","CATALOGO DE PEÇAS DOS TRATORES VALTRA-VALMET","-","true","https://cdn.appmaq.com.br/appmaq-media/manuals/019f1465-1aef-7812-8eff-27aa04a1cd47/019f1466-be19-7dea-917e-eb85df143b7c.pdf"
"2625","Trator Agrícola","VALTRA","A135","FOLHETO COM INFORMAÇÕES SOBRE ECONOMIA DE COMBUSTÍVEL, CONFORTO, VERSATILIDADE E TECNOLOGIA AVANÇADA DE TODOS TRATORES VALTRA._compressed","-","true","https://cdn.appmaq.com.br/appmaq-media/manuals/019f1465-1aef-7812-8eff-27aa04a1cd47/019f1466-c091-757f-a0f3-82dbde8225d7.pdf"
"2626","Trator Agrícola","VALTRA","A135","FOLHETO DOS TRATORES AGRICOLAS A5","-","true","https://cdn.appmaq.com.br/appmaq-media/manuals/019f1465-1aef-7812-8eff-27aa04a1cd47/019f1466-c311-7de1-b1fc-25ec9e7df2d9.pdf"
"2627","Trator Agrícola","VALTRA","A135","MANUAL COM INSTRUÇÕES PARA TRATORES VALTRA","-","true","https://cdn.appmaq.com.br/appmaq-media/manuals/019f1465-1aef-7812-8eff-27aa04a1cd47/019f1466-c3a4-7d8f-8a9d-3e585d2f14ef.pdf"
"2628","Trator Agrícola","VALTRA","A135","MANUAL COM INSTRUÇÕES SOBRE OPERAÇÃO, MANUTENÇÃO E SEGURANÇA PARA TRATORES VALTRA","-","true","https://cdn.appmaq.com.br/appmaq-media/manuals/019f1465-1aef-7812-8eff-27aa04a1cd47/019f1466-c8bc-76a7-bfe8-327459215d18.pdf"
"2629","Trator Agrícola","VALTRA","A135H","CATALOGO DE PEÇAS DOS TRATORES VALTRA-VALMET","-","true","https://cdn.appmaq.com.br/appmaq-media/manuals/019f1465-4d88-7a29-9bc7-962caa818aeb/019f1467-cb78-7c59-9f3a-87740d402995.pdf"
"2630","Trator Agrícola","VALTRA","A135H","FOLHETO COM INFORMAÇÕES SOBRE ECONOMIA DE COMBUSTÍVEL, CONFORTO, VERSATILIDADE E TECNOLOGIA AVANÇADA DE TODOS TRATORES VALTRA._compressed","-","true","https://cdn.appmaq.com.br/appmaq-media/manuals/019f1465-4d88-7a29-9bc7-962caa818aeb/019f1467-cc9a-7eb3-9104-d61a519ba376.pdf"
"2631","Trator Agrícola","VALTRA","A135H","FOLHETO DOS TRATORES AGRICOLAS A5 HITECH","-","true","https://cdn.appmaq.com.br/appmaq-media/manuals/019f1465-4d88-7a29-9bc7-962caa818aeb/019f1467-d2a2-79c5-9623-fe17edb3f5c5.pdf"
"2632","Trator Agrícola","VALTRA","A135H","MANUAL COM INSTRUÇÕES PARA TRATORES VALTRA","-","true","https://cdn.appmaq.com.br/appmaq-media/manuals/019f1465-4d88-7a29-9bc7-962caa818aeb/019f1467-d4f4-7197-bbba-cf4d0bbb47c3.pdf"
"2633","Trator Agrícola","VALTRA","A135H","MANUAL COM INSTRUÇÕES SOBRE OPERAÇÃO, MANUTENÇÃO E SEGURANÇA PARA TRATORES VALTRA","-","true","https://cdn.appmaq.com.br/appmaq-media/manuals/019f1465-4d88-7a29-9bc7-962caa818aeb/019f1467-dd5c-7d35-83ab-c10756d0b3c4.pdf"
"2634","Trator Agrícola","VALTRA","A144","CATALOGO DE PEÇAS DOS TRATORES VALTRA-VALMET","-","true","https://cdn.appmaq.com.br/appmaq-media/manuals/019aa86b-4639-79bb-a966-8e29d9e0b514/019f146c-27b3-7ba8-9b04-bae65d5b1c5c.pdf"
"2635","Trator Agrícola","VALTRA","A144","FOLHETO COM INFORMAÇÕES SOBRE ECONOMIA DE COMBUSTÍVEL, CONFORTO, VERSATILIDADE E TECNOLOGIA AVANÇADA DE TODOS TRATORES VALTRA._compressed","-","true","https://cdn.appmaq.com.br/appmaq-media/manuals/019aa86b-4639-79bb-a966-8e29d9e0b514/019f146c-2804-71cd-9d7c-ed9163728f9c.pdf"
"2636","Trator Agrícola","VALTRA","A144","FOLHETO DOS TRATORES AGRICOLAS A4","-","true","https://cdn.appmaq.com.br/appmaq-media/manuals/019aa86b-4639-79bb-a966-8e29d9e0b514/019f146c-2a7e-7cbb-b294-0ce8702e4d26.pdf"
"2637","Trator Agrícola","VALTRA","A144","MANUAL COM INSTRUÇÕES PARA TRATORES VALTRA","-","true","https://cdn.appmaq.com.br/appmaq-media/manuals/019aa86b-4639-79bb-a966-8e29d9e0b514/019f146c-2ad3-77ff-80dd-d41fa89c56fc.pdf"
"2638","Trator Agrícola","VALTRA","A144","MANUAL COM INSTRUÇÕES SOBRE OPERAÇÃO, MANUTENÇÃO E SEGURANÇA PARA TRATORES VALTRA","-","true","https://cdn.appmaq.com.br/appmaq-media/manuals/019aa86b-4639-79bb-a966-8e29d9e0b514/019f146c-2faa-76a4-9525-c45d30d7a87e.pdf"
"2639","Trator Agrícola","VALTRA","A144H","CATALOGO DE PEÇAS DOS TRATORES VALTRA-VALMET","-","true","https://cdn.appmaq.com.br/appmaq-media/manuals/0198b3df-3429-7848-9ed3-97d8adf8dea8/019f146a-f349-7507-b9ef-515098639fb1.pdf"
"2640","Trator Agrícola","VALTRA","A144H","FOLHETO COM INFORMAÇÕES SOBRE ECONOMIA DE COMBUSTÍVEL, CONFORTO, VERSATILIDADE E TECNOLOGIA AVANÇADA DE TODOS TRATORES VALTRA._compressed","-","true","https://cdn.appmaq.com.br/appmaq-media/manuals/0198b3df-3429-7848-9ed3-97d8adf8dea8/019f146a-f398-7ae1-8fac-1aacbc8848a1.pdf"
"2641","Trator Agrícola","VALTRA","A144H","FOLHETO DOS TRATORES AGRICOLAS A4 HITECH","-","true","https://cdn.appmaq.com.br/appmaq-media/manuals/0198b3df-3429-7848-9ed3-97d8adf8dea8/019f146a-f5ce-7536-b9c5-09e9d4503e06.pdf"
"2642","Trator Agrícola","VALTRA","A144H","MANUAL COM INSTRUÇÕES PARA TRATORES VALTRA","-","true","https://cdn.appmaq.com.br/appmaq-media/manuals/0198b3df-3429-7848-9ed3-97d8adf8dea8/019f146a-f61b-77a1-a350-a3c20c04523b.pdf"
"2643","Trator Agrícola","VALTRA","A144H","MANUAL COM INSTRUÇÕES SOBRE OPERAÇÃO, MANUTENÇÃO E SEGURANÇA PARA TRATORES VALTRA","-","true","https://cdn.appmaq.com.br/appmaq-media/manuals/0198b3df-3429-7848-9ed3-97d8adf8dea8/019f146a-fa5c-7482-a4c8-02d51408b17a.pdf"
"2644","Trator Agrícola","VALTRA","A144L","CATALOGO DE PEÇAS DOS TRATORES VALTRA-VALMET","-","true","https://cdn.appmaq.com.br/appmaq-media/manuals/0198b391-b592-7fa1-af3c-dd95f400b686/019f146c-fbc2-7496-9b6f-8fd6b3cc3649.pdf"
"2645","Trator Agrícola","VALTRA","A144L","FOLHETO COM INFORMAÇÕES SOBRE ECONOMIA DE COMBUSTÍVEL, CONFORTO, VERSATILIDADE E TECNOLOGIA AVANÇADA DE TODOS TRATORES VALTRA._compressed","-","true","https://cdn.appmaq.com.br/appmaq-media/manuals/0198b391-b592-7fa1-af3c-dd95f400b686/019f146c-fc11-7ee6-96f0-18d3cf767e0b.pdf"
"2646","Trator Agrícola","VALTRA","A144L","MANUAL COM INSTRUÇÕES PARA TRATORES VALTRA","-","true","https://cdn.appmaq.com.br/appmaq-media/manuals/0198b391-b592-7fa1-af3c-dd95f400b686/019f146c-fe56-789b-a00c-7a90319d4812.pdf"
"2647","Trator Agrícola","VALTRA","A144L","MANUAL COM INSTRUÇÕES SOBRE OPERAÇÃO, MANUTENÇÃO E SEGURANÇA PARA TRATORES VALTRA","-","true","https://cdn.appmaq.com.br/appmaq-media/manuals/0198b391-b592-7fa1-af3c-dd95f400b686/019f146d-01f3-746f-8edd-753f41a8e001.pdf"
"2648","Trator Agrícola","VALTRA","A144LC","CATALOGO DE PEÇAS DOS TRATORES VALTRA-VALMET","-","true","https://cdn.appmaq.com.br/appmaq-media/manuals/0195b3ba-39a6-78d5-962d-cb7f746800d8/019f146d-ee3f-7093-a8ab-fb7aeccee5d6.pdf"
"2649","Trator Agrícola","VALTRA","A144LC","FOLHETO COM INFORMAÇÕES SOBRE ECONOMIA DE COMBUSTÍVEL, CONFORTO, VERSATILIDADE E TECNOLOGIA AVANÇADA DE TODOS TRATORES VALTRA._compressed","-","true","https://cdn.appmaq.com.br/appmaq-media/manuals/0195b3ba-39a6-78d5-962d-cb7f746800d8/019f146d-eeb4-7c49-bf82-6fc136231bd1.pdf"
"2650","Trator Agrícola","VALTRA","A144LC","MANUAL COM INSTRUÇÕES PARA TRATORES VALTRA","-","true","https://cdn.appmaq.com.br/appmaq-media/manuals/0195b3ba-39a6-78d5-962d-cb7f746800d8/019f146d-f0f1-7b26-8647-d5bed4a739a6.pdf"
"2651","Trator Agrícola","VALTRA","A144LC","MANUAL COM INSTRUÇÕES SOBRE OPERAÇÃO, MANUTENÇÃO E SEGURANÇA PARA TRATORES VALTRA","-","true","https://cdn.appmaq.com.br/appmaq-media/manuals/0195b3ba-39a6-78d5-962d-cb7f746800d8/019f146d-f4ee-75c3-ae79-20ad7712459c.pdf"
"2652","Trator Agrícola","VALTRA","A145","CATALOGO DE PEÇAS DOS TRATORES VALTRA-VALMET","-","true","https://cdn.appmaq.com.br/appmaq-media/manuals/019f1372-a868-7c0b-99d0-22c4b076b7c8/019f1483-6b95-7fb5-a4a8-d3e9a7d96e78.pdf"
"2653","Trator Agrícola","VALTRA","A145","FOLHETO COM INFORMAÇÕES SOBRE ECONOMIA DE COMBUSTÍVEL, CONFORTO, VERSATILIDADE E TECNOLOGIA AVANÇADA DE TODOS TRATORES VALTRA._compressed","-","true","https://cdn.appmaq.com.br/appmaq-media/manuals/019f1372-a868-7c0b-99d0-22c4b076b7c8/019f1483-6be6-7598-a19f-7a195cb1851b.pdf"
"2654","Trator Agrícola","VALTRA","A145","FOLHETO DOS TRATORES AGRICOLAS A5","-","true","https://cdn.appmaq.com.br/appmaq-media/manuals/019f1372-a868-7c0b-99d0-22c4b076b7c8/019f1483-6e2f-788e-96dd-459d51bb0dde.pdf"
"2655","Trator Agrícola","VALTRA","A145","MANUAL COM INSTRUÇÕES PARA TRATORES VALTRA","-","true","https://cdn.appmaq.com.br/appmaq-media/manuals/019f1372-a868-7c0b-99d0-22c4b076b7c8/019f1483-6e71-7ca0-8682-110b13cb4e34.pdf"
"2656","Trator Agrícola","VALTRA","A145","MANUAL COM INSTRUÇÕES SOBRE OPERAÇÃO, MANUTENÇÃO E SEGURANÇA PARA TRATORES VALTRA","-","true","https://cdn.appmaq.com.br/appmaq-media/manuals/019f1372-a868-7c0b-99d0-22c4b076b7c8/019f1483-7372-73ba-9165-d8fe855b9ec6.pdf"
"2657","Trator Agrícola","VALTRA","A145H","CATALOGO DE PEÇAS DOS TRATORES VALTRA-VALMET","-","true","https://cdn.appmaq.com.br/appmaq-media/manuals/019f1372-d10a-7180-9329-add7593b4408/019f1484-244d-7ad4-b5c2-c7815e6a25ce.pdf"
"2658","Trator Agrícola","VALTRA","A145H","FOLHETO COM INFORMAÇÕES SOBRE ECONOMIA DE COMBUSTÍVEL, CONFORTO, VERSATILIDADE E TECNOLOGIA AVANÇADA DE TODOS TRATORES VALTRA._compressed","-","true","https://cdn.appmaq.com.br/appmaq-media/manuals/019f1372-d10a-7180-9329-add7593b4408/019f1484-24e1-7e5f-bc28-ecd2ae5d97cc.pdf"
"2659","Trator Agrícola","VALTRA","A145H","FOLHETO DOS TRATORES AGRICOLAS A5 HITECH","-","true","https://cdn.appmaq.com.br/appmaq-media/manuals/019f1372-d10a-7180-9329-add7593b4408/019f1484-293f-7767-bddc-ec4a9ed4fc90.pdf"
"2660","Trator Agrícola","VALTRA","A145H","MANUAL COM INSTRUÇÕES PARA TRATORES VALTRA","-","true","https://cdn.appmaq.com.br/appmaq-media/manuals/019f1372-d10a-7180-9329-add7593b4408/019f1484-29bb-7239-8915-7f33f57bce5c.pdf"
"2661","Trator Agrícola","VALTRA","A145H","MANUAL COM INSTRUÇÕES SOBRE OPERAÇÃO, MANUTENÇÃO E SEGURANÇA PARA TRATORES VALTRA","-","true","https://cdn.appmaq.com.br/appmaq-media/manuals/019f1372-d10a-7180-9329-add7593b4408/019f1484-3233-7b27-a06f-b2944da666f2.pdf"
"2662","Trator Agrícola","VALTRA","A52s","CATALOGO DE PEÇAS DOS TRATORES VALTRA-VALMET","-","true","https://cdn.appmaq.com.br/appmaq-media/manuals/019a99e1-3cbe-7d8c-9d2a-4965ab082778/019f142e-4220-7d8a-9190-92d35f32b918.pdf"
"2663","Trator Agrícola","VALTRA","A52s","FOLHETO COM INFORMAÇÕES SOBRE ECONOMIA DE COMBUSTÍVEL, CONFORTO, VERSATILIDADE E TECNOLOGIA AVANÇADA DE TODOS TRATORES VALTRA.","-","true","https://cdn.appmaq.com.br/appmaq-media/manuals/019a99e1-3cbe-7d8c-9d2a-4965ab082778/019f142e-4273-79c4-ba7a-36641cfd93b3.pdf"
"2664","Trator Agrícola","VALTRA","A52s","FOLHETO DOS TRATORES AGRICOLAS A2s","-","true","https://cdn.appmaq.com.br/appmaq-media/manuals/019a99e1-3cbe-7d8c-9d2a-4965ab082778/019f142e-4e57-7103-8912-ffba7eeafd42.pdf"
"2665","Trator Agrícola","VALTRA","A52s","MANUAL COM INSTRUÇÕES PARA TRATORES VALTRA","-","true","https://cdn.appmaq.com.br/appmaq-media/manuals/019a99e1-3cbe-7d8c-9d2a-4965ab082778/019f142e-4f7b-7ecb-9f94-029d3526d78b.pdf"
"2666","Trator Agrícola","VALTRA","A52s","MANUAL COM INSTRUÇÕES SOBRE OPERAÇÃO, MANUTENÇÃO E SEGURANÇA PARA TRATORES VALTRA","-","true","https://cdn.appmaq.com.br/appmaq-media/manuals/019a99e1-3cbe-7d8c-9d2a-4965ab082778/019f142e-5466-7407-8013-629decf6ef1d.pdf"
"2667","Trator Agrícola","VALTRA","A550","CATALOGO DE PEÇAS DOS TRATORES VALTRA-VALMET","-","true","https://cdn.appmaq.com.br/appmaq-media/manuals/01957100-b0e0-70e4-b45b-e3213489e0a6/019f1485-34e2-76df-bfbd-7e227b106ac6.pdf"
"2668","Trator Agrícola","VALTRA","A550","FOLHETO COM INFORMAÇÕES SOBRE ECONOMIA DE COMBUSTÍVEL, CONFORTO, VERSATILIDADE E TECNOLOGIA AVANÇADA DE TODOS TRATORES VALTRA._compressed","-","true","https://cdn.appmaq.com.br/appmaq-media/manuals/01957100-b0e0-70e4-b45b-e3213489e0a6/019f1485-3530-7440-9422-03a29cb522ee.pdf"
"2669","Trator Agrícola","VALTRA","A550","MANUAL COM INSTRUÇÕES PARA TRATORES VALTRA","-","true","https://cdn.appmaq.com.br/appmaq-media/manuals/01957100-b0e0-70e4-b45b-e3213489e0a6/019f1485-3730-796d-9249-e24911e758b8.pdf"
"2670","Trator Agrícola","VALTRA","A550","MANUAL COM INSTRUÇÕES SOBRE OPERAÇÃO, MANUTENÇÃO E SEGURANÇA PARA TRATORES VALTRA","-","true","https://cdn.appmaq.com.br/appmaq-media/manuals/01957100-b0e0-70e4-b45b-e3213489e0a6/019f1485-3c39-7ab4-8a21-907fd0b99288.pdf"
"2671","Trator Agrícola","VALTRA","A62s","CATALOGO DE PEÇAS DOS TRATORES VALTRA-VALMET","-","true","https://cdn.appmaq.com.br/appmaq-media/manuals/01991010-8ccf-70e3-9e77-76a2f25810ed/019f1430-9f1a-7291-a2d9-a5af7e3ea82d.pdf"
"2672","Trator Agrícola","VALTRA","A62s","FOLHETO COM INFORMAÇÕES SOBRE ECONOMIA DE COMBUSTÍVEL, CONFORTO, VERSATILIDADE E TECNOLOGIA AVANÇADA DE TODOS TRATORES VALTRA.","-","true","https://cdn.appmaq.com.br/appmaq-media/manuals/01991010-8ccf-70e3-9e77-76a2f25810ed/019f1430-9f7a-7592-8c7e-79a293cad209.pdf"
"2673","Trator Agrícola","VALTRA","A62s","FOLHETO DOS TRATORES AGRICOLAS A2s","-","true","https://cdn.appmaq.com.br/appmaq-media/manuals/01991010-8ccf-70e3-9e77-76a2f25810ed/019f1430-aadc-7564-a2e5-9bd03cc5dc36.pdf"
"2674","Trator Agrícola","VALTRA","A62s","MANUAL COM INSTRUÇÕES PARA TRATORES VALTRA","-","true","https://cdn.appmaq.com.br/appmaq-media/manuals/01991010-8ccf-70e3-9e77-76a2f25810ed/019f1430-ab3f-7f3a-9c33-218667c626fe.pdf"
"2675","Trator Agrícola","VALTRA","A62s","MANUAL COM INSTRUÇÕES SOBRE OPERAÇÃO, MANUTENÇÃO E SEGURANÇA PARA TRATORES VALTRA","-","true","https://cdn.appmaq.com.br/appmaq-media/manuals/01991010-8ccf-70e3-9e77-76a2f25810ed/019f1430-b00b-7971-bd3c-c9745157c77f.pdf"
"2676","Trator Agrícola","VALTRA","A63F","CATALOGO DE PEÇAS DOS TRATORES VALTRA-VALMET","-","true","https://cdn.appmaq.com.br/appmaq-media/manuals/0195b3ba-39a6-73f4-9cd4-6d2203d8dea3/019f1432-6eca-74a3-9098-8f1747418bc4.pdf"
"2677","Trator Agrícola","VALTRA","A63F","FOLHETO COM INFORMAÇÕES SOBRE ECONOMIA DE COMBUSTÍVEL, CONFORTO, VERSATILIDADE E TECNOLOGIA AVANÇADA DE TODOS TRATORES VALTRA.","-","true","https://cdn.appmaq.com.br/appmaq-media/manuals/0195b3ba-39a6-73f4-9cd4-6d2203d8dea3/019f1432-6f1c-74aa-9404-a2625feb40b7.pdf"
"2678","Trator Agrícola","VALTRA","A63F","MANUAL COM INSTRUÇÕES PARA TRATORES VALTRA","-","true","https://cdn.appmaq.com.br/appmaq-media/manuals/0195b3ba-39a6-73f4-9cd4-6d2203d8dea3/019f1432-79e1-7040-85eb-55e622638574.pdf"
"2679","Trator Agrícola","VALTRA","A63F","MANUAL COM INSTRUÇÕES SOBRE OPERAÇÃO, MANUTENÇÃO E SEGURANÇA PARA TRATORES VALTRA","-","true","https://cdn.appmaq.com.br/appmaq-media/manuals/0195b3ba-39a6-73f4-9cd4-6d2203d8dea3/019f1432-7df2-79a2-b55b-ef4316fafeee.pdf"
"2680","Trator Agrícola","VALTRA","A63F","MANUAL DO OPERADOR TRATOR VALTRA A3F","-","true","https://cdn.appmaq.com.br/appmaq-media/manuals/0195b3ba-39a6-73f4-9cd4-6d2203d8dea3/019f1432-83c6-756e-8c53-50d2c743d278.pdf"
"2681","Trator Agrícola","VALTRA","A63F","MANUAL DO OPERADOR TRATOR VALTRA SERIE A3F EM ESPANHOL","-","true","https://cdn.appmaq.com.br/appmaq-media/manuals/0195b3ba-39a6-73f4-9cd4-6d2203d8dea3/019f1432-844b-7562-8f87-15fcdf45a71d.pdf"
"2682","Trator Agrícola","VALTRA","A73F","CATALOGO DE PEÇAS DOS TRATORES VALTRA-VALMET","-","true","https://cdn.appmaq.com.br/appmaq-media/manuals/0195b3ba-39a6-75fd-9643-aa5043998dd7/019f1433-ce6e-7f82-a383-a54ccfc3ae95.pdf"
"2683","Trator Agrícola","VALTRA","A73F","MANUAL COM INSTRUÇÕES PARA TRATORES VALTRA","-","true","https://cdn.appmaq.com.br/appmaq-media/manuals/0195b3ba-39a6-75fd-9643-aa5043998dd7/019f1433-cebe-7f64-a9b4-38b676e55a77.pdf"
"2684","Trator Agrícola","VALTRA","A73F","MANUAL COM INSTRUÇÕES SOBRE OPERAÇÃO, MANUTENÇÃO E SEGURANÇA PARA TRATORES VALTRA","-","true","https://cdn.appmaq.com.br/appmaq-media/manuals/0195b3ba-39a6-75fd-9643-aa5043998dd7/019f1433-d228-7f84-8ba3-bce5575f3da5.pdf"
"2685","Trator Agrícola","VALTRA","A73F","MANUAL DO OPERADOR TRATOR VALTRA A3F","-","true","https://cdn.appmaq.com.br/appmaq-media/manuals/0195b3ba-39a6-75fd-9643-aa5043998dd7/019f1433-d4ff-7b3f-bb78-7a384ce1a1a6.pdf"
"2686","Trator Agrícola","VALTRA","A73F","MANUAL DO OPERADOR TRATOR VALTRA SERIE A3F EM ESPANHOL","-","true","https://cdn.appmaq.com.br/appmaq-media/manuals/0195b3ba-39a6-75fd-9643-aa5043998dd7/019f1433-d58c-76d3-8b8a-78db289e5703.pdf"
"2687","Trator Agrícola","VALTRA","A74","CATALOGO DE PEÇAS DOS TRATORES VALTRA-VALMET","-","true","https://cdn.appmaq.com.br/appmaq-media/manuals/01957100-b0e0-7153-9546-17d293632d46/019f1436-11fc-7100-986a-a5f3de0a7436.pdf"
"2688","Trator Agrícola","VALTRA","A74","FOLHETO COM INFORMAÇÕES SOBRE ECONOMIA DE COMBUSTÍVEL, CONFORTO, VERSATILIDADE E TECNOLOGIA AVANÇADA DE TODOS TRATORES VALTRA.","-","true","https://cdn.appmaq.com.br/appmaq-media/manuals/01957100-b0e0-7153-9546-17d293632d46/019f1436-1251-7ace-b70a-16561a6f4765.pdf"
"2689","Trator Agrícola","VALTRA","A74","MANUAL COM INSTRUÇÕES PARA TRATORES VALTRA","-","true","https://cdn.appmaq.com.br/appmaq-media/manuals/01957100-b0e0-7153-9546-17d293632d46/019f1436-1ebc-71ae-923c-78d7234e5aaa.pdf"
"2690","Trator Agrícola","VALTRA","A74","MANUAL COM INSTRUÇÕES SOBRE OPERAÇÃO, MANUTENÇÃO E SEGURANÇA PARA TRATORES VALTRA","-","true","https://cdn.appmaq.com.br/appmaq-media/manuals/01957100-b0e0-7153-9546-17d293632d46/019f1436-245e-7ccd-92e9-8088d1919b7e.pdf"
"2691","Trator Agrícola","VALTRA","A74s","CATALOGO DE PEÇAS DOS TRATORES VALTRA-VALMET","-","true","https://cdn.appmaq.com.br/appmaq-media/manuals/019a99fc-5f83-72f0-98a6-3f8cbe81bf8f/019f1443-a145-76d6-a43d-6739e92d03d4.pdf"
"2692","Trator Agrícola","VALTRA","A74s","FOLHETO COM INFORMAÇÕES SOBRE ECONOMIA DE COMBUSTÍVEL, CONFORTO, VERSATILIDADE E TECNOLOGIA AVANÇADA DE TODOS TRATORES VALTRA._compressed","-","true","https://cdn.appmaq.com.br/appmaq-media/manuals/019a99fc-5f83-72f0-98a6-3f8cbe81bf8f/019f1443-a197-7a60-943e-94e3f840490e.pdf"
"2693","Trator Agrícola","VALTRA","A74s","FOLHETO SOBRE POTÊNCIA E VERSATILIDADE TRATORES VALTRA SÉRIE A4 E A4S","-","true","https://cdn.appmaq.com.br/appmaq-media/manuals/019a99fc-5f83-72f0-98a6-3f8cbe81bf8f/019f1443-a3ec-75d5-8cfe-d0788540c9a3.pdf"
"2694","Trator Agrícola","VALTRA","A74s","MANUAL COM INSTRUÇÕES PARA TRATORES VALTRA","-","true","https://cdn.appmaq.com.br/appmaq-media/manuals/019a99fc-5f83-72f0-98a6-3f8cbe81bf8f/019f1443-a436-74b3-af39-68315594dadf.pdf"
"2695","Trator Agrícola","VALTRA","A74s","MANUAL COM INSTRUÇÕES SOBRE OPERAÇÃO, MANUTENÇÃO E SEGURANÇA PARA TRATORES VALTRA","-","true","https://cdn.appmaq.com.br/appmaq-media/manuals/019a99fc-5f83-72f0-98a6-3f8cbe81bf8f/019f1443-a8a6-7eb6-88a6-c41a5e58e179.pdf"
"2696","Trator Agrícola","VALTRA","A74s","MANUAL DE SERVIÇO DOS TRATORES VALTRA SERIE A4S - A74S A84S A94S","-","true","https://cdn.appmaq.com.br/appmaq-media/manuals/019a99fc-5f83-72f0-98a6-3f8cbe81bf8f/019f1443-ab65-75f0-b1bb-5f11b7a3712d.pdf"
"2697","Trator Agrícola","VALTRA","A74s","MANUTENÇÃO PERIÓDICA TRATORES VALTRA A4S","-","true","https://cdn.appmaq.com.br/appmaq-media/manuals/019a99fc-5f83-72f0-98a6-3f8cbe81bf8f/019f1443-ac49-738f-9533-9f97ed2e54a0.pdf"
"2698","Trator Agrícola","VALTRA","A74SC","CATALOGO DE PEÇAS DOS TRATORES VALTRA-VALMET","-","true","https://cdn.appmaq.com.br/appmaq-media/manuals/0198b3dc-3e96-7e1b-9e71-37db432c3533/019f1444-8b24-7e3a-9cd0-0fe196c08ffe.pdf"
"2699","Trator Agrícola","VALTRA","A74SC","MANUAL COM INSTRUÇÕES PARA TRATORES VALTRA","-","true","https://cdn.appmaq.com.br/appmaq-media/manuals/0198b3dc-3e96-7e1b-9e71-37db432c3533/019f1444-8b79-7355-bf1c-b5046c74fc00.pdf"
"2700","Trator Agrícola","VALTRA","A74SC","MANUAL COM INSTRUÇÕES SOBRE OPERAÇÃO, MANUTENÇÃO E SEGURANÇA PARA TRATORES VALTRA","-","true","https://cdn.appmaq.com.br/appmaq-media/manuals/0198b3dc-3e96-7e1b-9e71-37db432c3533/019f1444-8eef-70d6-9eab-a6f91baa3ec0.pdf"
"2701","Trator Agrícola","VALTRA","A750","CATALOGO DE PEÇAS DOS TRATORES VALTRA-VALMET","-","true","https://cdn.appmaq.com.br/appmaq-media/manuals/01957100-b0e0-730e-a23e-4ab9109568c7/019f148b-01bb-776a-af90-a022015ee886.pdf"
"2702","Trator Agrícola","VALTRA","A750","CATALOGO DE PEÇAS DOS TRATORES VALTRA-VALMET","-","true","https://cdn.appmaq.com.br/appmaq-media/manuals/01957100-b0e0-730e-a23e-4ab9109568c7/019f1490-f9fe-71cb-8606-4fb27599a139.pdf"
"2703","Trator Agrícola","VALTRA","A750","FOLHETO COM INFORMAÇÕES SOBRE ECONOMIA DE COMBUSTÍVEL, CONFORTO, VERSATILIDADE E TECNOLOGIA AVANÇADA DE TODOS TRATORES VALTRA._compressed","-","true","https://cdn.appmaq.com.br/appmaq-media/manuals/01957100-b0e0-730e-a23e-4ab9109568c7/019f1490-fa57-7677-aef4-e148d66dc529.pdf"
"2704","Trator Agrícola","VALTRA","A750","FOLHETO COM INFORMAÇÕES SOBRE ECONOMIA DE COMBUSTÍVEL, CONFORTO, VERSATILIDADE E TECNOLOGIA AVANÇADA DE TODOS TRATORES VALTRA._compressed","-","true","https://cdn.appmaq.com.br/appmaq-media/manuals/01957100-b0e0-730e-a23e-4ab9109568c7/019f148b-0242-7e2c-a37f-4a7a4806a363.pdf"
"2705","Trator Agrícola","VALTRA","A750","MANUAL COM INSTRUÇÕES PARA TRATORES VALTRA","-","true","https://cdn.appmaq.com.br/appmaq-media/manuals/01957100-b0e0-730e-a23e-4ab9109568c7/019f148b-0489-73f2-974d-f3b52d385cd6.pdf"
"2706","Trator Agrícola","VALTRA","A750","MANUAL COM INSTRUÇÕES PARA TRATORES VALTRA","-","true","https://cdn.appmaq.com.br/appmaq-media/manuals/01957100-b0e0-730e-a23e-4ab9109568c7/019f1490-fccf-7818-8c2d-afbcf1cc3d5b.pdf"
"2707","Trator Agrícola","VALTRA","A750","MANUAL COM INSTRUÇÕES SOBRE OPERAÇÃO, MANUTENÇÃO E SEGURANÇA PARA TRATORES VALTRA","-","true","https://cdn.appmaq.com.br/appmaq-media/manuals/01957100-b0e0-730e-a23e-4ab9109568c7/019f148b-084b-7a2c-b3cb-43059a0db0a3.pdf"
"2708","Trator Agrícola","VALTRA","A750","MANUAL COM INSTRUÇÕES SOBRE OPERAÇÃO, MANUTENÇÃO E SEGURANÇA PARA TRATORES VALTRA","-","true","https://cdn.appmaq.com.br/appmaq-media/manuals/01957100-b0e0-730e-a23e-4ab9109568c7/019f1491-008f-78fb-9aae-3b193e1b2c2f.pdf"
"2709","Trator Agrícola","VALTRA","A83F","CATALOGO DE PEÇAS DOS TRATORES VALTRA-VALMET","-","true","https://cdn.appmaq.com.br/appmaq-media/manuals/019a99f3-a1d4-783e-939a-15b1394fcc29/019f1445-b11b-7ef1-b556-29901c74f06f.pdf"
"2710","Trator Agrícola","VALTRA","A83F","FOLHETO COM INFORMAÇÕES SOBRE ECONOMIA DE COMBUSTÍVEL, CONFORTO, VERSATILIDADE E TECNOLOGIA AVANÇADA DE TODOS TRATORES VALTRA._compressed","-","true","https://cdn.appmaq.com.br/appmaq-media/manuals/019a99f3-a1d4-783e-939a-15b1394fcc29/019f1445-b16e-7839-b3c0-e165eb77e6aa.pdf"
"2711","Trator Agrícola","VALTRA","A83F","MANUAL COM INSTRUÇÕES PARA TRATORES VALTRA","-","true","https://cdn.appmaq.com.br/appmaq-media/manuals/019a99f3-a1d4-783e-939a-15b1394fcc29/019f1445-b3e6-7ea8-8eb3-005b7602330a.pdf"
"2712","Trator Agrícola","VALTRA","A83F","MANUAL COM INSTRUÇÕES SOBRE OPERAÇÃO, MANUTENÇÃO E SEGURANÇA PARA TRATORES VALTRA","-","true","https://cdn.appmaq.com.br/appmaq-media/manuals/019a99f3-a1d4-783e-939a-15b1394fcc29/019f1445-b883-7ace-86da-3f8f25f855b9.pdf"
"2713","Trator Agrícola","VALTRA","A83F","MANUAL DO OPERADOR TRATOR VALTRA A3F","-","true","https://cdn.appmaq.com.br/appmaq-media/manuals/019a99f3-a1d4-783e-939a-15b1394fcc29/019f1445-bb90-73df-9d1e-a050c83d25a2.pdf"
"2714","Trator Agrícola","VALTRA","A83F","MANUAL DO OPERADOR TRATOR VALTRA SERIE A3F EM ESPANHOL","-","true","https://cdn.appmaq.com.br/appmaq-media/manuals/019a99f3-a1d4-783e-939a-15b1394fcc29/019f1445-bc22-748d-b0ce-c934fe1132de.pdf"
"2715","Trator Agrícola","VALTRA","A84","CATALOGO DE PEÇAS DOS TRATORES VALTRA-VALMET","-","true","https://cdn.appmaq.com.br/appmaq-media/manuals/0196f443-bf8b-7538-b432-c1f420005820/019f1446-c51d-7d82-83c4-e928ae95c268.pdf"
"2716","Trator Agrícola","VALTRA","A84","FOLHETO COM INFORMAÇÕES SOBRE ECONOMIA DE COMBUSTÍVEL, CONFORTO, VERSATILIDADE E TECNOLOGIA AVANÇADA DE TODOS TRATORES VALTRA._compressed","-","true","https://cdn.appmaq.com.br/appmaq-media/manuals/0196f443-bf8b-7538-b432-c1f420005820/019f1446-c56e-7bb0-93e1-9889186530fb.pdf"
"2717","Trator Agrícola","VALTRA","A84","MANUAL COM INSTRUÇÕES PARA TRATORES VALTRA","-","true","https://cdn.appmaq.com.br/appmaq-media/manuals/0196f443-bf8b-7538-b432-c1f420005820/019f1446-c7ac-7f2c-a8b0-e1b62f0030df.pdf"
"2718","Trator Agrícola","VALTRA","A84","MANUAL COM INSTRUÇÕES SOBRE OPERAÇÃO, MANUTENÇÃO E SEGURANÇA PARA TRATORES VALTRA","-","true","https://cdn.appmaq.com.br/appmaq-media/manuals/0196f443-bf8b-7538-b432-c1f420005820/019f1446-cb94-7a81-ab5e-f2ab79efbc47.pdf"
"2719","Trator Agrícola","VALTRA","A84s","CATALOGO DE PEÇAS DOS TRATORES VALTRA-VALMET","-","true","https://cdn.appmaq.com.br/appmaq-media/manuals/019a9a01-022e-763a-a8a7-039cbbe2421c/019f1449-7b90-79eb-be3b-65da42866ff6.pdf"
"2720","Trator Agrícola","VALTRA","A84s","FOLHETO COM INFORMAÇÕES SOBRE ECONOMIA DE COMBUSTÍVEL, CONFORTO, VERSATILIDADE E TECNOLOGIA AVANÇADA DE TODOS TRATORES VALTRA._compressed","-","true","https://cdn.appmaq.com.br/appmaq-media/manuals/019a9a01-022e-763a-a8a7-039cbbe2421c/019f1449-7be0-7b2b-9cb1-d6aff33ed48d.pdf"
"2721","Trator Agrícola","VALTRA","A84s","FOLHETO SOBRE POTÊNCIA E VERSATILIDADE TRATORES VALTRA SÉRIE A4 E A4S","-","true","https://cdn.appmaq.com.br/appmaq-media/manuals/019a9a01-022e-763a-a8a7-039cbbe2421c/019f1449-7e5b-7ea9-9177-389ed400ef74.pdf"
"2722","Trator Agrícola","VALTRA","A84s","MANUAL COM INSTRUÇÕES PARA TRATORES VALTRA","-","true","https://cdn.appmaq.com.br/appmaq-media/manuals/019a9a01-022e-763a-a8a7-039cbbe2421c/019f1449-7ef3-7d6a-a4b6-6adff3fd5238.pdf"
"2723","Trator Agrícola","VALTRA","A84s","MANUAL COM INSTRUÇÕES SOBRE OPERAÇÃO, MANUTENÇÃO E SEGURANÇA PARA TRATORES VALTRA","-","true","https://cdn.appmaq.com.br/appmaq-media/manuals/019a9a01-022e-763a-a8a7-039cbbe2421c/019f1449-82ef-776b-9796-d8a878705b85.pdf"
"2724","Trator Agrícola","VALTRA","A84s","MANUAL DE SERVIÇO DOS TRATORES VALTRA SERIE A4S - A74S A84S A94S","-","true","https://cdn.appmaq.com.br/appmaq-media/manuals/019a9a01-022e-763a-a8a7-039cbbe2421c/019f1449-855e-7223-a088-ed8419f301d6.pdf"
"2725","Trator Agrícola","VALTRA","A84s","MANUTENÇÃO PERIÓDICA TRATORES VALTRA A4S","-","true","https://cdn.appmaq.com.br/appmaq-media/manuals/019a9a01-022e-763a-a8a7-039cbbe2421c/019f1449-8605-72c3-bab0-af3f6a3a3308.pdf"
"2726","Trator Agrícola","VALTRA","A850F","CATALOGO DE PEÇAS DOS TRATORES VALTRA-VALMET","-","true","https://cdn.appmaq.com.br/appmaq-media/manuals/0195b3ba-39a6-7ac3-a7df-c747c64b1c28/019f1491-ce5f-7618-bdd1-10b4239c2819.pdf"
"2727","Trator Agrícola","VALTRA","A850F","ESPECIFICAÇÕES DO TRATOR VALTRA A850F","-","true","https://cdn.appmaq.com.br/appmaq-media/manuals/0195b3ba-39a6-7ac3-a7df-c747c64b1c28/019f1491-ceb1-7591-ab04-c68dcd1ad915.pdf"
"2728","Trator Agrícola","VALTRA","A850F","FOLHETO COM INFORMAÇÕES SOBRE ECONOMIA DE COMBUSTÍVEL, CONFORTO, VERSATILIDADE E TECNOLOGIA AVANÇADA DE TODOS TRATORES VALTRA._compressed","-","true","https://cdn.appmaq.com.br/appmaq-media/manuals/0195b3ba-39a6-7ac3-a7df-c747c64b1c28/019f1491-cecf-7232-993e-aedfd70b3bd2.pdf"
"2729","Trator Agrícola","VALTRA","A850F","MANUAL COM INSTRUÇÕES PARA TRATORES VALTRA","-","true","https://cdn.appmaq.com.br/appmaq-media/manuals/0195b3ba-39a6-7ac3-a7df-c747c64b1c28/019f1491-d159-7cde-87ec-e79243c701c5.pdf"
"2730","Trator Agrícola","VALTRA","A850F","MANUAL COM INSTRUÇÕES SOBRE OPERAÇÃO, MANUTENÇÃO E SEGURANÇA PARA TRATORES VALTRA","-","true","https://cdn.appmaq.com.br/appmaq-media/manuals/0195b3ba-39a6-7ac3-a7df-c747c64b1c28/019f1491-d4cf-7db3-b701-191adffa82c3.pdf"
"2731","Trator Agrícola","VALTRA","A93F","CATALOGO DE PEÇAS DOS TRATORES VALTRA-VALMET","-","true","https://cdn.appmaq.com.br/appmaq-media/manuals/019a99f4-283b-7f31-a881-aec8455c7819/019f144a-727c-7b55-83d4-74e859a30984.pdf"
"2732","Trator Agrícola","VALTRA","A93F","FOLHETO COM INFORMAÇÕES SOBRE ECONOMIA DE COMBUSTÍVEL, CONFORTO, VERSATILIDADE E TECNOLOGIA AVANÇADA DE TODOS TRATORES VALTRA._compressed","-","true","https://cdn.appmaq.com.br/appmaq-media/manuals/019a99f4-283b-7f31-a881-aec8455c7819/019f144a-72d1-72cb-97df-13e3bda142cb.pdf"
"2733","Trator Agrícola","VALTRA","A93F","MANUAL COM INSTRUÇÕES PARA TRATORES VALTRA","-","true","https://cdn.appmaq.com.br/appmaq-media/manuals/019a99f4-283b-7f31-a881-aec8455c7819/019f144a-7522-7356-83d1-3eecb6bd6da7.pdf"
"2734","Trator Agrícola","VALTRA","A93F","MANUAL COM INSTRUÇÕES SOBRE OPERAÇÃO, MANUTENÇÃO E SEGURANÇA PARA TRATORES VALTRA","-","true","https://cdn.appmaq.com.br/appmaq-media/manuals/019a99f4-283b-7f31-a881-aec8455c7819/019f144a-7953-7775-8231-8a5c161a6c0b.pdf"
"2735","Trator Agrícola","VALTRA","A93F","MANUAL DO OPERADOR TRATOR VALTRA A3F","-","true","https://cdn.appmaq.com.br/appmaq-media/manuals/019a99f4-283b-7f31-a881-aec8455c7819/019f144a-7c2d-7156-8171-e4ec9f43fd03.pdf"
"2736","Trator Agrícola","VALTRA","A93F","MANUAL DO OPERADOR TRATOR VALTRA SERIE A3F EM ESPANHOL","-","true","https://cdn.appmaq.com.br/appmaq-media/manuals/019a99f4-283b-7f31-a881-aec8455c7819/019f144a-7c90-7764-ade7-a5d97b02d838.pdf"
"2737","Trator Agrícola","VALTRA","A94","CATALOGO DE PEÇAS DOS TRATORES VALTRA-VALMET","-","true","https://cdn.appmaq.com.br/appmaq-media/manuals/0195b3ba-39a6-7bf2-9a02-afd41dc3fded/019f1453-1171-74e8-b1f2-59dca7f271e7.pdf"
"2738","Trator Agrícola","VALTRA","A94","FOLHETO COM INFORMAÇÕES SOBRE ECONOMIA DE COMBUSTÍVEL, CONFORTO, VERSATILIDADE E TECNOLOGIA AVANÇADA DE TODOS TRATORES VALTRA._compressed","-","true","https://cdn.appmaq.com.br/appmaq-media/manuals/0195b3ba-39a6-7bf2-9a02-afd41dc3fded/019f1453-11c7-7292-8f27-90b9be920b26.pdf"
"2739","Trator Agrícola","VALTRA","A94","FOLHETO DOS TRATORES AGRICOLAS A94 E A104","-","true","https://cdn.appmaq.com.br/appmaq-media/manuals/0195b3ba-39a6-7bf2-9a02-afd41dc3fded/019f1453-1454-7b9b-ba04-247a44edf373.pdf"
"2740","Trator Agrícola","VALTRA","A94","FOLHETO SOBRE POTÊNCIA E VERSATILIDADE TRATORES VALTRA SÉRIE A4 E A4S","-","true","https://cdn.appmaq.com.br/appmaq-media/manuals/0195b3ba-39a6-7bf2-9a02-afd41dc3fded/019f1453-1482-7e2f-90b0-284f40840801.pdf"
"2741","Trator Agrícola","VALTRA","A94","MANUAL COM INSTRUÇÕES PARA TRATORES VALTRA","-","true","https://cdn.appmaq.com.br/appmaq-media/manuals/0195b3ba-39a6-7bf2-9a02-afd41dc3fded/019f1453-1603-7ebc-9aae-9632019eda77.pdf"
"2742","Trator Agrícola","VALTRA","A94","MANUAL COM INSTRUÇÕES SOBRE OPERAÇÃO, MANUTENÇÃO E SEGURANÇA PARA TRATORES VALTRA","-","true","https://cdn.appmaq.com.br/appmaq-media/manuals/0195b3ba-39a6-7bf2-9a02-afd41dc3fded/019f1453-1a12-7720-83dc-7207ecc3b8d3.pdf"
"2743","Trator Agrícola","VALTRA","A94","MANUTENÇÃO PERIÓDICA TRATORES VALTRA A4 E BH G2","-","true","https://cdn.appmaq.com.br/appmaq-media/manuals/0195b3ba-39a6-7bf2-9a02-afd41dc3fded/019f1453-1d32-76c4-ba5b-e569a850f6cf.pdf"
"2744","Trator Agrícola","VALTRA","A94S","CATALOGO DE PEÇAS DOS TRATORES VALTRA-VALMET","-","true","https://cdn.appmaq.com.br/appmaq-media/manuals/0196f443-bf8b-7c5e-860e-7cb51b995f02/019f1454-0de8-7ee9-ac49-2b98a3945bfb.pdf"
"2745","Trator Agrícola","VALTRA","A94S","FOLHETO COM INFORMAÇÕES SOBRE ECONOMIA DE COMBUSTÍVEL, CONFORTO, VERSATILIDADE E TECNOLOGIA AVANÇADA DE TODOS TRATORES VALTRA._compressed","-","true","https://cdn.appmaq.com.br/appmaq-media/manuals/0196f443-bf8b-7c5e-860e-7cb51b995f02/019f1454-0e39-7484-9f85-685c6e93a17f.pdf"
"2746","Trator Agrícola","VALTRA","A94S","FOLHETO SOBRE POTÊNCIA E VERSATILIDADE TRATORES VALTRA SÉRIE A4 E A4S","-","true","https://cdn.appmaq.com.br/appmaq-media/manuals/0196f443-bf8b-7c5e-860e-7cb51b995f02/019f1454-1061-7311-b6b0-396d8423bb6f.pdf"
"2747","Trator Agrícola","VALTRA","A94S","MANUAL COM INSTRUÇÕES PARA TRATORES VALTRA","-","true","https://cdn.appmaq.com.br/appmaq-media/manuals/0196f443-bf8b-7c5e-860e-7cb51b995f02/019f1454-10af-72b4-b402-af50043c7d69.pdf"
"2748","Trator Agrícola","VALTRA","A94S","MANUAL COM INSTRUÇÕES SOBRE OPERAÇÃO, MANUTENÇÃO E SEGURANÇA PARA TRATORES VALTRA","-","true","https://cdn.appmaq.com.br/appmaq-media/manuals/0196f443-bf8b-7c5e-860e-7cb51b995f02/019f1454-14d8-7e46-970d-0ab724c826e1.pdf"
"2749","Trator Agrícola","VALTRA","A94S","MANUAL DE SERVIÇO DOS TRATORES VALTRA SERIE A4S - A74S A84S A94S","-","true","https://cdn.appmaq.com.br/appmaq-media/manuals/0196f443-bf8b-7c5e-860e-7cb51b995f02/019f1454-17a5-71ea-9ece-263458b5b4af.pdf"
"2750","Trator Agrícola","VALTRA","A94S","MANUTENÇÃO PERIÓDICA TRATORES VALTRA A4S","-","true","https://cdn.appmaq.com.br/appmaq-media/manuals/0196f443-bf8b-7c5e-860e-7cb51b995f02/019f1454-185c-7bee-8b48-0ac7d861dc38.pdf"
"2751","Trator Agrícola","VALTRA","BF75","CATALOGO DE PEÇAS DOS TRATORES VALTRA-VALMET","-","true","https://cdn.appmaq.com.br/appmaq-media/manuals/01957100-b0e0-7a9a-9ae5-d979dd62b00f/019eff6e-2b7b-7969-99a8-b353b191b9e2.pdf"
"2752","Trator Agrícola","VALTRA","BF75","INSTRUÇÕES SOBRE O PLANO DE MANUTENÇÃO DO TRATOR VALTRA BF75","-","true","https://cdn.appmaq.com.br/appmaq-media/manuals/01957100-b0e0-7a9a-9ae5-d979dd62b00f/019eff6e-2bc9-7203-bfdc-05c3b28c4baf.pdf"
"2753","Trator Agrícola","VALTRA","BF75","MANUAL COM INSTRUÇÕES PARA TRATORES VALTRA","-","true","https://cdn.appmaq.com.br/appmaq-media/manuals/01957100-b0e0-7a9a-9ae5-d979dd62b00f/019eff6e-2c78-7202-8398-94559aa8ab49.pdf"
"2754","Trator Agrícola","VALTRA","BF75","MANUAL COM INSTRUÇÕES SOBRE OPERAÇÃO, MANUTENÇÃO E SEGURANÇA PARA TRATORES VALTRA","-","true","https://cdn.appmaq.com.br/appmaq-media/manuals/01957100-b0e0-7a9a-9ae5-d979dd62b00f/019eff6e-2fee-78b0-89a6-58dc194499dd.pdf"
"2755","Trator Agrícola","VALTRA","BF75","MANUAL DE ELÉTRICA E HIDRÁULICA DOS TRATORES VALTRA A4S, A4 E A4 HITECH, INCLUINDO DIAGNÓSTICO DE FALHAS","-","true","https://cdn.appmaq.com.br/appmaq-media/manuals/01957100-b0e0-7a9a-9ae5-d979dd62b00f/019eff6e-33cb-7785-a9d7-eac1aa281589.pdf"
"2756","Trator Agrícola","VALTRA","BH140","CATALOGO DE PEÇAS DOS TRATORES VALTRA-VALMET","-","true","https://cdn.appmaq.com.br/appmaq-media/manuals/0196f443-bf8d-73ba-abe6-b9051dd7706f/019eff6f-0597-7350-a079-457ae6979eaf.pdf"
"2757","Trator Agrícola","VALTRA","BH140","MANUAL COM INSTRUÇÕES PARA TRATORES VALTRA","-","true","https://cdn.appmaq.com.br/appmaq-media/manuals/0196f443-bf8d-73ba-abe6-b9051dd7706f/019eff6f-05ee-7b4e-80a6-8616e6627b1a.pdf"
"2758","Trator Agrícola","VALTRA","BH140","MANUAL COM INSTRUÇÕES SOBRE OPERAÇÃO, MANUTENÇÃO E SEGURANÇA PARA TRATORES VALTRA","-","true","https://cdn.appmaq.com.br/appmaq-media/manuals/0196f443-bf8d-73ba-abe6-b9051dd7706f/019eff6f-0998-7c3f-ae91-83caf06c5bed.pdf"
"2759","Trator Agrícola","VALTRA","BH140","MANUAL DE ELÉTRICA E HIDRÁULICA DOS TRATORES VALTRA A4S, A4 E A4 HITECH, INCLUINDO DIAGNÓSTICO DE FALHAS","-","true","https://cdn.appmaq.com.br/appmaq-media/manuals/0196f443-bf8d-73ba-abe6-b9051dd7706f/019eff6f-0e22-7bd3-8d9e-085f5df90e78.pdf"
"2760","Trator Agrícola","VALTRA","BH140","MANUAL DE TREINAMENTO PARA OS TRATORES VALTRA BH","-","true","https://cdn.appmaq.com.br/appmaq-media/manuals/0196f443-bf8d-73ba-abe6-b9051dd7706f/019eff6f-110b-7f7e-859d-fa1cc59cabbf.pdf"
"2761","Trator Agrícola","VALTRA","BH144","CATALOGO DE PEÇAS DOS TRATORES VALTRA-VALMET","-","true","https://cdn.appmaq.com.br/appmaq-media/manuals/019effbf-2ae4-79ff-8808-870035401abe/019effc8-3d61-754f-b5b0-8960aea414e3.pdf"
"2762","Trator Agrícola","VALTRA","BH144","FOLHETO DOS TRATORES VALTRA BH","-","true","https://cdn.appmaq.com.br/appmaq-media/manuals/019effbf-2ae4-79ff-8808-870035401abe/019effc8-3db0-764b-8f09-cc27e97e0349.pdf"
"2763","Trator Agrícola","VALTRA","BH144","MANUAL COM INSTRUÇÕES PARA TRATORES VALTRA","-","true","https://cdn.appmaq.com.br/appmaq-media/manuals/019effbf-2ae4-79ff-8808-870035401abe/019effc8-3df2-7a3a-a52b-9ea3c3d81c04.pdf"
"2764","Trator Agrícola","VALTRA","BH144","MANUAL COM INSTRUÇÕES SOBRE OPERAÇÃO, MANUTENÇÃO E SEGURANÇA PARA TRATORES VALTRA","-","true","https://cdn.appmaq.com.br/appmaq-media/manuals/019effbf-2ae4-79ff-8808-870035401abe/019effc8-4229-7e2d-b1f1-68e29b49aafe.pdf"
"2765","Trator Agrícola","VALTRA","BH144","MANUAL DE ELÉTRICA E HIDRÁULICA DOS TRATORES VALTRA A4S, A4 E A4 HITECH, INCLUINDO DIAGNÓSTICO DE FALHAS","-","true","https://cdn.appmaq.com.br/appmaq-media/manuals/019effbf-2ae4-79ff-8808-870035401abe/019effc8-465c-70c9-88c6-3d19e48a9af8.pdf"
"2766","Trator Agrícola","VALTRA","BH144","MANUAL DE SERVIÇO DO TRATOR VALTRA BH GERAÇÃO 4 E BH HiTech","-","true","https://cdn.appmaq.com.br/appmaq-media/manuals/019effbf-2ae4-79ff-8808-870035401abe/019effc8-4939-7eb2-969f-5b5ee84a8094.pdf"
"2767","Trator Agrícola","VALTRA","BH144","MANUAL DE TREINAMENTO PARA OS TRATORES VALTRA BH","-","true","https://cdn.appmaq.com.br/appmaq-media/manuals/019effbf-2ae4-79ff-8808-870035401abe/019effc8-4969-7514-8d3c-27fb4f2f8936.pdf"
"2768","Trator Agrícola","VALTRA","BH145","CATALOGO DE PEÇAS DOS TRATORES VALTRA-VALMET","-","true","https://cdn.appmaq.com.br/appmaq-media/manuals/01957100-b0e0-78c8-b32f-0074cd22c4d0/019effd0-d0c8-778c-b8a5-a125799cfcf1.pdf"
"2769","Trator Agrícola","VALTRA","BH145","MANUAL COM INSTRUÇÕES PARA TRATORES VALTRA","-","true","https://cdn.appmaq.com.br/appmaq-media/manuals/01957100-b0e0-78c8-b32f-0074cd22c4d0/019effd0-d11c-7a28-97df-17067d36152a.pdf"
"2770","Trator Agrícola","VALTRA","BH145","MANUAL COM INSTRUÇÕES SOBRE OPERAÇÃO, MANUTENÇÃO E SEGURANÇA PARA TRATORES VALTRA","-","true","https://cdn.appmaq.com.br/appmaq-media/manuals/01957100-b0e0-78c8-b32f-0074cd22c4d0/019effd0-d502-7306-a4bf-6172adeb5287.pdf"
"2771","Trator Agrícola","VALTRA","BH145","MANUAL DE ELÉTRICA E HIDRÁULICA DOS TRATORES VALTRA A4S, A4 E A4 HITECH, INCLUINDO DIAGNÓSTICO DE FALHAS","-","true","https://cdn.appmaq.com.br/appmaq-media/manuals/01957100-b0e0-78c8-b32f-0074cd22c4d0/019effd0-d8d9-7844-9f33-a2c58565a178.pdf"
"2772","Trator Agrícola","VALTRA","BH145","MANUAL DE TREINAMENTO PARA OS TRATORES VALTRA BH","-","true","https://cdn.appmaq.com.br/appmaq-media/manuals/01957100-b0e0-78c8-b32f-0074cd22c4d0/019effd0-dcb5-7fbb-ac6c-ae785adc0719.pdf"
"2773","Trator Agrícola","VALTRA","BH145","MANUAL DO OPERADOR DOS TRATORES VALTRA SERIE BH145 BH165 BH180 BH185I BH205I","-","true","https://cdn.appmaq.com.br/appmaq-media/manuals/01957100-b0e0-78c8-b32f-0074cd22c4d0/019effd0-dd80-7efd-b392-8e7f1e0fac0e.pdf"
"2774","Trator Agrícola","VALTRA","BH154","CATALOGO DE PEÇAS DOS TRATORES VALTRA-VALMET","-","true","https://cdn.appmaq.com.br/appmaq-media/manuals/019aa883-33e8-712e-a09b-814ecfefbc33/019effd1-b78d-73d3-8be3-003a32dd1e06.pdf"
"2775","Trator Agrícola","VALTRA","BH154","MANUAL COM INSTRUÇÕES PARA TRATORES VALTRA","-","true","https://cdn.appmaq.com.br/appmaq-media/manuals/019aa883-33e8-712e-a09b-814ecfefbc33/019effd1-b7e1-799a-9f2e-d13282bf9e6a.pdf"
"2776","Trator Agrícola","VALTRA","BH154","MANUAL COM INSTRUÇÕES SOBRE OPERAÇÃO, MANUTENÇÃO E SEGURANÇA PARA TRATORES VALTRA","-","true","https://cdn.appmaq.com.br/appmaq-media/manuals/019aa883-33e8-712e-a09b-814ecfefbc33/019effd1-bb59-79a8-84fa-44240f16c4e7.pdf"
"2777","Trator Agrícola","VALTRA","BH154","MANUAL DE ELÉTRICA E HIDRÁULICA DOS TRATORES VALTRA A4S, A4 E A4 HITECH, INCLUINDO DIAGNÓSTICO DE FALHAS","-","true","https://cdn.appmaq.com.br/appmaq-media/manuals/019aa883-33e8-712e-a09b-814ecfefbc33/019effd1-bd93-7d67-b3f4-aa26334ba171.pdf"
"2778","Trator Agrícola","VALTRA","BH154","MANUAL DE SERVIÇO DO TRATOR VALTRA BH GERAÇÃO 4 E BH HiTech","-","true","https://cdn.appmaq.com.br/appmaq-media/manuals/019aa883-33e8-712e-a09b-814ecfefbc33/019effd1-bf68-7108-9061-aafdaf79a1f2.pdf"
"2779","Trator Agrícola","VALTRA","BH154","MANUAL DE TREINAMENTO PARA OS TRATORES VALTRA BH","-","true","https://cdn.appmaq.com.br/appmaq-media/manuals/019aa883-33e8-712e-a09b-814ecfefbc33/019effd1-bfc0-7e39-b99f-67040b7cb11d.pdf"
"2780","Trator Agrícola","VALTRA","BH154H","CATALOGO DE PEÇAS DOS TRATORES VALTRA-VALMET","-","true","https://cdn.appmaq.com.br/appmaq-media/manuals/019aa8a8-b5d5-7308-ae8a-ddff35ba0db5/019effd9-5a48-787b-87d9-d517f249dac0.pdf"
"2781","Trator Agrícola","VALTRA","BH154H","FOLHETO DOS TRATORES AGRICOLA BH HiTech","-","true","https://cdn.appmaq.com.br/appmaq-media/manuals/019aa8a8-b5d5-7308-ae8a-ddff35ba0db5/019effd9-5a99-7ce3-a8ec-1c20d1446c39.pdf"
"2782","Trator Agrícola","VALTRA","BH154H","MANUAL COM INSTRUÇÕES PARA TRATORES VALTRA","-","true","https://cdn.appmaq.com.br/appmaq-media/manuals/019aa8a8-b5d5-7308-ae8a-ddff35ba0db5/019effd9-5aee-7800-b92d-2aa5d76d2713.pdf"
"2783","Trator Agrícola","VALTRA","BH154H","MANUAL COM INSTRUÇÕES SOBRE OPERAÇÃO, MANUTENÇÃO E SEGURANÇA PARA TRATORES VALTRA","-","true","https://cdn.appmaq.com.br/appmaq-media/manuals/019aa8a8-b5d5-7308-ae8a-ddff35ba0db5/019effd9-5edb-7f89-9b2e-28cf37f3b326.pdf"
"2784","Trator Agrícola","VALTRA","BH154H","MANUAL DE ELÉTRICA E HIDRÁULICA DOS TRATORES VALTRA A4S, A4 E A4 HITECH, INCLUINDO DIAGNÓSTICO DE FALHAS","-","true","https://cdn.appmaq.com.br/appmaq-media/manuals/019aa8a8-b5d5-7308-ae8a-ddff35ba0db5/019effd9-616b-7b24-901f-189fc00049fe.pdf"
"2785","Trator Agrícola","VALTRA","BH154H","MANUAL DE SERVIÇO DO TRATOR VALTRA BH GERAÇÃO 4 E BH HiTech","-","true","https://cdn.appmaq.com.br/appmaq-media/manuals/019aa8a8-b5d5-7308-ae8a-ddff35ba0db5/019effd9-6763-7138-b71e-03d68bd5b87f.pdf"
"2786","Trator Agrícola","VALTRA","BH154H","MANUAL DE TREINAMENTO PARA OS TRATORES VALTRA BH","-","true","https://cdn.appmaq.com.br/appmaq-media/manuals/019aa8a8-b5d5-7308-ae8a-ddff35ba0db5/019effd9-6853-77cd-b683-353a75addefd.pdf"
"2787","Trator Agrícola","VALTRA","BH160","CATALOGO DE PEÇAS DOS TRATORES VALTRA-VALMET","-","true","https://cdn.appmaq.com.br/appmaq-media/manuals/01957100-b0e0-78cc-896e-671178ab9800/019effda-227f-7bdc-947b-b7339e1a5fad.pdf"
"2788","Trator Agrícola","VALTRA","BH160","FOLHETO DOS TRATORES VALTRA BH","-","true","https://cdn.appmaq.com.br/appmaq-media/manuals/01957100-b0e0-78cc-896e-671178ab9800/019effda-22ce-7494-8059-6c9838cb805c.pdf"
"2789","Trator Agrícola","VALTRA","BH160","MANUAL COM INSTRUÇÕES PARA TRATORES VALTRA","-","true","https://cdn.appmaq.com.br/appmaq-media/manuals/01957100-b0e0-78cc-896e-671178ab9800/019effda-2316-71f2-bd55-48ef03e973d2.pdf"
"2790","Trator Agrícola","VALTRA","BH160","MANUAL COM INSTRUÇÕES SOBRE OPERAÇÃO, MANUTENÇÃO E SEGURANÇA PARA TRATORES VALTRA","-","true","https://cdn.appmaq.com.br/appmaq-media/manuals/01957100-b0e0-78cc-896e-671178ab9800/019effda-2929-73c6-ae92-77a19c1c5f6c.pdf"
"2791","Trator Agrícola","VALTRA","BH160","MANUAL DE ELÉTRICA E HIDRÁULICA DOS TRATORES VALTRA A4S, A4 E A4 HITECH, INCLUINDO DIAGNÓSTICO DE FALHAS","-","true","https://cdn.appmaq.com.br/appmaq-media/manuals/01957100-b0e0-78cc-896e-671178ab9800/019effda-2f5d-7782-8cd4-cc226ad88999.pdf"
"2792","Trator Agrícola","VALTRA","BH160","MANUAL DE TREINAMENTO PARA OS TRATORES VALTRA BH","-","true","https://cdn.appmaq.com.br/appmaq-media/manuals/01957100-b0e0-78cc-896e-671178ab9800/019effda-36ae-7d1b-aa5b-947c7b74ffe1.pdf"
"2793","Trator Agrícola","VALTRA","BH165","CATALOGO DE PEÇAS DOS TRATORES VALTRA-VALMET","-","true","https://cdn.appmaq.com.br/appmaq-media/manuals/01957100-b0e0-7144-b195-d1b048c9251e/019efff2-1a88-7f5b-bfa9-34248bf07b70.pdf"
"2794","Trator Agrícola","VALTRA","BH165","FOLHETO DOS TRATORES VALTRA BH","-","true","https://cdn.appmaq.com.br/appmaq-media/manuals/01957100-b0e0-7144-b195-d1b048c9251e/019efff2-1b06-73b3-9f42-b2e27ba80638.pdf"
"2795","Trator Agrícola","VALTRA","BH165","MANUAL COM INSTRUÇÕES PARA TRATORES VALTRA","-","true","https://cdn.appmaq.com.br/appmaq-media/manuals/01957100-b0e0-7144-b195-d1b048c9251e/019efff2-1bc2-7a54-876f-a45fb60df740.pdf"
"2796","Trator Agrícola","VALTRA","BH165","MANUAL COM INSTRUÇÕES SOBRE OPERAÇÃO, MANUTENÇÃO E SEGURANÇA PARA TRATORES VALTRA","-","true","https://cdn.appmaq.com.br/appmaq-media/manuals/01957100-b0e0-7144-b195-d1b048c9251e/019efff2-2128-7a9b-9119-8531d30b0c9d.pdf"
"2797","Trator Agrícola","VALTRA","BH165","MANUAL DE ELÉTRICA E HIDRÁULICA DOS TRATORES VALTRA A4S, A4 E A4 HITECH, INCLUINDO DIAGNÓSTICO DE FALHAS","-","true","https://cdn.appmaq.com.br/appmaq-media/manuals/01957100-b0e0-7144-b195-d1b048c9251e/019efff2-27f8-79f5-92fd-8f710e7e4066.pdf"
"2798","Trator Agrícola","VALTRA","BH165","MANUAL DE TREINAMENTO PARA OS TRATORES VALTRA BH","-","true","https://cdn.appmaq.com.br/appmaq-media/manuals/01957100-b0e0-7144-b195-d1b048c9251e/019efff2-2a36-7090-a657-eb7a7223b201.pdf"
"2799","Trator Agrícola","VALTRA","BH165","MANUAL DO OPERADOR DOS TRATORES VALTRA SERIE BH145 BH165 BH180 BH185I BH205I","-","true","https://cdn.appmaq.com.br/appmaq-media/manuals/01957100-b0e0-7144-b195-d1b048c9251e/019efff2-2b06-731a-9e51-96d07803b04e.pdf"
"2800","Trator Agrícola","VALTRA","BH174","CATALOGO DE PEÇAS DOS TRATORES VALTRA-VALMET","-","true","https://cdn.appmaq.com.br/appmaq-media/manuals/0195b3ba-39a6-7323-9eff-65935113a9fe/019efff4-cc51-7282-9da7-9f535a6459ba.pdf"
"2801","Trator Agrícola","VALTRA","BH174","FOLHETO DOS TRATORES VALTRA BH","-","true","https://cdn.appmaq.com.br/appmaq-media/manuals/0195b3ba-39a6-7323-9eff-65935113a9fe/019efff4-cd4c-7513-9b9f-21d933f49801.pdf"
"2802","Trator Agrícola","VALTRA","BH174","MANUAL COM INSTRUÇÕES PARA TRATORES VALTRA","-","true","https://cdn.appmaq.com.br/appmaq-media/manuals/0195b3ba-39a6-7323-9eff-65935113a9fe/019efff4-ce16-7691-9d19-a4080b6be7ff.pdf"
"2803","Trator Agrícola","VALTRA","BH174","MANUAL COM INSTRUÇÕES SOBRE OPERAÇÃO, MANUTENÇÃO E SEGURANÇA PARA TRATORES VALTRA","-","true","https://cdn.appmaq.com.br/appmaq-media/manuals/0195b3ba-39a6-7323-9eff-65935113a9fe/019efff4-d306-7263-a4e4-8e8987d43672.pdf"
"2804","Trator Agrícola","VALTRA","BH174","MANUAL DE ELÉTRICA E HIDRÁULICA DOS TRATORES VALTRA A4S, A4 E A4 HITECH, INCLUINDO DIAGNÓSTICO DE FALHAS","-","true","https://cdn.appmaq.com.br/appmaq-media/manuals/0195b3ba-39a6-7323-9eff-65935113a9fe/019efff4-dcd5-77e7-b081-f09579018951.pdf"
"2805","Trator Agrícola","VALTRA","BH174","MANUAL DE SERVIÇO DO TRATOR VALTRA BH GERAÇÃO 4 E BH HiTech","-","true","https://cdn.appmaq.com.br/appmaq-media/manuals/0195b3ba-39a6-7323-9eff-65935113a9fe/019efff4-e1d2-7e84-a8f3-c6694d4bb530.pdf"
"2806","Trator Agrícola","VALTRA","BH174","MANUAL DE TREINAMENTO PARA OS TRATORES VALTRA BH","-","true","https://cdn.appmaq.com.br/appmaq-media/manuals/0195b3ba-39a6-7323-9eff-65935113a9fe/019efff4-e313-7af4-9435-7753c2e02e47.pdf"
"2807","Trator Agrícola","VALTRA","BH174H","CATALOGO DE PEÇAS DOS TRATORES VALTRA-VALMET","-","true","https://cdn.appmaq.com.br/appmaq-media/manuals/019aa8bb-0e49-7203-930c-70311158ee7e/019efffb-5523-7c9b-b502-33fb273b0cea.pdf"
"2808","Trator Agrícola","VALTRA","BH174H","MANUAL COM INSTRUÇÕES PARA TRATORES VALTRA","-","true","https://cdn.appmaq.com.br/appmaq-media/manuals/019aa8bb-0e49-7203-930c-70311158ee7e/019efffb-5573-75f3-ba62-0329b685e444.pdf"
"2809","Trator Agrícola","VALTRA","BH174H","MANUAL COM INSTRUÇÕES SOBRE OPERAÇÃO, MANUTENÇÃO E SEGURANÇA PARA TRATORES VALTRA","-","true","https://cdn.appmaq.com.br/appmaq-media/manuals/019aa8bb-0e49-7203-930c-70311158ee7e/019efffb-58e0-7a14-8db6-9cc01ef67412.pdf"
"2810","Trator Agrícola","VALTRA","BH174H","MANUAL DE ELÉTRICA E HIDRÁULICA DOS TRATORES VALTRA A4S, A4 E A4 HITECH, INCLUINDO DIAGNÓSTICO DE FALHAS","-","true","https://cdn.appmaq.com.br/appmaq-media/manuals/019aa8bb-0e49-7203-930c-70311158ee7e/019efffb-5bb6-761a-9c23-83f59c4c0c02.pdf"
"2811","Trator Agrícola","VALTRA","BH174H","MANUAL DE SERVIÇO DO TRATOR VALTRA BH GERAÇÃO 4 E BH HiTech","-","true","https://cdn.appmaq.com.br/appmaq-media/manuals/019aa8bb-0e49-7203-930c-70311158ee7e/019efffb-610e-728f-b7ec-8da24d398ffb.pdf"
"2812","Trator Agrícola","VALTRA","BH174H","MANUAL DE TREINAMENTO PARA OS TRATORES VALTRA BH","-","true","https://cdn.appmaq.com.br/appmaq-media/manuals/019aa8bb-0e49-7203-930c-70311158ee7e/019efffb-61ba-7685-b7f5-b17d016fba47.pdf"
"2813","Trator Agrícola","VALTRA","BH180","CATALOGO DE PEÇAS DOS TRATORES VALTRA-VALMET","-","true","https://cdn.appmaq.com.br/appmaq-media/manuals/01957100-b0e0-7211-9785-c47575af390e/019efffd-f828-7a12-b349-be6ff2a603f9.pdf"
"2814","Trator Agrícola","VALTRA","BH180","FOLHETO DOS TRATORES VALTRA BH","-","true","https://cdn.appmaq.com.br/appmaq-media/manuals/01957100-b0e0-7211-9785-c47575af390e/019efffd-faa8-7665-9178-a74e2ad6a8db.pdf"
"2815","Trator Agrícola","VALTRA","BH180","MANUAL COM INSTRUÇÕES PARA TRATORES VALTRA","-","true","https://cdn.appmaq.com.br/appmaq-media/manuals/01957100-b0e0-7211-9785-c47575af390e/019efffd-fdce-7653-a142-c31f0f9734a8.pdf"
"2816","Trator Agrícola","VALTRA","BH180","MANUAL COM INSTRUÇÕES SOBRE OPERAÇÃO, MANUTENÇÃO E SEGURANÇA PARA TRATORES VALTRA","-","true","https://cdn.appmaq.com.br/appmaq-media/manuals/01957100-b0e0-7211-9785-c47575af390e/019efffe-0153-7ad3-bfc0-62d896bb768c.pdf"
"2817","Trator Agrícola","VALTRA","BH180","MANUAL DE ELÉTRICA E HIDRÁULICA DOS TRATORES VALTRA A4S, A4 E A4 HITECH, INCLUINDO DIAGNÓSTICO DE FALHAS","-","true","https://cdn.appmaq.com.br/appmaq-media/manuals/01957100-b0e0-7211-9785-c47575af390e/019efffe-043b-7dd4-8175-d18799b34dad.pdf"
"2818","Trator Agrícola","VALTRA","BH180","MANUAL DE TREINAMENTO PARA OS TRATORES VALTRA BH","-","true","https://cdn.appmaq.com.br/appmaq-media/manuals/01957100-b0e0-7211-9785-c47575af390e/019efffe-0710-78a3-82c0-e220a91ab7df.pdf"
"2819","Trator Agrícola","VALTRA","BH180","MANUAL DO OPERADOR DOS TRATORES VALTRA SERIE BH145 BH165 BH180 BH185I BH205I","-","true","https://cdn.appmaq.com.br/appmaq-media/manuals/01957100-b0e0-7211-9785-c47575af390e/019efffe-0832-7fe7-9950-17bee2dad391.pdf"
"2820","Trator Agrícola","VALTRA","BH184","CATALOGO DE PEÇAS DOS TRATORES VALTRA-VALMET","-","true","https://cdn.appmaq.com.br/appmaq-media/manuals/0195b3ba-39a6-729e-bc2a-9ea948e5ef39/019effff-6ac3-7e61-8f26-2e18c9e1bb2c.pdf"
"2821","Trator Agrícola","VALTRA","BH184","FOLHETO DOS TRATORES VALTRA BH","-","true","https://cdn.appmaq.com.br/appmaq-media/manuals/0195b3ba-39a6-729e-bc2a-9ea948e5ef39/019effff-6b20-7146-94a3-a59839d21482.pdf"
"2822","Trator Agrícola","VALTRA","BH184","MANUAL COM INSTRUÇÕES PARA TRATORES VALTRA","-","true","https://cdn.appmaq.com.br/appmaq-media/manuals/0195b3ba-39a6-729e-bc2a-9ea948e5ef39/019effff-6c17-7424-933b-3c2b71a87d51.pdf"
"2823","Trator Agrícola","VALTRA","BH184","MANUAL COM INSTRUÇÕES SOBRE OPERAÇÃO, MANUTENÇÃO E SEGURANÇA PARA TRATORES VALTRA","-","true","https://cdn.appmaq.com.br/appmaq-media/manuals/0195b3ba-39a6-729e-bc2a-9ea948e5ef39/019effff-6fc5-793b-a519-bfccdbd25053.pdf"
"2824","Trator Agrícola","VALTRA","BH184","MANUAL DE ELÉTRICA E HIDRÁULICA DOS TRATORES VALTRA A4S, A4 E A4 HITECH, INCLUINDO DIAGNÓSTICO DE FALHAS","-","true","https://cdn.appmaq.com.br/appmaq-media/manuals/0195b3ba-39a6-729e-bc2a-9ea948e5ef39/019effff-73eb-7d5b-a0f1-f35a59740006.pdf"
"2825","Trator Agrícola","VALTRA","BH184","MANUAL DE TREINAMENTO PARA OS TRATORES VALTRA BH","-","true","https://cdn.appmaq.com.br/appmaq-media/manuals/0195b3ba-39a6-729e-bc2a-9ea948e5ef39/019effff-7682-705f-8b69-103e7847e36f.pdf"
"2826","Trator Agrícola","VALTRA","BH184H","CATALOGO DE PEÇAS DOS TRATORES VALTRA-VALMET","-","true","https://cdn.appmaq.com.br/appmaq-media/manuals/019aa8c1-2c89-7d45-adc8-ce9f559898b9/019f0018-e4b8-718d-8714-0a71aff76035.pdf"
"2827","Trator Agrícola","VALTRA","BH184H","MANUAL COM INSTRUÇÕES PARA TRATORES VALTRA","-","true","https://cdn.appmaq.com.br/appmaq-media/manuals/019aa8c1-2c89-7d45-adc8-ce9f559898b9/019f0018-e532-79bb-98fe-3861126d4801.pdf"
"2828","Trator Agrícola","VALTRA","BH184H","MANUAL COM INSTRUÇÕES SOBRE OPERAÇÃO, MANUTENÇÃO E SEGURANÇA PARA TRATORES VALTRA","-","true","https://cdn.appmaq.com.br/appmaq-media/manuals/019aa8c1-2c89-7d45-adc8-ce9f559898b9/019f0018-eab1-7bda-9f6e-0ff3a2cdc6a1.pdf"
"2829","Trator Agrícola","VALTRA","BH184H","MANUAL DE ELÉTRICA E HIDRÁULICA DOS TRATORES VALTRA A4S, A4 E A4 HITECH, INCLUINDO DIAGNÓSTICO DE FALHAS","-","true","https://cdn.appmaq.com.br/appmaq-media/manuals/019aa8c1-2c89-7d45-adc8-ce9f559898b9/019f0018-f5bf-7a11-b20e-727baa363f34.pdf"
"2830","Trator Agrícola","VALTRA","BH184H","MANUAL DE TREINAMENTO PARA OS TRATORES VALTRA BH","-","true","https://cdn.appmaq.com.br/appmaq-media/manuals/019aa8c1-2c89-7d45-adc8-ce9f559898b9/019f0018-fef5-778d-af7d-8afb17b3ea46.pdf"
"2831","Trator Agrícola","VALTRA","BH185i","CATALOGO DE PEÇAS DOS TRATORES VALTRA BH185i","-","true","https://cdn.appmaq.com.br/appmaq-media/manuals/01957100-b0e0-7aa8-b961-2edc9f646022/019f0028-5897-7191-86aa-a3962790d326.pdf"
"2832","Trator Agrícola","VALTRA","BH185i","CATALOGO DE PEÇAS DOS TRATORES VALTRA-VALMET","-","true","https://cdn.appmaq.com.br/appmaq-media/manuals/01957100-b0e0-7aa8-b961-2edc9f646022/019f0028-58a9-770b-87e8-719d2f69a817.pdf"
"2833","Trator Agrícola","VALTRA","BH185i","FOLHETO DOS TRATORES VALTRA BH","-","true","https://cdn.appmaq.com.br/appmaq-media/manuals/01957100-b0e0-7aa8-b961-2edc9f646022/019f0028-593e-773f-9ace-5339fe0ad30c.pdf"
"2834","Trator Agrícola","VALTRA","BH185i","MANUAL COM INSTRUÇÕES PARA TRATORES VALTRA","-","true","https://cdn.appmaq.com.br/appmaq-media/manuals/01957100-b0e0-7aa8-b961-2edc9f646022/019f0028-599b-719d-8bc6-1d3b2a1efdde.pdf"
"2835","Trator Agrícola","VALTRA","BH185i","MANUAL COM INSTRUÇÕES SOBRE OPERAÇÃO, MANUTENÇÃO E SEGURANÇA PARA TRATORES VALTRA","-","true","https://cdn.appmaq.com.br/appmaq-media/manuals/01957100-b0e0-7aa8-b961-2edc9f646022/019f0028-5d22-724f-9005-e8c2b6df0c7c.pdf"
"2836","Trator Agrícola","VALTRA","BH185i","MANUAL DE ELÉTRICA E HIDRÁULICA DOS TRATORES VALTRA A4S, A4 E A4 HITECH, INCLUINDO DIAGNÓSTICO DE FALHAS","-","true","https://cdn.appmaq.com.br/appmaq-media/manuals/01957100-b0e0-7aa8-b961-2edc9f646022/019f0028-5f68-7f61-9dc3-af74ae6e0f42.pdf"
"2837","Trator Agrícola","VALTRA","BH185i","MANUAL DE TREINAMENTO PARA OS TRATORES VALTRA BH","-","true","https://cdn.appmaq.com.br/appmaq-media/manuals/01957100-b0e0-7aa8-b961-2edc9f646022/019f0028-656a-7638-be4a-ce91c150a03c.pdf"
"2838","Trator Agrícola","VALTRA","BH185i","MANUAL DO OPERADOR DOS TRATORES VALTRA SERIE BH145 BH165 BH180 BH185I BH205I","-","true","https://cdn.appmaq.com.br/appmaq-media/manuals/01957100-b0e0-7aa8-b961-2edc9f646022/019f0028-673d-7acb-acae-10c28d3d0e14.pdf"
"2839","Trator Agrícola","VALTRA","BH194","CATALOGO DE PEÇAS DOS TRATORES VALTRA-VALMET","-","true","https://cdn.appmaq.com.br/appmaq-media/manuals/01957100-b0e0-75d6-8812-5cec01287957/019f0029-422d-7398-9c8d-22709c4e8b36.pdf"
"2840","Trator Agrícola","VALTRA","BH194","FOLHETO DOS TRATORES VALTRA BH","-","true","https://cdn.appmaq.com.br/appmaq-media/manuals/01957100-b0e0-75d6-8812-5cec01287957/019f0029-4290-7af3-b79d-d17a1ec188dc.pdf"
"2841","Trator Agrícola","VALTRA","BH194","MANUAL COM INSTRUÇÕES PARA TRATORES VALTRA","-","true","https://cdn.appmaq.com.br/appmaq-media/manuals/01957100-b0e0-75d6-8812-5cec01287957/019f0029-4361-7c3c-8e91-0dac2f9c91e9.pdf"
"2842","Trator Agrícola","VALTRA","BH194","MANUAL COM INSTRUÇÕES SOBRE OPERAÇÃO, MANUTENÇÃO E SEGURANÇA PARA TRATORES VALTRA","-","true","https://cdn.appmaq.com.br/appmaq-media/manuals/01957100-b0e0-75d6-8812-5cec01287957/019f0029-471b-7bb2-a9f3-47861f68bc36.pdf"
"2843","Trator Agrícola","VALTRA","BH194","MANUAL DE ELÉTRICA E HIDRÁULICA DOS TRATORES VALTRA A4S, A4 E A4 HITECH, INCLUINDO DIAGNÓSTICO DE FALHAS","-","true","https://cdn.appmaq.com.br/appmaq-media/manuals/01957100-b0e0-75d6-8812-5cec01287957/019f0029-4bac-79e1-a8f1-b7d1412b0700.pdf"
"2844","Trator Agrícola","VALTRA","BH194","MANUAL DE SERVIÇO DO TRATOR VALTRA BH GERAÇÃO 4 E BH HiTech","-","true","https://cdn.appmaq.com.br/appmaq-media/manuals/01957100-b0e0-75d6-8812-5cec01287957/019f0029-4cfe-73d8-9509-7b09ec72caa8.pdf"
"2845","Trator Agrícola","VALTRA","BH194","MANUAL DE TREINAMENTO PARA OS TRATORES VALTRA BH","-","true","https://cdn.appmaq.com.br/appmaq-media/manuals/01957100-b0e0-75d6-8812-5cec01287957/019f0029-4f6b-76b8-8596-6bfbe44fa8d8.pdf"
"2846","Trator Agrícola","VALTRA","BH194H","CATALOGO DE PEÇAS DOS TRATORES VALTRA-VALMET","-","true","https://cdn.appmaq.com.br/appmaq-media/manuals/0196f443-bf8d-7b52-a9ef-2f43fa23429f/019f002b-8a0a-7348-b8bd-0e0fad251736.pdf"
"2847","Trator Agrícola","VALTRA","BH194H","MANUAL COM INSTRUÇÕES PARA TRATORES VALTRA","-","true","https://cdn.appmaq.com.br/appmaq-media/manuals/0196f443-bf8d-7b52-a9ef-2f43fa23429f/019f002b-8a5e-72c7-93e4-8579cd057d32.pdf"
"2848","Trator Agrícola","VALTRA","BH194H","MANUAL COM INSTRUÇÕES SOBRE OPERAÇÃO, MANUTENÇÃO E SEGURANÇA PARA TRATORES VALTRA","-","true","https://cdn.appmaq.com.br/appmaq-media/manuals/0196f443-bf8d-7b52-a9ef-2f43fa23429f/019f002b-8e25-7d4f-a5e2-f39f4dac4245.pdf"
"2849","Trator Agrícola","VALTRA","BH194H","MANUAL DE ELÉTRICA E HIDRÁULICA DOS TRATORES VALTRA A4S, A4 E A4 HITECH, INCLUINDO DIAGNÓSTICO DE FALHAS","-","true","https://cdn.appmaq.com.br/appmaq-media/manuals/0196f443-bf8d-7b52-a9ef-2f43fa23429f/019f002b-920e-7f80-bed9-bafe64bebf2d.pdf"
"2850","Trator Agrícola","VALTRA","BH194H","MANUAL DE SERVIÇO DO TRATOR VALTRA BH GERAÇÃO 4 E BH HiTech","-","true","https://cdn.appmaq.com.br/appmaq-media/manuals/0196f443-bf8d-7b52-a9ef-2f43fa23429f/019f002b-94b8-70dc-8b61-798d9fdf1d30.pdf"
"2851","Trator Agrícola","VALTRA","BH194H","MANUAL DE TREINAMENTO PARA OS TRATORES VALTRA BH","-","true","https://cdn.appmaq.com.br/appmaq-media/manuals/0196f443-bf8d-7b52-a9ef-2f43fa23429f/019f002b-9595-78ab-afb7-58eff870fc09.pdf"
"2852","Trator Agrícola","VALTRA","BH205i","CATALOGO DE PEÇAS DOS TRATORES VALTRA-VALMET","-","true","https://cdn.appmaq.com.br/appmaq-media/manuals/01957100-b0e0-7c6d-bfb8-2a214e566f04/019f002c-fbd1-7c44-96de-fdbb77a554f2.pdf"
"2853","Trator Agrícola","VALTRA","BH205i","MANUAL COM INSTRUÇÕES PARA TRATORES VALTRA","-","true","https://cdn.appmaq.com.br/appmaq-media/manuals/01957100-b0e0-7c6d-bfb8-2a214e566f04/019f002c-fc57-772f-91a6-d5389182089b.pdf"
"2854","Trator Agrícola","VALTRA","BH205i","MANUAL COM INSTRUÇÕES SOBRE OPERAÇÃO, MANUTENÇÃO E SEGURANÇA PARA TRATORES VALTRA","-","true","https://cdn.appmaq.com.br/appmaq-media/manuals/01957100-b0e0-7c6d-bfb8-2a214e566f04/019f002d-02c7-773b-a0ec-cf5ee8e6f919.pdf"
"2855","Trator Agrícola","VALTRA","BH205i","MANUAL DE ELÉTRICA E HIDRÁULICA DOS TRATORES VALTRA A4S, A4 E A4 HITECH, INCLUINDO DIAGNÓSTICO DE FALHAS","-","true","https://cdn.appmaq.com.br/appmaq-media/manuals/01957100-b0e0-7c6d-bfb8-2a214e566f04/019f002d-05cf-7122-8742-bf943f74880b.pdf"
"2856","Trator Agrícola","VALTRA","BH205i","MANUAL DE TREINAMENTO PARA OS TRATORES VALTRA BH","-","true","https://cdn.appmaq.com.br/appmaq-media/manuals/01957100-b0e0-7c6d-bfb8-2a214e566f04/019f002d-0abc-7985-af30-72b488494ea9.pdf"
"2857","Trator Agrícola","VALTRA","BH205i","MANUAL DO OPERADOR DOS TRATORES VALTRA SERIE BH145 BH165 BH180 BH185I BH205I","-","true","https://cdn.appmaq.com.br/appmaq-media/manuals/01957100-b0e0-7c6d-bfb8-2a214e566f04/019f002d-0c5a-71f3-b318-d883fb45a457.pdf"
"2858","Trator Agrícola","VALTRA","BH214","CATALOGO DE PEÇAS DOS TRATORES VALTRA-VALMET","-","true","https://cdn.appmaq.com.br/appmaq-media/manuals/019aa88c-71ba-7da8-b2f7-bed1f525227a/019f0032-a141-7373-a907-9f180443252c.pdf"
"2859","Trator Agrícola","VALTRA","BH214","FOLHETO DOS TRATORES VALTRA BH","-","true","https://cdn.appmaq.com.br/appmaq-media/manuals/019aa88c-71ba-7da8-b2f7-bed1f525227a/019f0032-a191-7dee-af11-a5ff47f31230.pdf"
"2860","Trator Agrícola","VALTRA","BH214","MANUAL COM INSTRUÇÕES PARA TRATORES VALTRA","-","true","https://cdn.appmaq.com.br/appmaq-media/manuals/019aa88c-71ba-7da8-b2f7-bed1f525227a/019f0032-a221-75e7-9259-6c1c4c793868.pdf"
"2861","Trator Agrícola","VALTRA","BH214","MANUAL COM INSTRUÇÕES SOBRE OPERAÇÃO, MANUTENÇÃO E SEGURANÇA PARA TRATORES VALTRA","-","true","https://cdn.appmaq.com.br/appmaq-media/manuals/019aa88c-71ba-7da8-b2f7-bed1f525227a/019f0032-a93d-7f47-b65a-c008f6ed3a2f.pdf"
"2862","Trator Agrícola","VALTRA","BH214","MANUAL DE ELÉTRICA E HIDRÁULICA DOS TRATORES VALTRA A4S, A4 E A4 HITECH, INCLUINDO DIAGNÓSTICO DE FALHAS","-","true","https://cdn.appmaq.com.br/appmaq-media/manuals/019aa88c-71ba-7da8-b2f7-bed1f525227a/019f0032-b01e-7488-b212-0007a7d0dce1.pdf"
"2863","Trator Agrícola","VALTRA","BH214","MANUAL DE SERVIÇO DO TRATOR VALTRA BH GERAÇÃO 4 E BH HiTech","-","true","https://cdn.appmaq.com.br/appmaq-media/manuals/019aa88c-71ba-7da8-b2f7-bed1f525227a/019f0032-b3e6-70b0-ab09-694cd8195fc6.pdf"
"2864","Trator Agrícola","VALTRA","BH214","MANUAL DE TREINAMENTO PARA OS TRATORES VALTRA BH","-","true","https://cdn.appmaq.com.br/appmaq-media/manuals/019aa88c-71ba-7da8-b2f7-bed1f525227a/019f0032-b438-7944-adbb-9a7f114c4b34.pdf"
"2865","Trator Agrícola","VALTRA","BH214H","CATALOGO DE PEÇAS DOS TRATORES VALTRA-VALMET","-","true","https://cdn.appmaq.com.br/appmaq-media/manuals/019aa8c5-2ea6-7cc4-88a4-4513cbf2a33c/019f003a-32b6-7d36-a931-de448aa40962.pdf"
"2866","Trator Agrícola","VALTRA","BH214H","MANUAL COM INSTRUÇÕES PARA TRATORES VALTRA","-","true","https://cdn.appmaq.com.br/appmaq-media/manuals/019aa8c5-2ea6-7cc4-88a4-4513cbf2a33c/019f003a-330a-7667-8638-097d6664f494.pdf"
"2867","Trator Agrícola","VALTRA","BH214H","MANUAL COM INSTRUÇÕES SOBRE OPERAÇÃO, MANUTENÇÃO E SEGURANÇA PARA TRATORES VALTRA","-","true","https://cdn.appmaq.com.br/appmaq-media/manuals/019aa8c5-2ea6-7cc4-88a4-4513cbf2a33c/019f003a-3699-75e6-8b91-c2cdfd5378e6.pdf"
"2868","Trator Agrícola","VALTRA","BH214H","MANUAL DE ELÉTRICA E HIDRÁULICA DOS TRATORES VALTRA A4S, A4 E A4 HITECH, INCLUINDO DIAGNÓSTICO DE FALHAS","-","true","https://cdn.appmaq.com.br/appmaq-media/manuals/019aa8c5-2ea6-7cc4-88a4-4513cbf2a33c/019f003a-3b1c-774e-a3cc-f1af92c38ecf.pdf"
"2869","Trator Agrícola","VALTRA","BH214H","MANUAL DE SERVIÇO DO TRATOR VALTRA BH GERAÇÃO 4 E BH HiTech","-","true","https://cdn.appmaq.com.br/appmaq-media/manuals/019aa8c5-2ea6-7cc4-88a4-4513cbf2a33c/019f003a-3e38-7b41-9ff9-fd1885ce8250.pdf"
"2870","Trator Agrícola","VALTRA","BH214H","MANUAL DE TREINAMENTO PARA OS TRATORES VALTRA BH","-","true","https://cdn.appmaq.com.br/appmaq-media/manuals/019aa8c5-2ea6-7cc4-88a4-4513cbf2a33c/019f003a-3e7b-7fca-931d-9cbeab3117ff.pdf"
"2871","Trator Agrícola","VALTRA","BH224","CATALOGO DE PEÇAS DOS TRATORES VALTRA-VALMET","-","true","https://cdn.appmaq.com.br/appmaq-media/manuals/019aa88f-bf61-75cb-9c4c-a3fab38aa8a0/019f003e-48b4-7c0c-bac0-fbc8f58d1182.pdf"
"2872","Trator Agrícola","VALTRA","BH224","FOLHETO DOS TRATORES VALTRA BH","-","true","https://cdn.appmaq.com.br/appmaq-media/manuals/019aa88f-bf61-75cb-9c4c-a3fab38aa8a0/019f003e-4906-7ebe-a8b7-681018233e08.pdf"
"2873","Trator Agrícola","VALTRA","BH224","MANUAL COM INSTRUÇÕES PARA TRATORES VALTRA","-","true","https://cdn.appmaq.com.br/appmaq-media/manuals/019aa88f-bf61-75cb-9c4c-a3fab38aa8a0/019f003e-4948-7f8f-84b6-431082ec1833.pdf"
"2874","Trator Agrícola","VALTRA","BH224","MANUAL COM INSTRUÇÕES SOBRE OPERAÇÃO, MANUTENÇÃO E SEGURANÇA PARA TRATORES VALTRA","-","true","https://cdn.appmaq.com.br/appmaq-media/manuals/019aa88f-bf61-75cb-9c4c-a3fab38aa8a0/019f003e-4d31-7c34-9d33-1debc1fff0a1.pdf"
"2875","Trator Agrícola","VALTRA","BH224","MANUAL DE ELÉTRICA E HIDRÁULICA DOS TRATORES VALTRA A4S, A4 E A4 HITECH, INCLUINDO DIAGNÓSTICO DE FALHAS","-","true","https://cdn.appmaq.com.br/appmaq-media/manuals/019aa88f-bf61-75cb-9c4c-a3fab38aa8a0/019f003e-4fc7-7797-8741-88736d3fd359.pdf"
"2876","Trator Agrícola","VALTRA","BH224","MANUAL DE SERVIÇO DO TRATOR VALTRA BH GERAÇÃO 4 E BH HiTech","-","true","https://cdn.appmaq.com.br/appmaq-media/manuals/019aa88f-bf61-75cb-9c4c-a3fab38aa8a0/019f003e-5203-7e76-ade5-0de28615e633.pdf"
"2877","Trator Agrícola","VALTRA","BH224","MANUAL DE TREINAMENTO PARA OS TRATORES VALTRA BH","-","true","https://cdn.appmaq.com.br/appmaq-media/manuals/019aa88f-bf61-75cb-9c4c-a3fab38aa8a0/019f003e-5291-7507-a24e-99540b744bf3.pdf"
"2878","Trator Agrícola","VALTRA","BH224H","CATALOGO DE PEÇAS DOS TRATORES VALTRA-VALMET","-","true","https://cdn.appmaq.com.br/appmaq-media/manuals/01957100-b0e0-7598-9118-1d039c1c801b/019f0059-0813-7826-8056-e0364b86efe1.pdf"
"2879","Trator Agrícola","VALTRA","BH224H","MANUAL COM INSTRUÇÕES PARA TRATORES VALTRA","-","true","https://cdn.appmaq.com.br/appmaq-media/manuals/01957100-b0e0-7598-9118-1d039c1c801b/019f0059-0864-798b-9d36-0f1cb1a2a741.pdf"
"2880","Trator Agrícola","VALTRA","BH224H","MANUAL COM INSTRUÇÕES SOBRE OPERAÇÃO, MANUTENÇÃO E SEGURANÇA PARA TRATORES VALTRA","-","true","https://cdn.appmaq.com.br/appmaq-media/manuals/01957100-b0e0-7598-9118-1d039c1c801b/019f0059-0ba7-738d-b714-65fd6d4602c0.pdf"
"2881","Trator Agrícola","VALTRA","BH224H","MANUAL DE ELÉTRICA E HIDRÁULICA DOS TRATORES VALTRA A4S, A4 E A4 HITECH, INCLUINDO DIAGNÓSTICO DE FALHAS","-","true","https://cdn.appmaq.com.br/appmaq-media/manuals/01957100-b0e0-7598-9118-1d039c1c801b/019f0059-0f7f-7edc-a81c-5281638fca98.pdf"
"2882","Trator Agrícola","VALTRA","BH224H","MANUAL DE SERVIÇO DO TRATOR VALTRA BH GERAÇÃO 4 E BH HiTech","-","true","https://cdn.appmaq.com.br/appmaq-media/manuals/01957100-b0e0-7598-9118-1d039c1c801b/019f0059-12c2-777c-8210-aa7117339a7a.pdf"
"2883","Trator Agrícola","VALTRA","BH224H","MANUAL DE TREINAMENTO PARA OS TRATORES VALTRA BH","-","true","https://cdn.appmaq.com.br/appmaq-media/manuals/01957100-b0e0-7598-9118-1d039c1c801b/019f0059-13f4-7cd1-a00b-0a40ccf6a572.pdf"
"2884","Trator Agrícola","VALTRA","BL77","CATALOGO DE PEÇAS DOS TRATORES VALTRA-VALMET","-","true","https://cdn.appmaq.com.br/appmaq-media/manuals/01957100-b0e0-72e7-a0a5-1862accbf7f7/019f0061-9711-7e69-9792-46f4ebae49c1.pdf"
"2885","Trator Agrícola","VALTRA","BL77","MANUAL COM INSTRUÇÕES PARA TRATORES VALTRA","-","true","https://cdn.appmaq.com.br/appmaq-media/manuals/01957100-b0e0-72e7-a0a5-1862accbf7f7/019f0061-9764-73e3-9cdb-e69fd85b4281.pdf"
"2886","Trator Agrícola","VALTRA","BL77","MANUAL COM INSTRUÇÕES SOBRE OPERAÇÃO, MANUTENÇÃO E SEGURANÇA PARA TRATORES VALTRA","-","true","https://cdn.appmaq.com.br/appmaq-media/manuals/01957100-b0e0-72e7-a0a5-1862accbf7f7/019f0061-9b41-7e75-a0fe-7a2d37a7e50e.pdf"
"2887","Trator Agrícola","VALTRA","BL77","MANUAL DE ELÉTRICA E HIDRÁULICA DOS TRATORES VALTRA A4S, A4 E A4 HITECH, INCLUINDO DIAGNÓSTICO DE FALHAS","-","true","https://cdn.appmaq.com.br/appmaq-media/manuals/01957100-b0e0-72e7-a0a5-1862accbf7f7/019f0061-9d92-77a8-88db-fb9455a22598.pdf"
"2888","Trator Agrícola","VALTRA","BL88","CATALOGO DE PEÇAS DOS TRATORES VALTRA-VALMET","-","true","https://cdn.appmaq.com.br/appmaq-media/manuals/01957100-b0e0-775a-98a3-035101aa7d62/019f0062-5161-7904-b69d-4110ba553bfb.pdf"
"2889","Trator Agrícola","VALTRA","BL88","MANUAL COM INSTRUÇÕES PARA TRATORES VALTRA","-","true","https://cdn.appmaq.com.br/appmaq-media/manuals/01957100-b0e0-775a-98a3-035101aa7d62/019f0062-51da-723d-8083-c7e72ca0291b.pdf"
"2890","Trator Agrícola","VALTRA","BL88","MANUAL COM INSTRUÇÕES SOBRE OPERAÇÃO, MANUTENÇÃO E SEGURANÇA PARA TRATORES VALTRA","-","true","https://cdn.appmaq.com.br/appmaq-media/manuals/01957100-b0e0-775a-98a3-035101aa7d62/019f0062-556c-73ed-97e9-fdeb9fca5fd1.pdf"
"2891","Trator Agrícola","VALTRA","BL88","MANUAL DE ELÉTRICA E HIDRÁULICA DOS TRATORES VALTRA A4S, A4 E A4 HITECH, INCLUINDO DIAGNÓSTICO DE FALHAS","-","true","https://cdn.appmaq.com.br/appmaq-media/manuals/01957100-b0e0-775a-98a3-035101aa7d62/019f0062-592f-75c0-b639-8f5ce5443dc5.pdf"
"2892","Trator Agrícola","VALTRA","BM100","CATALOGO DE PEÇAS DOS TRATORES VALTRA-VALMET","-","true","https://cdn.appmaq.com.br/appmaq-media/manuals/01957100-b0e0-7c98-bef1-6ce4cd694f8c/019f0064-25af-7137-8a7d-2b561d88ae10.pdf"
"2893","Trator Agrícola","VALTRA","BM100","MANUAL COM INSTRUÇÕES PARA TRATORES VALTRA","-","true","https://cdn.appmaq.com.br/appmaq-media/manuals/01957100-b0e0-7c98-bef1-6ce4cd694f8c/019f0064-2601-7afc-ad3e-0e567e007113.pdf"
"2894","Trator Agrícola","VALTRA","BM100","MANUAL COM INSTRUÇÕES SOBRE OPERAÇÃO, MANUTENÇÃO E SEGURANÇA PARA TRATORES VALTRA","-","true","https://cdn.appmaq.com.br/appmaq-media/manuals/01957100-b0e0-7c98-bef1-6ce4cd694f8c/019f0064-2d8d-7dd7-ae5c-31055ed7a417.pdf"
"2895","Trator Agrícola","VALTRA","BM100","MANUAL DE ELÉTRICA E HIDRÁULICA DOS TRATORES VALTRA A4S, A4 E A4 HITECH, INCLUINDO DIAGNÓSTICO DE FALHAS","-","true","https://cdn.appmaq.com.br/appmaq-media/manuals/01957100-b0e0-7c98-bef1-6ce4cd694f8c/019f0064-3634-72b6-af70-b8625d8be4e9.pdf"
"2896","Trator Agrícola","VALTRA","BM100","MANUAL DE SERVIÇO DO TRATOR BM85 BM100 BM110 BM120 BM125I","-","true","https://cdn.appmaq.com.br/appmaq-media/manuals/01957100-b0e0-7c98-bef1-6ce4cd694f8c/019f0064-3d1e-7243-8216-09d84fd37337.pdf"
"2897","Trator Agrícola","VALTRA","BM110","CATALOGO DE PEÇAS DOS TRATORES VALTRA-VALMET","-","true","https://cdn.appmaq.com.br/appmaq-media/manuals/01957100-b0e0-75d8-bb05-03cc35e92854/019f0064-ff22-7a03-9486-e36ee0c9c549.pdf"
"2898","Trator Agrícola","VALTRA","BM110","MANUAL COM INSTRUÇÕES PARA TRATORES VALTRA","-","true","https://cdn.appmaq.com.br/appmaq-media/manuals/01957100-b0e0-75d8-bb05-03cc35e92854/019f0064-ff72-77d0-94f5-0e175ed58d13.pdf"
"2899","Trator Agrícola","VALTRA","BM110","MANUAL COM INSTRUÇÕES SOBRE OPERAÇÃO, MANUTENÇÃO E SEGURANÇA PARA TRATORES VALTRA","-","true","https://cdn.appmaq.com.br/appmaq-media/manuals/01957100-b0e0-75d8-bb05-03cc35e92854/019f0065-02ff-72c0-b408-359f9b408723.pdf"
"2900","Trator Agrícola","VALTRA","BM110","MANUAL DE ELÉTRICA E HIDRÁULICA DOS TRATORES VALTRA A4S, A4 E A4 HITECH, INCLUINDO DIAGNÓSTICO DE FALHAS","-","true","https://cdn.appmaq.com.br/appmaq-media/manuals/01957100-b0e0-75d8-bb05-03cc35e92854/019f0065-0581-7c94-8829-3359583067fc.pdf"
"2901","Trator Agrícola","VALTRA","BM110","MANUAL DE SERVIÇO DO TRATOR BM85 BM100 BM110 BM120 BM125I","-","true","https://cdn.appmaq.com.br/appmaq-media/manuals/01957100-b0e0-75d8-bb05-03cc35e92854/019f0065-080c-7fbd-9975-337f346f11c0.pdf"
"2902","Trator Agrícola","VALTRA","BM110","MANUAL DO OPERADOR DOS TRATORES VALTRA BM110 E BM125i","-","true","https://cdn.appmaq.com.br/appmaq-media/manuals/01957100-b0e0-75d8-bb05-03cc35e92854/019f0065-089d-7a6d-b6b8-c616b81f21a4.pdf"
"2903","Trator Agrícola","VALTRA","BM120","CATALOGO DE PEÇAS DOS TRATORES VALTRA-VALMET","-","true","https://cdn.appmaq.com.br/appmaq-media/manuals/01957100-b0e0-7004-b826-a0ef03e8a135/019f0069-a33f-74ab-bbd9-18d555f03af3.pdf"
"2904","Trator Agrícola","VALTRA","BM120","MANUAL COM INSTRUÇÕES PARA TRATORES VALTRA","-","true","https://cdn.appmaq.com.br/appmaq-media/manuals/01957100-b0e0-7004-b826-a0ef03e8a135/019f0069-a395-7853-a8b4-dd1723a870bc.pdf"
"2905","Trator Agrícola","VALTRA","BM120","MANUAL COM INSTRUÇÕES SOBRE OPERAÇÃO, MANUTENÇÃO E SEGURANÇA PARA TRATORES VALTRA","-","true","https://cdn.appmaq.com.br/appmaq-media/manuals/01957100-b0e0-7004-b826-a0ef03e8a135/019f0069-a74a-7759-9bb8-597a7bf439b0.pdf"
"2906","Trator Agrícola","VALTRA","BM120","MANUAL DE ELÉTRICA E HIDRÁULICA DOS TRATORES VALTRA A4S, A4 E A4 HITECH, INCLUINDO DIAGNÓSTICO DE FALHAS","-","true","https://cdn.appmaq.com.br/appmaq-media/manuals/01957100-b0e0-7004-b826-a0ef03e8a135/019f0069-ab6e-7f36-bff7-5c44a620e0b7.pdf"
"2907","Trator Agrícola","VALTRA","BM120","MANUAL DE SERVIÇO DO TRATOR BM85 BM100 BM110 BM120 BM125I","-","true","https://cdn.appmaq.com.br/appmaq-media/manuals/01957100-b0e0-7004-b826-a0ef03e8a135/019f0069-acee-7d50-a4d9-7bde03c6f360.pdf"
"2908","Trator Agrícola","VALTRA","BM125","CATALOGO DE PEÇAS DOS TRATORES VALTRA-VALMET","-","true","https://cdn.appmaq.com.br/appmaq-media/manuals/01957100-b0e0-78ca-85c7-52bdfbcbbcae/019f0072-28e5-7e30-85b6-22d4a28c03e1.pdf"
"2909","Trator Agrícola","VALTRA","BM125","MANUAL COM INSTRUÇÕES PARA TRATORES VALTRA","-","true","https://cdn.appmaq.com.br/appmaq-media/manuals/01957100-b0e0-78ca-85c7-52bdfbcbbcae/019f0072-2936-7e50-bb2e-bdc24c3ca8cc.pdf"
"2910","Trator Agrícola","VALTRA","BM125","MANUAL COM INSTRUÇÕES SOBRE OPERAÇÃO, MANUTENÇÃO E SEGURANÇA PARA TRATORES VALTRA","-","true","https://cdn.appmaq.com.br/appmaq-media/manuals/01957100-b0e0-78ca-85c7-52bdfbcbbcae/019f0072-2cbd-786b-be31-e1f3b84021ce.pdf"
"2911","Trator Agrícola","VALTRA","BM125","MANUAL DE ELÉTRICA E HIDRÁULICA DOS TRATORES VALTRA A4S, A4 E A4 HITECH, INCLUINDO DIAGNÓSTICO DE FALHAS","-","true","https://cdn.appmaq.com.br/appmaq-media/manuals/01957100-b0e0-78ca-85c7-52bdfbcbbcae/019f0072-317d-77b5-8083-6711542f8100.pdf"
"2912","Trator Agrícola","VALTRA","BM125","MANUAL DE SERVIÇO DO TRATOR BM85 BM100 BM110 BM120 BM125I","-","true","https://cdn.appmaq.com.br/appmaq-media/manuals/01957100-b0e0-78ca-85c7-52bdfbcbbcae/019f0072-3395-7fa4-9fcc-dbc3eb955fb4.pdf"
"2913","Trator Agrícola","VALTRA","BM85","CATALOGO DE PEÇAS DOS TRATORES VALTRA-VALMET","-","true","https://cdn.appmaq.com.br/appmaq-media/manuals/01957100-b0e0-7745-8e13-5ed4c2101cc7/019f0063-0872-7e29-b545-086ab1dcd597.pdf"
"2914","Trator Agrícola","VALTRA","BM85","MANUAL COM INSTRUÇÕES PARA TRATORES VALTRA","-","true","https://cdn.appmaq.com.br/appmaq-media/manuals/01957100-b0e0-7745-8e13-5ed4c2101cc7/019f0063-08c4-7e9c-9ea4-ee11c95f9d1f.pdf"
"2915","Trator Agrícola","VALTRA","BM85","MANUAL COM INSTRUÇÕES SOBRE OPERAÇÃO, MANUTENÇÃO E SEGURANÇA PARA TRATORES VALTRA","-","true","https://cdn.appmaq.com.br/appmaq-media/manuals/01957100-b0e0-7745-8e13-5ed4c2101cc7/019f0063-0c88-7602-b7fd-ddd2ffefe2bf.pdf"
"2916","Trator Agrícola","VALTRA","BM85","MANUAL DE ELÉTRICA E HIDRÁULICA DOS TRATORES VALTRA A4S, A4 E A4 HITECH, INCLUINDO DIAGNÓSTICO DE FALHAS","-","true","https://cdn.appmaq.com.br/appmaq-media/manuals/01957100-b0e0-7745-8e13-5ed4c2101cc7/019f0063-1145-7f3a-9cb7-0193e60baddd.pdf"
"2917","Trator Agrícola","VALTRA","BM85","MANUAL DE SERVIÇO DO TRATOR BM85 BM100 BM110 BM120 BM125I","-","true","https://cdn.appmaq.com.br/appmaq-media/manuals/01957100-b0e0-7745-8e13-5ed4c2101cc7/019f0063-13c2-7b3c-984a-c25bc9c05a31.pdf"
"2918","Trator Agrícola","VALTRA","M165","CATALOGO DE PEÇAS DOS TRATORES VALTRA-VALMET","-","true","https://cdn.appmaq.com.br/appmaq-media/manuals/019f1373-538f-7ec0-919f-2a68fcfa5320/019f1493-f76b-70cf-872d-0539c63ad27e.pdf"
"2919","Trator Agrícola","VALTRA","M165","FOLHETO COM INFORMAÇÕES SOBRE ECONOMIA DE COMBUSTÍVEL, CONFORTO, VERSATILIDADE E TECNOLOGIA AVANÇADA DE TODOS TRATORES VALTRA._compressed","-","true","https://cdn.appmaq.com.br/appmaq-media/manuals/019f1373-538f-7ec0-919f-2a68fcfa5320/019f1493-f7e9-748d-bd1d-44e3c1e92d88.pdf"
"2920","Trator Agrícola","VALTRA","M165","FOLHETO DOS TRATORES AGRICOLAS M5","-","true","https://cdn.appmaq.com.br/appmaq-media/manuals/019f1373-538f-7ec0-919f-2a68fcfa5320/019f1493-fa7e-778e-b6c7-3fdffce217a2.pdf"
"2921","Trator Agrícola","VALTRA","M165","MANUAL COM INSTRUÇÕES PARA TRATORES VALTRA","-","true","https://cdn.appmaq.com.br/appmaq-media/manuals/019f1373-538f-7ec0-919f-2a68fcfa5320/019f1493-fbcf-77a7-82b1-840a61678f7d.pdf"
"2922","Trator Agrícola","VALTRA","M165","MANUAL COM INSTRUÇÕES SOBRE OPERAÇÃO, MANUTENÇÃO E SEGURANÇA PARA TRATORES VALTRA","-","true","https://cdn.appmaq.com.br/appmaq-media/manuals/019f1373-538f-7ec0-919f-2a68fcfa5320/019f1493-ffdd-7ee1-b507-77565a558d9f.pdf"
"2923","Trator Agrícola","VALTRA","M185","CATALOGO DE PEÇAS DOS TRATORES VALTRA-VALMET","-","true","https://cdn.appmaq.com.br/appmaq-media/manuals/019f1373-8146-75b0-8a95-c382ffa9cd4d/019f149f-907e-7bec-b804-ba08315f7133.pdf"
"2924","Trator Agrícola","VALTRA","M185","FOLHETO COM INFORMAÇÕES SOBRE ECONOMIA DE COMBUSTÍVEL, CONFORTO, VERSATILIDADE E TECNOLOGIA AVANÇADA DE TODOS TRATORES VALTRA._compressed","-","true","https://cdn.appmaq.com.br/appmaq-media/manuals/019f1373-8146-75b0-8a95-c382ffa9cd4d/019f149f-90d0-73c2-ac98-a6ede0beb5d4.pdf"
"2925","Trator Agrícola","VALTRA","M185","FOLHETO DOS TRATORES AGRICOLAS M5","-","true","https://cdn.appmaq.com.br/appmaq-media/manuals/019f1373-8146-75b0-8a95-c382ffa9cd4d/019f149f-9344-779b-9020-a5cf3e67973f.pdf"
"2926","Trator Agrícola","VALTRA","M185","MANUAL COM INSTRUÇÕES PARA TRATORES VALTRA","-","true","https://cdn.appmaq.com.br/appmaq-media/manuals/019f1373-8146-75b0-8a95-c382ffa9cd4d/019f149f-938c-79ec-bfa9-88d7712e49b5.pdf"
"2927","Trator Agrícola","VALTRA","M185","MANUAL COM INSTRUÇÕES SOBRE OPERAÇÃO, MANUTENÇÃO E SEGURANÇA PARA TRATORES VALTRA","-","true","https://cdn.appmaq.com.br/appmaq-media/manuals/019f1373-8146-75b0-8a95-c382ffa9cd4d/019f149f-97c5-7cda-9668-5cc400f5484b.pdf"
"2928","Trator Agrícola","VALTRA","M205","CATALOGO DE PEÇAS DOS TRATORES VALTRA-VALMET","-","true","https://cdn.appmaq.com.br/appmaq-media/manuals/019f1373-a8d0-77db-9f05-c9db69ea1361/019f14a3-1b42-7746-82eb-0ffc2ca4dc0c.pdf"
"2929","Trator Agrícola","VALTRA","M205","FOLHETO COM INFORMAÇÕES SOBRE ECONOMIA DE COMBUSTÍVEL, CONFORTO, VERSATILIDADE E TECNOLOGIA AVANÇADA DE TODOS TRATORES VALTRA._compressed","-","true","https://cdn.appmaq.com.br/appmaq-media/manuals/019f1373-a8d0-77db-9f05-c9db69ea1361/019f14a3-1b92-73f7-bc30-4176a14e8cf8.pdf"
"2930","Trator Agrícola","VALTRA","M205","FOLHETO DOS TRATORES AGRICOLAS M5","-","true","https://cdn.appmaq.com.br/appmaq-media/manuals/019f1373-a8d0-77db-9f05-c9db69ea1361/019f14a3-1e31-7bf8-bec2-2134804f3529.pdf"
"2931","Trator Agrícola","VALTRA","M205","MANUAL COM INSTRUÇÕES PARA TRATORES VALTRA","-","true","https://cdn.appmaq.com.br/appmaq-media/manuals/019f1373-a8d0-77db-9f05-c9db69ea1361/019f14a3-1e7f-7983-8a48-bd0d75380ceb.pdf"
"2932","Trator Agrícola","VALTRA","M205","MANUAL COM INSTRUÇÕES SOBRE OPERAÇÃO, MANUTENÇÃO E SEGURANÇA PARA TRATORES VALTRA","-","true","https://cdn.appmaq.com.br/appmaq-media/manuals/019f1373-a8d0-77db-9f05-c9db69ea1361/019f14a3-23a0-7a66-9e34-03d9b800ad4e.pdf"
"2933","Trator Agrícola","VALTRA","T120","CATALOGO DE PEÇAS DOS TRATORES VALTRA-VALMET","-","true","https://cdn.appmaq.com.br/appmaq-media/manuals/019a70a0-6626-7d1d-9330-06c2a971c059/019f0078-dbdc-7767-97eb-7809e906f93e.pdf"
"2934","Trator Agrícola","VALTRA","T120","MANUAL COM INSTRUÇÕES PARA TRATORES VALTRA","-","true","https://cdn.appmaq.com.br/appmaq-media/manuals/019a70a0-6626-7d1d-9330-06c2a971c059/019f0078-dc33-751b-b3fb-f2d0f2cfe34f.pdf"
"2935","Trator Agrícola","VALTRA","T120","MANUAL COM INSTRUÇÕES SOBRE OPERAÇÃO, MANUTENÇÃO E SEGURANÇA PARA TRATORES VALTRA","-","true","https://cdn.appmaq.com.br/appmaq-media/manuals/019a70a0-6626-7d1d-9330-06c2a971c059/019f0078-dfcf-740f-99fc-6af061d10ad8.pdf"
"2936","Trator Agrícola","VALTRA","T120","MANUAL DE ELÉTRICA E HIDRÁULICA DOS TRATORES VALTRA A4S, A4 E A4 HITECH, INCLUINDO DIAGNÓSTICO DE FALHAS","-","true","https://cdn.appmaq.com.br/appmaq-media/manuals/019a70a0-6626-7d1d-9330-06c2a971c059/019f0078-e237-766d-9b25-70c37683db5e.pdf"