"linha","tipo","marca","modelo","nome","descricao","tem_pdf","pdf_url"
"1","Aplainadora a Frio","CATERPILLAR","PC104","FICHA TÉCNICA","-","true","https://cdn.appmaq.com.br/appmaq-media/manuals/019d7914-5e95-74d5-96c4-faa6795695da/019d791c-f3c6-7c35-a515-17b0bb881326.pdf"
"2","Aplainadora a Frio","CATERPILLAR","PC305","ESPECIFICAÇÃO TÉCNICA","-","true","https://cdn.appmaq.com.br/appmaq-media/manuals/019d790e-3775-7a68-b88f-8826de0b6430/019d7934-ad61-76e3-88a7-43919c3cd745.pdf"
"3","Aplainadora a Frio","CATERPILLAR","PC306","ESPECIFICAÇÃO TÉCNICA","-","true","https://cdn.appmaq.com.br/appmaq-media/manuals/019d790e-82ac-79cd-866f-3974ae7e453c/019d7935-87b6-793e-8c6b-f923139e6a1b.pdf"
"4","Aplainadora a Frio","CATERPILLAR","PC306-Com Agua","ESPECIFICAÇÃO TÉCNICA","-","true","https://cdn.appmaq.com.br/appmaq-media/manuals/019d790f-71f4-7503-9b88-ce2546016299/019d7938-e8cc-7267-8b56-6518e538319a.pdf"
"5","Aplainadora a Frio","CATERPILLAR","PC306 XD","ESPECIFICAÇÃO TÉCNICA","-","true","https://cdn.appmaq.com.br/appmaq-media/manuals/019d7910-379d-7476-b359-2bf779d3e0f4/019d793b-0c7e-7a38-977e-8b74127225b5.pdf"
"6","Aplainadora a Frio","CATERPILLAR","PC35","ESPECIFICAÇÃO TÉCNICA","-","true","https://cdn.appmaq.com.br/appmaq-media/manuals/019d790d-580a-7cc0-9bb6-93eb52359fbe/019d7932-ab08-70d3-bd48-5e639435378e.pdf"
"7","Aplainadora a Frio","CATERPILLAR","PC404","ESPECIFICAÇÃO TÉCNICA","-","true","https://cdn.appmaq.com.br/appmaq-media/manuals/019d7910-d9fa-7a48-a0ef-b2f06af3c43d/019d793c-cfe2-7da1-b600-498044d94d6c.pdf"
"8","Aplainadora a Frio","CATERPILLAR","PC45","ESPECIFICAÇÃO TÉCNICA","-","true","https://cdn.appmaq.com.br/appmaq-media/manuals/019d790d-9bc8-7284-9d13-bc2600d3a47f/019d7933-b390-7143-ba44-6222923e9a7c.pdf"
"9","Aplainadora a Frio","CATERPILLAR","PM310 ( TIER 3 )","FICHA TÉCNICA","-","true","https://cdn.appmaq.com.br/appmaq-media/manuals/0196a1b3-3312-71f5-a427-9f69cf3dea9b/019d78f1-3b89-74e3-8896-912589e35bda.pdf"
"10","Colhedora de Algodão","JOHN DEERE","7460","Sistema Pro-Drive da Colhedora - 7760","-","true","https://cdn.appmaq.com.br/appmaq-media/manuals/019933b6-7273-72db-b5d1-8f59f5ada944/019ef564-765e-7920-ae03-a973ed6e1e73.pdf"
"11","Colhedora de Algodão","JOHN DEERE","7760","GUIA DE REFERÊNCIA RÁPIDA COLHEDORA DE ALGODÃO JOHN DEERE - 7760 - CP770 - CS770","-","true","https://cdn.appmaq.com.br/appmaq-media/manuals/0195b3ba-39a7-706f-8d08-fb8b3597af81/019dab25-0f9c-7b6e-a1f5-ac8b5b43347a.pdf"
"12","Colhedora de Algodão","JOHN DEERE","7760","Manual do operador Colhedora de algodao John deere-7760","-","true","https://cdn.appmaq.com.br/appmaq-media/manuals/0195b3ba-39a7-706f-8d08-fb8b3597af81/019dab25-10f7-7f5b-897b-a835c2ab9ab2.pdf"
"13","Colhedora de Algodão","JOHN DEERE","7760","MANUAL DO OPERADOR DA COLHEDORA DE ALGODÃO - EDIÇÃO H0","-","true","https://cdn.appmaq.com.br/appmaq-media/manuals/0195b3ba-39a7-706f-8d08-fb8b3597af81/019dab25-149c-78c0-bc04-488a322bbe61.pdf"
"14","Colhedora de Algodão","JOHN DEERE","9935","CATALOGO DE PEÇAS COLHEDORA DE ALGODÃO JOHN DEERE CP9935 - INGLÊS","-","true","https://cdn.appmaq.com.br/appmaq-media/manuals/019da6bd-9a39-7297-a6f4-ad8a4bfe61dd/019dab26-6f71-78ce-9372-5149ea788d89.pdf"
"15","Colhedora de Algodão","JOHN DEERE","9935","MANUAL DO OPERADOR DA COLHEDORA DE ALGODÃO JOHN DEERE - 9935","-","true","https://cdn.appmaq.com.br/appmaq-media/manuals/019da6bd-9a39-7297-a6f4-ad8a4bfe61dd/019dab26-6fdb-79b2-8dd7-43395314e9ab.pdf"
"16","Colhedora de Algodão","JOHN DEERE","9940","Catalogo de peças da colhedora de Algodão 9940 - INGLÊS","-","true","https://cdn.appmaq.com.br/appmaq-media/manuals/019da6bd-f315-7cfd-a517-6fac5187f39e/019dab27-a425-7e17-b218-e00f1dcfb34e.pdf"
"17","Colhedora de Algodão","JOHN DEERE","9940","MANUAL DO OPERADOR DE COLHEDORA DE ALGODÃO JOHN DEERE 9940","-","true","https://cdn.appmaq.com.br/appmaq-media/manuals/019da6bd-f315-7cfd-a517-6fac5187f39e/019dab27-a49f-7999-9c1d-9bfaf1681d4c.pdf"
"18","Colhedora de Algodão","JOHN DEERE","9950","Catalogo de peças colhedora de Algodão 9956 - INGLÊS","-","true","https://cdn.appmaq.com.br/appmaq-media/manuals/019da6be-4e16-7770-9867-b346e594d245/019dab28-7bf9-71bb-9bfb-e953a5168d0f.pdf"
"19","Colhedora de Algodão","JOHN DEERE","9950","MANUAL DO OPERADOR DA COLHEDORA DE ALGODÃO 9950","-","true","https://cdn.appmaq.com.br/appmaq-media/manuals/019da6be-4e16-7770-9867-b346e594d245/019dab28-7d15-76ec-b5f1-b64717aa776c.pdf"
"20","Colhedora de Algodão","JOHN DEERE","9965","Catalogo de peças Colhedora de Algodão 9965 - INGLÊS","-","true","https://cdn.appmaq.com.br/appmaq-media/manuals/019da6be-96c4-7eb4-9de6-98c82dc02edc/019dab29-3b57-78b0-97a0-d5caef8c382a.pdf"
"21","Colhedora de Algodão","JOHN DEERE","9965","MANUAL DO OPERADOR DA COLHEDORA DE ALGODÃO 9965","-","true","https://cdn.appmaq.com.br/appmaq-media/manuals/019da6be-96c4-7eb4-9de6-98c82dc02edc/019dab29-3bd1-7f3f-9334-9686cdb7c4d1.pdf"
"22","Colhedora de Algodão","JOHN DEERE","9970","Catalogo de peças Colhedora de algodão John deere CP 9970 - INGLÊS","-","true","https://cdn.appmaq.com.br/appmaq-media/manuals/0196fe89-8e62-7e2d-9541-32be7b236c7d/019dab2a-1ba2-7ea2-9fb8-82f1fd8534ca.pdf"
"23","Colhedora de Algodão","JOHN DEERE","9970","MANUAL DE OPERADOR DA COLHEDORA DE ALGODÃO JOHN DEERE 9970","-","true","https://cdn.appmaq.com.br/appmaq-media/manuals/0196fe89-8e62-7e2d-9541-32be7b236c7d/019dab2a-1c57-7b05-8284-ff9609f4ede9.pdf"
"24","Colhedora de Algodão","JOHN DEERE","9976","Catalogo de peças Colhedora de algodão John Deere 9976 INGLÊS","-","true","https://cdn.appmaq.com.br/appmaq-media/manuals/019da6bf-2e6a-71ad-861a-3c1aa4e64d30/019dab2a-c6f7-766b-ba31-36caf515a32f.pdf"
"25","Colhedora de Algodão","JOHN DEERE","9976","Esquema técnico elétrico Colhedora de algodão John Deere CP 9976","-","true","https://cdn.appmaq.com.br/appmaq-media/manuals/019da6bf-2e6a-71ad-861a-3c1aa4e64d30/019dab2a-c786-75a0-a0fd-bc176aa60de9.pdf"
"26","Colhedora de Algodão","JOHN DEERE","9976","MANUAL DO OPERADOR DA COLHEDORA DE ALGODÃO JOHN DEERE 9976","-","true","https://cdn.appmaq.com.br/appmaq-media/manuals/019da6bf-2e6a-71ad-861a-3c1aa4e64d30/019dab2a-c82e-729a-8bdb-ee1b3df138cf.pdf"
"27","Colhedora de Algodão","JOHN DEERE","9986","CATALOGO DE PEÇAS DA COLHEDORA DE ALGODÃO JOHN DEERE - CP9996 - INGLÊS","-","true","https://cdn.appmaq.com.br/appmaq-media/manuals/019da6bf-c61d-7a3d-b6c9-b61a8be956f9/019dab33-c498-74fe-8881-96fed9155aea.pdf"
"28","Colhedora de Algodão","JOHN DEERE","9986","Esquema técnico eletrico Colhedora de algodão John deere 9996","-","true","https://cdn.appmaq.com.br/appmaq-media/manuals/019da6bf-c61d-7a3d-b6c9-b61a8be956f9/019dab33-c556-7248-9b02-dbb021326d2a.pdf"
"29","Colhedora de Algodão","JOHN DEERE","9986","MANUAL DO OPERADOR DA COLHEDORA DE ALGODÃO JOHN DEERE 9996","-","true","https://cdn.appmaq.com.br/appmaq-media/manuals/019da6bf-c61d-7a3d-b6c9-b61a8be956f9/019dab33-c57c-7eff-8a84-57bf395ff62c.pdf"
"30","Colhedora de Algodão","JOHN DEERE","9996","CATALOGO DE PEÇAS DA COLHEDORA DE ALGODÃO JOHN DEERE - CP9996 - INGLÊS","-","true","https://cdn.appmaq.com.br/appmaq-media/manuals/0195b3ba-39a7-7f94-8ae5-77fcb1b06d86/019dab34-a1c1-769c-88ca-b82fbb406a05.pdf"
"31","Colhedora de Algodão","JOHN DEERE","9996","Esquema técnico eletrico Colhedora de algodão John deere 9996","-","true","https://cdn.appmaq.com.br/appmaq-media/manuals/0195b3ba-39a7-7f94-8ae5-77fcb1b06d86/019dab34-a266-7d9b-b4e4-615aa4b4d15b.pdf"
"32","Colhedora de Algodão","JOHN DEERE","9996","MANUAL DO OPERADOR DA COLHEDORA DE ALGODÃO JOHN DEERE 9996","-","true","https://cdn.appmaq.com.br/appmaq-media/manuals/0195b3ba-39a7-7f94-8ae5-77fcb1b06d86/019dab34-a296-7f66-96b1-412366fc0d54.pdf"
"33","Colhedora de Algodão","JOHN DEERE","CP690","Blocos_Hidraulicos COTTON CP 690","-","true","https://cdn.appmaq.com.br/appmaq-media/manuals/0195afb4-0ac6-78a8-8d11-acccc0d6a2d0/019dab3d-6d7a-7d38-acde-f0fb7a893270.pdf"
"34","Colhedora de Algodão","JOHN DEERE","CP690","CATALOGO DE PEÇAS DA COLHEDORA DE ALGODAO-JONH-DEERE-CP690 - INGLÊS","-","true","https://cdn.appmaq.com.br/appmaq-media/manuals/0195afb4-0ac6-78a8-8d11-acccc0d6a2d0/019dab3d-6da5-7723-9cdb-87c615a8171b.pdf"
"35","Colhedora de Algodão","JOHN DEERE","CP690","COLHEDORA DE ALGODÃO JOHN DEERE CP690","-","true","https://cdn.appmaq.com.br/appmaq-media/manuals/0195afb4-0ac6-78a8-8d11-acccc0d6a2d0/019dab3d-73d7-7fa4-913d-989047580721.pdf"
"36","Colhedora de Algodão","JOHN DEERE","CP690","GUIA DE REFERENCIA RÁPIDA DA COLHEDORA D EALGODÃO CP690 - CS690","-","true","https://cdn.appmaq.com.br/appmaq-media/manuals/0195afb4-0ac6-78a8-8d11-acccc0d6a2d0/019dab3d-741d-781c-bd8d-41e1d68c0236.pdf"
"37","Colhedora de Algodão","JOHN DEERE","CP690","GUIA DE REFERÊNCIA RÁPIDA DA COLHEDORA DE ALGODÃO JOHN DEERE CP690","-","true","https://cdn.appmaq.com.br/appmaq-media/manuals/0195afb4-0ac6-78a8-8d11-acccc0d6a2d0/019dab6a-a36a-7d8c-9391-0d0c480a0adc.pdf"
"38","Colhedora de Algodão","JOHN DEERE","CP690","Guia de reposição de peças Colhedora de Algodão CP690","-","true","https://cdn.appmaq.com.br/appmaq-media/manuals/0195afb4-0ac6-78a8-8d11-acccc0d6a2d0/019dab3e-4e82-7154-a6dd-ed8a0826ed03.pdf"
"39","Colhedora de Algodão","JOHN DEERE","CP690","GUIA DO SISTEMA DE DESCARGA DA COLHEDORA JOHN DEERE CP690 - CS690","-","true","https://cdn.appmaq.com.br/appmaq-media/manuals/0195afb4-0ac6-78a8-8d11-acccc0d6a2d0/019dab5e-6fdd-7a28-89d0-4d44e560dc45.pdf"
"40","Colhedora de Algodão","JOHN DEERE","CP690","INSTRUÇÕES DE INSTALAÇÃO CHICOTE ELÉTRICO DA CAMERA DO MONITOR 4640 - COLHEDORA DE ALGODÃO - CP690 - CS690","-","true","https://cdn.appmaq.com.br/appmaq-media/manuals/0195afb4-0ac6-78a8-8d11-acccc0d6a2d0/019dab3e-4eab-7ea4-a87a-2110f79a8af6.pdf"
"41","Colhedora de Algodão","JOHN DEERE","CP690","Manual de diagnóstico Colhedora de algodão CP690","-","true","https://cdn.appmaq.com.br/appmaq-media/manuals/0195afb4-0ac6-78a8-8d11-acccc0d6a2d0/019dab3e-4f3d-77c2-9a49-7ea391aec111.pdf"
"42","Colhedora de Algodão","JOHN DEERE","CP690","Manual de diagnostico Colhedora John deere - CP690-JOHN-DEERE","-","true","https://cdn.appmaq.com.br/appmaq-media/manuals/0195afb4-0ac6-78a8-8d11-acccc0d6a2d0/019dab40-391c-79f6-b5a5-cbc16c8632ae.pdf"
"43","Colhedora de Algodão","JOHN DEERE","CP690","Manual Do-Operador Colhedora-de-Algodao John deere -CP690","-","true","https://cdn.appmaq.com.br/appmaq-media/manuals/0195afb4-0ac6-78a8-8d11-acccc0d6a2d0/019dab40-3ed3-7bd6-875e-4c3af604fd20.pdf"
"44","Colhedora de Algodão","JOHN DEERE","CP690","MANUAL DO OPERADOR DA COLHEDORA DE ALGODÃO JOHN DEERE CP690","-","true","https://cdn.appmaq.com.br/appmaq-media/manuals/0195afb4-0ac6-78a8-8d11-acccc0d6a2d0/019dab40-3c23-7358-abf0-9591a9a92627.pdf"
"45","Colhedora de Algodão","JOHN DEERE","CP690","Manual técnico de Reparo-Da Colhedora de-Algodao John deere -CP690","-","true","https://cdn.appmaq.com.br/appmaq-media/manuals/0195afb4-0ac6-78a8-8d11-acccc0d6a2d0/019dab40-40e1-739c-b417-5a00cc02b7b6.pdf"
"46","Colhedora de Algodão","JOHN DEERE","CP770","CATALOGO DE PEÇAS COLHEDORA DE ALGODÃO JOHN DEERE - CP770 - INGLÊS","-","true","https://cdn.appmaq.com.br/appmaq-media/manuals/0195b3ba-39a7-75e2-9afd-0e4fb6f46f8e/019dab41-57a0-73a9-8467-40333d47677e.pdf"
"47","Colhedora de Algodão","JOHN DEERE","CP770","CATALOGO E LOCALIZAÇÃO DOS FILTROS DA COLHEDORA DE ALGODÃO JOHN DEERE - CP770","-","true","https://cdn.appmaq.com.br/appmaq-media/manuals/0195b3ba-39a7-75e2-9afd-0e4fb6f46f8e/019dc9c6-5b71-76d1-a467-a26a36809826.pdf"
"48","Colhedora de Algodão","JOHN DEERE","CP770","ESPECIFICAÇÃO TÉCNICA DA COLHEDORA DE ALGODÃO JOHN DEERE CP770","-","true","https://cdn.appmaq.com.br/appmaq-media/manuals/0195b3ba-39a7-75e2-9afd-0e4fb6f46f8e/019dab41-ff57-7649-a7a4-450319b16eed.pdf"
"49","Colhedora de Algodão","JOHN DEERE","CP770","FOLHETO DA COLHEDORA DE ALGODÃO JOHN DEERE CP770","-","true","https://cdn.appmaq.com.br/appmaq-media/manuals/0195b3ba-39a7-75e2-9afd-0e4fb6f46f8e/019dab42-012f-7223-bc05-a84ad0d2f4fb.pdf"
"50","Colhedora de Algodão","JOHN DEERE","CP770","GUIA DE MANUTENÇÃO E INSPEÇÃO DA COLHEDORA DE ALGODÃO JOHN DEERE - CP770","-","true","https://cdn.appmaq.com.br/appmaq-media/manuals/0195b3ba-39a7-75e2-9afd-0e4fb6f46f8e/019dab42-0296-7bdf-885b-b5c072e4ee65.pdf"
"51","Colhedora de Algodão","JOHN DEERE","CP770","GUIA DE REFERÊNCIA RÁPIDA COLHEDORA DE ALGODÃO JOHN DEERE - 7760 - CP770 - CS770","-","true","https://cdn.appmaq.com.br/appmaq-media/manuals/0195b3ba-39a7-75e2-9afd-0e4fb6f46f8e/019dab42-b13f-735a-b09d-94b87604d230.pdf"
"52","Colhedora de Algodão","JOHN DEERE","CP770","INSTRUÇÃO DE PRÉ ENTREGA DA COLHEDORA DE ALGODÃO JOHN DEERE - CP770","-","true","https://cdn.appmaq.com.br/appmaq-media/manuals/0195b3ba-39a7-75e2-9afd-0e4fb6f46f8e/019dab42-b2c3-7f36-add8-806df12492c0.pdf"
"53","Colhedora de Algodão","JOHN DEERE","CP770","MANUAL DO OPERADOR DA COLHEDORA DE ALGODÃO JOHN DEERE - CP770","-","true","https://cdn.appmaq.com.br/appmaq-media/manuals/0195b3ba-39a7-75e2-9afd-0e4fb6f46f8e/019dc9c2-9a38-7171-975a-7847bda0e783.pdf"
"54","Colhedora de Algodão","JOHN DEERE","CP770","SISTEMA TÉCNICO HIDRÁULICO DA COLHEDORA DE ALGODÃO JOHN DEERE CP770","-","true","https://cdn.appmaq.com.br/appmaq-media/manuals/0195b3ba-39a7-75e2-9afd-0e4fb6f46f8e/019dab42-b75b-7be9-9fba-9dbe3b0e05e2.pdf"
"55","Colhedora de Algodão","JOHN DEERE","CS690","GUIA DE REFERENCIA RÁPIDA DA COLHEDORA D EALGODÃO CP690 - CS690","-","true","https://cdn.appmaq.com.br/appmaq-media/manuals/019da6c0-708a-79f9-b997-645488efc98e/019dab43-9c32-7717-a49b-c31e9778d5e0.pdf"
"56","Colhedora de Algodão","JOHN DEERE","CS690","GUIA DO SISTEMA DE DESCARGA DA COLHEDORA JOHN DEERE CP690 - CS690","-","true","https://cdn.appmaq.com.br/appmaq-media/manuals/019da6c0-708a-79f9-b997-645488efc98e/019dab5c-420f-7082-896a-f2fa9a123466.pdf"
"57","Colhedora de Algodão","JOHN DEERE","CS690","INSTRUÇÕES DE INSTALAÇÃO CHICOTE ELÉTRICO DA CAMERA DO MONITOR 4640 - COLHEDORA DE ALGODÃO - CP690 - CS690","-","true","https://cdn.appmaq.com.br/appmaq-media/manuals/019da6c0-708a-79f9-b997-645488efc98e/019dab43-9c62-7a8d-948f-b8f965ef2a48.pdf"
"58","Colhedora de Algodão","JOHN DEERE","CS690","MANUAL DO OPERADOR DA COLHEDORA DE ALGODÃO JOHN DEERE - CS690 - ESPANHOL","-","true","https://cdn.appmaq.com.br/appmaq-media/manuals/019da6c0-708a-79f9-b997-645488efc98e/019dab5c-a23c-7491-abf8-4cdd6c885769.pdf"
"59","Colhedora de Algodão","JOHN DEERE","CS770","ESPECIFICAÇÃO TÉCNICA DA COLHEDORA DE ALGODÃO JOHN DEERE CS770","-","true","https://cdn.appmaq.com.br/appmaq-media/manuals/019da6c0-bee4-7739-bf51-57c65c694d18/019dab44-6c61-7d89-a7e2-b631b2c4bea8.pdf"
"60","Colhedora de Algodão","JOHN DEERE","CS770","FOLHETO DA COLHEDORA DE ALGODÃO JOHN DEERE CS770","-","true","https://cdn.appmaq.com.br/appmaq-media/manuals/019da6c0-bee4-7739-bf51-57c65c694d18/019dab44-6dfc-7cc9-a1bc-4e201f1cea9f.pdf"
"61","Colhedora de Algodão","JOHN DEERE","CS770","GUIA DE LIMPESA DA COLHEDORA DE ALGODÃO CS770","-","true","https://cdn.appmaq.com.br/appmaq-media/manuals/019da6c0-bee4-7739-bf51-57c65c694d18/019dab4e-f911-736a-8122-d2448486076f.pdf"
"62","Colhedora de Algodão","JOHN DEERE","CS770","GUIA DE REFERÊNCIA RÁPIDA COLHEDORA DE ALGODÃO JOHN DEERE - 7760 - CP770 - CS770","-","true","https://cdn.appmaq.com.br/appmaq-media/manuals/019da6c0-bee4-7739-bf51-57c65c694d18/019dab44-706b-79a0-9966-0b5861212061.pdf"
"63","Colhedora de Algodão","JOHN DEERE","CS770","MANUAL DO OPERADOR DA COLHEDORA DE ALGODÃO JOHN DEERE - CS770 - ESPANHOL","-","true","https://cdn.appmaq.com.br/appmaq-media/manuals/019da6c0-bee4-7739-bf51-57c65c694d18/019dab48-5caf-787d-9520-9aa63301d3ea.pdf"
"64","Colhedora de Cana","CASE","A7000","CIRCUITO HIDRÁULICOS DA COLHEDORA DE CANA - CASE - A7000 - A7700","-","true","https://cdn.appmaq.com.br/appmaq-media/manuals/019dc513-f74d-7414-b04d-ee3436d98339/019dc51d-ba22-76c3-a173-997eb384cc16.pdf"
"65","Colhedora de Cana","CASE","A7000","MANUAL DE TREINAMENTO DA COLHEDORA DE CANA - CASE - A7000 - A7700","-","true","https://cdn.appmaq.com.br/appmaq-media/manuals/019dc513-f74d-7414-b04d-ee3436d98339/019dc51d-ba65-7489-aa30-db08fa7c7ca0.pdf"
"66","Colhedora de Cana","CASE","A7000","MANUAL DO OPERADOR DA COLHEDORA DE CANA - CASE - A7000 - A7700","-","true","https://cdn.appmaq.com.br/appmaq-media/manuals/019dc513-f74d-7414-b04d-ee3436d98339/019dc51d-bbaf-7fef-bd0d-3544cfbba104.pdf"
"67","Colhedora de Cana","CASE","A7700","CIRCUITO HIDRÁULICOS DA COLHEDORA DE CANA - CASE - A7000 - A7700","-","true","https://cdn.appmaq.com.br/appmaq-media/manuals/019dc514-3ab8-725b-a1f5-60fe58d4e81c/019dc51e-7f13-7fb8-82a6-e2a8685bf514.pdf"
"68","Colhedora de Cana","CASE","A7700","MANUAL DE TREINAMENTO DA COLHEDORA DE CANA - CASE - A7000 - A7700","-","true","https://cdn.appmaq.com.br/appmaq-media/manuals/019dc514-3ab8-725b-a1f5-60fe58d4e81c/019dc51e-7f57-7b97-a105-ccd46bf3590d.pdf"
"69","Colhedora de Cana","CASE","A7700","MANUAL DO OPERADOR DA COLHEDORA DE CANA - CASE - A7000 - A7700","-","true","https://cdn.appmaq.com.br/appmaq-media/manuals/019dc514-3ab8-725b-a1f5-60fe58d4e81c/019dc51e-8103-78a6-9e34-b68401db6509.pdf"
"70","Colhedora de Cana","CASE","A8000","CATALOGO DE PEÇAS COLHEDORA DE CANA - CASE A8000-A8800 f","-","true","https://cdn.appmaq.com.br/appmaq-media/manuals/019dc514-8435-70c1-83e1-7cb9c0df0e48/019dc551-a7e2-79c0-9699-73a96ff34adc.pdf"
"71","Colhedora de Cana","CASE","A8000","ENTREGA TÉCNICA DA COLHEDORA DE CANA - CASE - A8000 - A8800","-","true","https://cdn.appmaq.com.br/appmaq-media/manuals/019dc514-8435-70c1-83e1-7cb9c0df0e48/019dc51e-f989-7147-b98f-7575df42d48a.pdf"
"72","Colhedora de Cana","CASE","A8000","ESPECIFICAÇÕES TÉCNICAS DAS COLHEDORAS DE CANA - CASE - A8000 - A8800 - A8800MR - 2017","-","true","https://cdn.appmaq.com.br/appmaq-media/manuals/019dc514-8435-70c1-83e1-7cb9c0df0e48/019dc51e-fa03-7e08-a6dd-7760d1146f3f.pdf"
"73","Colhedora de Cana","CASE","A8000","INFORMAÇÕES TÉCNICA SOBRE MEDIR-PRESSAO - COLHEDORADE CANA - CASE - A8000 - A8800","-","true","https://cdn.appmaq.com.br/appmaq-media/manuals/019dc514-8435-70c1-83e1-7cb9c0df0e48/019dc51e-fa73-7e6b-aa3b-ef3c66c18135.pdf"
"74","Colhedora de Cana","CASE","A8000","MANUAL DE CALIBRAÇÃO DA COLHEDORA DE CANA - CASE - A8000 - A8800","-","true","https://cdn.appmaq.com.br/appmaq-media/manuals/019dc514-8435-70c1-83e1-7cb9c0df0e48/019dc51e-fab5-7c6a-99b9-29c6833bccb2.pdf"
"75","Colhedora de Cana","CASE","A8000","MANUAL DE REPARAÇÃO DA COLHEDORA DE CANA - CASE A8000 - A8800","-","true","https://cdn.appmaq.com.br/appmaq-media/manuals/019dc514-8435-70c1-83e1-7cb9c0df0e48/019dc51e-fb37-705c-b2d7-f3a18df81bc1.pdf"
"76","Colhedora de Cana","CASE","A8000","TREINAMENTO DE DIAGNÓSTICOS MECANICA - HIDRÁULOICA - E ELÉTRICA - COLHEDORAS DE CANA - CASE -A8000- A8810","-","true","https://cdn.appmaq.com.br/appmaq-media/manuals/019dc514-8435-70c1-83e1-7cb9c0df0e48/019dc51e-fbbb-75ce-a901-3e751c31b774.pdf"
"77","Colhedora de Cana","CASE","A8010","MANUAL DO OPERADOR DA COLHEDORA DE CANA - CASE - Sugarcane-A8010 -A8810","-","true","https://cdn.appmaq.com.br/appmaq-media/manuals/0195b3ba-39a6-7693-939d-077da3db4fcd/019dc54d-0e9e-718a-84d4-a00c0de5b2e6.pdf"
"78","Colhedora de Cana","CASE","A8800","CATALOGO DE PEÇAS COLHEDORA DE CANA - CASE A8000-A8800 f","-","true","https://cdn.appmaq.com.br/appmaq-media/manuals/01957100-b0c2-7161-9df1-2dde420b93a9/019dc552-3b5f-7d0b-a1bb-01bae5751c73.pdf"
"79","Colhedora de Cana","CASE","A8800","ENTREGA TÉCNICA DA COLHEDORA DE CANA - CASE - A8000 - A8800","-","true","https://cdn.appmaq.com.br/appmaq-media/manuals/01957100-b0c2-7161-9df1-2dde420b93a9/019dc536-66f6-7255-9108-b91b184d0a36.pdf"
"80","Colhedora de Cana","CASE","A8800","ESPECIFICAÇÕES TÉCNICAS DAS COLHEDORAS DE CANA - CASE - A8000 - A8800 - A8800MR - 2017","-","true","https://cdn.appmaq.com.br/appmaq-media/manuals/01957100-b0c2-7161-9df1-2dde420b93a9/019dc536-6773-7405-b805-2a85efdd75fc.pdf"
"81","Colhedora de Cana","CASE","A8800","FOLHETO TÉCNICO COLHEDORA-DE-CANA - CASE -A8800-Multi-Row","-","true","https://cdn.appmaq.com.br/appmaq-media/manuals/01957100-b0c2-7161-9df1-2dde420b93a9/019dc55b-1821-7ba8-9133-93a9a025d3c4.pdf"
"82","Colhedora de Cana","CASE","A8800","INFORMAÇÕES TÉCNICA SOBRE MEDIR-PRESSAO - COLHEDORADE CANA - CASE - A8000 - A8800","-","true","https://cdn.appmaq.com.br/appmaq-media/manuals/01957100-b0c2-7161-9df1-2dde420b93a9/019dc536-67be-775c-baf0-025ba2dc4adf.pdf"
"83","Colhedora de Cana","CASE","A8800","MANUAL DE CALIBRAÇÃO DA COLHEDORA DE CANA - CASE - A8000 - A8800","-","true","https://cdn.appmaq.com.br/appmaq-media/manuals/01957100-b0c2-7161-9df1-2dde420b93a9/019dc536-68ab-7353-be01-c699652de353.pdf"
"84","Colhedora de Cana","CASE","A8800","MANUAL DE REPARAÇÃO DA COLHEDORA DE CANA - CASE A8000 - A8800","-","true","https://cdn.appmaq.com.br/appmaq-media/manuals/01957100-b0c2-7161-9df1-2dde420b93a9/019dc536-68d6-75a8-901b-fdb2ef634f33.pdf"
"85","Colhedora de Cana","CASE","A8800","TREINAMENTO TÉCNICO DA COLHEDOTA DE CANA - CASE -A8800- A8810","-","true","https://cdn.appmaq.com.br/appmaq-media/manuals/01957100-b0c2-7161-9df1-2dde420b93a9/019dc536-693b-76fb-bbc8-5ccdcc65f708.pdf"
"86","Colhedora de Cana","CASE","A8800MR","ESPECIFICAÇÕES TÉCNICAS DAS COLHEDORAS DE CANA - CASE - A8000 - A8800 - A8800MR - 2017","-","true","https://cdn.appmaq.com.br/appmaq-media/manuals/019dc51d-04f1-76d1-91a0-5a2e34e8e44c/019dc536-fdb2-7538-854a-068c9d4f93fe.pdf"
"87","Colhedora de Cana","CASE","A8810","CATALAGO DE PEÇAS ALTERNATIVO COLHEDORAS CASE -A8810","-","true","https://cdn.appmaq.com.br/appmaq-media/manuals/0195b3ba-39a6-70b2-a0bc-88b75e307e0f/019dc537-9c80-7499-9262-8255b3720e8b.pdf"
"88","Colhedora de Cana","CASE","A8810","FOLHETO TÉCNICO DA COLHEDORA DE CANA - CASE-8810 -2018","-","true","https://cdn.appmaq.com.br/appmaq-media/manuals/0195b3ba-39a6-70b2-a0bc-88b75e307e0f/019dc537-9ca9-7bfd-9d73-5bc936408857.pdf"
"89","Colhedora de Cana","CASE","A8810","MANUAL DE OPERAÇÃO E MANUTENÇÃO BASICA COLHEDORA DE CANA - CASE - A8810","-","true","https://cdn.appmaq.com.br/appmaq-media/manuals/0195b3ba-39a6-70b2-a0bc-88b75e307e0f/019dc537-9d0f-757e-9ff0-b3190c6a38d6.pdf"
"90","Colhedora de Cana","CASE","A8810","MANUAL DO OPERADOR DA COLHEDORA DE CANA - CASE - A8810","-","true","https://cdn.appmaq.com.br/appmaq-media/manuals/0195b3ba-39a6-70b2-a0bc-88b75e307e0f/019dc545-485f-732e-9134-4bf6edfc0e80.pdf"
"91","Colhedora de Cana","CASE","A8810","TREINAMENTO DE DIAGNÓSTICOS MECANICA - HIDRÁULOICA - E ELÉTRICA - COLHEDORAS DE CANA - CASE -A8000- A8810","-","true","https://cdn.appmaq.com.br/appmaq-media/manuals/0195b3ba-39a6-70b2-a0bc-88b75e307e0f/019dc537-9e90-7f03-920a-b35833e43b4e.pdf"
"92","Colhedora de Cana","CASE","A8810","TREINAMENTO TÉCNICO DA COLHEDOTA DE CANA - CASE -A8800- A8810","-","true","https://cdn.appmaq.com.br/appmaq-media/manuals/0195b3ba-39a6-70b2-a0bc-88b75e307e0f/019dc537-a00b-77b5-80bf-f95061f5953b.pdf"
"93","Colhedora de Cana","CASE","AUSTOFT 9000","GUIA DE REFERÊNCIA RÁPIDA COLHEDORA DE CANA -A9000-A9900","-","true","https://cdn.appmaq.com.br/appmaq-media/manuals/0196f443-bf8c-7e04-8951-ca0cfb0f421c/019dc538-3a3d-706d-b714-21a6518bd4ac.pdf"
"94","Colhedora de Cana","CASE","AUSTOFT 9900","AJUSTE DO SENSOR DE RODA COLHEDORA - CASE - AUSTOFT 9900 -","-","true","https://cdn.appmaq.com.br/appmaq-media/manuals/019711ed-4055-70b8-82b0-32f2d070e33d/019e832c-45e8-7229-9460-a9763a7969a3.pdf"
"95","Colhedora de Cana","CASE","AUSTOFT 9900","AUSTOFT 9900 - SISTEMA DE COLHEITA E ENTREGA TÉCNICA","-","true","https://cdn.appmaq.com.br/appmaq-media/manuals/019711ed-4055-70b8-82b0-32f2d070e33d/019e832c-460b-7570-9fff-eedd4844b7e8.pdf"
"96","Colhedora de Cana","CASE","AUSTOFT 9900","CATALOGO DE COMPONENTES MOTOR E BOMBA COLHEDORA DE CANA - CASE - 9900","-","true","https://cdn.appmaq.com.br/appmaq-media/manuals/019711ed-4055-70b8-82b0-32f2d070e33d/019dc539-6b3f-752d-b91e-e3adf347a601.pdf"
"97","Colhedora de Cana","CASE","AUSTOFT 9900","CATALOGO DE MANGUEIRAS ALTERNATIVO COLHEDORAS DE CANA - CASE - -9900","-","true","https://cdn.appmaq.com.br/appmaq-media/manuals/019711ed-4055-70b8-82b0-32f2d070e33d/019dc539-6b6a-7f3b-92a1-1d2b19906d00.pdf"
"98","Colhedora de Cana","CASE","AUSTOFT 9900","CATALOGO DE MANGUEIRAS HIDRÁULICAS ALTERNATIVA - COLHEDORAS DE CANA -CASE-A9900","-","true","https://cdn.appmaq.com.br/appmaq-media/manuals/019711ed-4055-70b8-82b0-32f2d070e33d/019dc539-6d27-7ec7-9258-21400f8566c6.pdf"
"99","Colhedora de Cana","CASE","AUSTOFT 9900","CATALOGO DE PEÇAS COLHEDORA DE CANA - CASE - 9900","-","true","https://cdn.appmaq.com.br/appmaq-media/manuals/019711ed-4055-70b8-82b0-32f2d070e33d/019dc539-6d99-727b-a281-f68fdfdc597e.pdf"
"100","Colhedora de Cana","CASE","AUSTOFT 9900","CIRCUITO ELÉTRICO DA COLHEDORA DE CANA - CASE - 9900","-","true","https://cdn.appmaq.com.br/appmaq-media/manuals/019711ed-4055-70b8-82b0-32f2d070e33d/019dc539-707e-7b0e-9526-8ebe3eaa8876.pdf"
"101","Colhedora de Cana","CASE","AUSTOFT 9900","CIRCUITO HIDRÁULICO DA COLHEDORA DE CANA - CASE - 9900","-","true","https://cdn.appmaq.com.br/appmaq-media/manuals/019711ed-4055-70b8-82b0-32f2d070e33d/019dc539-7109-7a71-9917-79764f5df615.pdf"
"102","Colhedora de Cana","CASE","AUSTOFT 9900","CÓDIGO DE FALHAS COLHEDORA DE CANA - CASE - A9900 - MOTOR CURSOR 11 -","-","true","https://cdn.appmaq.com.br/appmaq-media/manuals/019711ed-4055-70b8-82b0-32f2d070e33d/019eb3a9-8826-7ecf-b47e-5b28ccfa2b1a.pdf"
"103","Colhedora de Cana","CASE","AUSTOFT 9900","DIAGRAMA ELÉTRICO COLHEDORAS DE CANA - CASE - AUSTOFT 9900","-","true","https://cdn.appmaq.com.br/appmaq-media/manuals/019711ed-4055-70b8-82b0-32f2d070e33d/019e832d-1e10-7029-905e-01ad4a481d0a.pdf"
"104","Colhedora de Cana","CASE","AUSTOFT 9900","ESQUEMA ELÉTRICO COLHEDORA DE CANA - CASE - AUSTOFT - A9990 - FEV24 -","-","true","https://cdn.appmaq.com.br/appmaq-media/manuals/019711ed-4055-70b8-82b0-32f2d070e33d/019e832d-1e28-7db3-b082-4e47295103e7.pdf"
"105","Colhedora de Cana","CASE","AUSTOFT 9900","ESQUEMA HIDRÁULICO COLHEDORAS DE CANA - CASE - SUGAR CANE HARVESTER A9900 -","-","true","https://cdn.appmaq.com.br/appmaq-media/manuals/019711ed-4055-70b8-82b0-32f2d070e33d/019e832d-1e97-747c-9be9-0a949d461d4e.pdf"
"106","Colhedora de Cana","CASE","AUSTOFT 9900","FOLHETO TÉCNICO DA COLHEDORA DE CANA - CASE - 9900","-","true","https://cdn.appmaq.com.br/appmaq-media/manuals/019711ed-4055-70b8-82b0-32f2d070e33d/019dc539-721c-7d31-abab-3ef1b3229842.pdf"
"107","Colhedora de Cana","CASE","AUSTOFT 9900","FOLHETO TÉCNICO DA COLHEDORA DE CANA - CASE - MOTOR -9900","-","true","https://cdn.appmaq.com.br/appmaq-media/manuals/019711ed-4055-70b8-82b0-32f2d070e33d/019dc539-72d7-7a33-9703-cceca5e491eb.pdf"
"108","Colhedora de Cana","CASE","AUSTOFT 9900","FOLHETO TÉCNICO DOS BLOCOS- COLHEDORA DE CANA - CASE - AUSTOFT-9900","-","true","https://cdn.appmaq.com.br/appmaq-media/manuals/019711ed-4055-70b8-82b0-32f2d070e33d/019dc539-737d-70a6-b5c3-9c99788f1a33.pdf"
"109","Colhedora de Cana","CASE","AUSTOFT 9900","GUIA DE REFÊNCIA RÁPIDA COLHEDORA DE CANA -A9000-A9900","-","true","https://cdn.appmaq.com.br/appmaq-media/manuals/019711ed-4055-70b8-82b0-32f2d070e33d/019dc539-73c0-75e8-acc9-69b1cc04a69e.pdf"
"110","Colhedora de Cana","CASE","AUSTOFT 9900","MANUAL DE ENTRAGA TÉCNICA COLHEDORA DE CANA - CASE -Austoft-9900","-","true","https://cdn.appmaq.com.br/appmaq-media/manuals/019711ed-4055-70b8-82b0-32f2d070e33d/019dc539-7477-7e36-b9a2-ffcbf7b64c68.pdf"
"111","Colhedora de Cana","CASE","AUSTOFT 9900","MANUAL DO OPERADOR COLHEDORAS DE CANA - CASE - AUSTOFT - A9900 -","-","true","https://cdn.appmaq.com.br/appmaq-media/manuals/019711ed-4055-70b8-82b0-32f2d070e33d/019e832f-504d-7602-b98b-284f404888ae.pdf"
"112","Colhedora de Cana","CASE","AUSTOFT 9900","MANUAL DO OPERADOR DA COLHEDORA DE CANA - CASE -9900 - 2022","-","true","https://cdn.appmaq.com.br/appmaq-media/manuals/019711ed-4055-70b8-82b0-32f2d070e33d/019dc54c-185b-725a-8b21-10b54d1105fe.pdf"
"113","Colhedora de Cana","CASE","AUSTOFT 9900","MODULO DE TREINAMENTO TÉCNICO E DIAGÓSTICO COLHEDORA DE CANA - CASE - A9900","-","true","https://cdn.appmaq.com.br/appmaq-media/manuals/019711ed-4055-70b8-82b0-32f2d070e33d/019dc539-76a5-768e-990b-109eeedc2f24.pdf"
"114","Colhedora de Cana","CASE","AUSTOFT 9900","SISTEMA DE DIAGOSTICO DE COLHEITA - COLHEDORA DE CANA - CASE -Austoft-9900","-","true","https://cdn.appmaq.com.br/appmaq-media/manuals/019711ed-4055-70b8-82b0-32f2d070e33d/019dc539-77da-7e31-bc59-cedeedbf5879.pdf"
"115","Colhedora de Cana","CASE","AUSTOFT 9900","TREINAMENTO DE MANUTENÇÃO DAS COLHEDORAS DE CANA - CASE - 9900 -","-","true","https://cdn.appmaq.com.br/appmaq-media/manuals/019711ed-4055-70b8-82b0-32f2d070e33d/019e8330-4d31-7586-a25f-0c1ae2afe875.pdf"
"116","Colhedora de Cana","CASE","AUSTOFT 9900","TREINAMENTO ELETROMECANICA COLHEDORAS DE CANA - CASE - AUSTF 9900 -","-","true","https://cdn.appmaq.com.br/appmaq-media/manuals/019711ed-4055-70b8-82b0-32f2d070e33d/019e8330-4e16-7469-b4ee-0d824b71bbc5.pdf"
"117","Colhedora de Cana","JOHN DEERE","3510","Catalogo de peças da colehdora de Cana de Açucar John deere 3510","-","true","https://cdn.appmaq.com.br/appmaq-media/manuals/0195b3ba-39a6-773d-ab7c-c2d38f81198c/019d8891-2f9c-7a81-ba1d-0e9fc03f6c4e.pdf"
"118","Colhedora de Cana","JOHN DEERE","3510","ESQUEMA DOS BLOCOS HIDRÁULICOS COLHEDORAS DE CANA JOHN DEERE","-","true","https://cdn.appmaq.com.br/appmaq-media/manuals/0195b3ba-39a6-773d-ab7c-c2d38f81198c/019d8891-3068-7611-8c5e-a0b47b6e90d1.pdf"
"119","Colhedora de Cana","JOHN DEERE","3510","MOTOR JD 6081 -COLHEDORA DE CANA - JOHN DEERE - 3510","-","true","https://cdn.appmaq.com.br/appmaq-media/manuals/0195b3ba-39a6-773d-ab7c-c2d38f81198c/019e7e29-8678-7350-a8ee-a4aa95efd36d.pdf"
"120","Colhedora de Cana","JOHN DEERE","3520","Catalogo de peças Colhedora de Cana John Deere 3520,3522","-","true","https://cdn.appmaq.com.br/appmaq-media/manuals/01957100-b0c2-7d70-8dab-9c0819c7b2bd/019d8dc9-9984-7fa9-b503-138856be3c43.pdf"
"121","Colhedora de Cana","JOHN DEERE","3520","Colhedoras de cana John-Deere-Maual-Tecnico-de-Diagnosticos e teste maquinas de esteiras e rodas-3520-3522-Ano-2014","-","true","https://cdn.appmaq.com.br/appmaq-media/manuals/01957100-b0c2-7d70-8dab-9c0819c7b2bd/019d8dc9-9a49-714a-936e-bc8bb71575f6.pdf"
"122","Colhedora de Cana","JOHN DEERE","3520","ESQUEMA DOS BLOCOS HIDRÁULICOS COLHEDORAS DE CANA JOHN DEERE","-","true","https://cdn.appmaq.com.br/appmaq-media/manuals/01957100-b0c2-7d70-8dab-9c0819c7b2bd/019d8dc9-9cc6-7086-bd6a-dc319a47e0bf.pdf"
"123","Colhedora de Cana","JOHN DEERE","3520","Manual de Reparacion Colhedoras de Cana CH3520 - CH3522 - 2014","-","true","https://cdn.appmaq.com.br/appmaq-media/manuals/01957100-b0c2-7d70-8dab-9c0819c7b2bd/019d8dc9-9cd5-7859-9206-ab304b7eb085.pdf"
"124","Colhedora de Cana","JOHN DEERE","3520","Manual-Do-Operador Colhedora de cana john deere - CH3520","-","true","https://cdn.appmaq.com.br/appmaq-media/manuals/01957100-b0c2-7d70-8dab-9c0819c7b2bd/019d8dc9-a25f-7586-851c-afa25bacb7c8.pdf"
"125","Colhedora de Cana","JOHN DEERE","3520","Manual do Operador-Johon Deere-3520 e 3522-Preparadas para Autotrack","-","true","https://cdn.appmaq.com.br/appmaq-media/manuals/01957100-b0c2-7d70-8dab-9c0819c7b2bd/019d8dc9-9f25-7cb1-8352-532993abfca9.pdf"
"126","Colhedora de Cana","JOHN DEERE","3520","Manual Tecnico de Diagnosticos-3520-3522 Ano-2014","-","true","https://cdn.appmaq.com.br/appmaq-media/manuals/01957100-b0c2-7d70-8dab-9c0819c7b2bd/019d8dc9-9fc7-7ea3-b296-f0cabb42bf87.pdf"
"127","Colhedora de Cana","JOHN DEERE","3520","MOTOR JD 6090H TIER II - JOHN DEERE - COLHEDORA DE CANA - 3520","-","true","https://cdn.appmaq.com.br/appmaq-media/manuals/01957100-b0c2-7d70-8dab-9c0819c7b2bd/019ed66d-028d-7133-9e38-57910c0a2fe7.pdf"
"128","Colhedora de Cana","JOHN DEERE","3520","SIMBOLOGIA ELÉTRICA TRATORES JOHN DEERE - CONVERSÕES DE CORES DE FIOS - 3520 - 3522 -","-","true","https://cdn.appmaq.com.br/appmaq-media/manuals/01957100-b0c2-7d70-8dab-9c0819c7b2bd/019e7564-ba9a-7967-8350-ae75acb9a341.pdf"
"129","Colhedora de Cana","JOHN DEERE","3520","TREINAMENTO EM ELÉTRICA BASICA EM COLHEDORA DE CANA - JOHN DEERE - 3520","-","true","https://cdn.appmaq.com.br/appmaq-media/manuals/01957100-b0c2-7d70-8dab-9c0819c7b2bd/019e7567-d08d-7507-8548-b158b71c9c16.pdf"
"130","Colhedora de Cana","JOHN DEERE","3522","Catalogo de peças Colhedora de Cana John Deere 3520,3522","-","true","https://cdn.appmaq.com.br/appmaq-media/manuals/01957100-b0e4-71af-8651-3b7698869607/019d9c73-5b8f-786a-9f42-43bb24e5d4ff.pdf"
"131","Colhedora de Cana","JOHN DEERE","3522","Catalogo de peças Colhedora de cana sugarcane John-Deere 3522-2014","-","true","https://cdn.appmaq.com.br/appmaq-media/manuals/01957100-b0e4-71af-8651-3b7698869607/019d9c73-5cca-7386-8593-708a33ef694c.pdf"
"132","Colhedora de Cana","JOHN DEERE","3522","Colhedoras de cana John-Deere-Maual-Tecnico-de-Diagnosticos e teste maquinas de esteiras e rodas-3520-3522-Ano-2014","-","true","https://cdn.appmaq.com.br/appmaq-media/manuals/01957100-b0e4-71af-8651-3b7698869607/019d9c73-6093-70f3-8215-d3021d3014cf.pdf"
"133","Colhedora de Cana","JOHN DEERE","3522","ESQUEMA DOS BLOCOS HIDRÁULICOS COLHEDORAS DE CANA JOHN DEERE","-","true","https://cdn.appmaq.com.br/appmaq-media/manuals/01957100-b0e4-71af-8651-3b7698869607/019d9c73-63f5-77dc-b7d4-cd84415d9d80.pdf"
"134","Colhedora de Cana","JOHN DEERE","3522","Manual de Reparacion Colhedoras de Cana CH3520 - CH3522 - 2014","-","true","https://cdn.appmaq.com.br/appmaq-media/manuals/01957100-b0e4-71af-8651-3b7698869607/019d9c73-642c-7cf3-b2b1-3e682327024f.pdf"
"135","Colhedora de Cana","JOHN DEERE","3522","Manual do Operador-Johon Deere-3520 e 3522-Preparadas para Autotrack","-","true","https://cdn.appmaq.com.br/appmaq-media/manuals/01957100-b0e4-71af-8651-3b7698869607/019d9c73-6726-788a-b95a-f2f240bfb92d.pdf"
"136","Colhedora de Cana","JOHN DEERE","3522","Manual Tecnico de Diagnosticos-3520-3522 Ano-2014","-","true","https://cdn.appmaq.com.br/appmaq-media/manuals/01957100-b0e4-71af-8651-3b7698869607/019d9c73-6950-739d-8624-41ac2f916189.pdf"
"137","Colhedora de Cana","JOHN DEERE","3522","SIMBOLOGIA ELÉTRICA TRATORES JOHN DEERE - CONVERSÕES DE CORES DE FIOS - 3520 - 3522 -","-","true","https://cdn.appmaq.com.br/appmaq-media/manuals/01957100-b0e4-71af-8651-3b7698869607/019e7565-2723-72c4-b831-cfeb0b5a91c6.pdf"
"138","Colhedora de Cana","JOHN DEERE","3570","ESQUEMA DOS BLOCOS HIDRÁULICOS COLHEDORAS DE CANA JOHN DEERE","-","true","https://cdn.appmaq.com.br/appmaq-media/manuals/019d8864-e614-70f4-88ca-b51dae9b3fe9/019d9c74-5bd9-7648-9e74-fccead700092.pdf"
"139","Colhedora de Cana","JOHN DEERE","CH570","CATALAGO DE PEÇAS ALTERNATIVA COLHEDORAS DE CANA JOHN DEERE -","-","true","https://cdn.appmaq.com.br/appmaq-media/manuals/01957100-b0c2-7b9b-904b-2dff11c0f840/019da73f-4849-748b-b4ac-4dbc727233eb.pdf"
"140","Colhedora de Cana","JOHN DEERE","CH570","Catalago de peças colhedora de cana john deere CH570","-","true","https://cdn.appmaq.com.br/appmaq-media/manuals/01957100-b0c2-7b9b-904b-2dff11c0f840/019d9c80-2bc8-7a05-9ada-26afe40a415d.pdf"
"141","Colhedora de Cana","JOHN DEERE","CH570","Catalogo-Mangueiras Colhedora de cana John deere - CH570","-","true","https://cdn.appmaq.com.br/appmaq-media/manuals/01957100-b0c2-7b9b-904b-2dff11c0f840/019d9c80-2e21-77c3-80dc-0cf919dd6911.pdf"
"142","Colhedora de Cana","JOHN DEERE","CH570","CIRCUITO HIDRÁULICO DA COLHEDORA D ECANA JOHN DEERE -CH570","-","true","https://cdn.appmaq.com.br/appmaq-media/manuals/01957100-b0c2-7b9b-904b-2dff11c0f840/019da73e-e125-78fe-8aee-2cc549336bcd.pdf"
"143","Colhedora de Cana","JOHN DEERE","CH570","ESQUEMA DOS BLOCOS HIDRÁULICOS COLHEDORAS DE CANA JOHN DEERE","-","true","https://cdn.appmaq.com.br/appmaq-media/manuals/01957100-b0c2-7b9b-904b-2dff11c0f840/019d9c80-2ede-7e0d-9223-5334907e81c4.pdf"
"144","Colhedora de Cana","JOHN DEERE","CH570","FICHA TÉCNICA DA COLHEDORA DE CANA JOHN DEERE CH570","-","true","https://cdn.appmaq.com.br/appmaq-media/manuals/01957100-b0c2-7b9b-904b-2dff11c0f840/019da73e-7730-780b-96be-5df95fd1f9fc.pdf"
"145","Colhedora de Cana","JOHN DEERE","CH570","FICHA TÉCNICA DA COLHEDORA DE CANA JOHN DEERE CH570","-","true","https://cdn.appmaq.com.br/appmaq-media/manuals/01957100-b0c2-7b9b-904b-2dff11c0f840/019da6d6-6875-71a7-8ae1-63486c666dd7.pdf"
"146","Colhedora de Cana","JOHN DEERE","CH570","FOLHETO COLHEDORA DE CANA CH570 e CH670","-","true","https://cdn.appmaq.com.br/appmaq-media/manuals/01957100-b0c2-7b9b-904b-2dff11c0f840/019d9c80-2f77-7b2f-901d-fb31402f7554.pdf"
"147","Colhedora de Cana","JOHN DEERE","CH570","Guia de peças de reposição Colhedoras de Cana-de-açúcar CH570 e CH670","-","true","https://cdn.appmaq.com.br/appmaq-media/manuals/01957100-b0c2-7b9b-904b-2dff11c0f840/019d9c81-0694-7acf-8d07-f5bb0abc2d67.pdf"
"148","Colhedora de Cana","JOHN DEERE","CH570","Identificação dos-Componentes Hidraulico-CH570-e-CH670-pdf","-","true","https://cdn.appmaq.com.br/appmaq-media/manuals/01957100-b0c2-7b9b-904b-2dff11c0f840/019d9c81-06ab-7160-95df-0989ae1d6dfc.pdf"
"149","Colhedora de Cana","JOHN DEERE","CH570","INSTRUÇÕES DO SISTEMA DO AR CONDICIONADO DA COLHEDORA DE CANA JOHN DEERE -CH570","-","true","https://cdn.appmaq.com.br/appmaq-media/manuals/01957100-b0c2-7b9b-904b-2dff11c0f840/019da73e-09dc-7953-84d8-f6aac3b9848f.pdf"
"150","Colhedora de Cana","JOHN DEERE","CH570","LISTA DE PEÇAS DA REDUÇÃO PLANETÁRIA DA COLHEDORA DE CANA JOHN DEERE CH570","-","true","https://cdn.appmaq.com.br/appmaq-media/manuals/01957100-b0c2-7b9b-904b-2dff11c0f840/019da73e-0a10-7e14-804b-c4419f855c5b.pdf"
"151","Colhedora de Cana","JOHN DEERE","CH570","Lista de peças de terceiro Colhedora CH-570-VERSAO -2021-","-","true","https://cdn.appmaq.com.br/appmaq-media/manuals/01957100-b0c2-7b9b-904b-2dff11c0f840/019d9c81-06eb-7816-924b-58183d922dd9.pdf"
"152","Colhedora de Cana","JOHN DEERE","CH570","LISTA DE PEÇAS DO ROLO PRÉ-TOMBADOR - MOTORES E LINHAS DO ROLO DO PRÉ TOMBADOR COLHEDORA DE CANA CH570","-","true","https://cdn.appmaq.com.br/appmaq-media/manuals/01957100-b0c2-7b9b-904b-2dff11c0f840/019da73d-91aa-7f0f-bd08-ffc52fdc09f8.pdf"
"153","Colhedora de Cana","JOHN DEERE","CH570","LISTA DE PEÇAS DO SISTEMA DA BOMBA DO PICADOR - COLHEDORA CANA JOHN DEERE - CH570","-","true","https://cdn.appmaq.com.br/appmaq-media/manuals/01957100-b0c2-7b9b-904b-2dff11c0f840/019da73d-923b-7cbb-81c1-4d28a73e9192.pdf"
"154","Colhedora de Cana","JOHN DEERE","CH570","LISTA DE PEÇAS DO SISTEMA DE INJEÇÃO DE COMBUSTÍVEL COLHEDORA DE CANA JOHN DEERE CH570","-","true","https://cdn.appmaq.com.br/appmaq-media/manuals/01957100-b0c2-7b9b-904b-2dff11c0f840/019da73d-92a7-7981-9b3a-f351c52780b4.pdf"
"155","Colhedora de Cana","JOHN DEERE","CH570","LISTA DE PEÇAS DO SISTEMA DE MANGUEIRAS DE DRENO DO ACIONAMNETO DA BOMBA E MOTOR COLHEDORA CH570","-","true","https://cdn.appmaq.com.br/appmaq-media/manuals/01957100-b0c2-7b9b-904b-2dff11c0f840/019da73d-91bd-7f51-897a-db369905a644.pdf"
"156","Colhedora de Cana","JOHN DEERE","CH570","LISTA DE PEÇAS DO SISTEMA DO CORTADOR DE PONTAS E FACAS LATERAIS DO DIVISOR DE LINHA","-","true","https://cdn.appmaq.com.br/appmaq-media/manuals/01957100-b0c2-7b9b-904b-2dff11c0f840/019da73d-9317-7c6b-ac47-23611c397a22.pdf"
"157","Colhedora de Cana","JOHN DEERE","CH570","LISTA D EPEÇAS DO SISTEMA ELÉTRICO - CABOS DA BATERIA DA COLHEDORA JOHN DEERE - CH570","-","true","https://cdn.appmaq.com.br/appmaq-media/manuals/01957100-b0c2-7b9b-904b-2dff11c0f840/019da73e-09f0-7e77-b1af-85c71397153b.pdf"
"158","Colhedora de Cana","JOHN DEERE","CH570","LISTA DE PEÇAS DO TREM DE FORÇA - SICRONIZADO E AVANÇO - DA COLHEDORA DE CANA JOHN DEERE CH570","-","true","https://cdn.appmaq.com.br/appmaq-media/manuals/01957100-b0c2-7b9b-904b-2dff11c0f840/019da73d-93a5-7bb4-955a-220135bebb59.pdf"
"159","Colhedora de Cana","JOHN DEERE","CH570","MANUAL DO OPERADOR CH570 e CH670","-","true","https://cdn.appmaq.com.br/appmaq-media/manuals/01957100-b0c2-7b9b-904b-2dff11c0f840/019d9c81-0763-7be8-b7eb-d7d5c9617bad.pdf"
"160","Colhedora de Cana","JOHN DEERE","CH570","Manual do operador da colhedora de cana -CH-570-2022","-","true","https://cdn.appmaq.com.br/appmaq-media/manuals/01957100-b0c2-7b9b-904b-2dff11c0f840/019d9c81-08dc-7e0d-9878-4692fce454a4.pdf"
"161","Colhedora de Cana","JOHN DEERE","CH570","MANUAL TÉCNICO ELETRICO E HIDRÁULICO COLHEDORA DE CANA - JOHN DEERE -CH-570 - CH670 -","-","true","https://cdn.appmaq.com.br/appmaq-media/manuals/01957100-b0c2-7b9b-904b-2dff11c0f840/019e7559-0cb6-76bf-9bc2-6441068c24d4.pdf"
"162","Colhedora de Cana","JOHN DEERE","CH570","Operação e ajustes Colhedora de cana John deere CH570 2016","-","true","https://cdn.appmaq.com.br/appmaq-media/manuals/01957100-b0c2-7b9b-904b-2dff11c0f840/019d9c81-850c-7fdd-b062-bf3e76b95398.pdf"
"163","Colhedora de Cana","JOHN DEERE","CH570","ROTEIRO TÉCNICO COLHEDORA DE CANA JOHN DEERE -CH570 - CH670","-","true","https://cdn.appmaq.com.br/appmaq-media/manuals/01957100-b0c2-7b9b-904b-2dff11c0f840/019da759-04de-72d5-b487-1ce2234a7174.pdf"
"164","Colhedora de Cana","JOHN DEERE","CH570","TREINAMENTO DE MANUTENÇÃO NA COLHEDORA DE CANA JOHN DEERE CH570","-","true","https://cdn.appmaq.com.br/appmaq-media/manuals/01957100-b0c2-7b9b-904b-2dff11c0f840/019da73c-ff37-7d84-804c-ff17db0798e1.pdf"
"165","Colhedora de Cana","JOHN DEERE","CH570","TREINAMENTO ELETRO-HIDRAULICA DA COLHEDORA JOHN DEERE -CH570 - CH670","-","true","https://cdn.appmaq.com.br/appmaq-media/manuals/01957100-b0c2-7b9b-904b-2dff11c0f840/019da775-08e0-7b9e-ac90-35cbff4ab59c.pdf"
"166","Colhedora de Cana","JOHN DEERE","CH670","Catalogo de peças colhedora de cana John deere CH670-","-","true","https://cdn.appmaq.com.br/appmaq-media/manuals/01957100-b0e4-7a24-b0bf-0c234877faee/019d9c87-ab0e-7e06-b9b8-a6c8f5ffc811.pdf"
"167","Colhedora de Cana","JOHN DEERE","CH670","CATALOGO HIDRÁULICO DE MANGUEIRAS DA COLHEDORA DE CANA JOHN DEERE CH670","-","true","https://cdn.appmaq.com.br/appmaq-media/manuals/01957100-b0e4-7a24-b0bf-0c234877faee/019da763-5363-7fee-bfde-f43c688070d0.pdf"
"168","Colhedora de Cana","JOHN DEERE","CH670","ESQUEMA DOS BLOCOS HIDRÁULICOS COLHEDORAS DE CANA JOHN DEERE","-","true","https://cdn.appmaq.com.br/appmaq-media/manuals/01957100-b0e4-7a24-b0bf-0c234877faee/019d9c87-ad7f-7020-bcd0-874e18063e2d.pdf"
"169","Colhedora de Cana","JOHN DEERE","CH670","FOLHETO DA COLHEDORA DE CANA JOHN DEERE CH570 - CH670","-","true","https://cdn.appmaq.com.br/appmaq-media/manuals/01957100-b0e4-7a24-b0bf-0c234877faee/019da763-b535-73a5-8d3a-e5cfa456a220.pdf"
"170","Colhedora de Cana","JOHN DEERE","CH670","Guia de peças de reposição Colhedoras de Cana-de-açúcar CH570 e CH670","-","true","https://cdn.appmaq.com.br/appmaq-media/manuals/01957100-b0e4-7a24-b0bf-0c234877faee/019d9c88-2a06-7e76-9189-28ae11eeb82c.pdf"
"171","Colhedora de Cana","JOHN DEERE","CH670","Identificação dos-Componentes Hidraulico-CH570-e-CH670-pdf","-","true","https://cdn.appmaq.com.br/appmaq-media/manuals/01957100-b0e4-7a24-b0bf-0c234877faee/019d9c88-2a1d-7b11-8a30-1e23c8c4b8de.pdf"
"172","Colhedora de Cana","JOHN DEERE","CH670","INSTRUÇÃO DO MECANISMO DE SINCRONIZAÇÃO DO PICADOR - COLHEDORAS DE CANA JOHN DEERE - CH-570 - CH670- CH950 - CH960","-","true","https://cdn.appmaq.com.br/appmaq-media/manuals/01957100-b0e4-7a24-b0bf-0c234877faee/019da762-9bdc-7d5a-8bd4-eef5472878b5.pdf"
"173","Colhedora de Cana","JOHN DEERE","CH670","INSTRUÇÕES DE PRÉ ENTREGA DE COLHEDORAS DE CANA JOHN DEERE CH570 - CH670","-","true","https://cdn.appmaq.com.br/appmaq-media/manuals/01957100-b0e4-7a24-b0bf-0c234877faee/019da762-9c07-753e-bb28-8180596b7b42.pdf"
"174","Colhedora de Cana","JOHN DEERE","CH670","Manual do Operador colhedoras de cana John deere CH570 e CH670","-","true","https://cdn.appmaq.com.br/appmaq-media/manuals/01957100-b0e4-7a24-b0bf-0c234877faee/019d9c88-2a8c-744a-86ef-b75ccf070bfc.pdf"
"175","Colhedora de Cana","JOHN DEERE","CH670","Manual do operador da colhedora de cana -CH-570-2022","-","true","https://cdn.appmaq.com.br/appmaq-media/manuals/01957100-b0e4-7a24-b0bf-0c234877faee/019d9c88-c38f-7183-9280-39b24a6c0964.pdf"
"176","Colhedora de Cana","JOHN DEERE","CH670","Manual do operador da colhedora de cana -CH-570- CH670 - 2022","-","true","https://cdn.appmaq.com.br/appmaq-media/manuals/01957100-b0e4-7a24-b0bf-0c234877faee/019da6d9-cd3f-708b-bc9c-1bdabcc8b211.pdf"
"177","Colhedora de Cana","JOHN DEERE","CH670","MANUAL TÉCNICO ELETRICO E HIDRÁULICO COLHEDORA DE CANA - JOHN DEERE -CH-570 - CH670 -","-","true","https://cdn.appmaq.com.br/appmaq-media/manuals/01957100-b0e4-7a24-b0bf-0c234877faee/019e7559-a523-7c17-95a3-a080bf03e7c3.pdf"
"178","Colhedora de Cana","JOHN DEERE","CH670","TREINAMENTO ELETRO-HIDRAULICA DA COLHEDORA JOHN DEERE -CH570 - CH670","-","true","https://cdn.appmaq.com.br/appmaq-media/manuals/01957100-b0e4-7a24-b0bf-0c234877faee/019da775-9148-7740-b355-1e5c389c73d9.pdf"
"179","Colhedora de Cana","JOHN DEERE","CH950","CATÁLAGO DE PECAS- COLHEDORA DE CANA JOHN DEERE - CH950-2020","-","true","https://cdn.appmaq.com.br/appmaq-media/manuals/01957100-b0e4-7711-9e05-f37606b0f383/019d9c8a-3905-7dbe-81c6-b2a7c5cb44d3.pdf"
"180","Colhedora de Cana","JOHN DEERE","CH950","CATALOGO DE MANGUEIRAS COLHEDORA DE CANA JOHN DEERE CH950-v3-","-","true","https://cdn.appmaq.com.br/appmaq-media/manuals/01957100-b0e4-7711-9e05-f37606b0f383/019da766-6009-7bc1-a0fe-793397156178.pdf"
"181","Colhedora de Cana","JOHN DEERE","CH950","Catalogo Mangueiras- colhedora d ecana John-Deere-CH950","-","true","https://cdn.appmaq.com.br/appmaq-media/manuals/01957100-b0e4-7711-9e05-f37606b0f383/019d9cb6-a9d8-7d9a-a470-2eb40bfd1288.pdf"
"182","Colhedora de Cana","JOHN DEERE","CH950","FICHA TÉCNICA DA COLHEDORA DE CANA JOHN DEERE CH950","-","true","https://cdn.appmaq.com.br/appmaq-media/manuals/01957100-b0e4-7711-9e05-f37606b0f383/019da6dc-26e6-79bf-8efc-f5ab12809aef.pdf"
"183","Colhedora de Cana","JOHN DEERE","CH950","Guia de peças de substituição Colhedora de cana CH950__CH960","-","true","https://cdn.appmaq.com.br/appmaq-media/manuals/01957100-b0e4-7711-9e05-f37606b0f383/019d9c8a-3c07-71c3-a2a8-452c97804958.pdf"
"184","Colhedora de Cana","JOHN DEERE","CH950","Guia rápido de-Consulta Colhedora CH950 e CH960","-","true","https://cdn.appmaq.com.br/appmaq-media/manuals/01957100-b0e4-7711-9e05-f37606b0f383/019d9c8a-3e07-7d18-a1f1-3d3931213b2c.pdf"
"185","Colhedora de Cana","JOHN DEERE","CH950","INSTRUÇÃO DO MECANISMO DE SINCRONIZAÇÃO DO PICADOR - COLHEDORAS DE CANA JOHN DEERE - CH-570 - CH670- CH950 - CH960","-","true","https://cdn.appmaq.com.br/appmaq-media/manuals/01957100-b0e4-7711-9e05-f37606b0f383/019da766-d5ab-7fba-81ee-9642e7e39c96.pdf"
"186","Colhedora de Cana","JOHN DEERE","CH950","MANUAL DO OPERADOR DA COLHEDORA DE CANA JOHN DEERE CH950- CH960","-","true","https://cdn.appmaq.com.br/appmaq-media/manuals/01957100-b0e4-7711-9e05-f37606b0f383/019d9c8a-3ef0-709f-9c9c-c019dd5eea1a.pdf"
"187","Colhedora de Cana","JOHN DEERE","CH950","Roteiro-Tecnico Colhedoras de cana -CH950 e CH960","-","true","https://cdn.appmaq.com.br/appmaq-media/manuals/01957100-b0e4-7711-9e05-f37606b0f383/019d9c8a-416c-727d-af97-33317dd69730.pdf"
"188","Colhedora de Cana","JOHN DEERE","CH960","FICHA TÉCNICA DA COLHEDORA DE CANA JOHN DEERE CH950","-","true","https://cdn.appmaq.com.br/appmaq-media/manuals/019d9c8b-630b-7191-b4ea-a2a189228651/019da6dc-be6e-7cd8-9d36-393378aa4d31.pdf"
"189","Colhedora de Cana","JOHN DEERE","CH960","Guia de peças de substituição Colhedora de cana CH950__CH960","-","true","https://cdn.appmaq.com.br/appmaq-media/manuals/019d9c8b-630b-7191-b4ea-a2a189228651/019d9c8d-93ce-7910-b9ca-e6870539c3fb.pdf"
"190","Colhedora de Cana","JOHN DEERE","CH960","Guia rápido de-Consulta Colhedora CH950 e CH960","-","true","https://cdn.appmaq.com.br/appmaq-media/manuals/019d9c8b-630b-7191-b4ea-a2a189228651/019d9c8d-93e9-77f0-bd92-54129c71e20c.pdf"
"191","Colhedora de Cana","JOHN DEERE","CH960","MANUAL DO OPERADOR DA COLHEDORA DE CANA CH960","-","true","https://cdn.appmaq.com.br/appmaq-media/manuals/019d9c8b-630b-7191-b4ea-a2a189228651/019d9c8d-94bd-7b65-a17f-3b007704d954.pdf"
"192","Colhedora de Cana","JOHN DEERE","CH960","MANUAL DO OPERADOR DA COLHEDORA DE CANA JOHN DEERE CH950- CH960","-","true","https://cdn.appmaq.com.br/appmaq-media/manuals/019d9c8b-630b-7191-b4ea-a2a189228651/019d9c8d-9530-79d4-90a5-f890da55711b.pdf"
"193","Colhedora de Cana","JOHN DEERE","CH960","Roteiro-Tecnico Colhedoras de cana -CH950 e CH960","-","true","https://cdn.appmaq.com.br/appmaq-media/manuals/019d9c8b-630b-7191-b4ea-a2a189228651/019d9c8d-9798-7c2f-9f5a-f5a1e9d08f1a.pdf"
"194","Colheitadeira de Grãos","CASE","2344","SEÇÃO ELÉTRICA COLHEITADEIRA CASE - SÉRIE 2300 - 2344 -","-","true","https://cdn.appmaq.com.br/appmaq-media/manuals/019e1748-6133-7faa-ae98-f7cc64a841ac/019e1749-5b73-71d2-a135-3e003e6d9637.pdf"
"195","Colheitadeira de Grãos","CASE","2366","SEÇÃO ELÉTRICA COLHEITADEIRA CASE - SÉRIE 2300 - 2366 - -","-","true","https://cdn.appmaq.com.br/appmaq-media/manuals/019e1748-ab95-7bbd-b217-c081941b0ac5/019e1749-d3f0-726f-ae6c-c76d966b5986.pdf"
"196","Colheitadeira de Grãos","CASE","AXIAL-FLOW - 2388","Catalogo de correia para colheitadeira 2388","-","true","https://cdn.appmaq.com.br/appmaq-media/manuals/01957100-b0e1-7c30-b400-7cd26a91eebf/019d8dc1-da47-7bc0-93ba-fc50cfbefbbb.pdf"
"197","Colheitadeira de Grãos","CASE","AXIAL-FLOW - 2388","Catalogo de correia para colheitadeira agricolas 2388","-","true","https://cdn.appmaq.com.br/appmaq-media/manuals/01957100-b0e1-7c30-b400-7cd26a91eebf/019d8dc1-da35-7e05-9d1b-0b77dd354b74.pdf"
"198","Colheitadeira de Grãos","CASE","AXIAL-FLOW - 2388","Catalogo de Peças Colheitadeira - Case - 2388 - 2399","-","true","https://cdn.appmaq.com.br/appmaq-media/manuals/01957100-b0e1-7c30-b400-7cd26a91eebf/019d8dc1-dabb-700b-ac5b-70b631eab594.pdf"
"199","Colheitadeira de Grãos","CASE","AXIAL-FLOW - 2388","Colheitadeira Diagnóstico Elétrico e Hidráulico Axial Flow","-","true","https://cdn.appmaq.com.br/appmaq-media/manuals/01957100-b0e1-7c30-b400-7cd26a91eebf/019df9e7-14f1-71e8-8fe4-fcc72c70e1c9.pdf"
"200","Colheitadeira de Grãos","CASE","AXIAL-FLOW - 2388","Folheto das Colheitadeiras Axial Flow 2388 2399","-","true","https://cdn.appmaq.com.br/appmaq-media/manuals/01957100-b0e1-7c30-b400-7cd26a91eebf/019d8dc1-da96-7d72-8fa8-1ec3aa64786e.pdf"
"201","Colheitadeira de Grãos","CASE","AXIAL-FLOW - 2388","Instalação e Calibração da Caixa Insight das colheitadeiras 2388 e 2399","-","true","https://cdn.appmaq.com.br/appmaq-media/manuals/01957100-b0e1-7c30-b400-7cd26a91eebf/019d8dc1-dc78-736d-9983-0801a9c159ad.pdf"
"202","Colheitadeira de Grãos","CASE","AXIAL-FLOW - 2388","Peças de Ar Condicionado para colheitadeiras Case em geral","-","true","https://cdn.appmaq.com.br/appmaq-media/manuals/01957100-b0e1-7c30-b400-7cd26a91eebf/019df9e7-673c-792f-8f49-38643c9889eb.pdf"
"203","Colheitadeira de Grãos","CASE","AXIAL-FLOW - 2388","Peças e Manuais da colheitadeira Case 2388","-","true","https://cdn.appmaq.com.br/appmaq-media/manuals/01957100-b0e1-7c30-b400-7cd26a91eebf/019d8dc1-dca4-7640-837a-10630be3e31a.pdf"
"204","Colheitadeira de Grãos","CASE","AXIAL-FLOW - 2388","SEÇÃO ELÉTRICA COLHEITADEIRA CASE - SÉRIE 2300 - 2388 -","-","true","https://cdn.appmaq.com.br/appmaq-media/manuals/01957100-b0e1-7c30-b400-7cd26a91eebf/019e1747-7e49-70cd-bd3f-a66bb26970a7.pdf"
"205","Colheitadeira de Grãos","CASE","AXIAL-FLOW - 2388","Sistema da bomba de agua da colheitadeira 2388","-","true","https://cdn.appmaq.com.br/appmaq-media/manuals/01957100-b0e1-7c30-b400-7cd26a91eebf/019d8dc1-dd5b-7d2e-9fa2-2ae130e1dd4a.pdf"
"206","Colheitadeira de Grãos","CASE","AXIAL-FLOW - 2399","Catalogo de correia para colheitadeira","-","true","https://cdn.appmaq.com.br/appmaq-media/manuals/01957100-b0a4-766f-b888-5cf6c3c15b42/019db51a-d5fa-7f0a-9c74-61247e629d73.pdf"
"207","Colheitadeira de Grãos","CASE","AXIAL-FLOW - 2399","Colheitadeira Catalogo de Pecas Case - 2388 - 2399","-","true","https://cdn.appmaq.com.br/appmaq-media/manuals/01957100-b0a4-766f-b888-5cf6c3c15b42/019db51a-d695-7863-b125-a2bc4eb12398.pdf"
"208","Colheitadeira de Grãos","CASE","AXIAL-FLOW - 2399","colheitadeira Diagnóstico Elétrico e Hidráulico Axial Flow","-","true","https://cdn.appmaq.com.br/appmaq-media/manuals/01957100-b0a4-766f-b888-5cf6c3c15b42/019db51a-dc9b-7d5a-9c5d-3b1ac70a13cc.pdf"
"209","Colheitadeira de Grãos","CASE","AXIAL-FLOW - 2399","Colheitadeira Diagnóstico Elétrico e Hidráulico Axial Flow","-","true","https://cdn.appmaq.com.br/appmaq-media/manuals/01957100-b0a4-766f-b888-5cf6c3c15b42/019df9e9-032b-7cec-b2a2-355a77037b56.pdf"
"210","Colheitadeira de Grãos","CASE","AXIAL-FLOW - 2399","folheto Colheitadeira Axial Flow 2388 2399","-","true","https://cdn.appmaq.com.br/appmaq-media/manuals/01957100-b0a4-766f-b888-5cf6c3c15b42/019db51a-dd8d-7af0-aa63-c09cb1b7a4f0.pdf"
"211","Colheitadeira de Grãos","CASE","AXIAL-FLOW - 2399","Instalação e Calibração da Caixa Insight 2388 e 2399","-","true","https://cdn.appmaq.com.br/appmaq-media/manuals/01957100-b0a4-766f-b888-5cf6c3c15b42/019db51a-de8a-703a-9d9d-dbe084a8a729.pdf"
"212","Colheitadeira de Grãos","CASE","AXIAL-FLOW - 2399","Peças de Ar Condicionado paracolheitadeiras Case em geral","-","true","https://cdn.appmaq.com.br/appmaq-media/manuals/01957100-b0a4-766f-b888-5cf6c3c15b42/019db51a-e05a-79c8-91a2-8876759698e6.pdf"
"213","Colheitadeira de Grãos","CASE","AXIAL-FLOW - 2399","Peças de Ar Condicionado paracolheitadeiras Case em geral","-","true","https://cdn.appmaq.com.br/appmaq-media/manuals/01957100-b0a4-766f-b888-5cf6c3c15b42/019df9e9-625d-789e-add1-98f5ae6f723d.pdf"
"214","Colheitadeira de Grãos","CASE","AXIAL-FLOW - 2566","Catálogo de Peças Agrícolas Case 2566","-","true","https://cdn.appmaq.com.br/appmaq-media/manuals/01957100-b0a4-7966-9afa-f430cf809d31/019df9f1-4e9e-79f7-8041-b6e4e7988656.pdf"
"215","Colheitadeira de Grãos","CASE","AXIAL-FLOW - 2566","Colheitadeira Diagnóstico Elétrico e Hidráulico Axial Flow","-","true","https://cdn.appmaq.com.br/appmaq-media/manuals/01957100-b0a4-7966-9afa-f430cf809d31/019df9f1-4ebc-7bdd-a66d-c5fd35199400.pdf"
"216","Colheitadeira de Grãos","CASE","AXIAL-FLOW - 2566","ESQUEMA ELÉTRICO COLHEITADEIRA CASE - 2566 -","-","true","https://cdn.appmaq.com.br/appmaq-media/manuals/01957100-b0a4-7966-9afa-f430cf809d31/019e173a-8054-7235-8c43-2eae6b090909.pdf"
"217","Colheitadeira de Grãos","CASE","AXIAL-FLOW - 2566","Ficha Técnica Colheitadeira Case 2566","-","true","https://cdn.appmaq.com.br/appmaq-media/manuals/01957100-b0a4-7966-9afa-f430cf809d31/019df9f1-4f3c-7fae-88b6-f89cd0aef172.pdf"
"218","Colheitadeira de Grãos","CASE","AXIAL-FLOW - 2566","Folheto Case 2566","-","true","https://cdn.appmaq.com.br/appmaq-media/manuals/01957100-b0a4-7966-9afa-f430cf809d31/019df9f1-4fcc-7580-8e2d-68ce9ccf738c.pdf"
"219","Colheitadeira de Grãos","CASE","AXIAL-FLOW - 2566","Manual de Serviço 2566 2799 2688","-","true","https://cdn.appmaq.com.br/appmaq-media/manuals/01957100-b0a4-7966-9afa-f430cf809d31/019df9f1-5080-7d89-a739-1bb4c8e65080.pdf"
"220","Colheitadeira de Grãos","CASE","AXIAL-FLOW - 2566","Peças de Ar Condicionado paracolheitadeiras Case em geral","-","true","https://cdn.appmaq.com.br/appmaq-media/manuals/01957100-b0a4-7966-9afa-f430cf809d31/019df9f1-5141-7af0-bf0a-601f04c55ce5.pdf"
"221","Colheitadeira de Grãos","CASE","AXIAL-FLOW - 2688","Colheitadeira Diagnóstico Elétrico e Hidráulico Axial Flow","-","true","https://cdn.appmaq.com.br/appmaq-media/manuals/01957100-b0a4-721a-b407-ea590a3c2fa5/019df9f6-7fb1-7ca9-9ea2-ab7c6aef9a8d.pdf"
"222","Colheitadeira de Grãos","CASE","AXIAL-FLOW - 2688","ESQUEMA ELÉTRICO COLHEITADEIRA CASE - 2688-","-","true","https://cdn.appmaq.com.br/appmaq-media/manuals/01957100-b0a4-721a-b407-ea590a3c2fa5/019e173b-8165-7c62-b6b1-19682689cd30.pdf"
"223","Colheitadeira de Grãos","CASE","AXIAL-FLOW - 2688","Ficha Técnica Colheitadeiras Case 2688 -2799","-","true","https://cdn.appmaq.com.br/appmaq-media/manuals/01957100-b0a4-721a-b407-ea590a3c2fa5/019df9f6-8045-7102-86ac-f53291edf48e.pdf"
"224","Colheitadeira de Grãos","CASE","AXIAL-FLOW - 2688","Folheto Case 2566","-","true","https://cdn.appmaq.com.br/appmaq-media/manuals/01957100-b0a4-721a-b407-ea590a3c2fa5/019df9f6-8085-7f43-99ef-8ca173b75738.pdf"
"225","Colheitadeira de Grãos","CASE","AXIAL-FLOW - 2688","Manual de Serviço 2566 - 2799 - 2688","-","true","https://cdn.appmaq.com.br/appmaq-media/manuals/01957100-b0a4-721a-b407-ea590a3c2fa5/019df9f6-80dc-7994-b568-0274bb2f5e20.pdf"
"226","Colheitadeira de Grãos","CASE","AXIAL-FLOW - 2688","Peças de Ar Condicionado paracolheitadeiras Case em geral","-","true","https://cdn.appmaq.com.br/appmaq-media/manuals/01957100-b0a4-721a-b407-ea590a3c2fa5/019df9f6-821c-7500-bc9f-dba6e9a78528.pdf"
"227","Colheitadeira de Grãos","CASE","AXIAL-FLOW - 2799","ESQUEMA ELÉTRICO COLHEITADEIRA CASE - 2799","-","true","https://cdn.appmaq.com.br/appmaq-media/manuals/01957100-b0a4-790a-9a19-0a37e478607c/019e173c-5e5a-7de1-b7e6-fe477f924e26.pdf"
"228","Colheitadeira de Grãos","CASE","AXIAL-FLOW - 2799","Ficha Técnica Cosechadoras Case 2688 2799","-","true","https://cdn.appmaq.com.br/appmaq-media/manuals/01957100-b0a4-790a-9a19-0a37e478607c/019d913f-5d2e-7040-a6ec-8466e9bfcefa.pdf"
"229","Colheitadeira de Grãos","CASE","AXIAL-FLOW - 2799","Folheto da Colheitadeira Case 2799","-","true","https://cdn.appmaq.com.br/appmaq-media/manuals/01957100-b0a4-790a-9a19-0a37e478607c/019d913f-5d01-72ee-9249-91fbd17f2f9d.pdf"
"230","Colheitadeira de Grãos","CASE","AXIAL-FLOW - 2799","Manual de Serviço das Colheitadeiras 2566 2799 2688","-","true","https://cdn.appmaq.com.br/appmaq-media/manuals/01957100-b0a4-790a-9a19-0a37e478607c/019d913f-5d45-7bd0-a6cd-977942169782.pdf"
"231","Colheitadeira de Grãos","CASE","AXIAL-FLOW - 2799","Peças de Ar Condicionado para colheitadeiras Case em geral","-","true","https://cdn.appmaq.com.br/appmaq-media/manuals/01957100-b0a4-790a-9a19-0a37e478607c/019db51f-038d-7b6c-a67e-260aa87ad9ee.pdf"
"232","Colheitadeira de Grãos","CASE","AXIAL-FLOW - 4130","Configuração Rápida Colheitadeira AF 4130","-","true","https://cdn.appmaq.com.br/appmaq-media/manuals/01957100-b0a4-76ac-80f9-13d331d9ee52/019d914f-7787-714f-b66b-bf4773a6c72a.pdf"
"233","Colheitadeira de Grãos","CASE","AXIAL-FLOW - 4130","Diagnóstico Elétrico e Hidráulico da colheitadeira 4130 Axial Flow","-","true","https://cdn.appmaq.com.br/appmaq-media/manuals/01957100-b0a4-76ac-80f9-13d331d9ee52/019d914f-771a-7764-a95c-644acf888b03.pdf"
"234","Colheitadeira de Grãos","CASE","AXIAL-FLOW - 4130","Folheto da colheitadeira case 4130","-","true","https://cdn.appmaq.com.br/appmaq-media/manuals/01957100-b0a4-76ac-80f9-13d331d9ee52/019d914f-77a2-7b25-b6f0-43541a61e7df.pdf"
"235","Colheitadeira de Grãos","CASE","AXIAL-FLOW - 4130","instrução de inspeção e montagem do acionamento das caixas de peneira dasmaquinas af 4130 e 4150","-","true","https://cdn.appmaq.com.br/appmaq-media/manuals/01957100-b0a4-76ac-80f9-13d331d9ee52/019db520-ad1b-7413-94e3-b8cfa844b106.pdf"
"236","Colheitadeira de Grãos","CASE","AXIAL-FLOW - 4130","Peças de Ar Condicionado para colheitadeiras Case em geral.pdf","-","true","https://cdn.appmaq.com.br/appmaq-media/manuals/01957100-b0a4-76ac-80f9-13d331d9ee52/019db51f-c24b-7f7c-8e1c-914046350ff7.pdf"
"237","Colheitadeira de Grãos","CASE","AXIAL-FLOW - 4150","Diagrama Hidraulico da Colheitadeira Case 4150","-","true","https://cdn.appmaq.com.br/appmaq-media/manuals/01957100-b0a4-7346-a0b9-7468a1250dfb/019d9183-422a-7283-989d-38354051b99f.pdf"
"238","Colheitadeira de Grãos","CASE","AXIAL-FLOW - 4150","Folheto Tecnico AxialFlow 4150","-","true","https://cdn.appmaq.com.br/appmaq-media/manuals/01957100-b0a4-7346-a0b9-7468a1250dfb/019d9183-413d-7ec7-8046-ff907c7dfff9.pdf"
"239","Colheitadeira de Grãos","CASE","AXIAL-FLOW - 4150","INSTRUÇÃO DE INSPEÇÃO E MONTAGEM DO ACIONAMENTO DAS CAIXAS DE PENEIRA DAS MAQUINAS AF 4130 E 4150","-","true","https://cdn.appmaq.com.br/appmaq-media/manuals/01957100-b0a4-7346-a0b9-7468a1250dfb/019d9183-4236-78a5-8217-ba2c291b12c4.pdf"
"240","Colheitadeira de Grãos","CASE","AXIAL-FLOW - 4150","Manual hidráulico da colheitadeira Case 4150","-","true","https://cdn.appmaq.com.br/appmaq-media/manuals/01957100-b0a4-7346-a0b9-7468a1250dfb/019db525-2ee0-774f-862a-66235598fe0b.pdf"
"241","Colheitadeira de Grãos","CASE","AXIAL-FLOW - 4150","Manual Técnico Colheitadeira 4150, 5150, 6150 e 7150","-","true","https://cdn.appmaq.com.br/appmaq-media/manuals/01957100-b0a4-7346-a0b9-7468a1250dfb/019d9183-42a4-7fb9-8931-5cf176362637.pdf"
"242","Colheitadeira de Grãos","CASE","AXIAL-FLOW - 4150","Peças de Ar Condicionado paracolheitadeiras Case em geral","-","true","https://cdn.appmaq.com.br/appmaq-media/manuals/01957100-b0a4-7346-a0b9-7468a1250dfb/019db525-2f23-75f7-80bf-2413ee84ed90.pdf"
"243","Colheitadeira de Grãos","CASE","AXIAL-FLOW- 4160","Colheitadeiras CASE IH Série 4160 5160 6160 7160 Inovações e Automação","-","true","https://cdn.appmaq.com.br/appmaq-media/manuals/0198e263-8e9b-7be9-8754-949baf1c6eb8/019d919a-8511-7784-a5bd-f61ebba4d91f.pdf"
"244","Colheitadeira de Grãos","CASE","AXIAL-FLOW- 4160","Especificações em geral das colheitadeiras-de-graos_axial-flow- Axial-Flow 4160 - 5160 - 6160 - 7160","-","true","https://cdn.appmaq.com.br/appmaq-media/manuals/0198e263-8e9b-7be9-8754-949baf1c6eb8/019d9be1-d198-76e2-ad02-dc993898ba65.pdf"
"245","Colheitadeira de Grãos","CASE","AXIAL-FLOW- 4160","Folheto da colheitadeira Axial flow Serie 4160-Automation","-","true","https://cdn.appmaq.com.br/appmaq-media/manuals/0198e263-8e9b-7be9-8754-949baf1c6eb8/019d919a-856e-74a5-b70e-323565d57beb.pdf"
"246","Colheitadeira de Grãos","CASE","AXIAL-FLOW- 4160","Peças de Ar Condicionado para colheitadeiras Case em geral","-","true","https://cdn.appmaq.com.br/appmaq-media/manuals/0198e263-8e9b-7be9-8754-949baf1c6eb8/019db526-4d66-78dc-a823-8e9c7db33e6d.pdf"
"247","Colheitadeira de Grãos","CASE","AXIAL-FLOW - 5130","catalogo de Peça Case Axial Flow 5130 6130 7130","-","true","https://cdn.appmaq.com.br/appmaq-media/manuals/01957100-b0a4-7509-92c8-cd28307905d4/019db527-3dc2-749f-a700-bd54e4f5641f.pdf"
"248","Colheitadeira de Grãos","CASE","AXIAL-FLOW - 5130","Catalogo de peças da cabina das colheitadeiras 5130 6130 e 7130","-","true","https://cdn.appmaq.com.br/appmaq-media/manuals/01957100-b0a4-7509-92c8-cd28307905d4/019db527-46f1-763a-b03e-489a61ea038e.pdf"
"249","Colheitadeira de Grãos","CASE","AXIAL-FLOW - 5130","Folheto das colheitadeiras axial flow 5130 6130 7130","-","true","https://cdn.appmaq.com.br/appmaq-media/manuals/01957100-b0a4-7509-92c8-cd28307905d4/019db527-5617-717e-92b1-c03efddf12c5.pdf"
"250","Colheitadeira de Grãos","CASE","AXIAL-FLOW - 5130","Manual de Reparos Case ih axial flow 5130 6130 7130","-","true","https://cdn.appmaq.com.br/appmaq-media/manuals/01957100-b0a4-7509-92c8-cd28307905d4/019db527-58ab-7e3d-989e-b2be1e367cc7.pdf"
"251","Colheitadeira de Grãos","CASE","AXIAL-FLOW - 5130","Mapa-Hidraulico das Colheitadeiras Case Axial Flow 5130-6130-7130-pdf","-","true","https://cdn.appmaq.com.br/appmaq-media/manuals/01957100-b0a4-7509-92c8-cd28307905d4/019db527-593d-7283-975f-c49653329e27.pdf"
"252","Colheitadeira de Grãos","CASE","AXIAL-FLOW - 5130","Operador de Máquinas Agrícolas Guia Básico Case 5130","-","true","https://cdn.appmaq.com.br/appmaq-media/manuals/01957100-b0a4-7509-92c8-cd28307905d4/019db527-5cfe-7b34-aa0c-c00c421919fd.pdf"
"253","Colheitadeira de Grãos","CASE","AXIAL-FLOW - 5130","Peças de Ar Condicionado para colheitadeiras Case em geral","-","true","https://cdn.appmaq.com.br/appmaq-media/manuals/01957100-b0a4-7509-92c8-cd28307905d4/019db527-5dc0-782c-9cbe-5cb5ee805b7d.pdf"
"254","Colheitadeira de Grãos","CASE","AXIAL-FLOW - 5150","Case Axial Flow Serie 150 - 4150 5150, 6150 e 7150","-","true","https://cdn.appmaq.com.br/appmaq-media/manuals/0195b3ba-39a6-7c5a-85ff-2bf16f909647/019db52c-0646-7def-be02-d630cf11fa4d.pdf"
"255","Colheitadeira de Grãos","CASE","AXIAL-FLOW - 5150","manual de serviço colheitadeira case axial flow 5150 6150 7150","-","true","https://cdn.appmaq.com.br/appmaq-media/manuals/0195b3ba-39a6-7c5a-85ff-2bf16f909647/019db52c-069f-7d88-9346-16cecfeba880.pdf"
"256","Colheitadeira de Grãos","CASE","AXIAL-FLOW - 5150","Manual Técnico Colheitadeira 4150 5150, 6150 e 7150","-","true","https://cdn.appmaq.com.br/appmaq-media/manuals/0195b3ba-39a6-7c5a-85ff-2bf16f909647/019db52c-0731-7791-9a9b-64678ea7f7db.pdf"
"257","Colheitadeira de Grãos","CASE","AXIAL-FLOW - 5150","Peças de Ar Condicionado paracolheitadeiras Case em geral","-","true","https://cdn.appmaq.com.br/appmaq-media/manuals/0195b3ba-39a6-7c5a-85ff-2bf16f909647/019db52c-09e4-7962-8077-eccbd973ee30.pdf"
"258","Colheitadeira de Grãos","CASE","AXIAL-FLOW - 5160","Catalogo de peças para a colheitadeira CASE 4160 5160 6160 7160","-","true","https://cdn.appmaq.com.br/appmaq-media/manuals/0198e266-ed0a-7feb-b79a-0d5936c6d1af/019db52c-ea90-7455-a390-d6bb2845a7ab.pdf"
"259","Colheitadeira de Grãos","CASE","AXIAL-FLOW - 5160","Colheitadeiras CASE IH Série 4160 5160 6160 7160 Inovações e Automação - Copia","-","true","https://cdn.appmaq.com.br/appmaq-media/manuals/0198e266-ed0a-7feb-b79a-0d5936c6d1af/019db52c-ec0d-711f-aeef-7ea88f74fa9d.pdf"
"260","Colheitadeira de Grãos","CASE","AXIAL-FLOW - 5160","Especificações em geral das colheitadeiras-de-graos_axial-flow- Axial-Flow 4160 - 5160 - 6160 - 7160","-","true","https://cdn.appmaq.com.br/appmaq-media/manuals/0198e266-ed0a-7feb-b79a-0d5936c6d1af/019db52c-f064-7279-bb4f-37dde6fb4aa3.pdf"
"261","Colheitadeira de Grãos","CASE","AXIAL-FLOW - 5160","Folheto Axial flow Serie 5160 Automation","-","true","https://cdn.appmaq.com.br/appmaq-media/manuals/0198e266-ed0a-7feb-b79a-0d5936c6d1af/019db52c-f0bf-74ab-beac-ba9ae237a32b.pdf"
"262","Colheitadeira de Grãos","CASE","AXIAL-FLOW - 5160","Peças de Ar Condicionado paracolheitadeiras Case em geral","-","true","https://cdn.appmaq.com.br/appmaq-media/manuals/0198e266-ed0a-7feb-b79a-0d5936c6d1af/019db52c-f391-7b73-9dfa-169b680017ab.pdf"
"263","Colheitadeira de Grãos","CASE","AXIAL-FLOW - 6130","catalogo de Peça Case Axial Flow 5130 6130 7130","-","true","https://cdn.appmaq.com.br/appmaq-media/manuals/01957100-b0a4-746c-839f-011a630e8518/019db52d-d367-7ddb-88e2-768abd5d913b.pdf"
"264","Colheitadeira de Grãos","CASE","AXIAL-FLOW - 6130","Catalogo de peças da cabina das colheitadeiras 5130 6130 e 7130","-","true","https://cdn.appmaq.com.br/appmaq-media/manuals/01957100-b0a4-746c-839f-011a630e8518/019db52d-db74-7225-b882-67da46030382.pdf"
"265","Colheitadeira de Grãos","CASE","AXIAL-FLOW - 6130","Folheto das colheitadeiras axial flow 5130 6130 7130","-","true","https://cdn.appmaq.com.br/appmaq-media/manuals/01957100-b0a4-746c-839f-011a630e8518/019db52d-e2da-75db-86e6-081d58650d5d.pdf"
"266","Colheitadeira de Grãos","CASE","AXIAL-FLOW - 6130","Manual de Reparos Case ih axial flow 5130 6130 7130","-","true","https://cdn.appmaq.com.br/appmaq-media/manuals/01957100-b0a4-746c-839f-011a630e8518/019db52d-ed2b-7e1a-a240-30cede09df05.pdf"
"267","Colheitadeira de Grãos","CASE","AXIAL-FLOW - 6130","Manual de serviço Case ih axial flow 5130 6130 7130","-","true","https://cdn.appmaq.com.br/appmaq-media/manuals/01957100-b0a4-746c-839f-011a630e8518/019db52d-ee3f-73b4-8e33-146eab35a138.pdf"
"268","Colheitadeira de Grãos","CASE","AXIAL-FLOW - 6130","Mapa-Hidraulico das Colheitadeiras Case Axial Flow 5130-6130-7130-pdf","-","true","https://cdn.appmaq.com.br/appmaq-media/manuals/01957100-b0a4-746c-839f-011a630e8518/019db52d-ef38-7224-b0cc-7fa5184e1e03.pdf"
"269","Colheitadeira de Grãos","CASE","AXIAL-FLOW - 6130","Peças de Ar Condicionado paracolheitadeiras Case em geral","-","true","https://cdn.appmaq.com.br/appmaq-media/manuals/01957100-b0a4-746c-839f-011a630e8518/019db52d-efb2-7e53-9757-7c0a35697b30.pdf"
"270","Colheitadeira de Grãos","CASE","AXIAL-FLOW - 6160","Catalogo de peças para a colheitadeira CASE 4160 5160 6160 7160","-","true","https://cdn.appmaq.com.br/appmaq-media/manuals/01970c99-1acd-782b-a3e3-1ec74b89864f/019db530-288b-7294-b091-2652c243e1e0.pdf"
"271","Colheitadeira de Grãos","CASE","AXIAL-FLOW - 6160","Colheitadeiras CASE IH Série 4160 5160 6160 7160 Inovações e Automação","-","true","https://cdn.appmaq.com.br/appmaq-media/manuals/01970c99-1acd-782b-a3e3-1ec74b89864f/019db530-2a40-7904-aff4-6188142f64da.pdf"
"272","Colheitadeira de Grãos","CASE","AXIAL-FLOW - 6160","colheitadeiras-de-graos_axial-flow- Axial-Flow 4160 - 5160 - 6160 - 7160","-","true","https://cdn.appmaq.com.br/appmaq-media/manuals/01970c99-1acd-782b-a3e3-1ec74b89864f/019db530-2eb6-7e44-b7f0-85b233d5dcc0.pdf"
"273","Colheitadeira de Grãos","CASE","AXIAL-FLOW - 6160","Especificações em geral das colheitadeiras-de-graos_axial-flow- Axial-Flow 4160 - 5160 - 6160 - 7160","-","true","https://cdn.appmaq.com.br/appmaq-media/manuals/01970c99-1acd-782b-a3e3-1ec74b89864f/019db530-2f28-7834-992f-8100190feccd.pdf"
"274","Colheitadeira de Grãos","CASE","AXIAL-FLOW - 6160","Folheto Axial flow Serie 6160 Automation","-","true","https://cdn.appmaq.com.br/appmaq-media/manuals/01970c99-1acd-782b-a3e3-1ec74b89864f/019db530-2fa8-7906-b8ed-dd9ba7ab7ef8.pdf"
"275","Colheitadeira de Grãos","CASE","AXIAL-FLOW - 6160","Peças de Ar Condicionado paracolheitadeiras Case em geral","-","true","https://cdn.appmaq.com.br/appmaq-media/manuals/01970c99-1acd-782b-a3e3-1ec74b89864f/019db530-32d2-7f47-833d-f0e193ad4640.pdf"
"276","Colheitadeira de Grãos","CASE","AXIAL-FLOW - 7120","Catalogo de peças das colheitadeiras CASE axial flow 7120 - 8120 - 9120","-","true","https://cdn.appmaq.com.br/appmaq-media/manuals/01957100-b0a4-7b8d-b89a-b93c076662ee/019db582-ffe4-7419-acaf-ded4709959aa.pdf"
"277","Colheitadeira de Grãos","CASE","AXIAL-FLOW - 7120","Especificações Técnicas das colheitadeiras Case 7120 8120","-","true","https://cdn.appmaq.com.br/appmaq-media/manuals/01957100-b0a4-7b8d-b89a-b93c076662ee/019db583-041b-7d3c-9242-8dc11022a792.pdf"
"278","Colheitadeira de Grãos","CASE","AXIAL-FLOW - 7120","Manual de Serviço do Case IH AXIAL-FLOW 7120,8120,9120","-","true","https://cdn.appmaq.com.br/appmaq-media/manuals/01957100-b0a4-7b8d-b89a-b93c076662ee/019db588-f31c-7766-8270-e4add3248609.pdf"
"279","Colheitadeira de Grãos","CASE","AXIAL-FLOW - 7120","Peças de Ar Condicionado paracolheitadeiras Case em geral","-","true","https://cdn.appmaq.com.br/appmaq-media/manuals/01957100-b0a4-7b8d-b89a-b93c076662ee/019db583-0518-7f24-bf40-308bb9b3e80b.pdf"
"280","Colheitadeira de Grãos","CASE","AXIAL-FLOW - 7130","catalogo de Peça Case Axial Flow 5130 6130 7130","-","true","https://cdn.appmaq.com.br/appmaq-media/manuals/01957100-b0a4-7b72-91a9-94c3590ee1fe/019db532-4c95-7d6f-ace2-d879d397e9dd.pdf"
"281","Colheitadeira de Grãos","CASE","AXIAL-FLOW - 7130","Catalogo de peças da cabina das colheitadeiras 5130 6130 e 7130","-","true","https://cdn.appmaq.com.br/appmaq-media/manuals/01957100-b0a4-7b72-91a9-94c3590ee1fe/019db532-5453-7c29-b4cd-40dc170712b3.pdf"
"282","Colheitadeira de Grãos","CASE","AXIAL-FLOW - 7130","folheto-axial-flow 5130 6130 7130","-","true","https://cdn.appmaq.com.br/appmaq-media/manuals/01957100-b0a4-7b72-91a9-94c3590ee1fe/019db532-616d-7953-b0b0-e5292367d952.pdf"
"283","Colheitadeira de Grãos","CASE","AXIAL-FLOW - 7130","Manual de Reparos Case ih axial flow 5130 6130 7130","-","true","https://cdn.appmaq.com.br/appmaq-media/manuals/01957100-b0a4-7b72-91a9-94c3590ee1fe/019db532-6271-7203-87f0-e75990a9189d.pdf"
"284","Colheitadeira de Grãos","CASE","AXIAL-FLOW - 7130","Manual de serviço Case ih axial flow 5130 6130 7130","-","true","https://cdn.appmaq.com.br/appmaq-media/manuals/01957100-b0a4-7b72-91a9-94c3590ee1fe/019db532-66c8-721e-bfac-4d4067f98a3a.pdf"
"285","Colheitadeira de Grãos","CASE","AXIAL-FLOW - 7130","Mapa-Hidraulico das Colheitadeiras Case Axial Flow 5130-6130-7130-pdf","-","true","https://cdn.appmaq.com.br/appmaq-media/manuals/01957100-b0a4-7b72-91a9-94c3590ee1fe/019db532-67b0-776a-b48b-a0e0084aab44.pdf"
"286","Colheitadeira de Grãos","CASE","AXIAL-FLOW - 7130","Peças de Ar Condicionado paracolheitadeiras Case em geral","-","true","https://cdn.appmaq.com.br/appmaq-media/manuals/01957100-b0a4-7b72-91a9-94c3590ee1fe/019db532-6b84-72e5-a69e-deaae922f183.pdf"
"287","Colheitadeira de Grãos","CASE","AXIAL-FLOW -7150","Case Axial Flow Serie 150 - 4150 5150, 6150 e 7150","-","true","https://cdn.appmaq.com.br/appmaq-media/manuals/0195b3ba-39a6-71ca-9192-0d1858663217/019db533-48bd-78c5-9ebe-b67879314a45.pdf"
"288","Colheitadeira de Grãos","CASE","AXIAL-FLOW -7150","manual de serviço colheitadeira case axial flow 5150 6150 7150","-","true","https://cdn.appmaq.com.br/appmaq-media/manuals/0195b3ba-39a6-71ca-9192-0d1858663217/019db533-4924-71da-b0b8-fd9a0dc91fcd.pdf"
"289","Colheitadeira de Grãos","CASE","AXIAL-FLOW -7150","Manual Técnico Colheitadeira Case IH Serie 150 - 5150 6150 E 7150 pg","-","true","https://cdn.appmaq.com.br/appmaq-media/manuals/0195b3ba-39a6-71ca-9192-0d1858663217/019db533-49a7-75c8-b446-3e26dd448d2a.pdf"
"290","Colheitadeira de Grãos","CASE","AXIAL-FLOW -7150","Peças de Ar Condicionado paracolheitadeiras Case em geral","-","true","https://cdn.appmaq.com.br/appmaq-media/manuals/0195b3ba-39a6-71ca-9192-0d1858663217/019db533-4c02-7325-addb-efd2c3e49b6a.pdf"
"291","Colheitadeira de Grãos","CASE","AXIAL-FLOW - 7160 ARROZEIRA","Catalogo de peças para a colheitadeira CASE 4160 5160 6160 7160","-","true","https://cdn.appmaq.com.br/appmaq-media/manuals/0198e26e-238c-7e66-9321-ae0a099b495e/019db534-1900-7714-9af4-d8857259c196.pdf"
"292","Colheitadeira de Grãos","CASE","AXIAL-FLOW - 7160 ARROZEIRA","Colheitadeiras CASE IH Série 4160 5160 6160 7160 Inovações e Automação","-","true","https://cdn.appmaq.com.br/appmaq-media/manuals/0198e26e-238c-7e66-9321-ae0a099b495e/019db534-1a92-7ac7-b55f-5847939918d2.pdf"
"293","Colheitadeira de Grãos","CASE","AXIAL-FLOW - 7160 ARROZEIRA","colheitadeiras-de-graos_axial-flow- Axial-Flow 4160 - 5160 - 6160 - 7160","-","true","https://cdn.appmaq.com.br/appmaq-media/manuals/0198e26e-238c-7e66-9321-ae0a099b495e/019db534-1b6a-7967-8e8d-58dcb61545e0.pdf"
"294","Colheitadeira de Grãos","CASE","AXIAL-FLOW - 7160 ARROZEIRA","Especificações em geral das colheitadeiras-de-graos_axial-flow- Axial-Flow 4160 - 5160 - 6160 - 7160","-","true","https://cdn.appmaq.com.br/appmaq-media/manuals/0198e26e-238c-7e66-9321-ae0a099b495e/019db534-1c19-799b-b250-3679b29dba9a.pdf"
"295","Colheitadeira de Grãos","CASE","AXIAL-FLOW - 7160 ARROZEIRA","Folheto Axial flow Serie 160 Automation","-","true","https://cdn.appmaq.com.br/appmaq-media/manuals/0198e26e-238c-7e66-9321-ae0a099b495e/019db534-1c7a-77d2-9c63-03d36872fa14.pdf"
"296","Colheitadeira de Grãos","CASE","AXIAL-FLOW - 7160 ARROZEIRA","Peças de Ar Condicionado paracolheitadeiras Case em geral","-","true","https://cdn.appmaq.com.br/appmaq-media/manuals/0198e26e-238c-7e66-9321-ae0a099b495e/019db534-1d6d-7d05-8eec-0c7e3d78b48f.pdf"
"297","Colheitadeira de Grãos","CASE","AXIAL-FLOW - 7230","Case Manual Do Operador AF230 Colheitadeira Rotativa 7230-8230-9230","-","true","https://cdn.appmaq.com.br/appmaq-media/manuals/01957100-b0a4-7871-9eeb-549826cebaa1/019db5a2-54ce-7bd2-bf95-314fabe350b6.pdf"
"298","Colheitadeira de Grãos","CASE","AXIAL-FLOW - 7230","Folheto das colheitadeiras - CASE-Serie 230 - 7230, 8230 e 9230","-","true","https://cdn.appmaq.com.br/appmaq-media/manuals/01957100-b0a4-7871-9eeb-549826cebaa1/019db5a2-5a04-7684-adf6-3e66a1e628e7.pdf"
"299","Colheitadeira de Grãos","CASE","AXIAL-FLOW - 7230","Manual de Serviço do Case IH AXIAL-FLOW 7230-8230-9230","-","true","https://cdn.appmaq.com.br/appmaq-media/manuals/01957100-b0a4-7871-9eeb-549826cebaa1/019db5a2-5ac8-7234-b734-1caf53ac46d4.pdf"
"300","Colheitadeira de Grãos","CASE","AXIAL-FLOW - 7230","Peças de Ar Condicionado paracolheitadeiras Case em geral","-","true","https://cdn.appmaq.com.br/appmaq-media/manuals/01957100-b0a4-7871-9eeb-549826cebaa1/019db5a2-5b6e-7fd0-becb-435a8b4b792c.pdf"
"301","Colheitadeira de Grãos","CASE","AXIAL-FLOW -7250","Colheitadeira Serie 250 Entrega Tecnica","-","true","https://cdn.appmaq.com.br/appmaq-media/manuals/0195b3ba-39a6-780f-a14a-d716eff2fc6d/019db5a5-eb0c-7f2c-b930-96b41e94177e.pdf"
"302","Colheitadeira de Grãos","CASE","AXIAL-FLOW -7250","Diagnostico Eletrico e Hidraulico Axial Flow 250 7250 8250 9250 -1","-","true","https://cdn.appmaq.com.br/appmaq-media/manuals/0195b3ba-39a6-780f-a14a-d716eff2fc6d/019db659-02ff-793d-ba1d-c07c8ec10b0a.pdf"
"303","Colheitadeira de Grãos","CASE","AXIAL-FLOW -7250","Folheto tecnico da colheitadeira 7250 - 8250 - 9250","-","true","https://cdn.appmaq.com.br/appmaq-media/manuals/0195b3ba-39a6-780f-a14a-d716eff2fc6d/019db5a5-ed0e-72a0-a745-3e9838fdd5b6.pdf"
"304","Colheitadeira de Grãos","CASE","AXIAL-FLOW -7250","Manual Do Operador AF230 Colheitadeira Rotativa 7230 8230 9230","-","true","https://cdn.appmaq.com.br/appmaq-media/manuals/0195b3ba-39a6-780f-a14a-d716eff2fc6d/019db5a5-ef0c-768d-9443-58da546bb48d.pdf"
"305","Colheitadeira de Grãos","CASE","AXIAL-FLOW -7250","Peças de Ar Condicionado paracolheitadeiras Case em geral","-","true","https://cdn.appmaq.com.br/appmaq-media/manuals/0195b3ba-39a6-780f-a14a-d716eff2fc6d/019db5a5-f5a2-73a2-b39c-a86c49ba74bd.pdf"
"306","Colheitadeira de Grãos","CASE","AXIAL-FLOW - 7260","Folheto tecnico da colheitadeira 7260","-","true","https://cdn.appmaq.com.br/appmaq-media/manuals/0198e276-65bc-7b6e-bf21-af331b767aeb/019db5b3-3591-7400-8a39-315b031d2326.pdf"
"307","Colheitadeira de Grãos","CASE","AXIAL-FLOW - 7260","Folheto tecnico das Colheitadeira case AXIAL-FLOW 4160, 5160, 6160 E 716","-","true","https://cdn.appmaq.com.br/appmaq-media/manuals/0198e276-65bc-7b6e-bf21-af331b767aeb/019db5b3-3759-7871-90df-08b497a03f8d.pdf"
"308","Colheitadeira de Grãos","CASE","AXIAL-FLOW - 7260","Peças de Ar Condicionado paracolheitadeiras Case em geral","-","true","https://cdn.appmaq.com.br/appmaq-media/manuals/0198e276-65bc-7b6e-bf21-af331b767aeb/019db5b3-3bbb-71bc-a161-2ce607696143.pdf"
"309","Colheitadeira de Grãos","CASE","AXIAL-FLOW - 8010","Guia de produtividade das colheitadeiras 7010 e 8010","-","true","https://cdn.appmaq.com.br/appmaq-media/manuals/0196f443-bf7f-70c2-beda-098b51016a9b/019db617-76fd-7a62-83e3-ad28881fb583.pdf"
"310","Colheitadeira de Grãos","CASE","AXIAL-FLOW - 8010","manual de reparo do Case IH AFX8010","-","true","https://cdn.appmaq.com.br/appmaq-media/manuals/0196f443-bf7f-70c2-beda-098b51016a9b/019db617-776d-7e1c-981b-fad5b3460ad7.pdf"
"311","Colheitadeira de Grãos","CASE","AXIAL-FLOW - 8010","manual de serviço da colheitadeira case 8010","-","true","https://cdn.appmaq.com.br/appmaq-media/manuals/0196f443-bf7f-70c2-beda-098b51016a9b/019db617-7afa-79b2-9b89-109f91b0ec91.pdf"
"312","Colheitadeira de Grãos","CASE","AXIAL-FLOW - 8010","Manual do operador da colheitadeira case 8010","-","true","https://cdn.appmaq.com.br/appmaq-media/manuals/0196f443-bf7f-70c2-beda-098b51016a9b/019db617-7fe5-70a0-8b02-b3a342dfac10.pdf"
"313","Colheitadeira de Grãos","CASE","AXIAL-FLOW - 8010","Peças de Ar Condicionado paracolheitadeiras Case em geral","-","true","https://cdn.appmaq.com.br/appmaq-media/manuals/0196f443-bf7f-70c2-beda-098b51016a9b/019db617-8391-77e5-a1cd-f7821f8bf21f.pdf"
"314","Colheitadeira de Grãos","CASE","AXIAL-FLOW - 8230","Case Manual Do Operador AF230 Colheitadeira Rotativa 7230-8230-9230","-","true","https://cdn.appmaq.com.br/appmaq-media/manuals/01957100-b0a4-7a9e-8ec8-f999c4728035/019db626-21da-7cc7-89fc-335cc9becf0d.pdf"
"315","Colheitadeira de Grãos","CASE","AXIAL-FLOW - 8230","Folheto das colheitadeiras - CASE-Serie 230 - 7230, 8230 e 9230","-","true","https://cdn.appmaq.com.br/appmaq-media/manuals/01957100-b0a4-7a9e-8ec8-f999c4728035/019db626-27ba-7aad-bc95-23b18d50941d.pdf"
"316","Colheitadeira de Grãos","CASE","AXIAL-FLOW - 8230","Manual de Serviço do Case IH AXIAL-FLOW 7230-8230-9230","-","true","https://cdn.appmaq.com.br/appmaq-media/manuals/01957100-b0a4-7a9e-8ec8-f999c4728035/019db626-2caf-79b6-b2a0-12a8c4b371c1.pdf"
"317","Colheitadeira de Grãos","CASE","AXIAL-FLOW - 8230","Peças de Ar Condicionado paracolheitadeiras Case em geral","-","true","https://cdn.appmaq.com.br/appmaq-media/manuals/01957100-b0a4-7a9e-8ec8-f999c4728035/019db626-2da3-746e-9cbe-01ccc317cbeb.pdf"
"318","Colheitadeira de Grãos","CASE","AXIAL-FLOW - 8250","Diagnostico Eletrico e Hidraulico Axial Flow 250 7250 8250 9250 -1","-","true","https://cdn.appmaq.com.br/appmaq-media/manuals/0195b3ba-39a6-73fc-ab3f-700e9efbe4b1/019db658-6fe3-7785-9bfc-57c7ba49f9b1.pdf"
"319","Colheitadeira de Grãos","CASE","AXIAL-FLOW - 8250","Entrega Tecnica Colheitadeira Serie 250 7250 - 8250 - 9250","-","true","https://cdn.appmaq.com.br/appmaq-media/manuals/0195b3ba-39a6-73fc-ab3f-700e9efbe4b1/019db630-4e97-77db-9f14-a0f4788a7af3.pdf"
"320","Colheitadeira de Grãos","CASE","AXIAL-FLOW - 8250","folheto tecnico da colheitadeira 7250 - 8250 - 9250","-","true","https://cdn.appmaq.com.br/appmaq-media/manuals/0195b3ba-39a6-73fc-ab3f-700e9efbe4b1/019db630-50a8-7117-83b4-8b0908855a7b.pdf"
"321","Colheitadeira de Grãos","CASE","AXIAL-FLOW - 8250","Manual de serviço das colheitadeiras case 7250 8250 9250","-","true","https://cdn.appmaq.com.br/appmaq-media/manuals/0195b3ba-39a6-73fc-ab3f-700e9efbe4b1/019db630-511e-786e-86f6-a458641eb353.pdf"
"322","Colheitadeira de Grãos","CASE","AXIAL-FLOW - 8250","Manual de Treinamento das Colheitadeiras Case 7250 8250 9250","-","true","https://cdn.appmaq.com.br/appmaq-media/manuals/0195b3ba-39a6-73fc-ab3f-700e9efbe4b1/019db630-51a4-7165-924a-0ae55a295f16.pdf"
"323","Colheitadeira de Grãos","CASE","AXIAL-FLOW - 8250","Manual Do Operador das Colheitadeiras Case 7250-8250-9250","-","true","https://cdn.appmaq.com.br/appmaq-media/manuals/0195b3ba-39a6-73fc-ab3f-700e9efbe4b1/019db630-5530-7b9e-becc-514537e79d2c.pdf"
"324","Colheitadeira de Grãos","CASE","AXIAL-FLOW - 8250","Peças de Ar Condicionado paracolheitadeiras Case em geral","-","true","https://cdn.appmaq.com.br/appmaq-media/manuals/0195b3ba-39a6-73fc-ab3f-700e9efbe4b1/019db630-5da8-7344-a239-1e0cc149d0ef.pdf"
"325","Colheitadeira de Grãos","CASE","AXIAL FLOW - 8260 AUTOMATION","Expecificações tecnicas das colheitadeiras case 7260 8260 9260","-","true","https://cdn.appmaq.com.br/appmaq-media/manuals/0198e6a4-6543-7eca-8ba7-4fbcee8eeafd/019db63e-3199-721c-8631-341e7a3b97a7.pdf"
"326","Colheitadeira de Grãos","CASE","AXIAL FLOW - 8260 AUTOMATION","Folheto tecnico das colheitadeiras case 7260 8260 9260","-","true","https://cdn.appmaq.com.br/appmaq-media/manuals/0198e6a4-6543-7eca-8ba7-4fbcee8eeafd/019db63e-31e0-7d5d-a6bd-5487c70ef8cb.pdf"
"327","Colheitadeira de Grãos","CASE","AXIAL FLOW - 8260 AUTOMATION","Peças de Ar Condicionado para colheitadeiras Case em geral","-","true","https://cdn.appmaq.com.br/appmaq-media/manuals/0198e6a4-6543-7eca-8ba7-4fbcee8eeafd/019db63e-3497-7b03-ae99-85622d8ac69a.pdf"
"328","Colheitadeira de Grãos","CASE","AXIAL-FLOW - 9230","Case Manual Do Operador AF230 Colheitadeira Rotativa 7230-8230-9230","-","true","https://cdn.appmaq.com.br/appmaq-media/manuals/01957100-b0a4-700f-b119-6c223f35dda6/019db641-4419-7fc1-badd-d94e0be0a56a.pdf"
"329","Colheitadeira de Grãos","CASE","AXIAL-FLOW - 9230","Catalogo de Peças para Colheitadeira Case 9230","-","true","https://cdn.appmaq.com.br/appmaq-media/manuals/01957100-b0a4-700f-b119-6c223f35dda6/019db641-4a17-79cc-883c-f595e71bdec1.pdf"
"330","Colheitadeira de Grãos","CASE","AXIAL-FLOW - 9230","Folheto das colheitadeiras - CASE-Serie 230 - 7230, 8230 e 9230","-","true","https://cdn.appmaq.com.br/appmaq-media/manuals/01957100-b0a4-700f-b119-6c223f35dda6/019db641-4a3d-758e-963f-d72aed4f01fc.pdf"
"331","Colheitadeira de Grãos","CASE","AXIAL-FLOW - 9230","Manual de Serviço do Case IH AXIAL-FLOW 7230-8230-9230","-","true","https://cdn.appmaq.com.br/appmaq-media/manuals/01957100-b0a4-700f-b119-6c223f35dda6/019db641-4b41-7657-82d0-0e18acf32d88.pdf"
"332","Colheitadeira de Grãos","CASE","AXIAL-FLOW - 9230","Peças de Ar Condicionado paracolheitadeiras Case em geral","-","true","https://cdn.appmaq.com.br/appmaq-media/manuals/01957100-b0a4-700f-b119-6c223f35dda6/019db641-4f91-7511-a0fb-f6f49e94b719.pdf"
"333","Colheitadeira de Grãos","CASE","AXIAL-FLOW - 9250 AUTOMATION","Diagnostico Eletrico e Hidraulico Axial Flow 250 7250 8250 9250 -1","-","true","https://cdn.appmaq.com.br/appmaq-media/manuals/0195b3ba-39a6-737c-a957-8b9f28448108/019db657-c84b-7a83-bfe8-f8b05d5e0d4f.pdf"
"334","Colheitadeira de Grãos","CASE","AXIAL-FLOW - 9250 AUTOMATION","Entrega Tecnica da Colheitadeira Serie 250 - 9250","-","true","https://cdn.appmaq.com.br/appmaq-media/manuals/0195b3ba-39a6-737c-a957-8b9f28448108/019db64a-39da-7afe-9ace-ec0c56286eb2.pdf"
"335","Colheitadeira de Grãos","CASE","AXIAL-FLOW - 9250 AUTOMATION","folheto tecnico da colheitadeira 7250 - 8250 - 9250","-","true","https://cdn.appmaq.com.br/appmaq-media/manuals/0195b3ba-39a6-737c-a957-8b9f28448108/019db64a-3bda-70cd-ab2d-2fcd8af73d77.pdf"
"336","Colheitadeira de Grãos","CASE","AXIAL-FLOW - 9250 AUTOMATION","Manual de serviço das colheitadeiras case 7250 8250 9250","-","true","https://cdn.appmaq.com.br/appmaq-media/manuals/0195b3ba-39a6-737c-a957-8b9f28448108/019db64a-3da1-7311-b2c2-0246d082725c.pdf"
"337","Colheitadeira de Grãos","CASE","AXIAL-FLOW - 9250 AUTOMATION","Manual de Treinamento das Colheitadeiras Case 7250 8250 9250","-","true","https://cdn.appmaq.com.br/appmaq-media/manuals/0195b3ba-39a6-737c-a957-8b9f28448108/019db64a-3dee-7317-80a5-80e22301056a.pdf"
"338","Colheitadeira de Grãos","CASE","AXIAL-FLOW - 9250 AUTOMATION","Peças de Ar Condicionado paracolheitadeiras Case em geral","-","true","https://cdn.appmaq.com.br/appmaq-media/manuals/0195b3ba-39a6-737c-a957-8b9f28448108/019db64a-4055-782e-bc01-8f7a5ae889ab.pdf"
"339","Colheitadeira de Grãos","CASE","AXIAL-FLOW - 9260 AUTOMATION","Expecificações tecnicas das colheitadeiras case 7260 8260 9260","-","true","https://cdn.appmaq.com.br/appmaq-media/manuals/0198e279-1ae3-795d-b37d-276a5f4e4844/019db651-b51f-7eb6-abbd-7fd9e7126dc2.pdf"
"340","Colheitadeira de Grãos","CASE","AXIAL-FLOW - 9260 AUTOMATION","Peças de Ar Condicionado paracolheitadeiras Case em geral","-","true","https://cdn.appmaq.com.br/appmaq-media/manuals/0198e279-1ae3-795d-b37d-276a5f4e4844/019db651-b561-703f-9f36-a47202d70e85.pdf"
"341","Colheitadeira de Grãos","FENDT","IDEAL 10T","AJUSTE DE COLHEITA PARA COLHEITADEIRAS E PLATAFORMA IDEAL - FENDT","-","true","https://cdn.appmaq.com.br/appmaq-media/manuals/019dca41-b5ec-7de7-b55f-fa58673da784/019df93a-bf47-7611-8098-e4cd652e32ea.pdf"
"342","Colheitadeira de Grãos","FENDT","IDEAL 10T","AJUSTE DE CONCAVOS SIMPLES ROTOR - COLHHEITADEIRA FENDT-","-","true","https://cdn.appmaq.com.br/appmaq-media/manuals/019dca41-b5ec-7de7-b55f-fa58673da784/019df93a-bfaa-7ae0-af24-b78fb67b8390.pdf"
"343","Colheitadeira de Grãos","FENDT","IDEAL 10T","AJUSTES DE CONCAVOS DUPLOS ROTOR - COLHEITADEIRAS FENDT-","-","true","https://cdn.appmaq.com.br/appmaq-media/manuals/019dca41-b5ec-7de7-b55f-fa58673da784/019df93a-bfd6-766c-9983-9a4c39d851d3.pdf"
"344","Colheitadeira de Grãos","FENDT","IDEAL 10T","CATALOGO DE PRODUTOS FENDT","-","true","https://cdn.appmaq.com.br/appmaq-media/manuals/019dca41-b5ec-7de7-b55f-fa58673da784/019dca48-bc63-738c-8e80-3265c5374468.pdf"
"345","Colheitadeira de Grãos","FENDT","IDEAL 10T","FOLHETO TÉCNICO COLHEITADEIRA FENDT - IDEAL 10T","-","true","https://cdn.appmaq.com.br/appmaq-media/manuals/019dca41-b5ec-7de7-b55f-fa58673da784/019dca48-bc8b-7717-b168-5f892855f3bc.pdf"
"346","Colheitadeira de Grãos","FENDT","IDEAL 7","AJUSTE DE COLHEITA PARA COLHEITADEIRAS E PLATAFORMA IDEAL - FENDT","-","true","https://cdn.appmaq.com.br/appmaq-media/manuals/0196a6d4-82a0-72ac-a877-6cd2bf5753e7/019df92c-9073-7f45-9bd1-5da62e496f6e.pdf"
"347","Colheitadeira de Grãos","FENDT","IDEAL 7","AJUSTE DE CONCAVOS SIMPLES ROTOR - COLHHEITADEIRA FENDT-","-","true","https://cdn.appmaq.com.br/appmaq-media/manuals/0196a6d4-82a0-72ac-a877-6cd2bf5753e7/019df92c-90ce-7b40-bac0-443d5b186c64.pdf"
"348","Colheitadeira de Grãos","FENDT","IDEAL 7","AJUSTES DE CONCAVOS DUPLOS ROTOR - COLHEITADEIRAS FENDT-","-","true","https://cdn.appmaq.com.br/appmaq-media/manuals/0196a6d4-82a0-72ac-a877-6cd2bf5753e7/019df92c-914a-77d1-8a44-1722bf478544.pdf"
"349","Colheitadeira de Grãos","FENDT","IDEAL 7","CATALOGO DE PRODUTOS FENDT","-","true","https://cdn.appmaq.com.br/appmaq-media/manuals/0196a6d4-82a0-72ac-a877-6cd2bf5753e7/019dca43-5b43-7c01-8e0c-9709759571b2.pdf"
"350","Colheitadeira de Grãos","FENDT","IDEAL 7","ESPECIFICAÇÕES TÉCNICAS DA COLHEITADEIRA FENDT - IDEAL 7 - IDEAL 8 - IDEAL 9","-","true","https://cdn.appmaq.com.br/appmaq-media/manuals/0196a6d4-82a0-72ac-a877-6cd2bf5753e7/019dca43-5b6f-75f4-837a-fc254c5bb745.pdf"
"351","Colheitadeira de Grãos","FENDT","IDEAL 7","ESPECIFICAÇÕES TÉCNICAS DAS COLHEITADEIRAS FENDT - IDEAL 7 - IDEAL 7 PL - IDEAL 8 - IDEAL 8 PL - IDEAL 9 - IDEAL 9 PL","-","true","https://cdn.appmaq.com.br/appmaq-media/manuals/0196a6d4-82a0-72ac-a877-6cd2bf5753e7/019dca43-5bb7-7d49-91ed-15e35e708713.pdf"
"352","Colheitadeira de Grãos","FENDT","IDEAL 7","FOLHETO TÉCNICO COLHEITADEIRAS FENDT - IDEAL 7 - IDEAL 8 - IDEAL 8T - IDEAL 9 - IDEAL 9T","-","true","https://cdn.appmaq.com.br/appmaq-media/manuals/0196a6d4-82a0-72ac-a877-6cd2bf5753e7/019dca43-5c4b-7e5d-8744-51a03cc41d8e.pdf"
"353","Colheitadeira de Grãos","FENDT","IDEAL 7","FOLHETO TÉCNICO COLHETADEIRAS FENDT - IDEAL","-","true","https://cdn.appmaq.com.br/appmaq-media/manuals/0196a6d4-82a0-72ac-a877-6cd2bf5753e7/019dca43-5cbd-78fc-948c-dc613dff3844.pdf"
"354","Colheitadeira de Grãos","FENDT","IDEAL 7","SUGESTÃO DE COLHEITA - MATERAL DE APOIO COLHEITADEIRAS IDEAL 7- 8 - 9 - LAGARTA - FENDT","-","true","https://cdn.appmaq.com.br/appmaq-media/manuals/0196a6d4-82a0-72ac-a877-6cd2bf5753e7/019df92c-e7c4-7a4b-8784-ce7cd45593ab.pdf"
"355","Colheitadeira de Grãos","FENDT","IDEAL 7","TREINAMENTO TÉCNICO MECANICA GERAL - COLHEITADEIRAS FENDT - IDEAL 7- IDEAL - IDEAL 8 - IDEAL 9 - IDEAL 9T","-","true","https://cdn.appmaq.com.br/appmaq-media/manuals/0196a6d4-82a0-72ac-a877-6cd2bf5753e7/019dca43-5e0c-7ee9-8838-13fd6e9c42e3.pdf"
"356","Colheitadeira de Grãos","FENDT","IDEAL 7 PL","AJUSTE DE COLHEITA PARA COLHEITADEIRAS E PLATAFORMA IDEAL - FENDT","-","true","https://cdn.appmaq.com.br/appmaq-media/manuals/019dca40-9c64-731d-96cc-a2cdbc54748b/019df92d-c21b-78c9-a27c-396a287118ce.pdf"
"357","Colheitadeira de Grãos","FENDT","IDEAL 7 PL","AJUSTE DE CONCAVOS SIMPLES ROTOR - COLHHEITADEIRA FENDT-","-","true","https://cdn.appmaq.com.br/appmaq-media/manuals/019dca40-9c64-731d-96cc-a2cdbc54748b/019df92d-c277-7fc2-a988-8b7390dac124.pdf"
"358","Colheitadeira de Grãos","FENDT","IDEAL 7 PL","AJUSTES DE CONCAVOS DUPLOS ROTOR - COLHEITADEIRAS FENDT-","-","true","https://cdn.appmaq.com.br/appmaq-media/manuals/019dca40-9c64-731d-96cc-a2cdbc54748b/019df92d-c2b2-70fe-8a28-962d2584d69b.pdf"
"359","Colheitadeira de Grãos","FENDT","IDEAL 7 PL","ESPECIFICAÇÕES TÉCNICAS DAS COLHEITADEIRAS FENDT - IDEAL 7 - IDEAL 7 PL - IDEAL 8 - IDEAL 8 PL - IDEAL 9 - IDEAL 9 PL","-","true","https://cdn.appmaq.com.br/appmaq-media/manuals/019dca40-9c64-731d-96cc-a2cdbc54748b/019dca43-e4ab-7396-95a5-ed4c6fc15611.pdf"
"360","Colheitadeira de Grãos","FENDT","IDEAL 7 PL","SUGESTÃO DE COLHEITA - MATERAL DE APOIO COLHEITADEIRAS IDEAL 7- 8 - 9 - LAGARTA - FENDT","-","true","https://cdn.appmaq.com.br/appmaq-media/manuals/019dca40-9c64-731d-96cc-a2cdbc54748b/019df92e-1527-7494-9f7f-fed0def0abee.pdf"
"361","Colheitadeira de Grãos","FENDT","IDEAL 8","AJUSTE DE COLHEITA PARA COLHEITADEIRAS E PLATAFORMA IDEAL - FENDT","-","true","https://cdn.appmaq.com.br/appmaq-media/manuals/0196a740-7209-79fa-b345-be7354e36084/019df92e-d8d3-735f-8609-ce8dca206c1d.pdf"
"362","Colheitadeira de Grãos","FENDT","IDEAL 8","AJUSTE DE CONCAVOS SIMPLES ROTOR - COLHHEITADEIRA FENDT-","-","true","https://cdn.appmaq.com.br/appmaq-media/manuals/0196a740-7209-79fa-b345-be7354e36084/019df92e-d936-7deb-9a72-346871b78872.pdf"
"363","Colheitadeira de Grãos","FENDT","IDEAL 8","AJUSTES DE CONCAVOS DUPLOS ROTOR - COLHEITADEIRAS FENDT-","-","true","https://cdn.appmaq.com.br/appmaq-media/manuals/0196a740-7209-79fa-b345-be7354e36084/019df92e-d975-7633-89d0-8c295124472d.pdf"
"364","Colheitadeira de Grãos","FENDT","IDEAL 8","CATALOGO DE PRODUTOS FENDT","-","true","https://cdn.appmaq.com.br/appmaq-media/manuals/0196a740-7209-79fa-b345-be7354e36084/019dca44-7648-71e0-833a-69dc6c1abb60.pdf"
"365","Colheitadeira de Grãos","FENDT","IDEAL 8","ESPECIFICAÇÕES TÉCNICAS DA COLHEITADEIRA FENDT - IDEAL 7 - IDEAL 8 - IDEAL 9","-","true","https://cdn.appmaq.com.br/appmaq-media/manuals/0196a740-7209-79fa-b345-be7354e36084/019dca44-7674-7d1e-a71f-0b59f319698f.pdf"
"366","Colheitadeira de Grãos","FENDT","IDEAL 8","ESPECIFICAÇÕES TÉCNICAS DAS COLHEITADEIRAS FENDT - IDEAL 7 - IDEAL 7 PL - IDEAL 8 - IDEAL 8 PL - IDEAL 9 - IDEAL 9 PL","-","true","https://cdn.appmaq.com.br/appmaq-media/manuals/0196a740-7209-79fa-b345-be7354e36084/019dca44-76f3-78ad-94b0-fdcb6bfbc8d0.pdf"
"367","Colheitadeira de Grãos","FENDT","IDEAL 8","FOLHETO TÉCNICO COLHEITADEIRAS FENDT - IDEAL 7 - IDEAL 8 - IDEAL 8T - IDEAL 9 - IDEAL 9T","-","true","https://cdn.appmaq.com.br/appmaq-media/manuals/0196a740-7209-79fa-b345-be7354e36084/019dca44-7793-7243-94eb-cfa4886f02dc.pdf"
"368","Colheitadeira de Grãos","FENDT","IDEAL 8","FOLHETO TÉCNICO COLHETADEIRAS FENDT - IDEAL","-","true","https://cdn.appmaq.com.br/appmaq-media/manuals/0196a740-7209-79fa-b345-be7354e36084/019dca44-7856-7999-864c-1b4b1667d2ee.pdf"
"369","Colheitadeira de Grãos","FENDT","IDEAL 8","SUGESTÃO DE COLHEITA - MATERAL DE APOIO COLHEITADEIRAS IDEAL 7- 8 - 9 - LAGARTA - FENDT","-","true","https://cdn.appmaq.com.br/appmaq-media/manuals/0196a740-7209-79fa-b345-be7354e36084/019df92f-4b6f-79e8-b024-f63e1a4c9769.pdf"
"370","Colheitadeira de Grãos","FENDT","IDEAL 8","TREINAMENTO OPERACIONAL COLHEITADEIRAS FENDT - IDEAL 8 - 8PL - 8T -","-","true","https://cdn.appmaq.com.br/appmaq-media/manuals/0196a740-7209-79fa-b345-be7354e36084/019df92f-4ba7-7148-afc7-84024af4e073.pdf"
"371","Colheitadeira de Grãos","FENDT","IDEAL 8","TREINAMENTO TÉCNICO MECANICA GERAL - COLHEITADEIRAS FENDT - IDEAL 7- IDEAL - IDEAL 8 - IDEAL 9 - IDEAL 9T","-","true","https://cdn.appmaq.com.br/appmaq-media/manuals/0196a740-7209-79fa-b345-be7354e36084/019dca44-7940-7432-b2e7-3d09055029c5.pdf"
"372","Colheitadeira de Grãos","FENDT","IDEAL 8 PL","AJUSTE DE COLHEITA PARA COLHEITADEIRAS E PLATAFORMA IDEAL - FENDT","-","true","https://cdn.appmaq.com.br/appmaq-media/manuals/019dca40-f1b8-75c9-96f9-b6274522fff6/019df92f-fa22-712a-8cf9-ac48563023ce.pdf"
"373","Colheitadeira de Grãos","FENDT","IDEAL 8 PL","AJUSTE DE CONCAVOS SIMPLES ROTOR - COLHHEITADEIRA FENDT-","-","true","https://cdn.appmaq.com.br/appmaq-media/manuals/019dca40-f1b8-75c9-96f9-b6274522fff6/019df92f-fa7c-7f5d-ae4f-1306401f5670.pdf"
"374","Colheitadeira de Grãos","FENDT","IDEAL 8 PL","AJUSTES DE CONCAVOS DUPLOS ROTOR - COLHEITADEIRAS FENDT-","-","true","https://cdn.appmaq.com.br/appmaq-media/manuals/019dca40-f1b8-75c9-96f9-b6274522fff6/019df92f-face-7e08-a42d-b671a3904557.pdf"
"375","Colheitadeira de Grãos","FENDT","IDEAL 8 PL","ESPECIFICAÇÕES TÉCNICAS DAS COLHEITADEIRAS FENDT - IDEAL 7 - IDEAL 7 PL - IDEAL 8 - IDEAL 8 PL - IDEAL 9 - IDEAL 9 PL","-","true","https://cdn.appmaq.com.br/appmaq-media/manuals/019dca40-f1b8-75c9-96f9-b6274522fff6/019dca45-6373-77cf-bf8a-ea76ec73f1c8.pdf"
"376","Colheitadeira de Grãos","FENDT","IDEAL 8 PL","SUGESTÃO DE COLHEITA - MATERAL DE APOIO COLHEITADEIRAS IDEAL 7- 8 - 9 - LAGARTA - FENDT","-","true","https://cdn.appmaq.com.br/appmaq-media/manuals/019dca40-f1b8-75c9-96f9-b6274522fff6/019df930-6aaa-7dd9-a14a-6b92b58f07a8.pdf"
"377","Colheitadeira de Grãos","FENDT","IDEAL 8T","AJUSTE DE COLHEITA PARA COLHEITADEIRAS E PLATAFORMA IDEAL - FENDT","-","true","https://cdn.appmaq.com.br/appmaq-media/manuals/019dca45-d05a-735a-b3fa-95124013bf6a/019df931-c3ca-78bb-8e24-1e5ac4610735.pdf"
"378","Colheitadeira de Grãos","FENDT","IDEAL 8T","AJUSTE DE CONCAVOS SIMPLES ROTOR - COLHHEITADEIRA FENDT-","-","true","https://cdn.appmaq.com.br/appmaq-media/manuals/019dca45-d05a-735a-b3fa-95124013bf6a/019df931-c431-7a25-ab0f-db9ec8e2a4f2.pdf"
"379","Colheitadeira de Grãos","FENDT","IDEAL 8T","AJUSTES DE CONCAVOS DUPLOS ROTOR - COLHEITADEIRAS FENDT-","-","true","https://cdn.appmaq.com.br/appmaq-media/manuals/019dca45-d05a-735a-b3fa-95124013bf6a/019df931-c466-742e-8f7b-eb66f5003ee5.pdf"
"380","Colheitadeira de Grãos","FENDT","IDEAL 8T","CATALOGO DE PRODUTOS FENDT","-","true","https://cdn.appmaq.com.br/appmaq-media/manuals/019dca45-d05a-735a-b3fa-95124013bf6a/019dca46-6664-7c3b-9383-26a15680a2e1.pdf"
"381","Colheitadeira de Grãos","FENDT","IDEAL 8T","FOLHETO TÉCNICO COLHEITADEIRAS FENDT - IDEAL 7 - IDEAL 8 - IDEAL 8T - IDEAL 9 - IDEAL 9T","-","true","https://cdn.appmaq.com.br/appmaq-media/manuals/019dca45-d05a-735a-b3fa-95124013bf6a/019dca46-668f-7ec6-b771-76e8d53385b1.pdf"
"382","Colheitadeira de Grãos","FENDT","IDEAL 8T","SUGESTÃO DE COLHEITA - MATERAL DE APOIO COLHEITADEIRAS IDEAL 7- 8 - 9 - LAGARTA - FENDT","-","true","https://cdn.appmaq.com.br/appmaq-media/manuals/019dca45-d05a-735a-b3fa-95124013bf6a/019df932-2f60-7502-ae39-3d91774ae170.pdf"
"383","Colheitadeira de Grãos","FENDT","IDEAL 8T","TREINAMENTO OPERACIONAL COLHEITADEIRAS FENDT - IDEAL 8 - 8PL - 8T -","-","true","https://cdn.appmaq.com.br/appmaq-media/manuals/019dca45-d05a-735a-b3fa-95124013bf6a/019df932-2f97-7c7b-97ef-b9d510318a93.pdf"
"384","Colheitadeira de Grãos","FENDT","IDEAL 9","AJUSTE DE COLHEITA PARA COLHEITADEIRAS E PLATAFORMA IDEAL - FENDT","-","true","https://cdn.appmaq.com.br/appmaq-media/manuals/019727dc-5b38-7d57-9161-942a0e1a6423/019df932-d580-7715-8243-284bfd7fb838.pdf"
"385","Colheitadeira de Grãos","FENDT","IDEAL 9","AJUSTE DE CONCAVOS SIMPLES ROTOR - COLHHEITADEIRA FENDT-","-","true","https://cdn.appmaq.com.br/appmaq-media/manuals/019727dc-5b38-7d57-9161-942a0e1a6423/019df932-d610-7906-9d6d-eaaa02d9ebd9.pdf"
"386","Colheitadeira de Grãos","FENDT","IDEAL 9","AJUSTES DE CONCAVOS DUPLOS ROTOR - COLHEITADEIRAS FENDT-","-","true","https://cdn.appmaq.com.br/appmaq-media/manuals/019727dc-5b38-7d57-9161-942a0e1a6423/019df932-d644-781c-a24b-2c3a380d707a.pdf"
"387","Colheitadeira de Grãos","FENDT","IDEAL 9","CATALOGO DE PRODUTOS FENDT","-","true","https://cdn.appmaq.com.br/appmaq-media/manuals/019727dc-5b38-7d57-9161-942a0e1a6423/019dca46-ff98-77a8-ab38-de10a757ed87.pdf"
"388","Colheitadeira de Grãos","FENDT","IDEAL 9","ESPECIFICAÇÕES TÉCNICAS DA COLHEITADEIRA FENDT - IDEAL 7 - IDEAL 8 - IDEAL 9","-","true","https://cdn.appmaq.com.br/appmaq-media/manuals/019727dc-5b38-7d57-9161-942a0e1a6423/019dca46-ffdc-7fa9-8370-b851e83a8b13.pdf"
"389","Colheitadeira de Grãos","FENDT","IDEAL 9","ESPECIFICAÇÕES TÉCNICAS DAS COLHEITADEIRAS FENDT - IDEAL 7 - IDEAL 7 PL - IDEAL 8 - IDEAL 8 PL - IDEAL 9 - IDEAL 9 PL","-","true","https://cdn.appmaq.com.br/appmaq-media/manuals/019727dc-5b38-7d57-9161-942a0e1a6423/019dca47-001b-7680-9efd-ba6a3e7d4b95.pdf"
"390","Colheitadeira de Grãos","FENDT","IDEAL 9","FICHA TÉCNICA DA LINHA DO SUPRESSOR DE INCÊNDIO COLHEITADEIRAS FENDT - IDEAL 9 - IDEAL 9T","-","true","https://cdn.appmaq.com.br/appmaq-media/manuals/019727dc-5b38-7d57-9161-942a0e1a6423/019dca47-00e3-7525-9a3a-046945e1f508.pdf"
"391","Colheitadeira de Grãos","FENDT","IDEAL 9","FOLHETO TÉCNICO COLHEITADEIRAS FENDT - IDEAL 7 - IDEAL 8 - IDEAL 8T - IDEAL 9 - IDEAL 9T","-","true","https://cdn.appmaq.com.br/appmaq-media/manuals/019727dc-5b38-7d57-9161-942a0e1a6423/019dca47-0158-7779-b60b-6b0cd67d137a.pdf"
"392","Colheitadeira de Grãos","FENDT","IDEAL 9","FOLHETO TÉCNICO COLHETADEIRAS FENDT - IDEAL","-","true","https://cdn.appmaq.com.br/appmaq-media/manuals/019727dc-5b38-7d57-9161-942a0e1a6423/019dca47-01ef-7d29-9f4b-719a8081f375.pdf"
"393","Colheitadeira de Grãos","FENDT","IDEAL 9","SUGESTÃO DE COLHEITA - MATERAL DE APOIO COLHEITADEIRAS IDEAL 7- 8 - 9 - LAGARTA - FENDT","-","true","https://cdn.appmaq.com.br/appmaq-media/manuals/019727dc-5b38-7d57-9161-942a0e1a6423/019df933-a9e4-7684-b9a3-be3a8a6c0d3f.pdf"
"394","Colheitadeira de Grãos","FENDT","IDEAL 9","TREINAMENTO TÉCNICO MECANICA GERAL - COLHEITADEIRAS FENDT - IDEAL 7- IDEAL - IDEAL 8 - IDEAL 9 - IDEAL 9T","-","true","https://cdn.appmaq.com.br/appmaq-media/manuals/019727dc-5b38-7d57-9161-942a0e1a6423/019dca47-030f-72e5-a3d0-7f2c333bd02c.pdf"
"395","Colheitadeira de Grãos","FENDT","IDEAL 9 PL","AJUSTE DE COLHEITA PARA COLHEITADEIRAS E PLATAFORMA IDEAL - FENDT","-","true","https://cdn.appmaq.com.br/appmaq-media/manuals/019dca41-5a18-73d5-924a-4ec48b0887af/019df934-f03c-79da-8f39-bbfd28ce282a.pdf"
"396","Colheitadeira de Grãos","FENDT","IDEAL 9 PL","AJUSTE DE CONCAVOS SIMPLES ROTOR - COLHHEITADEIRA FENDT-","-","true","https://cdn.appmaq.com.br/appmaq-media/manuals/019dca41-5a18-73d5-924a-4ec48b0887af/019df934-f094-7954-be6f-74c4e5ead66b.pdf"
"397","Colheitadeira de Grãos","FENDT","IDEAL 9 PL","AJUSTES DE CONCAVOS DUPLOS ROTOR - COLHEITADEIRAS FENDT-","-","true","https://cdn.appmaq.com.br/appmaq-media/manuals/019dca41-5a18-73d5-924a-4ec48b0887af/019df934-f0b6-74bb-8409-1df78f4ef772.pdf"
"398","Colheitadeira de Grãos","FENDT","IDEAL 9 PL","ESPECIFICAÇÕES TÉCNICAS DAS COLHEITADEIRAS FENDT - IDEAL 7 - IDEAL 7 PL - IDEAL 8 - IDEAL 8 PL - IDEAL 9 - IDEAL 9 PL","-","true","https://cdn.appmaq.com.br/appmaq-media/manuals/019dca41-5a18-73d5-924a-4ec48b0887af/019dca47-7ac3-7463-9c81-2ecc503775dd.pdf"
"399","Colheitadeira de Grãos","FENDT","IDEAL 9 PL","SUGESTÃO DE COLHEITA - MATERAL DE APOIO COLHEITADEIRAS IDEAL 7- 8 - 9 - LAGARTA - FENDT","-","true","https://cdn.appmaq.com.br/appmaq-media/manuals/019dca41-5a18-73d5-924a-4ec48b0887af/019df935-6e05-7ba7-bd7e-4c0b653cb1f0.pdf"
"400","Colheitadeira de Grãos","FENDT","IDEAL 9T","AJUSTE DE COLHEITA PARA COLHEITADEIRAS E PLATAFORMA IDEAL - FENDT","-","true","https://cdn.appmaq.com.br/appmaq-media/manuals/0196ac0c-78ff-7016-a24d-3932e442a30d/019df936-28ad-7e53-b03f-9a37cda0015a.pdf"
"401","Colheitadeira de Grãos","FENDT","IDEAL 9T","AJUSTE DE CONCAVOS SIMPLES ROTOR - COLHHEITADEIRA FENDT-","-","true","https://cdn.appmaq.com.br/appmaq-media/manuals/0196ac0c-78ff-7016-a24d-3932e442a30d/019df936-2909-788a-a25c-744366812925.pdf"
"402","Colheitadeira de Grãos","FENDT","IDEAL 9T","AJUSTES DE CONCAVOS DUPLOS ROTOR - COLHEITADEIRAS FENDT-","-","true","https://cdn.appmaq.com.br/appmaq-media/manuals/0196ac0c-78ff-7016-a24d-3932e442a30d/019df936-2930-7faa-bf7a-bdf6b9857b07.pdf"
"403","Colheitadeira de Grãos","FENDT","IDEAL 9T","CATALOGO DE PRODUTOS FENDT","-","true","https://cdn.appmaq.com.br/appmaq-media/manuals/0196ac0c-78ff-7016-a24d-3932e442a30d/019dca48-25e5-7743-b621-4441a0477fde.pdf"
"404","Colheitadeira de Grãos","FENDT","IDEAL 9T","FICHA TÉCNICA DA LINHA DO SUPRESSOR DE INCÊNDIO COLHEITADEIRAS FENDT - IDEAL 9 - IDEAL 9T","-","true","https://cdn.appmaq.com.br/appmaq-media/manuals/0196ac0c-78ff-7016-a24d-3932e442a30d/019dca48-2610-71c8-be0d-b39a29961a45.pdf"
"405","Colheitadeira de Grãos","FENDT","IDEAL 9T","FOLHETO TÉCNICO COLHEITADEIRA FENDT - IDEAL 9T","-","true","https://cdn.appmaq.com.br/appmaq-media/manuals/0196ac0c-78ff-7016-a24d-3932e442a30d/019dca48-26cd-7467-96f4-84f2359adb52.pdf"
"406","Colheitadeira de Grãos","FENDT","IDEAL 9T","FOLHETO TÉCNICO COLHEITADEIRAS FENDT - IDEAL 7 - IDEAL 8 - IDEAL 8T - IDEAL 9 - IDEAL 9T","-","true","https://cdn.appmaq.com.br/appmaq-media/manuals/0196ac0c-78ff-7016-a24d-3932e442a30d/019dca48-27c6-7efb-8202-28d5d4fddf63.pdf"
"407","Colheitadeira de Grãos","FENDT","IDEAL 9T","FOLHETO TÉCNICO COLHETADEIRAS FENDT - IDEAL","-","true","https://cdn.appmaq.com.br/appmaq-media/manuals/0196ac0c-78ff-7016-a24d-3932e442a30d/019dca48-2847-7fb8-8d79-346adcbb8544.pdf"
"408","Colheitadeira de Grãos","FENDT","IDEAL 9T","SUGESTÃO DE COLHEITA - MATERAL DE APOIO COLHEITADEIRAS IDEAL 7- 8 - 9 - LAGARTA - FENDT","-","true","https://cdn.appmaq.com.br/appmaq-media/manuals/0196ac0c-78ff-7016-a24d-3932e442a30d/019df936-7946-7962-9e04-79a46bf14e27.pdf"
"409","Colheitadeira de Grãos","FENDT","IDEAL 9T","TREINAMENTO DE OPERAÇÃO E ENTREGA TÉCNICA COLHEITADEIRAS FENDT - IDEAL 9T","-","true","https://cdn.appmaq.com.br/appmaq-media/manuals/0196ac0c-78ff-7016-a24d-3932e442a30d/019dca48-29f2-7c6b-9e51-4a79aaa34580.pdf"
"410","Colheitadeira de Grãos","FENDT","IDEAL 9T","TREINAMENTO TÉCNICO MECANICA GERAL - COLHEITADEIRAS FENDT - IDEAL 7- IDEAL - IDEAL 8 - IDEAL 9 - IDEAL 9T","-","true","https://cdn.appmaq.com.br/appmaq-media/manuals/0196ac0c-78ff-7016-a24d-3932e442a30d/019dca48-2c1b-76d0-8276-3cfe794aa3d8.pdf"
"411","Colheitadeira de Grãos","JOHN DEERE","1165","CATALOGO DE PEÇAS COLHEITADEIRA JOHN DEERE 1165 - 2008","-","true","https://cdn.appmaq.com.br/appmaq-media/manuals/0196f443-bf7d-7cf6-b649-4f6f43f8c26c/019e1c69-9afb-7972-b12b-3eb2c6757c4d.pdf"
"412","Colheitadeira de Grãos","JOHN DEERE","1165","CATALOGO DE PEÇAS COLHEITADEIRAS JOHN DEERE 1165 - 1175 - 1175 HYDRO - 2008 -","-","true","https://cdn.appmaq.com.br/appmaq-media/manuals/0196f443-bf7d-7cf6-b649-4f6f43f8c26c/019dc9d8-7fac-7b65-81e7-0ad0146d5811.pdf"
"413","Colheitadeira de Grãos","JOHN DEERE","1165","CATALOGO DE PEÇAS COLHETADEIRA JOHN DEERE - 1165 - 2004","-","true","https://cdn.appmaq.com.br/appmaq-media/manuals/0196f443-bf7d-7cf6-b649-4f6f43f8c26c/019dc9d8-7edd-749e-8a82-9055fa4a40da.pdf"
"414","Colheitadeira de Grãos","JOHN DEERE","1165","CATALOGO DE PEÇAS COLHETADEIRA JOHNDEERE 1165 - 2009","-","true","https://cdn.appmaq.com.br/appmaq-media/manuals/0196f443-bf7d-7cf6-b649-4f6f43f8c26c/019dc9d8-811a-78d8-b98c-5e593d61ca07.pdf"
"415","Colheitadeira de Grãos","JOHN DEERE","1165","CORREIAS COLHEITADEIRA JOHN DEERE -1165","-","true","https://cdn.appmaq.com.br/appmaq-media/manuals/0196f443-bf7d-7cf6-b649-4f6f43f8c26c/019db082-1aba-73d6-87a5-b14829d8f842.pdf"
"416","Colheitadeira de Grãos","JOHN DEERE","1165","FOLHETO TÉCNCO COLHEITADEIRA JOHN DEERE 1165","-","true","https://cdn.appmaq.com.br/appmaq-media/manuals/0196f443-bf7d-7cf6-b649-4f6f43f8c26c/019db082-1b72-78d5-9c03-07042051e18e.pdf"
"417","Colheitadeira de Grãos","JOHN DEERE","1165","MANUAL DO OPERADOR DA COLHEITADEIRA JOHN DEERE 1165 e 1175","-","true","https://cdn.appmaq.com.br/appmaq-media/manuals/0196f443-bf7d-7cf6-b649-4f6f43f8c26c/019db082-1bfa-7488-a1f1-1f0549583ead.pdf"
"418","Colheitadeira de Grãos","JOHN DEERE","1170","CATALOGO DE PEÇAS - ILUSTRAÇÃO 1170 - 2000","-","true","https://cdn.appmaq.com.br/appmaq-media/manuals/019e1c5c-5e61-7946-aebb-4e873089e60f/019e1c5d-2ab9-7770-8e56-dd0662dc95fc.pdf"
"419","Colheitadeira de Grãos","JOHN DEERE","1175","Catalogo-de-correias-John-Deere-6200-ate-a-STS-9750-pdf","-","true","https://cdn.appmaq.com.br/appmaq-media/manuals/01957100-b0a4-7f88-b3d4-16cd6cec6e97/019db083-031c-7f65-8fe0-8874d74e6285.pdf"
"420","Colheitadeira de Grãos","JOHN DEERE","1175","Catalogo de peças Colheitadeira john deere 1175 e 1175H","-","true","https://cdn.appmaq.com.br/appmaq-media/manuals/01957100-b0a4-7f88-b3d4-16cd6cec6e97/019db084-33b1-7712-8b09-e54de25c4b7a.pdf"
"421","Colheitadeira de Grãos","JOHN DEERE","1175","Catalogo de peças Colheitadeira john deere 1175 e 1175H (-60154)","-","true","https://cdn.appmaq.com.br/appmaq-media/manuals/01957100-b0a4-7f88-b3d4-16cd6cec6e97/019db082-f85f-7ed9-aca9-c8ba0165d86c.pdf"
"422","Colheitadeira de Grãos","JOHN DEERE","1175","CATÁLOGO DE PEÇAS COLHEITADEIRAS - 1175, 1175H - 2004","-","true","https://cdn.appmaq.com.br/appmaq-media/manuals/01957100-b0a4-7f88-b3d4-16cd6cec6e97/019e1c5b-ce7c-750d-b699-6d1c22927f25.pdf"
"423","Colheitadeira de Grãos","JOHN DEERE","1175","Catalogo de peças Colhetadeira John Deere 1165 - 1175 - 1175 HYDRO -Serie 60155 -","-","true","https://cdn.appmaq.com.br/appmaq-media/manuals/01957100-b0a4-7f88-b3d4-16cd6cec6e97/019db084-357a-74d6-9737-9e9073e9e1e9.pdf"
"424","Colheitadeira de Grãos","JOHN DEERE","1175","Catalogo de peças Colhetadeira John Deere 1175 Serie 60155 -","-","true","https://cdn.appmaq.com.br/appmaq-media/manuals/01957100-b0a4-7f88-b3d4-16cd6cec6e97/019db082-fa30-7219-9b3f-197299698b1a.pdf"
"425","Colheitadeira de Grãos","JOHN DEERE","1175","Catalogo de peças Colhetadeiras john deere 1175 - 1175 HYDRO -serie -60154","-","true","https://cdn.appmaq.com.br/appmaq-media/manuals/01957100-b0a4-7f88-b3d4-16cd6cec6e97/019db082-fce4-7b6c-b7c7-3f80a74d3145.pdf"
"426","Colheitadeira de Grãos","JOHN DEERE","1175","Catalogo de peças Colhetadeiras john deere 1175 serie -60154","-","true","https://cdn.appmaq.com.br/appmaq-media/manuals/01957100-b0a4-7f88-b3d4-16cd6cec6e97/019db082-ffae-7e31-ac83-fbc71d63e7a1.pdf"
"427","Colheitadeira de Grãos","JOHN DEERE","1175","CORREIAS COLHEITADEIRA - 1175","-","true","https://cdn.appmaq.com.br/appmaq-media/manuals/01957100-b0a4-7f88-b3d4-16cd6cec6e97/019db083-04e3-716e-9911-56deb6479c86.pdf"
"428","Colheitadeira de Grãos","JOHN DEERE","1175","MANUAL DO OPERADOR DA COLHEITADEIRA JOHN DEERE 1165 e 1175","-","true","https://cdn.appmaq.com.br/appmaq-media/manuals/01957100-b0a4-7f88-b3d4-16cd6cec6e97/019db083-05b9-77f5-8ea5-81c56bdb66f4.pdf"
"429","Colheitadeira de Grãos","JOHN DEERE","1175","MANUAL DO OPERADOR DE COLHEITADEIRAS JOHN DEERE 1175 HYDRO","-","true","https://cdn.appmaq.com.br/appmaq-media/manuals/01957100-b0a4-7f88-b3d4-16cd6cec6e97/019db084-3703-744a-bb91-e2f18e629a03.pdf"
"430","Colheitadeira de Grãos","JOHN DEERE","1175","Manual-Do-Operador-John-Deere-1175 HYDRO","-","true","https://cdn.appmaq.com.br/appmaq-media/manuals/01957100-b0a4-7f88-b3d4-16cd6cec6e97/019db083-0933-750a-9b88-704726fd8caf.pdf"
"431","Colheitadeira de Grãos","JOHN DEERE","1175","MANUAL TÉCNICO DE DISGNÓSTICO COLHEITADEIRA 1175","-","true","https://cdn.appmaq.com.br/appmaq-media/manuals/01957100-b0a4-7f88-b3d4-16cd6cec6e97/019db083-06ea-7cab-a771-5705a26c8615.pdf"
"432","Colheitadeira de Grãos","JOHN DEERE","1185","Catalo de peças Colheitadeira John deere 1185","-","true","https://cdn.appmaq.com.br/appmaq-media/manuals/01957100-b0a4-743c-9b98-60a706dc28b7/019db085-03f6-74c7-9581-b77ab83f8e3a.pdf"
"433","Colheitadeira de Grãos","JOHN DEERE","1185","Catalogo Pecas Colheitadeiras John Deere 1185","-","true","https://cdn.appmaq.com.br/appmaq-media/manuals/01957100-b0a4-743c-9b98-60a706dc28b7/019db085-08ba-7037-9d95-e3031a4e9732.pdf"
"434","Colheitadeira de Grãos","JOHN DEERE","1185","CORREIAS COLHEITADEIRA - 1185","-","true","https://cdn.appmaq.com.br/appmaq-media/manuals/01957100-b0a4-743c-9b98-60a706dc28b7/019db085-0d15-77d2-a0ae-06bc311a5a7d.pdf"
"435","Colheitadeira de Grãos","JOHN DEERE","1450","Catalogo de peças - 1450CWS -1550-CWS-Colhetadeiras de grãos - PC9621P","-","true","https://cdn.appmaq.com.br/appmaq-media/manuals/01957100-b0a4-7729-8b72-bcb85a0a4216/019db088-9606-7979-846a-dda2c49d0dd0.pdf"
"436","Colheitadeira de Grãos","JOHN DEERE","1450","CATALOGO DE PEÇAS COLHEITADEIRAS JOHN DEERE - 1450,1550 - 2009","-","true","https://cdn.appmaq.com.br/appmaq-media/manuals/01957100-b0a4-7729-8b72-bcb85a0a4216/019e1c6a-8f9a-7382-89f8-ac4373f3671a.pdf"
"437","Colheitadeira de Grãos","JOHN DEERE","1450","CATALOGO DE PEÇAS COLHEITADEIRAS JOHN DEERE - 1450,1550 - 2011","-","true","https://cdn.appmaq.com.br/appmaq-media/manuals/01957100-b0a4-7729-8b72-bcb85a0a4216/019e1c6a-90ed-73eb-983e-7484eca7a2ac.pdf"
"438","Colheitadeira de Grãos","JOHN DEERE","1450","Catalogo de peças Colhetadeiras John Deere 1450-1550","-","true","https://cdn.appmaq.com.br/appmaq-media/manuals/01957100-b0a4-7729-8b72-bcb85a0a4216/019db085-ea94-73f9-83d6-32544be0a3e3.pdf"
"439","Colheitadeira de Grãos","JOHN DEERE","1450","Catalogo de peças Colhetadeiras John Deere 1450 e 1550","-","true","https://cdn.appmaq.com.br/appmaq-media/manuals/01957100-b0a4-7729-8b72-bcb85a0a4216/019db085-e883-758a-8d65-9a1727f415b2.pdf"
"440","Colheitadeira de Grãos","JOHN DEERE","1450","CORREIAS COLHEITADEIRA -1450","-","true","https://cdn.appmaq.com.br/appmaq-media/manuals/01957100-b0a4-7729-8b72-bcb85a0a4216/019db085-edf4-7081-8387-5f26a5d8680d.pdf"
"441","Colheitadeira de Grãos","JOHN DEERE","1450","Manual de reparação colheitadeiras-1450-1550-1450-cws-1550cws-1450wts-1550wts-numero-de-serie-054551B","-","true","https://cdn.appmaq.com.br/appmaq-media/manuals/01957100-b0a4-7729-8b72-bcb85a0a4216/019db089-6f79-7297-ad00-2f13f28459ff.pdf"
"442","Colheitadeira de Grãos","JOHN DEERE","1450","Manual de reparação colheitadeiras-1450-1550-1450-cws-1550cws-1450wts-1550wts-numero-de-serie-054551B","-","true","https://cdn.appmaq.com.br/appmaq-media/manuals/01957100-b0a4-7729-8b72-bcb85a0a4216/019db088-97fa-701a-ab9a-5f821fc9be16.pdf"
"443","Colheitadeira de Grãos","JOHN DEERE","1450","Manual Operador-Colheitadeiras-1450- 1450CWS - 1459WTS e-1550 - 1550 CWS - 1550 WTS","-","true","https://cdn.appmaq.com.br/appmaq-media/manuals/01957100-b0a4-7729-8b72-bcb85a0a4216/019db085-ef74-74b2-b646-1b5c9dbc4cfb.pdf"
"444","Colheitadeira de Grãos","JOHN DEERE","1450","Manual Operador-Colheitadeiras-1450- 1450CWS - 1459WTS e-1550 - 1550 CWS - 1550 WTS","-","true","https://cdn.appmaq.com.br/appmaq-media/manuals/01957100-b0a4-7729-8b72-bcb85a0a4216/019db088-9b4d-7bf6-9f99-4dd3d2f2efdd.pdf"
"445","Colheitadeira de Grãos","JOHN DEERE","1450","Manual Operador-Colheitadeiras-1450- 1450CWS - 1459WTS e-1550 - 1550 CWS - 1550 WTS","-","true","https://cdn.appmaq.com.br/appmaq-media/manuals/01957100-b0a4-7729-8b72-bcb85a0a4216/019db089-70b9-7d3c-bfc3-805ce2738e61.pdf"
"446","Colheitadeira de Grãos","JOHN DEERE","1450","Manual Tecnico Colheitadeira John deere 1450 e 1550 Reparação REDUTOR DO CILINDRO","-","true","https://cdn.appmaq.com.br/appmaq-media/manuals/01957100-b0a4-7729-8b72-bcb85a0a4216/019db085-f25e-758b-beb6-bf4a84c9d87a.pdf"
"447","Colheitadeira de Grãos","JOHN DEERE","1450","Manual técnico Colhetadeiras John deere 1450 e 1550 reparação","-","true","https://cdn.appmaq.com.br/appmaq-media/manuals/01957100-b0a4-7729-8b72-bcb85a0a4216/019db088-9e74-7505-bfe2-d2b7fcb329f3.pdf"
"448","Colheitadeira de Grãos","JOHN DEERE","1450","Manual técnico Colhetadeiras John deere 1450 e 1550 reparação","-","true","https://cdn.appmaq.com.br/appmaq-media/manuals/01957100-b0a4-7729-8b72-bcb85a0a4216/019db085-f35e-7890-9d74-fd755b5f96eb.pdf"
"449","Colheitadeira de Grãos","JOHN DEERE","1450","Manual técnico Colhetadeiras John deere 1450 e 1550 reparação","-","true","https://cdn.appmaq.com.br/appmaq-media/manuals/01957100-b0a4-7729-8b72-bcb85a0a4216/019db089-7467-76db-be2b-cc0e52831d3e.pdf"
"450","Colheitadeira de Grãos","JOHN DEERE","1450","MANUAL TÉCNICO DE DISGNÓSTICO DA COLHEITADEIRA JOHN DEERE - 1450-1550- 1450CWS- 1550 CWS- 1450 WTS E 1550 WTS","-","true","https://cdn.appmaq.com.br/appmaq-media/manuals/01957100-b0a4-7729-8b72-bcb85a0a4216/019db085-f678-7589-b331-3e598c4ebc47.pdf"
"451","Colheitadeira de Grãos","JOHN DEERE","1450","MANUAL TÉCNICO DE DISGNÓSTICO DA COLHEITADEIRA JOHN DEERE - 1450-1550- 1450CWS- 1550 CWS- 1450 WTS E 1550 WTS","-","true","https://cdn.appmaq.com.br/appmaq-media/manuals/01957100-b0a4-7729-8b72-bcb85a0a4216/019db089-76fc-7513-80ee-c022f34f516c.pdf"
"452","Colheitadeira de Grãos","JOHN DEERE","1450","MANUAL TÉCNICO DE DISGNÓSTICO DA COLHEITADEIRA JOHN DEERE - 1450-1550- 1450CWS- 1550 CWS- 1450 WTS E 1550 WTS","-","true","https://cdn.appmaq.com.br/appmaq-media/manuals/01957100-b0a4-7729-8b72-bcb85a0a4216/019db088-a18e-74e3-a350-786ab35473d9.pdf"
"453","Colheitadeira de Grãos","JOHN DEERE","1450","Manual técnico e operação e testes colhetadeiras John deere 1450 e 1550 - 1450 CWS - 1550 CWS- 1450 WTS E 1550 WTS","-","true","https://cdn.appmaq.com.br/appmaq-media/manuals/01957100-b0a4-7729-8b72-bcb85a0a4216/019db085-f84b-7dcb-83b1-b2857c35abda.pdf"
"454","Colheitadeira de Grãos","JOHN DEERE","1450","Manual técnico e operação e testes colhetadeiras John deere 1450 e 1550 - 1450 CWS - 1550 CWS- 1450 WTS E 1550 WTS","-","true","https://cdn.appmaq.com.br/appmaq-media/manuals/01957100-b0a4-7729-8b72-bcb85a0a4216/019db088-a49e-7c18-bbc2-d67a36b52034.pdf"
"455","Colheitadeira de Grãos","JOHN DEERE","1450","Manual técnico e operação e testes colhetadeiras John deere 1450 e 1550 - 1450 CWS - 1550 CWS- 1450 WTS E 1550 WTS","-","true","https://cdn.appmaq.com.br/appmaq-media/manuals/01957100-b0a4-7729-8b72-bcb85a0a4216/019db089-7962-7071-b314-4018de4acb74.pdf"
"456","Colheitadeira de Grãos","JOHN DEERE","1450","Sistema de Ar-Condicionado- 1450, 1450 CWS, 1550 e 1550 CWS da Colhetadeiras John Deere","-","true","https://cdn.appmaq.com.br/appmaq-media/manuals/01957100-b0a4-7729-8b72-bcb85a0a4216/019db085-fb25-7952-b808-f459b87d76fd.pdf"
"457","Colheitadeira de Grãos","JOHN DEERE","1450","Sistema de Ar-Condicionado- 1450, 1450 CWS, 1550 e 1550 CWS da Colhetadeiras John Deere","-","true","https://cdn.appmaq.com.br/appmaq-media/manuals/01957100-b0a4-7729-8b72-bcb85a0a4216/019db088-a791-7cfb-b0cb-74d940140e84.pdf"
"458","Colheitadeira de Grãos","JOHN DEERE","1450","Sistema de Ar-Condicionado- 1450, 1450 CWS, 1550 e 1550 CWS da Colhetadeiras John Deere","-","true","https://cdn.appmaq.com.br/appmaq-media/manuals/01957100-b0a4-7729-8b72-bcb85a0a4216/019db089-7bf1-78b2-9f56-eed82d7cc7a5.pdf"
"459","Colheitadeira de Grãos","JOHN DEERE","1470","CATALOGO DE PEÇAS COLHEITADEIRA JOHN DEERE -1470-E-1570-pdf","-","true","https://cdn.appmaq.com.br/appmaq-media/manuals/01957100-b0a4-737d-bcaa-e5f00208359d/019db087-1841-7951-b8bd-5b32f96f57ac.pdf"
"460","Colheitadeira de Grãos","JOHN DEERE","1470","Catalogo de peças Colheitadeiras John deere 1470","-","true","https://cdn.appmaq.com.br/appmaq-media/manuals/01957100-b0a4-737d-bcaa-e5f00208359d/019db087-1705-753c-9579-0061b1c1d537.pdf"
"461","Colheitadeira de Grãos","JOHN DEERE","1470","Curso eletrônica John-Deere-1470-1570-Especializacao-Eletronica","-","true","https://cdn.appmaq.com.br/appmaq-media/manuals/01957100-b0a4-737d-bcaa-e5f00208359d/019db087-1a32-767b-9526-2e2ab1604f01.pdf"
"462","Colheitadeira de Grãos","JOHN DEERE","1470","Ficha técnica Colheitadeira -John-Deere- 1470 - 1570","-","true","https://cdn.appmaq.com.br/appmaq-media/manuals/01957100-b0a4-737d-bcaa-e5f00208359d/019db087-1bbc-7553-b203-92b1f6ae31b4.pdf"
"463","Colheitadeira de Grãos","JOHN DEERE","1470","Fundamentos sobre o produto - serviços Colhetadeiras John deere - 1470-e-1570","-","true","https://cdn.appmaq.com.br/appmaq-media/manuals/01957100-b0a4-737d-bcaa-e5f00208359d/019db087-1cb4-7dfe-97b6-419d691affcf.pdf"
"464","Colheitadeira de Grãos","JOHN DEERE","1470","Manual-Operador- Colhetadeiras John Deere - 1470-1570","-","true","https://cdn.appmaq.com.br/appmaq-media/manuals/01957100-b0a4-737d-bcaa-e5f00208359d/019db087-20ec-75f3-a71c-1b421dcca41a.pdf"
"465","Colheitadeira de Grãos","JOHN DEERE","1470","Manual técnico e Diagnostico Colheitadeira-1470-e-1570-Diagnostico-pdf","-","true","https://cdn.appmaq.com.br/appmaq-media/manuals/01957100-b0a4-737d-bcaa-e5f00208359d/019db087-1e7a-7d01-a79f-64a04a1bc014.pdf"
"466","Colheitadeira de Grãos","JOHN DEERE","1550","CATALOGO DE PEÇAS COLHEITADEIRAS JOHN DEERE - 1450,1550 - 2009","-","true","https://cdn.appmaq.com.br/appmaq-media/manuals/01957100-b0a4-7c24-97cc-61d5c6182be8/019e1c6c-cf27-7283-8d04-060c2067c21f.pdf"
"467","Colheitadeira de Grãos","JOHN DEERE","1550","CATALOGO DE PEÇAS COLHEITADEIRAS JOHN DEERE - 1450,1550 - 2011","-","true","https://cdn.appmaq.com.br/appmaq-media/manuals/01957100-b0a4-7c24-97cc-61d5c6182be8/019e1c6c-d066-7787-9fb6-2658769346b1.pdf"
"468","Colheitadeira de Grãos","JOHN DEERE","1550","Catalogo de peças Colheitadeiras John deere 1450 e 1550","-","true","https://cdn.appmaq.com.br/appmaq-media/manuals/01957100-b0a4-7c24-97cc-61d5c6182be8/019db08b-42b0-7208-8186-be49526b4721.pdf"
"469","Colheitadeira de Grãos","JOHN DEERE","1550","Catalogo de peças -Colhetadeiras de grãos John deere - 1450CWS -1550-CWS - PC9621P","-","true","https://cdn.appmaq.com.br/appmaq-media/manuals/01957100-b0a4-7c24-97cc-61d5c6182be8/019db08c-18aa-730d-99e9-84dc8fc5ea08.pdf"
"470","Colheitadeira de Grãos","JOHN DEERE","1550","Catalogo de peças Colhetadeiras John Deere 1450 1 1550 Atualizado","-","true","https://cdn.appmaq.com.br/appmaq-media/manuals/01957100-b0a4-7c24-97cc-61d5c6182be8/019db08b-449e-76d5-a6cc-cca995517127.pdf"
"471","Colheitadeira de Grãos","JOHN DEERE","1550","Catalogo de peças Colhetadeiras John Deere 1450-1550","-","true","https://cdn.appmaq.com.br/appmaq-media/manuals/01957100-b0a4-7c24-97cc-61d5c6182be8/019db08b-4a86-7bf6-8620-2bf3573b13ee.pdf"
"472","Colheitadeira de Grãos","JOHN DEERE","1550","Catalogo de peças Colhetadeiras John Deere 1450 e 1550","-","true","https://cdn.appmaq.com.br/appmaq-media/manuals/01957100-b0a4-7c24-97cc-61d5c6182be8/019db08b-4792-70b3-809e-df4ce65d4484.pdf"
"473","Colheitadeira de Grãos","JOHN DEERE","1550","CORREIAS COLHEITADEIRA -1550","-","true","https://cdn.appmaq.com.br/appmaq-media/manuals/01957100-b0a4-7c24-97cc-61d5c6182be8/019db08b-4e9c-7cd0-8c0b-2cab78741eca.pdf"
"474","Colheitadeira de Grãos","JOHN DEERE","1550","Manual de reparação colheitadeiras-1450-1550-1450-cws-1550cws-1450wts-1550wts-numero-de-serie-054551B","-","true","https://cdn.appmaq.com.br/appmaq-media/manuals/01957100-b0a4-7c24-97cc-61d5c6182be8/019db08c-1aca-7886-876a-e256186043ba.pdf"
"475","Colheitadeira de Grãos","JOHN DEERE","1550","Manual de reparação colheitadeiras-1450-1550-1450-cws-1550cws-1450wts-1550wts-numero-de-serie-054551B","-","true","https://cdn.appmaq.com.br/appmaq-media/manuals/01957100-b0a4-7c24-97cc-61d5c6182be8/019db08b-50d7-76f0-b937-45cce6b6aaf8.pdf"
"476","Colheitadeira de Grãos","JOHN DEERE","1550","Manual de reparação colheitadeiras-1450-1550-1450-cws-1550cws-1450wts-1550wts-numero-de-serie-054551B","-","true","https://cdn.appmaq.com.br/appmaq-media/manuals/01957100-b0a4-7c24-97cc-61d5c6182be8/019db08c-fd8b-72b4-9f6b-e3689c26375f.pdf"
"477","Colheitadeira de Grãos","JOHN DEERE","1550","Manual Operador-Colheitadeiras-1450- 1450CWS - 1459WTS e-1550 - 1550 CWS - 1550 WTS","-","true","https://cdn.appmaq.com.br/appmaq-media/manuals/01957100-b0a4-7c24-97cc-61d5c6182be8/019db08c-1ddb-7d54-adc5-f6ca4c7c9d16.pdf"
"478","Colheitadeira de Grãos","JOHN DEERE","1550","Manual Operador-Colheitadeiras-1450- 1450CWS - 1459WTS e-1550 - 1550 CWS - 1550 WTS","-","true","https://cdn.appmaq.com.br/appmaq-media/manuals/01957100-b0a4-7c24-97cc-61d5c6182be8/019db08c-fee2-7d30-829a-be43a64f86fe.pdf"
"479","Colheitadeira de Grãos","JOHN DEERE","1550","Manual Operador-Colheitadeiras-1450- 1450CWS - 1459WTS e-1550 - 1550 CWS - 1550 WTS","-","true","https://cdn.appmaq.com.br/appmaq-media/manuals/01957100-b0a4-7c24-97cc-61d5c6182be8/019db08b-525c-7f7e-b1e7-49c7b4e8c09e.pdf"
"480","Colheitadeira de Grãos","JOHN DEERE","1550","Manual Tecnico Colheitadeira John deere 1450 e 1550 Reparação REDUTOR DO CILINDRO","-","true","https://cdn.appmaq.com.br/appmaq-media/manuals/01957100-b0a4-7c24-97cc-61d5c6182be8/019db08b-54c5-7967-9b58-74d5dbeae440.pdf"
"481","Colheitadeira de Grãos","JOHN DEERE","1550","Manual técnico Colhetadeiras John deere 1450 e 1550 reparação","-","true","https://cdn.appmaq.com.br/appmaq-media/manuals/01957100-b0a4-7c24-97cc-61d5c6182be8/019db08c-20ad-7556-8b9d-dac65db79169.pdf"
"482","Colheitadeira de Grãos","JOHN DEERE","1550","Manual técnico Colhetadeiras John deere 1450 e 1550 reparação","-","true","https://cdn.appmaq.com.br/appmaq-media/manuals/01957100-b0a4-7c24-97cc-61d5c6182be8/019db08b-5548-7b90-afc4-a27e4448a890.pdf"
"483","Colheitadeira de Grãos","JOHN DEERE","1550","Manual técnico Colhetadeiras John deere 1450 e 1550 reparação","-","true","https://cdn.appmaq.com.br/appmaq-media/manuals/01957100-b0a4-7c24-97cc-61d5c6182be8/019db08d-0221-7f89-b254-3633e2436f6f.pdf"
"484","Colheitadeira de Grãos","JOHN DEERE","1550","MANUAL TÉCNICO DE DISGNÓSTICO DA COLHEITADEIRA JOHN DEERE - 1450-1550- 1450CWS- 1550 CWS- 1450 WTS E 1550 WTS","-","true","https://cdn.appmaq.com.br/appmaq-media/manuals/01957100-b0a4-7c24-97cc-61d5c6182be8/019db08d-064c-73af-8316-941eca89ad75.pdf"
"485","Colheitadeira de Grãos","JOHN DEERE","1550","MANUAL TÉCNICO DE DISGNÓSTICO DA COLHEITADEIRA JOHN DEERE - 1450-1550- 1450CWS- 1550 CWS- 1450 WTS E 1550 WTS","-","true","https://cdn.appmaq.com.br/appmaq-media/manuals/01957100-b0a4-7c24-97cc-61d5c6182be8/019db08c-2372-7e4a-a139-cee74649b378.pdf"
"486","Colheitadeira de Grãos","JOHN DEERE","1550","MANUAL TÉCNICO DE DISGNÓSTICO DA COLHEITADEIRA JOHN DEERE - 1450-1550- 1450CWS- 1550 CWS- 1450 WTS E 1550 WTS","-","true","https://cdn.appmaq.com.br/appmaq-media/manuals/01957100-b0a4-7c24-97cc-61d5c6182be8/019db08b-58fd-7ab5-9b65-9dcbf6fc244c.pdf"
"487","Colheitadeira de Grãos","JOHN DEERE","1550","Manual técnico e operação e testes colhetadeiras John deere 1450 e 1550 - 1450 CWS - 1550 CWS- 1450 WTS E 1550 WTS","-","true","https://cdn.appmaq.com.br/appmaq-media/manuals/01957100-b0a4-7c24-97cc-61d5c6182be8/019db08b-5a40-7b23-b0a8-1a6c65ff88b9.pdf"
"488","Colheitadeira de Grãos","JOHN DEERE","1550","Manual técnico e operação e testes colhetadeiras John deere 1450 e 1550 - 1450 CWS - 1550 CWS- 1450 WTS E 1550 WTS","-","true","https://cdn.appmaq.com.br/appmaq-media/manuals/01957100-b0a4-7c24-97cc-61d5c6182be8/019db08d-090e-748e-a607-a92c0029e2c7.pdf"
"489","Colheitadeira de Grãos","JOHN DEERE","1550","Manual técnico e operação e testes colhetadeiras John deere 1450 e 1550 - 1450 CWS - 1550 CWS- 1450 WTS E 1550 WTS","-","true","https://cdn.appmaq.com.br/appmaq-media/manuals/01957100-b0a4-7c24-97cc-61d5c6182be8/019db08c-2708-75e9-b059-3119cdf271a6.pdf"
"490","Colheitadeira de Grãos","JOHN DEERE","1550","Sistema de Ar-Condicionado- 1450, 1450 CWS, 1550 e 1550 CWS da Colhetadeiras John Deere","-","true","https://cdn.appmaq.com.br/appmaq-media/manuals/01957100-b0a4-7c24-97cc-61d5c6182be8/019db08c-29d7-780b-a05d-ad0fdc7a78e4.pdf"
"491","Colheitadeira de Grãos","JOHN DEERE","1550","Sistema de Ar-Condicionado- 1450, 1450 CWS, 1550 e 1550 CWS da Colhetadeiras John Deere","-","true","https://cdn.appmaq.com.br/appmaq-media/manuals/01957100-b0a4-7c24-97cc-61d5c6182be8/019db08b-5bf6-7718-80a6-61f6ce94ee3d.pdf"
"492","Colheitadeira de Grãos","JOHN DEERE","1550","Sistema de Ar-Condicionado- 1450, 1450 CWS, 1550 e 1550 CWS da Colhetadeiras John Deere","-","true","https://cdn.appmaq.com.br/appmaq-media/manuals/01957100-b0a4-7c24-97cc-61d5c6182be8/019db08d-0c95-7fe3-a461-39783995c2b8.pdf"
"493","Colheitadeira de Grãos","JOHN DEERE","1570","CATALOGO DE PEÇAS COLHEITADEIRA JOHN DEERE -1470-E-1570-pdf","-","true","https://cdn.appmaq.com.br/appmaq-media/manuals/01957100-b0a4-7695-bfc9-1c32b0000467/019db08d-dc32-7b4e-88ee-349d73c7ae40.pdf"
"494","Colheitadeira de Grãos","JOHN DEERE","1570","Catalogo de peças Colheitadeiras John deere1570","-","true","https://cdn.appmaq.com.br/appmaq-media/manuals/01957100-b0a4-7695-bfc9-1c32b0000467/019db08d-daf3-7e56-a2fb-e9cfe50f689d.pdf"
"495","Colheitadeira de Grãos","JOHN DEERE","1570","Curso eletrônica John-Deere-1470-1570-Especializacao-Eletronica","-","true","https://cdn.appmaq.com.br/appmaq-media/manuals/01957100-b0a4-7695-bfc9-1c32b0000467/019db08d-ddf4-7063-a00e-6680545a090a.pdf"
"496","Colheitadeira de Grãos","JOHN DEERE","1570","Ficha técnica Colheitadeira -John-Deere- 1470 - 1570","-","true","https://cdn.appmaq.com.br/appmaq-media/manuals/01957100-b0a4-7695-bfc9-1c32b0000467/019db08d-e018-74df-b6c9-aab4b5184e49.pdf"
"497","Colheitadeira de Grãos","JOHN DEERE","1570","Fundamentos sobre o produto - serviços Colhetadeiras John deere - 1470-e-1570","-","true","https://cdn.appmaq.com.br/appmaq-media/manuals/01957100-b0a4-7695-bfc9-1c32b0000467/019db08d-e12f-7b08-afcf-7259fd9439bc.pdf"
"498","Colheitadeira de Grãos","JOHN DEERE","1570","Manual-Operador- Colhetadeiras John Deere - 1470-1570","-","true","https://cdn.appmaq.com.br/appmaq-media/manuals/01957100-b0a4-7695-bfc9-1c32b0000467/019db08d-e5a5-725c-bf91-dacd2ea8956e.pdf"
"499","Colheitadeira de Grãos","JOHN DEERE","1570","Manual técnco e Diagnostico Colheitadeira-1470-e-1570-Diagnostico-pdf","-","true","https://cdn.appmaq.com.br/appmaq-media/manuals/01957100-b0a4-7695-bfc9-1c32b0000467/019db08d-e249-77e4-b332-12a6876cdce2.pdf"
"500","Colheitadeira de Grãos","JOHN DEERE","1650 CTS ARROZEIRA","CATALOGO DE PEÇAS COLHEITADEIRA JOHN DEERE -1650-CTS-pdf","-","true","https://cdn.appmaq.com.br/appmaq-media/manuals/019db08f-6bc5-720c-926d-110665b76788/019db090-71c8-7392-8137-a0d8d2da1df4.pdf"
"501","Colheitadeira de Grãos","JOHN DEERE","1650 CTS ARROZEIRA","CORREIAS COLHEITADEIRA -1650 CTS- ARROZEIRA","-","true","https://cdn.appmaq.com.br/appmaq-media/manuals/019db08f-6bc5-720c-926d-110665b76788/019db090-730a-7e6e-9c27-1d65693ecebe.pdf"
"502","Colheitadeira de Grãos","JOHN DEERE","8500","CATALOGO DE PEÇAS COLHEITADEIRA JOHN DEERE - 8500, 8700 - PORT","-","true","https://cdn.appmaq.com.br/appmaq-media/manuals/019e1c63-0b6d-7433-bc84-18d1be28575e/019e1c67-0601-7755-92d3-9cd4a4fe8d6b.pdf"
"503","Colheitadeira de Grãos","JOHN DEERE","8700","CATALOGO DE PEÇAS COLHEITADEIRA JOHN DEERE - 8500, 8700 - PORT","-","true","https://cdn.appmaq.com.br/appmaq-media/manuals/019e1c65-2620-7c55-8dfe-3b3afb353312/019e1c67-94d7-78c5-a5ef-b8e6b9c2d8c6.pdf"
"504","Colheitadeira de Grãos","JOHN DEERE","9470 STS","Calibração colhetadeiras STS SÉRIE 70","-","true","https://cdn.appmaq.com.br/appmaq-media/manuals/01957100-b0a4-724f-bbcb-64f9241d5e00/019dac68-eb39-79af-8aba-449a4fe6f345.pdf"
"505","Colheitadeira de Grãos","JOHN DEERE","9470 STS","Catalogo de peças Colheitadeira John Deere STS 9470","-","true","https://cdn.appmaq.com.br/appmaq-media/manuals/01957100-b0a4-724f-bbcb-64f9241d5e00/019dac68-eba9-71d2-8f16-7af482273532.pdf"
"506","Colheitadeira de Grãos","JOHN DEERE","9470 STS","DIAGNÓSTICOS COLHEITADEIRA - JOHN DEERE - 9470 STS, 9570 STS, 9670 STS e 9770 STS","-","true","https://cdn.appmaq.com.br/appmaq-media/manuals/01957100-b0a4-724f-bbcb-64f9241d5e00/019ef10e-4ef9-736c-afd4-15f769b93c02.pdf"
"507","Colheitadeira de Grãos","JOHN DEERE","9470 STS","GUIA DE REFERÊNCIA RÁPIDA COLHEITADEIRA JOHN DEERE 9470 STS","-","true","https://cdn.appmaq.com.br/appmaq-media/manuals/01957100-b0a4-724f-bbcb-64f9241d5e00/019dac68-ee46-7457-8155-42b14122d337.pdf"
"508","Colheitadeira de Grãos","JOHN DEERE","9470 STS","MANUAL DO OPERADOR COLHETADEIRA JOHN DEEERE 9470 STS - 9570 STS","-","true","https://cdn.appmaq.com.br/appmaq-media/manuals/01957100-b0a4-724f-bbcb-64f9241d5e00/019dac68-eee3-75a6-bd4c-53f905aa44f1.pdf"
"509","Colheitadeira de Grãos","JOHN DEERE","9470 STS","Manual técnico de diagnostico colhetadeiras 9470 STS- 9570 STS - 9670 STS- 9770 STS","-","true","https://cdn.appmaq.com.br/appmaq-media/manuals/01957100-b0a4-724f-bbcb-64f9241d5e00/019dac68-f398-7c22-80c6-a1707dd672f4.pdf"
"510","Colheitadeira de Grãos","JOHN DEERE","9510","CATALOGO DE PEÇAS COLHEITADEIRAS JOHN DEERE - 9510, SH9510 - 2005","-","true","https://cdn.appmaq.com.br/appmaq-media/manuals/019e1c6d-a7d6-7182-9dd7-0c9f5dd6b9ce/019e1c6e-881b-77ce-a2d6-21010afbebd0.pdf"
"511","Colheitadeira de Grãos","JOHN DEERE","9510","Catalogo de peças Colhetadeira John Deere 9510 e SH9510","-","true","https://cdn.appmaq.com.br/appmaq-media/manuals/019e1c6d-a7d6-7182-9dd7-0c9f5dd6b9ce/019e1c6e-8912-76d5-9605-7500ca8522a5.pdf"
"512","Colheitadeira de Grãos","JOHN DEERE","9510","MANUAL DO OPERADOR COLHEITADEIRA JOHN DEERE 9410 - 9510 - 9610","-","true","https://cdn.appmaq.com.br/appmaq-media/manuals/019e1c6d-a7d6-7182-9dd7-0c9f5dd6b9ce/019e1c6e-8a39-769d-bb4c-2cd4420dd36d.pdf"
"513","Colheitadeira de Grãos","JOHN DEERE","9570 STS","Bloco lateral Colhetadeiras John deere STS","-","true","https://cdn.appmaq.com.br/appmaq-media/manuals/01957100-b0a4-7b06-bc7f-9bc107e3a4cd/019dac6a-8cb9-7f37-b3cc-96b4ba229a07.pdf"
"514","Colheitadeira de Grãos","JOHN DEERE","9570 STS","Calibração colhetadeiras STS SÉRIE 70","-","true","https://cdn.appmaq.com.br/appmaq-media/manuals/01957100-b0a4-7b06-bc7f-9bc107e3a4cd/019dac6a-8cd7-7fe6-adda-6b19e52b3638.pdf"
"515","Colheitadeira de Grãos","JOHN DEERE","9570 STS","CALIBRAÇÕES DAS COLHEITADEIRAS STS 9570","-","true","https://cdn.appmaq.com.br/appmaq-media/manuals/01957100-b0a4-7b06-bc7f-9bc107e3a4cd/019dac6a-8d17-7c4e-b110-704f71d4cecc.pdf"
"516","Colheitadeira de Grãos","JOHN DEERE","9570 STS","Catalogo de peças Colheitadeira John deere 9570 STS","-","true","https://cdn.appmaq.com.br/appmaq-media/manuals/01957100-b0a4-7b06-bc7f-9bc107e3a4cd/019dac6a-8d8c-77f4-9849-a19d44ac28ea.pdf"
"517","Colheitadeira de Grãos","JOHN DEERE","9570 STS","Catalogo de peças Colheitadeiras de grãos john deere - PC9752 - STS 9570","-","true","https://cdn.appmaq.com.br/appmaq-media/manuals/01957100-b0a4-7b06-bc7f-9bc107e3a4cd/019dac6a-8eab-7145-9a5e-1cc14f27754d.pdf"
"518","Colheitadeira de Grãos","JOHN DEERE","9570 STS","Catalogo de peças PC9752 - STS 9570","-","true","https://cdn.appmaq.com.br/appmaq-media/manuals/01957100-b0a4-7b06-bc7f-9bc107e3a4cd/019dac6a-9011-7d16-bb2e-69f85c24da9b.pdf"
"519","Colheitadeira de Grãos","JOHN DEERE","9570 STS","Catalogo de peças STS 9570 - nov 2010","-","true","https://cdn.appmaq.com.br/appmaq-media/manuals/01957100-b0a4-7b06-bc7f-9bc107e3a4cd/019dac6a-91dc-7217-b8ba-3be0db2c88ba.pdf"
"520","Colheitadeira de Grãos","JOHN DEERE","9570 STS","DIAGNÓSTICOS COLHEITADEIRA - JOHN DEERE - 9470 STS, 9570 STS, 9670 STS e 9770 STS","-","true","https://cdn.appmaq.com.br/appmaq-media/manuals/01957100-b0a4-7b06-bc7f-9bc107e3a4cd/019ef10e-b0b9-7626-82db-21ba08340663.pdf"
"521","Colheitadeira de Grãos","JOHN DEERE","9570 STS","FICHA TÉCNICA COLHEITADEIRA JOHN DEERE - 9570 STS - 9670 STS - 9770-STS","-","true","https://cdn.appmaq.com.br/appmaq-media/manuals/01957100-b0a4-7b06-bc7f-9bc107e3a4cd/019dac6a-933b-7f03-bef9-8185b52c09b2.pdf"
"522","Colheitadeira de Grãos","JOHN DEERE","9570 STS","GUIA DE REFERÊNCIA COLHETADEIRA JOHN DEERE 9570 STS","-","true","https://cdn.appmaq.com.br/appmaq-media/manuals/01957100-b0a4-7b06-bc7f-9bc107e3a4cd/019dac6a-9434-78ba-8bea-4d50775fda73.pdf"
"523","Colheitadeira de Grãos","JOHN DEERE","9570 STS","INSTRUÇÃO SOBRE COLHEITADEIRA JOHN DEERE 9670 STS","-","true","https://cdn.appmaq.com.br/appmaq-media/manuals/01957100-b0a4-7b06-bc7f-9bc107e3a4cd/019dac6a-94c9-74fb-b753-b355f71e3756.pdf"
"524","Colheitadeira de Grãos","JOHN DEERE","9570 STS","MANUAL DO OPERADOR COLHETADEIRA JOHN DEERE 9570 STS","-","true","https://cdn.appmaq.com.br/appmaq-media/manuals/01957100-b0a4-7b06-bc7f-9bc107e3a4cd/019dac6a-9565-7ef5-91e7-6ce688d94645.pdf"
"525","Colheitadeira de Grãos","JOHN DEERE","9570 STS","Manual técnico de diagnostico colhetadeiras 9470 STS- 9570 STS - 9670 STS- 9770 STS","-","true","https://cdn.appmaq.com.br/appmaq-media/manuals/01957100-b0a4-7b06-bc7f-9bc107e3a4cd/019dac6a-9814-7648-846e-31261aad6938.pdf"
"526","Colheitadeira de Grãos","JOHN DEERE","9570 STS","TREINAMENTO DO SISTEMA DE TRILHA COLHEITADEIRA JOHN DEEERE 9570 STS","-","true","https://cdn.appmaq.com.br/appmaq-media/manuals/01957100-b0a4-7b06-bc7f-9bc107e3a4cd/019dac6a-98f7-7e7b-b060-2ca12abab13f.pdf"
"527","Colheitadeira de Grãos","JOHN DEERE","9650 STS","Bloco lateral Colhetadeiras John deere STS","-","true","https://cdn.appmaq.com.br/appmaq-media/manuals/01957100-b0a4-791b-967f-91f93a935495/019dac6c-53e3-7408-830b-26a1a0f6ad6a.pdf"
"528","Colheitadeira de Grãos","JOHN DEERE","9650 STS","Calibrações Colheitadeiras 9650 STS - Série 50","-","true","https://cdn.appmaq.com.br/appmaq-media/manuals/01957100-b0a4-791b-967f-91f93a935495/019dac6c-53f4-738e-87ce-c969e42f60b4.pdf"
"529","Colheitadeira de Grãos","JOHN DEERE","9650 STS","Catalogo-de-correias-John-Deere-9650 STS -pdf","-","true","https://cdn.appmaq.com.br/appmaq-media/manuals/01957100-b0a4-791b-967f-91f93a935495/019dac6c-5b16-7280-8670-8b0350841ad0.pdf"
"530","Colheitadeira de Grãos","JOHN DEERE","9650 STS","CATALOGO DE PEÇAS COLHEITADEIRA JOHN DEERE - 9650, 9750 STS - 2003","-","true","https://cdn.appmaq.com.br/appmaq-media/manuals/01957100-b0a4-791b-967f-91f93a935495/019e1c68-92c2-7bf5-a87b-3934795d405c.pdf"
"531","Colheitadeira de Grãos","JOHN DEERE","9650 STS","Catalogo de peças Colheitadeiras John Deere 9650STS e 9750STS","-","true","https://cdn.appmaq.com.br/appmaq-media/manuals/01957100-b0a4-791b-967f-91f93a935495/019dac6c-5601-7837-836e-a32302bec2e0.pdf"
"532","Colheitadeira de Grãos","JOHN DEERE","9650 STS","Catalogo de peças colheitadeiras STS 9650 e STS 9750 Atualizado","-","true","https://cdn.appmaq.com.br/appmaq-media/manuals/01957100-b0a4-791b-967f-91f93a935495/019dac6c-5457-7f31-b01c-516f7deb5c19.pdf"
"533","Colheitadeira de Grãos","JOHN DEERE","9650 STS","Catalogo Pecas Colhetadeiras de grãos John Deere STS - 9650 9750","-","true","https://cdn.appmaq.com.br/appmaq-media/manuals/01957100-b0a4-791b-967f-91f93a935495/019dac6c-59c2-7da5-8818-d5a57d9120c3.pdf"
"534","Colheitadeira de Grãos","JOHN DEERE","9650 STS","MANUAL DO OPERADOR COLHEITADEIRA JOHN DEERE 9650 STS - 9750 STS","-","true","https://cdn.appmaq.com.br/appmaq-media/manuals/01957100-b0a4-791b-967f-91f93a935495/019dac6c-5c11-7be1-8f50-dff99c84042e.pdf"
"535","Colheitadeira de Grãos","JOHN DEERE","9650 STS","Manual Tecnico colheitadeiras John Deere_9650_ - 9750-STS","-","true","https://cdn.appmaq.com.br/appmaq-media/manuals/01957100-b0a4-791b-967f-91f93a935495/019dac6c-5d4f-74c4-bc2e-64d5d3cd4cbf.pdf"
"536","Colheitadeira de Grãos","JOHN DEERE","9650 STS","Manual técnico de diagnósticos e testes de colheitadeiras John deere STS9650- STS9750","-","true","https://cdn.appmaq.com.br/appmaq-media/manuals/01957100-b0a4-791b-967f-91f93a935495/019dac6c-5f02-727c-943f-a156841465d5.pdf"
"537","Colheitadeira de Grãos","JOHN DEERE","9650 STS","Treinamento geral operacional Colheitadeiras john deere STS -Serie-50","-","true","https://cdn.appmaq.com.br/appmaq-media/manuals/01957100-b0a4-791b-967f-91f93a935495/019dac6c-6121-7bce-b917-e058ce5a98a2.pdf"
"538","Colheitadeira de Grãos","JOHN DEERE","9670 STS","Bloco lateral Colhetadeiras John deere STS","-","true","https://cdn.appmaq.com.br/appmaq-media/manuals/01957100-b0a4-7a95-975e-e20bd75a08ce/019dac6d-d55f-7c6b-8567-c217e28e467a.pdf"
"539","Colheitadeira de Grãos","JOHN DEERE","9670 STS","Calibração colhetadeiras STS SÉRIE 70","-","true","https://cdn.appmaq.com.br/appmaq-media/manuals/01957100-b0a4-7a95-975e-e20bd75a08ce/019dac6d-d580-7a55-8481-a7e11509813c.pdf"
"540","Colheitadeira de Grãos","JOHN DEERE","9670 STS","Catalogo de peças colhetadeiras 9670 e 9770 sts","-","true","https://cdn.appmaq.com.br/appmaq-media/manuals/01957100-b0a4-7a95-975e-e20bd75a08ce/019dac6d-d61f-7113-8863-8dae5387f684.pdf"
"541","Colheitadeira de Grãos","JOHN DEERE","9670 STS","CATALOGO DE PEÇAS DA COLHEITADEIRA JOHN DEERE 9670 STS -","-","true","https://cdn.appmaq.com.br/appmaq-media/manuals/01957100-b0a4-7a95-975e-e20bd75a08ce/019dac6d-d74a-79a9-a339-c664fca92eb3.pdf"
"542","Colheitadeira de Grãos","JOHN DEERE","9670 STS","DIAGNÓSTICOS COLHEITADEIRA - JOHN DEERE - 9470 STS, 9570 STS, 9670 STS e 9770 STS","-","true","https://cdn.appmaq.com.br/appmaq-media/manuals/01957100-b0a4-7a95-975e-e20bd75a08ce/019ef10f-1569-7934-9546-514b2f108e46.pdf"
"543","Colheitadeira de Grãos","JOHN DEERE","9670 STS","FICHA TÉCNICA COLHEITADEIRA JOHN DEERE - 9570 STS - 9670 STS - 9770-STS","-","true","https://cdn.appmaq.com.br/appmaq-media/manuals/01957100-b0a4-7a95-975e-e20bd75a08ce/019dac6d-d91c-7e12-b502-7c8d8565d87f.pdf"
"544","Colheitadeira de Grãos","JOHN DEERE","9670 STS","GUIA DE REFERÊNCIA RÁPIDA COLHEITADEIRAS JOHN DEERE - 9670 STS - 9770 STS","-","true","https://cdn.appmaq.com.br/appmaq-media/manuals/01957100-b0a4-7a95-975e-e20bd75a08ce/019dac6d-da00-75d6-aaea-c974feb87424.pdf"
"545","Colheitadeira de Grãos","JOHN DEERE","9670 STS","INSTRUÇÃO SOBRE TECNOLOGIA DA COLHEITADEIRA JOHN DEERE - 9670 STS","-","true","https://cdn.appmaq.com.br/appmaq-media/manuals/01957100-b0a4-7a95-975e-e20bd75a08ce/019dac6d-db06-720c-9e78-b744d6bca746.pdf"
"546","Colheitadeira de Grãos","JOHN DEERE","9670 STS","MANUAL DE OPERADOR COLHEITADEIRA JOHN DEERE 9670 STS - 9770 STS","-","true","https://cdn.appmaq.com.br/appmaq-media/manuals/01957100-b0a4-7a95-975e-e20bd75a08ce/019dac6d-dd63-7ef1-bb36-b4ff15edf582.pdf"
"547","Colheitadeira de Grãos","JOHN DEERE","9670 STS","Manual do operador de Colheitadeiras John deere -9670-STS e-9770-STS","-","true","https://cdn.appmaq.com.br/appmaq-media/manuals/01957100-b0a4-7a95-975e-e20bd75a08ce/019dac6d-deb5-7b43-b04a-1845d4243041.pdf"
"548","Colheitadeira de Grãos","JOHN DEERE","9670 STS","Manual técnico de diagnostico colhetadeiras 9470 STS- 9570 STS - 9670 STS- 9770 STS","-","true","https://cdn.appmaq.com.br/appmaq-media/manuals/01957100-b0a4-7a95-975e-e20bd75a08ce/019dac6d-e056-7b3e-b916-7c9a05927303.pdf"
"549","Colheitadeira de Grãos","JOHN DEERE","9670 STS","Regulagem-Colheitadeira john deere 9670 STS-v2","-","true","https://cdn.appmaq.com.br/appmaq-media/manuals/01957100-b0a4-7a95-975e-e20bd75a08ce/019dac6d-e184-7527-af5b-04f8ff61e8b2.pdf"
"550","Colheitadeira de Grãos","JOHN DEERE","9670 STS","Treinamento geral Operacional Colheitadeiras STS - Serie-70","-","true","https://cdn.appmaq.com.br/appmaq-media/manuals/01957100-b0a4-7a95-975e-e20bd75a08ce/019dac6d-e215-729d-992e-7657b27b0191.pdf"
"551","Colheitadeira de Grãos","JOHN DEERE","9750 STS","Bloco lateral Colhetadeiras John deere STS","-","true","https://cdn.appmaq.com.br/appmaq-media/manuals/01957100-b0a4-794c-85b9-50106f5bfaa1/019dac6f-3e72-7197-b5ca-5540c4ad0c0d.pdf"
"552","Colheitadeira de Grãos","JOHN DEERE","9750 STS","Catalogo-de-correias-John-Deere-STS 9750-pdf","-","true","https://cdn.appmaq.com.br/appmaq-media/manuals/01957100-b0a4-794c-85b9-50106f5bfaa1/019dac6f-41ba-7618-b580-b24b4620b121.pdf"
"553","Colheitadeira de Grãos","JOHN DEERE","9750 STS","CATALOGO DE PEÇAS COLHEITADEIRA JOHN DEERE - 9650, 9750 STS - 2003","-","true","https://cdn.appmaq.com.br/appmaq-media/manuals/01957100-b0a4-794c-85b9-50106f5bfaa1/019e1c69-0117-74f6-af08-475594179dbc.pdf"
"554","Colheitadeira de Grãos","JOHN DEERE","9750 STS","Catalogo de peças Colheitadeiras john deere STS 9650 e 9750 Atualizado","-","true","https://cdn.appmaq.com.br/appmaq-media/manuals/01957100-b0a4-794c-85b9-50106f5bfaa1/019dac6f-3e82-7972-98b8-cd923c5056bb.pdf"
"555","Colheitadeira de Grãos","JOHN DEERE","9750 STS","Catalogo Pecas Colhetadeiras de grãos John Deere STS - 9650 9750","-","true","https://cdn.appmaq.com.br/appmaq-media/manuals/01957100-b0a4-794c-85b9-50106f5bfaa1/019dac6f-3ff5-7453-ae88-36bb8d11d912.pdf"
"556","Colheitadeira de Grãos","JOHN DEERE","9750 STS","MANUAL DO OPERADOR COLHEITADEIRA JOHN DEERE 9650 STS - 9750 STS","-","true","https://cdn.appmaq.com.br/appmaq-media/manuals/01957100-b0a4-794c-85b9-50106f5bfaa1/019dac6f-4208-766e-8eee-8dc6352adc32.pdf"
"557","Colheitadeira de Grãos","JOHN DEERE","9750 STS","Manual Tecnico colheitadeiras John Deere_9650_ - 9750-STS","-","true","https://cdn.appmaq.com.br/appmaq-media/manuals/01957100-b0a4-794c-85b9-50106f5bfaa1/019dac6f-4418-75c0-9214-3af72107b0c4.pdf"
"558","Colheitadeira de Grãos","JOHN DEERE","9750 STS","Treinamento colheitadeiras 9750 -PC600-Hydraflex-pdf","-","true","https://cdn.appmaq.com.br/appmaq-media/manuals/01957100-b0a4-794c-85b9-50106f5bfaa1/019dac6f-48bd-7e85-b668-57a7328e312f.pdf"
"559","Colheitadeira de Grãos","JOHN DEERE","9750 STS","Treinamento geral operacional Colheitadeiras john deere STS -Serie-50","-","true","https://cdn.appmaq.com.br/appmaq-media/manuals/01957100-b0a4-794c-85b9-50106f5bfaa1/019dac6f-45a0-7d90-adb1-d51ab12ee16e.pdf"
"560","Colheitadeira de Grãos","JOHN DEERE","9770 STS","Bloco lateral Colhetadeiras John deere STS","-","true","https://cdn.appmaq.com.br/appmaq-media/manuals/01957100-b0a4-7e7d-b7be-a1061b4b1ddb/019dac70-5268-7d20-b724-66313a9ff8e0.pdf"
"561","Colheitadeira de Grãos","JOHN DEERE","9770 STS","Calibração colhetadeiras STS SÉRIE 70","-","true","https://cdn.appmaq.com.br/appmaq-media/manuals/01957100-b0a4-7e7d-b7be-a1061b4b1ddb/019dac70-5279-7361-8c73-af3868a24ed7.pdf"
"562","Colheitadeira de Grãos","JOHN DEERE","9770 STS","Catalogo de peças colhetadeiras 9670 e 9770 sts","-","true","https://cdn.appmaq.com.br/appmaq-media/manuals/01957100-b0a4-7e7d-b7be-a1061b4b1ddb/019dac70-5287-7a89-8912-b1cfd707fb2e.pdf"
"563","Colheitadeira de Grãos","JOHN DEERE","9770 STS","DIAGNÓSTICOS COLHEITADEIRA - JOHN DEERE - 9470 STS, 9570 STS, 9670 STS e 9770 STS","-","true","https://cdn.appmaq.com.br/appmaq-media/manuals/01957100-b0a4-7e7d-b7be-a1061b4b1ddb/019ef10f-823e-77bd-b706-7566d2c2d424.pdf"
"564","Colheitadeira de Grãos","JOHN DEERE","9770 STS","FICHA TÉCNICA COLHEITADEIRA JOHN DEERE - 9570 STS - 9670 STS - 9770-STS","-","true","https://cdn.appmaq.com.br/appmaq-media/manuals/01957100-b0a4-7e7d-b7be-a1061b4b1ddb/019dac70-5417-7a4b-a63a-1975fac67448.pdf"
"565","Colheitadeira de Grãos","JOHN DEERE","9770 STS","GUIA DE REFERÊNCIA RÁPIDA COLHEITADEIRAS JOHN DEERE - 9670 STS - 9770 STS","-","true","https://cdn.appmaq.com.br/appmaq-media/manuals/01957100-b0a4-7e7d-b7be-a1061b4b1ddb/019dac70-54ad-70d4-bfa3-f1bcbda03752.pdf"
"566","Colheitadeira de Grãos","JOHN DEERE","9770 STS","MANUAL DE OPERADOR COLHEITADEIRA JOHN DEERE 9670 STS - 9770 STS","-","true","https://cdn.appmaq.com.br/appmaq-media/manuals/01957100-b0a4-7e7d-b7be-a1061b4b1ddb/019dac70-5632-7564-a566-a279dbbb488a.pdf"
"567","Colheitadeira de Grãos","JOHN DEERE","9770 STS","Manual do operador de Colheitadeiras John deere -9670-STS e-9770-STS","-","true","https://cdn.appmaq.com.br/appmaq-media/manuals/01957100-b0a4-7e7d-b7be-a1061b4b1ddb/019dac70-5859-7677-bc6b-31c3c7e12d0a.pdf"
"568","Colheitadeira de Grãos","JOHN DEERE","9770 STS","Manual técnico de diagnostico colhetadeiras 9470 STS- 9570 STS - 9670 STS- 9770 STS","-","true","https://cdn.appmaq.com.br/appmaq-media/manuals/01957100-b0a4-7e7d-b7be-a1061b4b1ddb/019dac70-5a5a-7056-939c-2d5969b9d414.pdf"
"569","Colheitadeira de Grãos","JOHN DEERE","9770 STS","Treinamento geral Operacional Colheitadeiras STS - Serie-70","-","true","https://cdn.appmaq.com.br/appmaq-media/manuals/01957100-b0a4-7e7d-b7be-a1061b4b1ddb/019dac70-5b6f-77f4-baf4-2454caaafcdd.pdf"
"570","Colheitadeira de Grãos","JOHN DEERE","S430","CATALOGO DE PEÇAS COLHEITADEIRA JOHN DEERE - S430 PARTS","-","true","https://cdn.appmaq.com.br/appmaq-media/manuals/01957100-b0c2-70ae-94f2-15012e215417/019d917e-4983-7e80-8920-e2932e695053.pdf"
"571","Colheitadeira de Grãos","JOHN DEERE","S430","Catalogo de peças PARALELA da Linha S de colhetadeiras John deere","-","true","https://cdn.appmaq.com.br/appmaq-media/manuals/01957100-b0c2-70ae-94f2-15012e215417/019d7e29-061e-77fb-9dc0-c026b16ffec6.pdf"
"572","Colheitadeira de Grãos","JOHN DEERE","S430","FICHA TÉCNICA Serie-S430- S440pdf","-","true","https://cdn.appmaq.com.br/appmaq-media/manuals/01957100-b0c2-70ae-94f2-15012e215417/019d7e29-15bf-7ea4-b908-86784c8c897d.pdf"
"573","Colheitadeira de Grãos","JOHN DEERE","S430","Folheto técnico -Colheitadeira-de-Graos S430 -Serie-S-John-Deere-BR","-","true","https://cdn.appmaq.com.br/appmaq-media/manuals/01957100-b0c2-70ae-94f2-15012e215417/019d7e29-15dc-7bac-9a12-339edefa593d.pdf"
"574","Colheitadeira de Grãos","JOHN DEERE","S430","Guia das colhetadeiras -série-S400 - S500- S600","-","true","https://cdn.appmaq.com.br/appmaq-media/manuals/01957100-b0c2-70ae-94f2-15012e215417/019d8db9-edc2-76e8-8c14-ad68a3b78314.pdf"
"575","Colheitadeira de Grãos","JOHN DEERE","S430","GUIA DE REFERENCIA RÁPIDA COLHEITADEIRAS S760 - S770-S780- S790","-","true","https://cdn.appmaq.com.br/appmaq-media/manuals/01957100-b0c2-70ae-94f2-15012e215417/019d9ba8-ef09-7840-819e-9d65b783885e.pdf"
"576","Colheitadeira de Grãos","JOHN DEERE","S430","Informativo da colhetadeira John deere -S430-Edicao-Sul-Americana-Introdu-o","-","true","https://cdn.appmaq.com.br/appmaq-media/manuals/01957100-b0c2-70ae-94f2-15012e215417/019d7e29-1618-75e4-b340-69156a0612c5.pdf"
"577","Colheitadeira de Grãos","JOHN DEERE","S430","Instruções sobre ajustes e configurações de colheitadeiras da série S da John Deere","-","true","https://cdn.appmaq.com.br/appmaq-media/manuals/01957100-b0c2-70ae-94f2-15012e215417/019d8312-ece2-7a11-a1d9-c1858f2135a8.pdf"
"578","Colheitadeira de Grãos","JOHN DEERE","S430","Manual do operador Colheitadeira de Grãos-John-Deere-S430 - S440","-","true","https://cdn.appmaq.com.br/appmaq-media/manuals/01957100-b0c2-70ae-94f2-15012e215417/019d7e29-162a-76e3-9f1a-32d648bb9e82.pdf"
"579","Colheitadeira de Grãos","JOHN DEERE","S430","Visão e ajustes - colhetadeiras SÉRIE S - Caderno-Do-Aluno","-","true","https://cdn.appmaq.com.br/appmaq-media/manuals/01957100-b0c2-70ae-94f2-15012e215417/019d7e29-17b3-7e39-adc9-ba464f276f87.pdf"
"580","Colheitadeira de Grãos","JOHN DEERE","S430","VISÃO GERAL DE FILTROS COM INTERVALOS E CAPACIDADES DE SERVIÇO S430-filtros-1","-","true","https://cdn.appmaq.com.br/appmaq-media/manuals/01957100-b0c2-70ae-94f2-15012e215417/019d7e29-181d-77cf-bd83-e1ec8bef70e4.pdf"
"581","Colheitadeira de Grãos","JOHN DEERE","S430","Visao-Geral-Tecnica-Eletrica Colhetadeiras Série S","-","true","https://cdn.appmaq.com.br/appmaq-media/manuals/01957100-b0c2-70ae-94f2-15012e215417/019d7e29-1829-70a2-8c34-36f768ac3013.pdf"
"582","Colheitadeira de Grãos","JOHN DEERE","S4 300","FICHA TÉCNICA COLHEITADEIRA JOHN DEERE S4 300","-","true","https://cdn.appmaq.com.br/appmaq-media/manuals/019d96b5-3350-71bf-93d9-50e1a6c26fb3/019d9bd0-89bd-7c35-b5ea-c6ea28ff7ee9.pdf"
"583","Colheitadeira de Grãos","JOHN DEERE","S4 300","FOLHETO COLHEITADEIRA JOHN DEERE S4 300 e S4 400","-","true","https://cdn.appmaq.com.br/appmaq-media/manuals/019d96b5-3350-71bf-93d9-50e1a6c26fb3/019d9bd0-8a21-7cc6-8083-0fed22c2ef7c.pdf"
"584","Colheitadeira de Grãos","JOHN DEERE","S4 300","MANUAL DO OPERADOR DA COLHEITADEIRA JOHN DEERE S4 300 e s4 400","-","true","https://cdn.appmaq.com.br/appmaq-media/manuals/019d96b5-3350-71bf-93d9-50e1a6c26fb3/019d9bd0-8acc-7718-9ee5-d7fd7ce6a917.pdf"
"585","Colheitadeira de Grãos","JOHN DEERE","S440","Catalogo de peças PARALELA da Linha S de colhetadeiras John deere","-","true","https://cdn.appmaq.com.br/appmaq-media/manuals/01957100-b0c2-76cf-a51d-5fef88213f62/019d8315-ffd1-7ab8-8478-d71361d3af54.pdf"
"586","Colheitadeira de Grãos","JOHN DEERE","S440","FICHA TÉCNICA Serie-S430- S440pdf","-","true","https://cdn.appmaq.com.br/appmaq-media/manuals/01957100-b0c2-76cf-a51d-5fef88213f62/019d8316-0edf-77ec-95f3-36a3328916d5.pdf"
"587","Colheitadeira de Grãos","JOHN DEERE","S440","FOLHETO TÉCNICO colheitadeiras-série-S400","-","true","https://cdn.appmaq.com.br/appmaq-media/manuals/01957100-b0c2-76cf-a51d-5fef88213f62/019d8dba-b95b-71ad-991d-30f4eab52629.pdf"
"588","Colheitadeira de Grãos","JOHN DEERE","S440","Guia das colhetadeiras -série-S400 - S500- S600","-","true","https://cdn.appmaq.com.br/appmaq-media/manuals/01957100-b0c2-76cf-a51d-5fef88213f62/019d8dba-b974-74c2-b1e8-51086d71d259.pdf"
"589","Colheitadeira de Grãos","JOHN DEERE","S440","GUIA DE REFERENCIA RÁPIDA COLHEITADEIRAS S760 - S770-S780- S790","-","true","https://cdn.appmaq.com.br/appmaq-media/manuals/01957100-b0c2-76cf-a51d-5fef88213f62/019d9ba9-6715-7aef-b0b3-0fda6f2e27ee.pdf"
"590","Colheitadeira de Grãos","JOHN DEERE","S440","Instruções sobre ajustes e configurações de colheitadeiras da série S da John Deere","-","true","https://cdn.appmaq.com.br/appmaq-media/manuals/01957100-b0c2-76cf-a51d-5fef88213f62/019d8316-0f00-716a-964e-c643c459626b.pdf"
"591","Colheitadeira de Grãos","JOHN DEERE","S440","Manual do operador Colheitadeira de Grãos-John-Deere-S430 - S440","-","true","https://cdn.appmaq.com.br/appmaq-media/manuals/01957100-b0c2-76cf-a51d-5fef88213f62/019d8316-0f56-7e3f-8d19-2628ade6354b.pdf"
"592","Colheitadeira de Grãos","JOHN DEERE","S440","Visão e ajustes - colhetadeiras SÉRIE S - Caderno-Do-Aluno","-","true","https://cdn.appmaq.com.br/appmaq-media/manuals/01957100-b0c2-76cf-a51d-5fef88213f62/019d8316-10c8-7700-b18a-bd094120268b.pdf"
"593","Colheitadeira de Grãos","JOHN DEERE","S440","VISÃO GERAL DE FILTROS COM INTERVALOS E CAPACIDADES DE SERVIÇO-S440-FILTROS","-","true","https://cdn.appmaq.com.br/appmaq-media/manuals/01957100-b0c2-76cf-a51d-5fef88213f62/019d8dbb-994b-7ac8-8aac-c91db1616356.pdf"
"594","Colheitadeira de Grãos","JOHN DEERE","S440","Visao-Geral-Tecnica-Eletrica Colhetadeiras Série S","-","true","https://cdn.appmaq.com.br/appmaq-media/manuals/01957100-b0c2-76cf-a51d-5fef88213f62/019d8316-1135-7b73-8b9b-ab65d39ca10a.pdf"
"595","Colheitadeira de Grãos","JOHN DEERE","S4 400","FICHA TÉCNICA COLHEITADEIRA JOHN DEERE S4 400","-","true","https://cdn.appmaq.com.br/appmaq-media/manuals/019d96b5-8592-70a0-beda-dfff61a9911d/019d9bd2-320f-77df-bfa0-e7fb704b887b.pdf"
"596","Colheitadeira de Grãos","JOHN DEERE","S4 400","FOLHETO COLHEITADEIRA JOHN DEERE S4 300 e S4 400","-","true","https://cdn.appmaq.com.br/appmaq-media/manuals/019d96b5-8592-70a0-beda-dfff61a9911d/019d9bd2-3264-7491-bfcd-4b2db82f1e69.pdf"
"597","Colheitadeira de Grãos","JOHN DEERE","S4 400","MANUAL DO OPERADOR DA COLHEITADEIRA JOHN DEERE S4 300 e s4 400","-","true","https://cdn.appmaq.com.br/appmaq-media/manuals/019d96b5-8592-70a0-beda-dfff61a9911d/019d9bd2-3311-7ee1-83a6-c76614db9c59.pdf"
"598","Colheitadeira de Grãos","JOHN DEERE","S540","Ajuste-de-colheitadeira John Deere Série S500 e S600","-","true","https://cdn.appmaq.com.br/appmaq-media/manuals/01957100-b0c2-79d4-ba73-a6a5884b3459/019d8379-80ad-7215-b275-71e6a52db90f.pdf"
"599","Colheitadeira de Grãos","JOHN DEERE","S540","Catalogo de peças da colheitadeira John deere - S540-STS","-","true","https://cdn.appmaq.com.br/appmaq-media/manuals/01957100-b0c2-79d4-ba73-a6a5884b3459/019d848c-ccf2-7aa9-8a66-551538bdea3e.pdf"
"600","Colheitadeira de Grãos","JOHN DEERE","S540","Catalogo de peças PARALELA da Linha S de colhetadeiras John deere","-","true","https://cdn.appmaq.com.br/appmaq-media/manuals/01957100-b0c2-79d4-ba73-a6a5884b3459/019d8379-80f8-7540-8a7a-654afb2a7cee.pdf"
"601","Colheitadeira de Grãos","JOHN DEERE","S540","FUNDAMENTOS SISTEMAS HIDRÁULICOS - SÉRIE S -Centro-Aberto","-","true","https://cdn.appmaq.com.br/appmaq-media/manuals/01957100-b0c2-79d4-ba73-a6a5884b3459/019ef122-82b1-7a4f-8de0-e0378b3496dc.pdf"
"602","Colheitadeira de Grãos","JOHN DEERE","S540","Guia das colhetadeiras -série-S400 - S500- S600","-","true","https://cdn.appmaq.com.br/appmaq-media/manuals/01957100-b0c2-79d4-ba73-a6a5884b3459/019d8dbc-3b84-708f-80ca-93357a47ceb1.pdf"
"603","Colheitadeira de Grãos","JOHN DEERE","S540","GUIA DE REFERENCIA RÁPIDO DA COLHEITADEIRA JOHN DEERE S540 e S550","-","true","https://cdn.appmaq.com.br/appmaq-media/manuals/01957100-b0c2-79d4-ba73-a6a5884b3459/019d9bb6-164d-769b-b9b2-3f7330c3887c.pdf"
"604","Colheitadeira de Grãos","JOHN DEERE","S540","Instruções sobre ajustes e configurações de colheitadeiras da série S da John Deere","-","true","https://cdn.appmaq.com.br/appmaq-media/manuals/01957100-b0c2-79d4-ba73-a6a5884b3459/019d8379-8f92-74a7-aebc-8155e3d483ce.pdf"
"605","Colheitadeira de Grãos","JOHN DEERE","S540","MANUAL TECNICO DE REPAROS COLHEITADEIRA - JOHN DEERE - S540 S550 S660 S670 S680 -","-","true","https://cdn.appmaq.com.br/appmaq-media/manuals/01957100-b0c2-79d4-ba73-a6a5884b3459/019ed798-a6e6-72db-8f21-94049572e057.pdf"
"606","Colheitadeira de Grãos","JOHN DEERE","S540","Regulagem de colheitadeiras john deere S500 e S600 e Plataformas","-","true","https://cdn.appmaq.com.br/appmaq-media/manuals/01957100-b0c2-79d4-ba73-a6a5884b3459/019d837a-6be6-72d2-bba5-a612ad13f9fd.pdf"
"607","Colheitadeira de Grãos","JOHN DEERE","S540","Roteiro-Tecnico-Colheitadeira John Deere-S540-S550-pt-BR","-","true","https://cdn.appmaq.com.br/appmaq-media/manuals/01957100-b0c2-79d4-ba73-a6a5884b3459/019d837b-19e9-7cef-908f-c21f4865bd83.pdf"
"608","Colheitadeira de Grãos","JOHN DEERE","S540","Roteiro Técnico Colheitadeiras john deere-S540-S550 54-B8","-","true","https://cdn.appmaq.com.br/appmaq-media/manuals/01957100-b0c2-79d4-ba73-a6a5884b3459/019d837a-6c2e-7d57-8c4c-62111b929840.pdf"
"609","Colheitadeira de Grãos","JOHN DEERE","S540","Visão e ajustes - colhetadeiras SÉRIE S - Caderno-Do-Aluno","-","true","https://cdn.appmaq.com.br/appmaq-media/manuals/01957100-b0c2-79d4-ba73-a6a5884b3459/019d837b-1b59-7ab6-ab52-953011a31196.pdf"
"610","Colheitadeira de Grãos","JOHN DEERE","S540","Visao-Geral-Tecnica-Eletrica Colhetadeiras Série S","-","true","https://cdn.appmaq.com.br/appmaq-media/manuals/01957100-b0c2-79d4-ba73-a6a5884b3459/019d837b-1be1-7799-8e7d-a13f8deafae8.pdf"
"611","Colheitadeira de Grãos","JOHN DEERE","S550","Ajuste-de-colheitadeira John Deere Série S500 e S600","-","true","https://cdn.appmaq.com.br/appmaq-media/manuals/01957100-b0c2-702d-9f95-c74f6e7136e0/019d837c-6a5d-772b-9ad3-e14cfa0603bd.pdf"
"612","Colheitadeira de Grãos","JOHN DEERE","S550","Catalogo de peças Colheitadeiras John Deere -S550","-","true","https://cdn.appmaq.com.br/appmaq-media/manuals/01957100-b0c2-702d-9f95-c74f6e7136e0/019d837c-6aa4-72a9-97c7-cd8efa8d8125.pdf"
"613","Colheitadeira de Grãos","JOHN DEERE","S550","Catalogo de peças PARALELA da Linha S de colhetadeiras John deere","-","true","https://cdn.appmaq.com.br/appmaq-media/manuals/01957100-b0c2-702d-9f95-c74f6e7136e0/019d837d-9447-7a77-bd5b-9eb5141f7123.pdf"
"614","Colheitadeira de Grãos","JOHN DEERE","S550","Colheitadeira john deere S550-visao-tec-alimentador","-","true","https://cdn.appmaq.com.br/appmaq-media/manuals/01957100-b0c2-702d-9f95-c74f6e7136e0/019d837d-a528-7b6e-922b-f941249d2b11.pdf"
"615","Colheitadeira de Grãos","JOHN DEERE","S550","Detalhes técnicos Colheitadeiras John Deere S550- plataformas Serie 600 Modelos 625-630-635F Hydraflex","-","true","https://cdn.appmaq.com.br/appmaq-media/manuals/01957100-b0c2-702d-9f95-c74f6e7136e0/019d837d-a55e-7526-b240-d5f06401845f.pdf"
"616","Colheitadeira de Grãos","JOHN DEERE","S550","FUNDAMENTOS SISTEMAS HIDRÁULICOS - SÉRIE S -Centro-Aberto","-","true","https://cdn.appmaq.com.br/appmaq-media/manuals/01957100-b0c2-702d-9f95-c74f6e7136e0/019ef122-d560-74bd-9e57-abf6556e4e48.pdf"
"617","Colheitadeira de Grãos","JOHN DEERE","S550","Guia das colhetadeiras -série-S400 - S500- S600","-","true","https://cdn.appmaq.com.br/appmaq-media/manuals/01957100-b0c2-702d-9f95-c74f6e7136e0/019d8dbd-3fed-7ece-a01f-0cbd31ca082e.pdf"
"618","Colheitadeira de Grãos","JOHN DEERE","S550","GUIA DE LIMPEZA COLHETADEIRAS JOHN DEERE S550 - S660- S670 - S680 - S685 - S690","-","true","https://cdn.appmaq.com.br/appmaq-media/manuals/01957100-b0c2-702d-9f95-c74f6e7136e0/019d8dbd-3ffb-7836-8171-4d24efce8fe9.pdf"
"619","Colheitadeira de Grãos","JOHN DEERE","S550","GUIA DE REFERENCIA RÁPIDO DA COLHEITADEIRA JOHN DEERE S540 e S550","-","true","https://cdn.appmaq.com.br/appmaq-media/manuals/01957100-b0c2-702d-9f95-c74f6e7136e0/019d9bb6-e6fa-749e-b1ea-258423f9ce92.pdf"
"620","Colheitadeira de Grãos","JOHN DEERE","S550","Instruções sobre ajustes e configurações de colheitadeiras da série S da John Deere","-","true","https://cdn.appmaq.com.br/appmaq-media/manuals/01957100-b0c2-702d-9f95-c74f6e7136e0/019d837e-4854-7442-9348-fd2859cfb648.pdf"
"621","Colheitadeira de Grãos","JOHN DEERE","S550","MANUAL TECNICO DE REPAROS COLHEITADEIRA - JOHN DEERE - S540 S550 S660 S670 S680 -","-","true","https://cdn.appmaq.com.br/appmaq-media/manuals/01957100-b0c2-702d-9f95-c74f6e7136e0/019ed799-68ac-79a9-96f2-79fbb19ee12f.pdf"
"622","Colheitadeira de Grãos","JOHN DEERE","S550","Regulagem de colheitadeiras john deere S500 e S600 e Plataformas","-","true","https://cdn.appmaq.com.br/appmaq-media/manuals/01957100-b0c2-702d-9f95-c74f6e7136e0/019d837e-48b5-7120-93d0-3bae04bf7414.pdf"
"623","Colheitadeira de Grãos","JOHN DEERE","S550","Roteiro-Tecnico-Colheitadeira John Deere-S540-S550-pt-BR","-","true","https://cdn.appmaq.com.br/appmaq-media/manuals/01957100-b0c2-702d-9f95-c74f6e7136e0/019d837e-496d-7238-a6e5-50f69d882ebc.pdf"
"624","Colheitadeira de Grãos","JOHN DEERE","S550","Roteiro Técnico Colheitadeiras john deere-S540-S550 54-B8","-","true","https://cdn.appmaq.com.br/appmaq-media/manuals/01957100-b0c2-702d-9f95-c74f6e7136e0/019d837e-48f8-795f-834d-4eb5bc47a2c8.pdf"
"625","Colheitadeira de Grãos","JOHN DEERE","S550","Visão e ajustes - colhetadeiras SÉRIE S - Caderno-Do-Aluno","-","true","https://cdn.appmaq.com.br/appmaq-media/manuals/01957100-b0c2-702d-9f95-c74f6e7136e0/019d837e-4acc-76f5-a8de-e39fe8ef284b.pdf"
"626","Colheitadeira de Grãos","JOHN DEERE","S550","Visao-Geral-Tecnica-Eletrica Colhetadeiras Série S","-","true","https://cdn.appmaq.com.br/appmaq-media/manuals/01957100-b0c2-702d-9f95-c74f6e7136e0/019d837e-4b6c-79cd-b281-f07e3df2ff26.pdf"
"627","Colheitadeira de Grãos","JOHN DEERE","S550","Visão técnica Colheitadeiras John deere S550- Plataforma série 700","-","true","https://cdn.appmaq.com.br/appmaq-media/manuals/01957100-b0c2-702d-9f95-c74f6e7136e0/019d837e-4b31-7d00-9640-702ad15a8994.pdf"
"628","Colheitadeira de Grãos","JOHN DEERE","S5 500","FICHA TÉCNICA DA COLHEITADEIRA JOHN DEERE S5 500 - BR","-","true","https://cdn.appmaq.com.br/appmaq-media/manuals/019d9bc4-1566-7dee-98b0-efad512e779a/019d9bd3-1641-7ca3-ae09-91353830b390.pdf"
"629","Colheitadeira de Grãos","JOHN DEERE","S5 500","GUIA DE LIMPEZA DA COLHEITADEIRA JOHN DEERE - S5 500 - SÉRIE - S5","-","true","https://cdn.appmaq.com.br/appmaq-media/manuals/019d9bc4-1566-7dee-98b0-efad512e779a/019d9bd3-1698-7f40-b5f4-63066e5a6054.pdf"
"630","Colheitadeira de Grãos","JOHN DEERE","S5 500","GUIA DE REFERENCIA RÁPIDA DA COLHEITADEIRA JOHN DEERE SERIE - S5 500","-","true","https://cdn.appmaq.com.br/appmaq-media/manuals/019d9bc4-1566-7dee-98b0-efad512e779a/019d9bd3-1738-7407-83be-da722476f75c.pdf"
"631","Colheitadeira de Grãos","JOHN DEERE","S5 500","MANUAL DO OPERADOR COLHETADEIRAS JOHN DEERE S5 500 - SÉRIE - S5","-","true","https://cdn.appmaq.com.br/appmaq-media/manuals/019d9bc4-1566-7dee-98b0-efad512e779a/019d9bd3-1810-7916-a6af-7211ac675b32.pdf"
"632","Colheitadeira de Grãos","JOHN DEERE","S650","Ajuste-de-colheitadeira John Deere Série S500 e S600","-","true","https://cdn.appmaq.com.br/appmaq-media/manuals/01992f90-4c34-7a3c-aad4-7dc06257435b/019d83be-687a-7a81-a275-4a91822a651e.pdf"
"633","Colheitadeira de Grãos","JOHN DEERE","S650","Catalogo de peças PARALELA da Linha S de colhetadeiras John deere","-","true","https://cdn.appmaq.com.br/appmaq-media/manuals/01992f90-4c34-7a3c-aad4-7dc06257435b/019d83be-68e6-7507-b8ed-50bcd8df0134.pdf"
"634","Colheitadeira de Grãos","JOHN DEERE","S650","FUNDAMENTOS SISTEMAS HIDRÁULICOS - SÉRIE S -Centro-Aberto","-","true","https://cdn.appmaq.com.br/appmaq-media/manuals/01992f90-4c34-7a3c-aad4-7dc06257435b/019ef11f-c1c1-713c-b481-8a5c4c331ffa.pdf"
"635","Colheitadeira de Grãos","JOHN DEERE","S650","Guia das colhetadeiras -série-S400 - S500- S600","-","true","https://cdn.appmaq.com.br/appmaq-media/manuals/01992f90-4c34-7a3c-aad4-7dc06257435b/019d8dbf-6f80-7233-8940-f7fdab6ce5e9.pdf"
"636","Colheitadeira de Grãos","JOHN DEERE","S650","Instruções sobre ajustes e configurações de colheitadeiras da série S da John Deere","-","true","https://cdn.appmaq.com.br/appmaq-media/manuals/01992f90-4c34-7a3c-aad4-7dc06257435b/019d83be-f76c-749a-8dec-739d6ae8669b.pdf"
"637","Colheitadeira de Grãos","JOHN DEERE","S650","MANUAL DO OPERADOR COLHETADEIRA JOHN DEERE S650","-","true","https://cdn.appmaq.com.br/appmaq-media/manuals/01992f90-4c34-7a3c-aad4-7dc06257435b/019d8dbf-d999-78ff-8a86-396df3b50783.pdf"
"638","Colheitadeira de Grãos","JOHN DEERE","S650","Regulagem de colheitadeiras john deere S500 e S600 e Plataformas","-","true","https://cdn.appmaq.com.br/appmaq-media/manuals/01992f90-4c34-7a3c-aad4-7dc06257435b/019d83be-f7c2-768a-8fc0-b3377ac04d80.pdf"
"639","Colheitadeira de Grãos","JOHN DEERE","S650","Visão e ajustes - colhetadeiras SÉRIE S - Caderno-Do-Aluno","-","true","https://cdn.appmaq.com.br/appmaq-media/manuals/01992f90-4c34-7a3c-aad4-7dc06257435b/019d83be-f80b-77ea-a481-fd3fbc281e3c.pdf"
"640","Colheitadeira de Grãos","JOHN DEERE","S650","Visao-Geral-Tecnica-Eletrica Colhetadeiras Série S","-","true","https://cdn.appmaq.com.br/appmaq-media/manuals/01992f90-4c34-7a3c-aad4-7dc06257435b/019d83be-f874-7e26-b2ce-1c6df48d9b50.pdf"
"641","Colheitadeira de Grãos","JOHN DEERE","S660","Ajuste-de-colheitadeira John Deere Série S500 e S600","-","true","https://cdn.appmaq.com.br/appmaq-media/manuals/01957100-b0c2-78f1-b6ce-8d02cf3d280d/019d83c3-60ff-731a-977c-261d8c6ae712.pdf"
"642","Colheitadeira de Grãos","JOHN DEERE","S660","Catálago de peças colhetadeiras John Deere -S660","-","true","https://cdn.appmaq.com.br/appmaq-media/manuals/01957100-b0c2-78f1-b6ce-8d02cf3d280d/019d83c3-6162-700b-a73f-a9795bb43739.pdf"
"643","Colheitadeira de Grãos","JOHN DEERE","S660","Catalogo de peças PARALELA da Linha S de colhetadeiras John deere","-","true","https://cdn.appmaq.com.br/appmaq-media/manuals/01957100-b0c2-78f1-b6ce-8d02cf3d280d/019d83c4-4732-7ddd-aa0c-3dd28faf1139.pdf"
"644","Colheitadeira de Grãos","JOHN DEERE","S660","FUNDAMENTOS SISTEMAS HIDRÁULICOS - SÉRIE S -Centro-Aberto","-","true","https://cdn.appmaq.com.br/appmaq-media/manuals/01957100-b0c2-78f1-b6ce-8d02cf3d280d/019ef120-20e8-7772-b8b9-7e5ef622f7bc.pdf"
"645","Colheitadeira de Grãos","JOHN DEERE","S660","Guia das colhetadeiras -série-S400 - S500- S600","-","true","https://cdn.appmaq.com.br/appmaq-media/manuals/01957100-b0c2-78f1-b6ce-8d02cf3d280d/019d8dc5-b909-7b6e-b97c-6799ec228bdb.pdf"
"646","Colheitadeira de Grãos","JOHN DEERE","S660","GUIA DE LIMPEZA RÁPIDA COLHETADEIRAS JOHN DEERE S550 - S660- S670 - S680 - S685 - S690","-","true","https://cdn.appmaq.com.br/appmaq-media/manuals/01957100-b0c2-78f1-b6ce-8d02cf3d280d/019d9bc1-3c35-7604-a13c-687d25ec3116.pdf"
"647","Colheitadeira de Grãos","JOHN DEERE","S660","Instruções sobre ajustes e configurações de colheitadeiras da série S da John Deere","-","true","https://cdn.appmaq.com.br/appmaq-media/manuals/01957100-b0c2-78f1-b6ce-8d02cf3d280d/019d83c4-d38f-7924-beb6-45d54758b74d.pdf"
"648","Colheitadeira de Grãos","JOHN DEERE","S660","MANUAL DO OPERADOR COLHETADEIRA JOHN DEERE S650","-","true","https://cdn.appmaq.com.br/appmaq-media/manuals/01957100-b0c2-78f1-b6ce-8d02cf3d280d/019d8dc6-2af2-75b2-9c0d-a34c0c63adaa.pdf"
"649","Colheitadeira de Grãos","JOHN DEERE","S660","MANUAL TECNICO DE REPAROS COLHEITADEIRA - JOHN DEERE - S540 S550 S660 S670 S680 -","-","true","https://cdn.appmaq.com.br/appmaq-media/manuals/01957100-b0c2-78f1-b6ce-8d02cf3d280d/019ed79b-1b47-72c8-9ff0-b04f5dba428c.pdf"
"650","Colheitadeira de Grãos","JOHN DEERE","S660","Regulagem de colheitadeiras john deere S500 e S600 e Plataformas","-","true","https://cdn.appmaq.com.br/appmaq-media/manuals/01957100-b0c2-78f1-b6ce-8d02cf3d280d/019d83c4-d3ec-7fb3-ae09-0ccb58689498.pdf"
"651","Colheitadeira de Grãos","JOHN DEERE","S660","Visão e ajustes - colhetadeiras SÉRIE S - Caderno-Do-Aluno","-","true","https://cdn.appmaq.com.br/appmaq-media/manuals/01957100-b0c2-78f1-b6ce-8d02cf3d280d/019d83c4-d437-7316-be02-1d17deb47ca3.pdf"
"652","Colheitadeira de Grãos","JOHN DEERE","S660","Visao-Geral-Tecnica-Eletrica Colhetadeiras Série S","-","true","https://cdn.appmaq.com.br/appmaq-media/manuals/01957100-b0c2-78f1-b6ce-8d02cf3d280d/019d83c4-d49d-7271-8021-7ad520042809.pdf"
"653","Colheitadeira de Grãos","JOHN DEERE","S670","Ajuste-de-colheitadeira John Deere Série S500 e S600","-","true","https://cdn.appmaq.com.br/appmaq-media/manuals/01957100-b0c2-7be2-8716-2264efb2cbe3/019d880e-ce77-7af9-a0da-29d822e8afb5.pdf"
"654","Colheitadeira de Grãos","JOHN DEERE","S670","Catalogo de peças da Colheitadeira-John-Deere-S670","-","true","https://cdn.appmaq.com.br/appmaq-media/manuals/01957100-b0c2-7be2-8716-2264efb2cbe3/019d880e-cee6-7bc2-a1eb-a2dac525814c.pdf"
"655","Colheitadeira de Grãos","JOHN DEERE","S670","FUNDAMENTOS SISTEMAS HIDRÁULICOS - SÉRIE S -Centro-Aberto","-","true","https://cdn.appmaq.com.br/appmaq-media/manuals/01957100-b0c2-7be2-8716-2264efb2cbe3/019ef120-6fe5-7eb6-84df-530cba78b5f1.pdf"
"656","Colheitadeira de Grãos","JOHN DEERE","S670","Guia das colhetadeiras -série-S400 - S500- S600","-","true","https://cdn.appmaq.com.br/appmaq-media/manuals/01957100-b0c2-7be2-8716-2264efb2cbe3/019d8dd9-c865-7cb0-b51d-5966d89c8c70.pdf"
"657","Colheitadeira de Grãos","JOHN DEERE","S670","GUIA DE LIMPEZA COLHETADEIRAS JOHN DEERE S550 - S660- S670 - S680 - S685 - S690","-","true","https://cdn.appmaq.com.br/appmaq-media/manuals/01957100-b0c2-7be2-8716-2264efb2cbe3/019d8dd9-c874-7195-a1c2-509500b5cb7c.pdf"
"658","Colheitadeira de Grãos","JOHN DEERE","S670","Instruções sobre ajustes e configurações de colheitadeiras da série S da John Deere","-","true","https://cdn.appmaq.com.br/appmaq-media/manuals/01957100-b0c2-7be2-8716-2264efb2cbe3/019d880e-d329-7a58-8a9a-90a10047ae4f.pdf"
"659","Colheitadeira de Grãos","JOHN DEERE","S670","Lista de peças PARALELA da Linha S de colhetadeiras John deere","-","true","https://cdn.appmaq.com.br/appmaq-media/manuals/01957100-b0c2-7be2-8716-2264efb2cbe3/019d8810-81a6-731f-9317-6b8a7fe73409.pdf"
"660","Colheitadeira de Grãos","JOHN DEERE","S670","MANUAL DO OPERADOR COLHETADEIRA JOHN DEERE S670","-","true","https://cdn.appmaq.com.br/appmaq-media/manuals/01957100-b0c2-7be2-8716-2264efb2cbe3/019e27bc-4562-7df0-a5f1-e82558cad073.pdf"
"661","Colheitadeira de Grãos","JOHN DEERE","S670","MANUAL TECNICO DE REPAROS COLHEITADEIRA - JOHN DEERE - S540 S550 S660 S670 S680 -","-","true","https://cdn.appmaq.com.br/appmaq-media/manuals/01957100-b0c2-7be2-8716-2264efb2cbe3/019ed79b-9ee4-7945-9696-61f80b778144.pdf"
"662","Colheitadeira de Grãos","JOHN DEERE","S670","Regulagem de colheitadeiras john deere S500 e S600 e Plataformas","-","true","https://cdn.appmaq.com.br/appmaq-media/manuals/01957100-b0c2-7be2-8716-2264efb2cbe3/019d8810-9098-7c53-a7bf-498535b6b66b.pdf"
"663","Colheitadeira de Grãos","JOHN DEERE","S670","Visão e ajustes - colhetadeiras SÉRIE S - Caderno-Do-Aluno","-","true","https://cdn.appmaq.com.br/appmaq-media/manuals/01957100-b0c2-7be2-8716-2264efb2cbe3/019d8810-90dd-7cd8-831b-6676cd96a6b8.pdf"
"664","Colheitadeira de Grãos","JOHN DEERE","S670","Visao-Geral-Tecnica-Eletrica Colhetadeiras Série S","-","true","https://cdn.appmaq.com.br/appmaq-media/manuals/01957100-b0c2-7be2-8716-2264efb2cbe3/019d8810-9144-717d-966c-6581611b69c6.pdf"
"665","Colheitadeira de Grãos","JOHN DEERE","S680","Ajuste-de-colheitadeira John Deere Série S500 e S600","-","true","https://cdn.appmaq.com.br/appmaq-media/manuals/01957100-b0c2-7b78-a42b-d2c99f29f90a/019d8814-b16c-7ce6-83a8-2b579c3ffd6b.pdf"
"666","Colheitadeira de Grãos","JOHN DEERE","S680","Catálogo de peças colhetadeiras john Deere-John--S680","-","true","https://cdn.appmaq.com.br/appmaq-media/manuals/01957100-b0c2-7b78-a42b-d2c99f29f90a/019d8814-b206-704a-94da-bbb87653f699.pdf"
"667","Colheitadeira de Grãos","JOHN DEERE","S680","FUNDAMENTOS E SERVIÇOS TRANSMISSÃO S680 -","-","true","https://cdn.appmaq.com.br/appmaq-media/manuals/01957100-b0c2-7b78-a42b-d2c99f29f90a/019ef11b-1be2-76fe-b3db-2154f2e223ea.pdf"
"668","Colheitadeira de Grãos","JOHN DEERE","S680","FUNDAMENTOS E TRANSPORTE E ARMAZENAMENTO - S680 -","-","true","https://cdn.appmaq.com.br/appmaq-media/manuals/01957100-b0c2-7b78-a42b-d2c99f29f90a/019ef11c-f608-7805-bab4-3975b68074d7.pdf"
"669","Colheitadeira de Grãos","JOHN DEERE","S680","Fundamentos técnico- serviços e de residuos de colheitadeiras JOHN DEERE S680","-","true","https://cdn.appmaq.com.br/appmaq-media/manuals/01957100-b0c2-7b78-a42b-d2c99f29f90a/019d8814-b5c9-74df-a8c0-80cc99865e4a.pdf"
"670","Colheitadeira de Grãos","JOHN DEERE","S680","Guia das colhetadeiras -série-S400 - S500- S600","-","true","https://cdn.appmaq.com.br/appmaq-media/manuals/01957100-b0c2-7b78-a42b-d2c99f29f90a/019d8dda-da99-712a-a427-98799ee68296.pdf"
"671","Colheitadeira de Grãos","JOHN DEERE","S680","GUIA DE LIMPEZA COLHETADEIRAS JOHN DEERE S550 - S660- S670 - S680 - S685 - S690","-","true","https://cdn.appmaq.com.br/appmaq-media/manuals/01957100-b0c2-7b78-a42b-d2c99f29f90a/019d8dda-daa9-7a27-9e51-9a79c058ad44.pdf"
"672","Colheitadeira de Grãos","JOHN DEERE","S680","Instruções sobre ajustes e configurações de colheitadeiras da série S da John Deere","-","true","https://cdn.appmaq.com.br/appmaq-media/manuals/01957100-b0c2-7b78-a42b-d2c99f29f90a/019d8816-2ca9-7bb0-8d6b-14ce51f70812.pdf"
"673","Colheitadeira de Grãos","JOHN DEERE","S680","Lista de peças PARALELA da Linha S de colhetadeiras John deere","-","true","https://cdn.appmaq.com.br/appmaq-media/manuals/01957100-b0c2-7b78-a42b-d2c99f29f90a/019d8816-2d04-77dd-93ef-6eba2d7cee7d.pdf"
"674","Colheitadeira de Grãos","JOHN DEERE","S680","MANUAL DO OPERADOR COLHETADEIRA JOHN DEERE S680","-","true","https://cdn.appmaq.com.br/appmaq-media/manuals/01957100-b0c2-7b78-a42b-d2c99f29f90a/019e27bc-d01d-7094-b879-65cd2a6f985f.pdf"
"675","Colheitadeira de Grãos","JOHN DEERE","S680","MANUAL TECNICO DE REPAROS COLHEITADEIRA - JOHN DEERE - S540 S550 S660 S670 S680 -","-","true","https://cdn.appmaq.com.br/appmaq-media/manuals/01957100-b0c2-7b78-a42b-d2c99f29f90a/019ed79c-2647-7d72-bcdf-0e87487070ba.pdf"
"676","Colheitadeira de Grãos","JOHN DEERE","S680","Regulagem de colheitadeiras john deere S500 e S600 e Plataformas","-","true","https://cdn.appmaq.com.br/appmaq-media/manuals/01957100-b0c2-7b78-a42b-d2c99f29f90a/019d8818-20de-76a3-8412-c7ce38443dad.pdf"
"677","Colheitadeira de Grãos","JOHN DEERE","S680","Visão e ajustes - colhetadeiras SÉRIE S - Caderno-Do-Aluno","-","true","https://cdn.appmaq.com.br/appmaq-media/manuals/01957100-b0c2-7b78-a42b-d2c99f29f90a/019d8818-2125-7e0e-bab7-c47a26eb6710.pdf"
"678","Colheitadeira de Grãos","JOHN DEERE","S680","Visao-Geral-Tecnica-Eletrica Colhetadeiras Série S","-","true","https://cdn.appmaq.com.br/appmaq-media/manuals/01957100-b0c2-7b78-a42b-d2c99f29f90a/019d8818-218f-7634-bb74-b37cac71c554.pdf"
"679","Colheitadeira de Grãos","JOHN DEERE","S690","Ajuste-de-colheitadeira John Deere Série S500 e S600","-","true","https://cdn.appmaq.com.br/appmaq-media/manuals/0196f443-bfa0-7cc8-b7de-ea2d17dd9a07/019d8820-51f8-78bd-8ccd-2ec0e7747974.pdf"
"680","Colheitadeira de Grãos","JOHN DEERE","S690","Catalogo de peças colhetadeira John deere S690-STS-PORTUGUES","-","true","https://cdn.appmaq.com.br/appmaq-media/manuals/0196f443-bfa0-7cc8-b7de-ea2d17dd9a07/019d8820-5241-702e-9ef6-efb1d6bb1930.pdf"
"681","Colheitadeira de Grãos","JOHN DEERE","S690","FUNDAMENTOS SISTEMAS HIDRÁULICOS - SÉRIE S -Centro-Aberto","-","true","https://cdn.appmaq.com.br/appmaq-media/manuals/0196f443-bfa0-7cc8-b7de-ea2d17dd9a07/019ef120-e850-78ce-b055-fb59a3b4e9ce.pdf"
"682","Colheitadeira de Grãos","JOHN DEERE","S690","Guia das colhetadeiras -série-S400 - S500- S600","-","true","https://cdn.appmaq.com.br/appmaq-media/manuals/0196f443-bfa0-7cc8-b7de-ea2d17dd9a07/019d8ddb-cb1c-75aa-b14c-e301c6d86470.pdf"
"683","Colheitadeira de Grãos","JOHN DEERE","S690","GUIA DE LIMPEZA COLHETADEIRAS JOHN DEERE S550 - S660- S670 - S680 - S685 - S690","-","true","https://cdn.appmaq.com.br/appmaq-media/manuals/0196f443-bfa0-7cc8-b7de-ea2d17dd9a07/019d8ddb-cb2b-74e1-a1d8-9956a9eab0fb.pdf"
"684","Colheitadeira de Grãos","JOHN DEERE","S690","Instruções sobre ajustes e configurações de colheitadeiras da série S da John Deere","-","true","https://cdn.appmaq.com.br/appmaq-media/manuals/0196f443-bfa0-7cc8-b7de-ea2d17dd9a07/019d8820-557f-7f26-930c-d1bc5d45247f.pdf"
"685","Colheitadeira de Grãos","JOHN DEERE","S690","Lista de peças PARALELA da Linha S de colhetadeiras John deere","-","true","https://cdn.appmaq.com.br/appmaq-media/manuals/0196f443-bfa0-7cc8-b7de-ea2d17dd9a07/019d8821-cf5f-7c82-b121-939b4133e960.pdf"
"686","Colheitadeira de Grãos","JOHN DEERE","S690","MANUAL DO OPERADOR COLHETADEIRA S690","-","true","https://cdn.appmaq.com.br/appmaq-media/manuals/0196f443-bfa0-7cc8-b7de-ea2d17dd9a07/019d8ddc-45fd-7234-b690-2919f834fa02.pdf"
"687","Colheitadeira de Grãos","JOHN DEERE","S690","MANUAL TECNICO DE REPAROS COLHEITADEIRA - JOHN DEERE - S540 S550 S660 S670 S680 -690 -","-","true","https://cdn.appmaq.com.br/appmaq-media/manuals/0196f443-bfa0-7cc8-b7de-ea2d17dd9a07/019ed79d-d9b8-7433-a973-c4ac8c241315.pdf"
"688","Colheitadeira de Grãos","JOHN DEERE","S690","Regulagem de colheitadeiras john deere S500 e S600 e Plataformas","-","true","https://cdn.appmaq.com.br/appmaq-media/manuals/0196f443-bfa0-7cc8-b7de-ea2d17dd9a07/019d8823-7375-78b4-a0fc-fd7feeded567.pdf"
"689","Colheitadeira de Grãos","JOHN DEERE","S690","Visão e ajustes - colhetadeiras SÉRIE S - Caderno-Do-Aluno","-","true","https://cdn.appmaq.com.br/appmaq-media/manuals/0196f443-bfa0-7cc8-b7de-ea2d17dd9a07/019d8823-73bf-7a9a-b25d-269d383b18f9.pdf"
"690","Colheitadeira de Grãos","JOHN DEERE","S690","Visao-Geral-Tecnica-Eletrica Colhetadeiras Série S","-","true","https://cdn.appmaq.com.br/appmaq-media/manuals/0196f443-bfa0-7cc8-b7de-ea2d17dd9a07/019d8823-7493-7d1f-98ad-83c4c9f2ba1a.pdf"
"691","Colheitadeira de Grãos","JOHN DEERE","S700","AJUSTE DAS CAIXAS DE PENEIRAS COLHETADEIRA JOHN DEERE S700","-","true","https://cdn.appmaq.com.br/appmaq-media/manuals/019dcaf5-a1c7-727c-8dd1-18cf9c4c247b/019dcafc-cfd3-753b-b085-1399f50476c4.pdf"
"692","Colheitadeira de Grãos","JOHN DEERE","S700","DISPOSITIVO DE ALINHAMENTO DAS CAIXAS DE PENEIRAS COLHEITADEIRA S700 - S400 - S500 - S550","-","true","https://cdn.appmaq.com.br/appmaq-media/manuals/019dcaf5-a1c7-727c-8dd1-18cf9c4c247b/019dcafc-cffa-7c18-83f8-3efea6d11864.pdf"
"693","Colheitadeira de Grãos","JOHN DEERE","S700","DISPOSITIVOS PARA REMOÇÃO DAS CAIXAS DE PENEIRAS COLHETADEIRAS S700","-","true","https://cdn.appmaq.com.br/appmaq-media/manuals/019dcaf5-a1c7-727c-8dd1-18cf9c4c247b/019dcafc-d042-7def-8632-83e31880e8b9.pdf"
"694","Colheitadeira de Grãos","JOHN DEERE","S700","VISÃO GERAL TÉCNICA DA ELÉTRICA COLHETADEIRA JOHN DEERE - S700 -","-","true","https://cdn.appmaq.com.br/appmaq-media/manuals/019dcaf5-a1c7-727c-8dd1-18cf9c4c247b/019e757e-24fd-76cf-941b-98464ba93cc8.pdf"
"695","Colheitadeira de Grãos","JOHN DEERE","S700","VISÃO GERAL TÉCNICA DO ALIMENTADOR COLHEITADEIRA - JOHN DEERE - S700 -","-","true","https://cdn.appmaq.com.br/appmaq-media/manuals/019dcaf5-a1c7-727c-8dd1-18cf9c4c247b/019e757e-256c-7446-9a00-d902cdac903d.pdf"
"696","Colheitadeira de Grãos","JOHN DEERE","S760","CATALOGO DE PEÇAS COLHEITADEIRA JOHN DEERE - S760 PARTS","-","true","https://cdn.appmaq.com.br/appmaq-media/manuals/01957100-b0c2-7023-b3d9-53decfd501a9/019d917f-a48f-75dd-ae54-0fc0fa7024ac.pdf"
"697","Colheitadeira de Grãos","JOHN DEERE","S760","Ficha técnica colhetadeiras John deere - S760-S770-S780--S790","-","true","https://cdn.appmaq.com.br/appmaq-media/manuals/01957100-b0c2-7023-b3d9-53decfd501a9/019d8827-2950-7f1b-8456-6cb4708b809a.pdf"
"698","Colheitadeira de Grãos","JOHN DEERE","S760","Ficha técnica de colheitadeiras John deere SÉRIE S - 5760- 5770-5780 e-S760 -S770 S780 S790","-","true","https://cdn.appmaq.com.br/appmaq-media/manuals/01957100-b0c2-7023-b3d9-53decfd501a9/019d8828-ab6e-7ed9-9a08-b7ec2ed5cb1d.pdf"
"699","Colheitadeira de Grãos","JOHN DEERE","S760","Guia das colhetadeiras -série-S400 - S500- S600","-","true","https://cdn.appmaq.com.br/appmaq-media/manuals/01957100-b0c2-7023-b3d9-53decfd501a9/019d8ddd-80be-79ed-b309-1e749cffd8a0.pdf"
"700","Colheitadeira de Grãos","JOHN DEERE","S760","GUIA DE LIMPEZA COLHETADEIRAS JOHN DEERE S550 - S660- S670 - S680 - S685 - S690","-","true","https://cdn.appmaq.com.br/appmaq-media/manuals/01957100-b0c2-7023-b3d9-53decfd501a9/019d8ddd-80ce-7a66-9cca-74545d3d15f3.pdf"
"701","Colheitadeira de Grãos","JOHN DEERE","S760","GUIA D EREFERENCIA RÁPIDA COLHEITADEIRAS S760 - S770-S780- S790","-","true","https://cdn.appmaq.com.br/appmaq-media/manuals/01957100-b0c2-7023-b3d9-53decfd501a9/019d8de3-1167-70c6-bc4a-4bc561b4f08e.pdf"
"702","Colheitadeira de Grãos","JOHN DEERE","S760","Guia técnico e Visao-Geral-Tecnica-Sistemas-da-Maquina SERIE S700","-","true","https://cdn.appmaq.com.br/appmaq-media/manuals/01957100-b0c2-7023-b3d9-53decfd501a9/019d8828-ac94-7293-93d8-3774463e0d34.pdf"
"703","Colheitadeira de Grãos","JOHN DEERE","S760","Instruções sobre ajustes e configurações de colheitadeiras da série S da John Deere","-","true","https://cdn.appmaq.com.br/appmaq-media/manuals/01957100-b0c2-7023-b3d9-53decfd501a9/019d8828-ad6e-7b99-9350-0ac80ed99021.pdf"
"704","Colheitadeira de Grãos","JOHN DEERE","S760","Lista de peças PARALELA da Linha S de colhetadeiras John deere","-","true","https://cdn.appmaq.com.br/appmaq-media/manuals/01957100-b0c2-7023-b3d9-53decfd501a9/019d882c-787b-779f-a22e-e15d64a17238.pdf"
"705","Colheitadeira de Grãos","JOHN DEERE","S760","Manual-Do-Operador-Colheitadeira John deere -S760-S770-S780 - S790 -","-","true","https://cdn.appmaq.com.br/appmaq-media/manuals/01957100-b0c2-7023-b3d9-53decfd501a9/019d882a-1bf9-7273-821b-71ba0ce49082.pdf"
"706","Colheitadeira de Grãos","JOHN DEERE","S760","MANUAL DO OPERADOR COLHETADEIRA JOHN DEERE S760-S770-S780-S790","-","true","https://cdn.appmaq.com.br/appmaq-media/manuals/01957100-b0c2-7023-b3d9-53decfd501a9/019d8de3-d2cf-7402-9a22-5beedd3a54cb.pdf"
"707","Colheitadeira de Grãos","JOHN DEERE","S760","MANUAL DO OPERADOR COLHETADEIRA JOHN DEERE S760-S770-S780-S790","-","true","https://cdn.appmaq.com.br/appmaq-media/manuals/01957100-b0c2-7023-b3d9-53decfd501a9/019d8de0-babf-7abe-b8cd-7eae7a1fcec0.pdf"
"708","Colheitadeira de Grãos","JOHN DEERE","S760","MANUAL TÉCNICO DE DIAGNÓSTICO - S760 - S770 - S780 - S785 - S790- STS","-","true","https://cdn.appmaq.com.br/appmaq-media/manuals/01957100-b0c2-7023-b3d9-53decfd501a9/019f136a-4eec-7474-bb27-59de5ddb7c5f.pdf"
"709","Colheitadeira de Grãos","JOHN DEERE","S760","Visão e ajustes - colhetadeiras SÉRIE S - Caderno-Do-Aluno","-","true","https://cdn.appmaq.com.br/appmaq-media/manuals/01957100-b0c2-7023-b3d9-53decfd501a9/019d882a-1ec4-73f6-a094-8ee0b43993a9.pdf"
"710","Colheitadeira de Grãos","JOHN DEERE","S760","Visao-Geral-Tecnica-Eletrica Colhetadeiras Série S","-","true","https://cdn.appmaq.com.br/appmaq-media/manuals/01957100-b0c2-7023-b3d9-53decfd501a9/019d882a-1f68-7fe3-b5da-41e3558af485.pdf"
"711","Colheitadeira de Grãos","JOHN DEERE","S760","Visao Geral-Tecnica Hidraulica colhetadeiras John deere - série S700","-","true","https://cdn.appmaq.com.br/appmaq-media/manuals/01957100-b0c2-7023-b3d9-53decfd501a9/019d882a-1f2f-7b42-a5d4-320ea9601f18.pdf"
"712","Colheitadeira de Grãos","JOHN DEERE","S7 600","FICHA TÉCNICA COLHEITADEIRA JOHN DEERE S7 600 -BR","-","true","https://cdn.appmaq.com.br/appmaq-media/manuals/019d9bc7-5624-76f3-ad2e-ac45c31c2a0d/019d9bd4-4dbf-7a7a-bd18-c7c597f9af79.pdf"
"713","Colheitadeira de Grãos","JOHN DEERE","S7 600","GUIA DE LIMPEZA COLHETADEIRA JOHN DEERE S7 600 - S7 700 - S7 800- S7 900","-","true","https://cdn.appmaq.com.br/appmaq-media/manuals/019d9bc7-5624-76f3-ad2e-ac45c31c2a0d/019d9bd4-4e28-7f63-8c1e-d8ac1dc81e2c.pdf"
"714","Colheitadeira de Grãos","JOHN DEERE","S7 600","GUIA DE OTIMIZAÇÃO DE COLHEITA DE SOJA - COLHEITADEIRAS SÉRIE S7","-","true","https://cdn.appmaq.com.br/appmaq-media/manuals/019d9bc7-5624-76f3-ad2e-ac45c31c2a0d/019dcafe-5c2d-7409-a744-5ed83482d42b.pdf"
"715","Colheitadeira de Grãos","JOHN DEERE","S7 600","GUIA DE REFERÊNCIA RÁPIDA COLHEITADEIRAS JOHN DEERE S7 600 - S7 700 - S7 800 - S7 900","-","true","https://cdn.appmaq.com.br/appmaq-media/manuals/019d9bc7-5624-76f3-ad2e-ac45c31c2a0d/019d9bd4-4e99-738e-83c9-640e8937a51d.pdf"
"716","Colheitadeira de Grãos","JOHN DEERE","S7 600","MANUAL DO OPERADOR COLHEITADEIRAS JOHN DEERE S7 600 - S7 700 - S7 700 - S7 800 - S7 900","-","true","https://cdn.appmaq.com.br/appmaq-media/manuals/019d9bc7-5624-76f3-ad2e-ac45c31c2a0d/019d9bd4-4efd-76f9-b2d6-233ac8f5bee3.pdf"
"717","Colheitadeira de Grãos","JOHN DEERE","S770","CATALOGO DE PEÇAS COLHETADEIRA JOHN DEERE - S770 PARTS","-","true","https://cdn.appmaq.com.br/appmaq-media/manuals/0195b3ba-39a6-79ea-9b92-df8086d39dae/019d9180-ca11-76c5-a21d-7502d7d56e23.pdf"
"718","Colheitadeira de Grãos","JOHN DEERE","S770","Ficha técnica colhetadeiras John deere - S760-S770-S780--S790","-","true","https://cdn.appmaq.com.br/appmaq-media/manuals/0195b3ba-39a6-79ea-9b92-df8086d39dae/019d882f-7b36-70ce-ad24-e75417be2490.pdf"
"719","Colheitadeira de Grãos","JOHN DEERE","S770","Ficha técnica de colheitadeiras John deere SÉRIE S - 5760- 5770-5780 e-S760 -S770 S780 S790","-","true","https://cdn.appmaq.com.br/appmaq-media/manuals/0195b3ba-39a6-79ea-9b92-df8086d39dae/019d8830-108b-77db-8973-182a9c377630.pdf"
"720","Colheitadeira de Grãos","JOHN DEERE","S770","GUIA D EREFERENCIA RÁPIDA COLHEITADEIRAS S760 - S770-S780- S790","-","true","https://cdn.appmaq.com.br/appmaq-media/manuals/0195b3ba-39a6-79ea-9b92-df8086d39dae/019d8de4-eabd-7ad4-9e40-76e42dadac12.pdf"
"721","Colheitadeira de Grãos","JOHN DEERE","S770","Guia técnico e Visao-Geral-Tecnica-Sistemas-da-Maquina SERIE S700","-","true","https://cdn.appmaq.com.br/appmaq-media/manuals/0195b3ba-39a6-79ea-9b92-df8086d39dae/019d8830-11b3-75ae-bd8b-568a400ef2c6.pdf"
"722","Colheitadeira de Grãos","JOHN DEERE","S770","Instruções sobre ajustes e configurações de colheitadeiras da série S da John Deere","-","true","https://cdn.appmaq.com.br/appmaq-media/manuals/0195b3ba-39a6-79ea-9b92-df8086d39dae/019d8830-128e-7b14-b9bb-d8d8add29c71.pdf"
"723","Colheitadeira de Grãos","JOHN DEERE","S770","Lista de peças PARALELA da Linha S de colhetadeiras John deere","-","true","https://cdn.appmaq.com.br/appmaq-media/manuals/0195b3ba-39a6-79ea-9b92-df8086d39dae/019d8831-19b7-76fe-9690-f1dc086242ad.pdf"
"724","Colheitadeira de Grãos","JOHN DEERE","S770","Manual-Do-Operador-Colheitadeira John deere -S760-S770-S780 - S790 -","-","true","https://cdn.appmaq.com.br/appmaq-media/manuals/0195b3ba-39a6-79ea-9b92-df8086d39dae/019d8834-d5cc-75b4-8b5d-aa0732cd0205.pdf"
"725","Colheitadeira de Grãos","JOHN DEERE","S770","MANUAL DO OPERADOR COLHETADEIRA JOHN DEERE S760-S770-S780-S790","-","true","https://cdn.appmaq.com.br/appmaq-media/manuals/0195b3ba-39a6-79ea-9b92-df8086d39dae/019d8de5-5392-77d1-a4eb-7caa337b1624.pdf"
"726","Colheitadeira de Grãos","JOHN DEERE","S770","MANUAL TÉCNICO DE DIAGNÓSTICO - S760 - S770 - S780 - S785 - S790 - STS","-","true","https://cdn.appmaq.com.br/appmaq-media/manuals/0195b3ba-39a6-79ea-9b92-df8086d39dae/019f1392-2765-76d2-8054-702141cc9321.pdf"
"727","Colheitadeira de Grãos","JOHN DEERE","S770","Visão e ajustes - colhetadeiras SÉRIE S - Caderno-Do-Aluno","-","true","https://cdn.appmaq.com.br/appmaq-media/manuals/0195b3ba-39a6-79ea-9b92-df8086d39dae/019d8834-d856-7c33-b4a8-c91ca0d38767.pdf"
"728","Colheitadeira de Grãos","JOHN DEERE","S770","Visao-Geral-Tecnica-Eletrica Colhetadeiras Série S","-","true","https://cdn.appmaq.com.br/appmaq-media/manuals/0195b3ba-39a6-79ea-9b92-df8086d39dae/019d8834-d8f5-754c-ab5f-6b066ee4dedb.pdf"
"729","Colheitadeira de Grãos","JOHN DEERE","S770","Visao Geral-Tecnica Hidraulica colhetadeiras John deere - série S700","-","true","https://cdn.appmaq.com.br/appmaq-media/manuals/0195b3ba-39a6-79ea-9b92-df8086d39dae/019d8834-d8bc-72aa-9a4c-e51f50ee5f4b.pdf"
"730","Colheitadeira de Grãos","JOHN DEERE","S7 700","FICHA TÉCNICA DA COLHEITADEIRA JOHN DEERE S7 700 - BR","-","true","https://cdn.appmaq.com.br/appmaq-media/manuals/019d9bc8-4d9f-7191-8148-f05cf89f9dc0/019d9bd5-afc0-74ad-ba5f-4cc3642b993a.pdf"
"731","Colheitadeira de Grãos","JOHN DEERE","S7 700","GUIA DE LIMPEZA COLHETADEIRA JOHN DEERE S7 600 - S7 700 - S7 800- S7 900","-","true","https://cdn.appmaq.com.br/appmaq-media/manuals/019d9bc8-4d9f-7191-8148-f05cf89f9dc0/019d9bd5-b00f-7231-b343-ecef882d808a.pdf"
"732","Colheitadeira de Grãos","JOHN DEERE","S7 700","GUIA DE OTIMIZAÇÃO DE COLHEITA DE SOJA - COLHEITADEIRAS SÉRIE S7","-","true","https://cdn.appmaq.com.br/appmaq-media/manuals/019d9bc8-4d9f-7191-8148-f05cf89f9dc0/019dcafd-d08d-7e52-acef-009192088126.pdf"
"733","Colheitadeira de Grãos","JOHN DEERE","S7 700","GUIA DE REFERÊNCIA RÁPIDA COLHEITADEIRAS JOHN DEERE S7 600 - S7 700 - S7 800 - S7 900","-","true","https://cdn.appmaq.com.br/appmaq-media/manuals/019d9bc8-4d9f-7191-8148-f05cf89f9dc0/019d9bd5-b09b-784e-a931-22be180fd499.pdf"
"734","Colheitadeira de Grãos","JOHN DEERE","S7 700","MANUAL DO OPERADOR COLHEITADEIRAS JOHN DEERE S7 600 - S7 700 - S7 700 - S7 800 - S7 900","-","true","https://cdn.appmaq.com.br/appmaq-media/manuals/019d9bc8-4d9f-7191-8148-f05cf89f9dc0/019d9bd5-b105-7ea9-b2fc-206c3c64e75c.pdf"
"735","Colheitadeira de Grãos","JOHN DEERE","S780","CATALOGO DE PEÇAS COLHEITADEIRA JOHN DEERE - S780 PARTS","-","true","https://cdn.appmaq.com.br/appmaq-media/manuals/0195b3ba-39a6-7b8a-b176-a7d3900b1319/019d9181-fa44-79eb-aaa4-195ddae83203.pdf"
"736","Colheitadeira de Grãos","JOHN DEERE","S780","Ficha técnica colhetadeiras John deere - S760-S770-S780--S790","-","true","https://cdn.appmaq.com.br/appmaq-media/manuals/0195b3ba-39a6-7b8a-b176-a7d3900b1319/019d8837-932a-78bf-ac2d-93ce8a3ad758.pdf"
"737","Colheitadeira de Grãos","JOHN DEERE","S780","Ficha técnica de colheitadeiras John deere SÉRIE S - 5760- 5770-5780 e-S760 -S770 S780 S790","-","true","https://cdn.appmaq.com.br/appmaq-media/manuals/0195b3ba-39a6-7b8a-b176-a7d3900b1319/019d8838-2f28-7951-af4f-df3e1aaa99f4.pdf"
"738","Colheitadeira de Grãos","JOHN DEERE","S780","GUIA D EREFERENCIA RÁPIDA COLHEITADEIRAS S760 - S770-S780- S790","-","true","https://cdn.appmaq.com.br/appmaq-media/manuals/0195b3ba-39a6-7b8a-b176-a7d3900b1319/019d8de6-1996-702e-9c1e-ec874c0f4828.pdf"
"739","Colheitadeira de Grãos","JOHN DEERE","S780","GUIA DE REFERÊNCIA RAPIDA E LIMPEZA - S780 -","-","true","https://cdn.appmaq.com.br/appmaq-media/manuals/0195b3ba-39a6-7b8a-b176-a7d3900b1319/019f0f89-f592-7896-8748-90d379e33ac7.pdf"
"740","Colheitadeira de Grãos","JOHN DEERE","S780","Guia técnico e Visao-Geral-Tecnica-Sistemas-da-Maquina SERIE S700","-","true","https://cdn.appmaq.com.br/appmaq-media/manuals/0195b3ba-39a6-7b8a-b176-a7d3900b1319/019d8838-306f-770c-a014-e21e464b2514.pdf"
"741","Colheitadeira de Grãos","JOHN DEERE","S780","Instruções sobre ajustes e configurações de colheitadeiras da série S da John Deere","-","true","https://cdn.appmaq.com.br/appmaq-media/manuals/0195b3ba-39a6-7b8a-b176-a7d3900b1319/019d8838-3183-7143-abed-c6ddd34c8489.pdf"
"742","Colheitadeira de Grãos","JOHN DEERE","S780","Lista de peças PARALELA da Linha S de colhetadeiras John deere","-","true","https://cdn.appmaq.com.br/appmaq-media/manuals/0195b3ba-39a6-7b8a-b176-a7d3900b1319/019d8839-4ee0-7988-8e33-4a0454ad741f.pdf"
"743","Colheitadeira de Grãos","JOHN DEERE","S780","MANUAL DO OPERADOR COLHEITADEIRAS JOHN DEERE -S760-S770-S780 - S790 -","-","true","https://cdn.appmaq.com.br/appmaq-media/manuals/0195b3ba-39a6-7b8a-b176-a7d3900b1319/019d883a-0d25-7dbc-9bfc-87156f054904.pdf"
"744","Colheitadeira de Grãos","JOHN DEERE","S780","MANUAL DO OPERADOR COLHETADEIRA JOHN DEERE S760-S770-S780-S790","-","true","https://cdn.appmaq.com.br/appmaq-media/manuals/0195b3ba-39a6-7b8a-b176-a7d3900b1319/019d8de6-8fa5-79bb-8cac-83042b5d1032.pdf"
"745","Colheitadeira de Grãos","JOHN DEERE","S780","MANUAL TÉCNICO DE DIAGNÓSTICO - S760 - S770 - S780 - S785 - S790 - STS","-","true","https://cdn.appmaq.com.br/appmaq-media/manuals/0195b3ba-39a6-7b8a-b176-a7d3900b1319/019f1393-1714-78d9-bd89-407edfde9511.pdf"
"746","Colheitadeira de Grãos","JOHN DEERE","S780","Visão e ajustes - colhetadeiras SÉRIE S - Caderno-Do-Aluno","-","true","https://cdn.appmaq.com.br/appmaq-media/manuals/0195b3ba-39a6-7b8a-b176-a7d3900b1319/019d883a-0fab-7143-907f-b4348548b4c7.pdf"
"747","Colheitadeira de Grãos","JOHN DEERE","S780","Visao-Geral-Tecnica-Eletrica Colhetadeiras Série S","-","true","https://cdn.appmaq.com.br/appmaq-media/manuals/0195b3ba-39a6-7b8a-b176-a7d3900b1319/019d883a-1061-7558-8551-0f689caf0a6e.pdf"
"748","Colheitadeira de Grãos","JOHN DEERE","S780","Visao Geral-Tecnica Hidraulica colhetadeiras John deere - série S700","-","true","https://cdn.appmaq.com.br/appmaq-media/manuals/0195b3ba-39a6-7b8a-b176-a7d3900b1319/019d883a-1021-7352-ae4c-3a7a7e0f9bfc.pdf"
"749","Colheitadeira de Grãos","JOHN DEERE","S7 800","FICHA TÉCNICA DA COLHEITADEIRA JOHN DEERE - S7 800 - BR","-","true","https://cdn.appmaq.com.br/appmaq-media/manuals/019d9bc7-e156-7c2c-b8ca-c1a7c82bf1c1/019d9bd6-c472-78bd-b1d4-14b44bdde7f6.pdf"
"750","Colheitadeira de Grãos","JOHN DEERE","S7 800","GUIA DE LIMPEZA COLHETADEIRA JOHN DEERE S7 600 - S7 700 - S7 800- S7 900","-","true","https://cdn.appmaq.com.br/appmaq-media/manuals/019d9bc7-e156-7c2c-b8ca-c1a7c82bf1c1/019d9bd6-c4bf-73da-abb5-d5a5bb787b62.pdf"
"751","Colheitadeira de Grãos","JOHN DEERE","S7 800","GUIA DE OTIMIZAÇÃO DE COLHEITA DE SOJA - COLHEITADEIRAS SÉRIE S7","-","true","https://cdn.appmaq.com.br/appmaq-media/manuals/019d9bc7-e156-7c2c-b8ca-c1a7c82bf1c1/019dcaff-04f4-7478-a5da-c56f25c9828b.pdf"
"752","Colheitadeira de Grãos","JOHN DEERE","S7 800","GUIA DE REFERÊNCIA RÁPIDA COLHEITADEIRAS JOHN DEERE S7 600 - S7 700 - S7 800 - S7 900","-","true","https://cdn.appmaq.com.br/appmaq-media/manuals/019d9bc7-e156-7c2c-b8ca-c1a7c82bf1c1/019d9bd6-c523-75c1-abea-a840920e6577.pdf"
"753","Colheitadeira de Grãos","JOHN DEERE","S7 800","MANUAL DO OPERADOR COLHEITADEIRAS JOHN DEERE S7 600 - S7 700 - S7 700 - S7 800 - S7 900","-","true","https://cdn.appmaq.com.br/appmaq-media/manuals/019d9bc7-e156-7c2c-b8ca-c1a7c82bf1c1/019d9bd6-c58a-74cc-a504-8ec933519e45.pdf"
"754","Colheitadeira de Grãos","JOHN DEERE","S785","GUIA DE REFERENCIA RÁPIDA COLHEITADEIRAS S760 - S770-S780- S785 - S790","-","true","https://cdn.appmaq.com.br/appmaq-media/manuals/019f1380-3376-7d35-8da7-cc3c0990613f/019f13a4-9560-7c4c-8cf5-884e024e324a.pdf"
"755","Colheitadeira de Grãos","JOHN DEERE","S785","GUIA DE REFERÊNCIA RÁPIDA E LIMPEZA - S785 STS","-","true","https://cdn.appmaq.com.br/appmaq-media/manuals/019f1380-3376-7d35-8da7-cc3c0990613f/019f13a4-95a1-7a25-875c-2e640e620030.pdf"
"756","Colheitadeira de Grãos","JOHN DEERE","S785","Guia técnico e Visao-Geral-Tecnica-Sistemas-da-Maquina SERIE S700","-","true","https://cdn.appmaq.com.br/appmaq-media/manuals/019f1380-3376-7d35-8da7-cc3c0990613f/019f13a4-95e5-7604-85b0-16c25d670ebf.pdf"
"757","Colheitadeira de Grãos","JOHN DEERE","S785","Instruções sobre ajustes e configurações de colheitadeiras da série S da John Deere","-","true","https://cdn.appmaq.com.br/appmaq-media/manuals/019f1380-3376-7d35-8da7-cc3c0990613f/019f13a4-9836-7ae8-899e-ab93a8c04a42.pdf"
"758","Colheitadeira de Grãos","JOHN DEERE","S785","MANUAL TÉCNICO DE DIAGNÓSTICO - S760 - S770 - S780 - S785 - S790 -","-","true","https://cdn.appmaq.com.br/appmaq-media/manuals/019f1380-3376-7d35-8da7-cc3c0990613f/019f13a5-b367-7578-85ef-8069329c0c00.pdf"
"759","Colheitadeira de Grãos","JOHN DEERE","S785","MANUAL TÉCNICO DE DIAGNÓSTICO - S760 - S770 - S780 - S785 - S790 - STS","-","true","https://cdn.appmaq.com.br/appmaq-media/manuals/019f1380-3376-7d35-8da7-cc3c0990613f/019f1393-cdf0-7629-b5df-a05850c457bf.pdf"
"760","Colheitadeira de Grãos","JOHN DEERE","S785","Visão e ajustes - colhetadeiras SÉRIE S - Caderno-Do-Aluno","-","true","https://cdn.appmaq.com.br/appmaq-media/manuals/019f1380-3376-7d35-8da7-cc3c0990613f/019f13a5-152f-70e5-b0a6-60aa8c67c250.pdf"
"761","Colheitadeira de Grãos","JOHN DEERE","S785","Visao-Geral-Tecnica-Eletrica Colhetadeiras Série S","-","true","https://cdn.appmaq.com.br/appmaq-media/manuals/019f1380-3376-7d35-8da7-cc3c0990613f/019f13a5-15eb-71af-82f5-8b152fefddf6.pdf"
"762","Colheitadeira de Grãos","JOHN DEERE","S785","Visao Geral-Tecnica Hidraulica colhetadeiras John deere - série S700","-","true","https://cdn.appmaq.com.br/appmaq-media/manuals/019f1380-3376-7d35-8da7-cc3c0990613f/019f13a5-159a-73c4-ac9f-8bf798270076.pdf"
"763","Colheitadeira de Grãos","JOHN DEERE","S790","CATALOGO DE PEÇAS COLHETADEIRA JOHN DEERE - S790 PARTS","-","true","https://cdn.appmaq.com.br/appmaq-media/manuals/0195b3ba-39a6-75b6-8c67-d2422c5c9acb/019d9183-210e-7e6f-b657-9572007c0101.pdf"
"764","Colheitadeira de Grãos","JOHN DEERE","S790","Ficha técnica colhetadeiras John deere - S760-S770-S780--S790","-","true","https://cdn.appmaq.com.br/appmaq-media/manuals/0195b3ba-39a6-75b6-8c67-d2422c5c9acb/019d8851-2d18-724e-a1d5-a8d46a25e792.pdf"
"765","Colheitadeira de Grãos","JOHN DEERE","S790","Ficha técnica de colheitadeiras John deere SÉRIE S - 5760- 5770-5780 e-S760 -S770 S780 S790","-","true","https://cdn.appmaq.com.br/appmaq-media/manuals/0195b3ba-39a6-75b6-8c67-d2422c5c9acb/019d8851-2d57-7198-86ca-f7dff5504d5a.pdf"
"766","Colheitadeira de Grãos","JOHN DEERE","S790","GUIA D EREFERENCIA RÁPIDA COLHEITADEIRAS S760 - S770-S780- S790","-","true","https://cdn.appmaq.com.br/appmaq-media/manuals/0195b3ba-39a6-75b6-8c67-d2422c5c9acb/019d8de7-1928-7f4b-b91e-86bb01dce92e.pdf"
"767","Colheitadeira de Grãos","JOHN DEERE","S790","Guia técnico e Visao-Geral-Tecnica-Sistemas-da-Maquina SERIE S700","-","true","https://cdn.appmaq.com.br/appmaq-media/manuals/0195b3ba-39a6-75b6-8c67-d2422c5c9acb/019d8851-2e7c-7348-af91-8eef5e55e18d.pdf"
"768","Colheitadeira de Grãos","JOHN DEERE","S790","Instruções sobre ajustes e configurações de colheitadeiras da série S da John Deere","-","true","https://cdn.appmaq.com.br/appmaq-media/manuals/0195b3ba-39a6-75b6-8c67-d2422c5c9acb/019d8851-2f55-796f-9866-38ebbcbb63e0.pdf"
"769","Colheitadeira de Grãos","JOHN DEERE","S790","Lista de peças PARALELA da Linha S de colhetadeiras John deere","-","true","https://cdn.appmaq.com.br/appmaq-media/manuals/0195b3ba-39a6-75b6-8c67-d2422c5c9acb/019d884f-a8b1-75e8-a045-1cdb22efb4ad.pdf"
"770","Colheitadeira de Grãos","JOHN DEERE","S790","Manual-Do-Operador-Colheitadeira John deere -S760-S770-S780 - S790 -","-","true","https://cdn.appmaq.com.br/appmaq-media/manuals/0195b3ba-39a6-75b6-8c67-d2422c5c9acb/019d884e-8973-7759-917b-8ae4fc4d6d87.pdf"
"771","Colheitadeira de Grãos","JOHN DEERE","S790","MANUAL DO OPERADOR COLHETADEIRA JOHN DEERE S760-S770-S780-S790","-","true","https://cdn.appmaq.com.br/appmaq-media/manuals/0195b3ba-39a6-75b6-8c67-d2422c5c9acb/019d8de7-7e00-73d9-9128-8943d49812ca.pdf"
"772","Colheitadeira de Grãos","JOHN DEERE","S790","MANUAL TÉCNICO DE DIAGNÓSTICO - S760 - S770 - S780 - S785 - S790 - STS","-","true","https://cdn.appmaq.com.br/appmaq-media/manuals/0195b3ba-39a6-75b6-8c67-d2422c5c9acb/019f1394-cd73-7644-ac8e-90ff20013845.pdf"
"773","Colheitadeira de Grãos","JOHN DEERE","S790","Visão e ajustes - colhetadeiras SÉRIE S - Caderno-Do-Aluno","-","true","https://cdn.appmaq.com.br/appmaq-media/manuals/0195b3ba-39a6-75b6-8c67-d2422c5c9acb/019d884e-8bfb-78bc-a95f-678b1b65d7b2.pdf"
"774","Colheitadeira de Grãos","JOHN DEERE","S790","Visao-Geral-Tecnica-Eletrica Colhetadeiras Série S","-","true","https://cdn.appmaq.com.br/appmaq-media/manuals/0195b3ba-39a6-75b6-8c67-d2422c5c9acb/019d884e-8c9c-71da-b39e-15e112b75d3b.pdf"
"775","Colheitadeira de Grãos","JOHN DEERE","S790","Visao Geral-Tecnica Hidraulica colhetadeiras John deere - série S700","-","true","https://cdn.appmaq.com.br/appmaq-media/manuals/0195b3ba-39a6-75b6-8c67-d2422c5c9acb/019d884e-8c61-79ff-9b6b-23f050df687e.pdf"
"776","Colheitadeira de Grãos","JOHN DEERE","S7 900","FICHA TÉCNICA COLHEITADEIRA JOHN DEEREN S7 900 - BR","-","true","https://cdn.appmaq.com.br/appmaq-media/manuals/019d9bc9-7fbd-7d8c-8a6a-d49ac6704a4a/019d9bd7-a818-7e7c-a53f-60ac0286f5a8.pdf"
"777","Colheitadeira de Grãos","JOHN DEERE","S7 900","GUIA DE LIMPEZA COLHETADEIRA JOHN DEERE S7 600 - S7 700 - S7 800- S7 900","-","true","https://cdn.appmaq.com.br/appmaq-media/manuals/019d9bc9-7fbd-7d8c-8a6a-d49ac6704a4a/019d9bd7-a865-7bbe-a121-000df259cf02.pdf"
"778","Colheitadeira de Grãos","JOHN DEERE","S7 900","GUIA DE OTIMIZAÇÃO DE COLHEITA DE SOJA - COLHEITADEIRAS SÉRIE S7","-","true","https://cdn.appmaq.com.br/appmaq-media/manuals/019d9bc9-7fbd-7d8c-8a6a-d49ac6704a4a/019dcaff-6038-799d-86f7-4c57ad74a41c.pdf"
"779","Colheitadeira de Grãos","JOHN DEERE","S7 900","GUIA DE REFERÊNCIA RÁPIDA COLHEITADEIRAS JOHN DEERE S7 600 - S7 700 - S7 800 - S7 900","-","true","https://cdn.appmaq.com.br/appmaq-media/manuals/019d9bc9-7fbd-7d8c-8a6a-d49ac6704a4a/019d9bd7-a93d-7a09-b83c-4d19724ab9af.pdf"
"780","Colheitadeira de Grãos","JOHN DEERE","S7 900","MANUAL DO OPERADOR COLHEITADEIRAS JOHN DEERE S7 600 - S7 700 - S7 700 - S7 800 - S7 900","-","true","https://cdn.appmaq.com.br/appmaq-media/manuals/019d9bc9-7fbd-7d8c-8a6a-d49ac6704a4a/019d9bd7-a97b-783c-abe5-04cd0f946131.pdf"
"781","Colheitadeira de Grãos","JOHN DEERE","SLC 6200","Catalogo-de-correias-John-Deere-6200-ate-a-STS-9750-pdf","-","true","https://cdn.appmaq.com.br/appmaq-media/manuals/01957100-b0c2-7362-8fce-9f3edd322b95/019db0aa-f0ef-7001-bf77-ead5a35cc9a3.pdf"
"782","Colheitadeira de Grãos","JOHN DEERE","SLC 6200","Catalogo de peças Colhetadeira John Deere - 6200-7100-7200","-","true","https://cdn.appmaq.com.br/appmaq-media/manuals/01957100-b0c2-7362-8fce-9f3edd322b95/019db0aa-ead8-7aa4-8580-7bf7c8c00538.pdf"
"783","Colheitadeira de Grãos","JOHN DEERE","SLC 6200","Catalogo de peças -colhetadeiras John Deere-6200","-","true","https://cdn.appmaq.com.br/appmaq-media/manuals/01957100-b0c2-7362-8fce-9f3edd322b95/019db0aa-ed7b-7b52-80bf-92ee4d63871c.pdf"
"784","Colheitadeira de Grãos","JOHN DEERE","SLC 6200","CORREIAS COLHEITADEIRA -SLC 6200","-","true","https://cdn.appmaq.com.br/appmaq-media/manuals/01957100-b0c2-7362-8fce-9f3edd322b95/019db0aa-f23d-7dd4-8e9c-7bccc665420f.pdf"
"785","Colheitadeira de Grãos","JOHN DEERE","SLC 6300","Catalogo-de-correias-John-Deere-6200-ate-a-STS-9750-pdf","-","true","https://cdn.appmaq.com.br/appmaq-media/manuals/01957100-b0c2-77e1-8350-97e14f5d22bb/019db0ab-d5b4-7f32-82b1-8ac5b6ff5968.pdf"
"786","Colheitadeira de Grãos","JOHN DEERE","SLC 6300","Catalogo de peças Colheitadeira john deere 6300","-","true","https://cdn.appmaq.com.br/appmaq-media/manuals/01957100-b0c2-77e1-8350-97e14f5d22bb/019db0ab-ceea-7a84-9b45-9d03fe0dd2e3.pdf"
"787","Colheitadeira de Grãos","JOHN DEERE","SLC 6300","Catalogo de pecas Colhetadeira de graos 6300-7300-7500 TURBOe 7700 TURBO","-","true","https://cdn.appmaq.com.br/appmaq-media/manuals/01957100-b0c2-77e1-8350-97e14f5d22bb/019db0ab-d363-7895-9b9f-170829b0a992.pdf"
"788","Colheitadeira de Grãos","JOHN DEERE","SLC 6300","CORREIAS COLHEITADEIRA -SLC 6300","-","true","https://cdn.appmaq.com.br/appmaq-media/manuals/01957100-b0c2-77e1-8350-97e14f5d22bb/019db0ab-d648-7c23-a166-80f6f9672570.pdf"
"789","Colheitadeira de Grãos","JOHN DEERE","SLC 7200","Catalogo-de-correias-John-Deere-6200-ate-a-STS-9750-pdf","-","true","https://cdn.appmaq.com.br/appmaq-media/manuals/01957100-b0c2-7ab8-9248-ac19de078b56/019db0af-3dd2-7920-8f17-68ad023f71cd.pdf"
"790","Colheitadeira de Grãos","JOHN DEERE","SLC 7200","Catalogo de peças Colhetadeira John Deere - 6200-7100-7200","-","true","https://cdn.appmaq.com.br/appmaq-media/manuals/01957100-b0c2-7ab8-9248-ac19de078b56/019db0af-3b22-70af-9d70-0a8962b45cdc.pdf"
"791","Colheitadeira de Grãos","JOHN DEERE","SLC 7200","CORREIAS COLHEITADEIRA -SLC 7200","-","true","https://cdn.appmaq.com.br/appmaq-media/manuals/01957100-b0c2-7ab8-9248-ac19de078b56/019db0af-40e2-7ae1-8adb-ae65a111d379.pdf"
"792","Colheitadeira de Grãos","JOHN DEERE","SLC 7500","Catalogo-de-correias-John-Deere-6200-ate-a-STS-9750-pdf","-","true","https://cdn.appmaq.com.br/appmaq-media/manuals/01957100-b0c2-7399-8f6a-7cc548d12f7b/019db0b0-6dce-7248-a51f-221edc853a95.pdf"
"793","Colheitadeira de Grãos","JOHN DEERE","SLC 7500","Catalogo de peças Colheitadeiras John Deere 7500","-","true","https://cdn.appmaq.com.br/appmaq-media/manuals/01957100-b0c2-7399-8f6a-7cc548d12f7b/019db0b0-6252-70aa-ab4c-248f4dc71efc.pdf"
"794","Colheitadeira de Grãos","JOHN DEERE","SLC 7500","Catalogo de pecas Colhetadeira de graos 6300-7300-7500 TURBOe 7700 TURBO","-","true","https://cdn.appmaq.com.br/appmaq-media/manuals/01957100-b0c2-7399-8f6a-7cc548d12f7b/019db0b0-6770-78cb-8c4e-3fa9db8dc0f3.pdf"
"795","Colheitadeira de Grãos","JOHN DEERE","SLC 7500","CORREIAS COLHEITADEIRA -SLC 7500TB","-","true","https://cdn.appmaq.com.br/appmaq-media/manuals/01957100-b0c2-7399-8f6a-7cc548d12f7b/019db0b0-7040-7fdc-8691-2ab72cbc7321.pdf"
"796","Colheitadeira de Grãos","JOHN DEERE","SLC 7700","Catalogo-de-correias-John-Deere-6200-ate-a-STS-9750-pdf","-","true","https://cdn.appmaq.com.br/appmaq-media/manuals/01957100-b0c2-787c-9bad-a6c388872b2e/019db0b1-5921-71ed-b7ea-5d714f667382.pdf"
"797","Colheitadeira de Grãos","JOHN DEERE","SLC 7700","Catalogo de peças Colheitadeiras John deere 8500 e 8700","-","true","https://cdn.appmaq.com.br/appmaq-media/manuals/01957100-b0c2-787c-9bad-a6c388872b2e/019db0b1-53de-7c42-8f39-5498b1079527.pdf"
"798","Colheitadeira de Grãos","JOHN DEERE","SLC 7700","Catalogo Pecas Colhetadeiras John Deere 8500 8700","-","true","https://cdn.appmaq.com.br/appmaq-media/manuals/01957100-b0c2-787c-9bad-a6c388872b2e/019db0b1-55a2-790d-a150-d5891179634a.pdf"
"799","Colheitadeira de Grãos","JOHN DEERE","SLC 7700","CORREIAS COLHEITADEIRA - 8700 H","-","true","https://cdn.appmaq.com.br/appmaq-media/manuals/01957100-b0c2-787c-9bad-a6c388872b2e/019db0b1-59aa-70d6-bafc-3effedab9f85.pdf"
"800","Colheitadeira de Grãos","MASSEY FERGUSON","MF32","Catalogo de peças da colheitadeira massey fergunson MF32","-","true","https://cdn.appmaq.com.br/appmaq-media/manuals/01957100-b0c2-7e2b-b810-8e8171c11ab3/019dba80-71d1-71d3-a3dd-5eb073c14105.pdf"
"801","Colheitadeira de Grãos","MASSEY FERGUSON","MF32","Ficha Técnica do Sistema Hidráulico da colheitadeira MF 32","-","true","https://cdn.appmaq.com.br/appmaq-media/manuals/01957100-b0c2-7e2b-b810-8e8171c11ab3/019dba80-7230-78d5-bab8-4fbf20f38d4a.pdf"
"802","Colheitadeira de Grãos","MASSEY FERGUSON","MF32","Ficha Técnica do Sistema Hidráulico da colheitadeira MF 32","-","true","https://cdn.appmaq.com.br/appmaq-media/manuals/01957100-b0c2-7e2b-b810-8e8171c11ab3/019db689-e435-7875-b2bc-1f48e04755a4.pdf"
"803","Colheitadeira de Grãos","MASSEY FERGUSON","MF32","Manual de Oficina colheitadeira M1-Introdução 32 POR","-","true","https://cdn.appmaq.com.br/appmaq-media/manuals/01957100-b0c2-7e2b-b810-8e8171c11ab3/019dba80-747f-7c98-8646-ff81214f3298.pdf"
"804","Colheitadeira de Grãos","MASSEY FERGUSON","MF32","Manual de Oficina Colheitadeiras M02 MF 32 POR","-","true","https://cdn.appmaq.com.br/appmaq-media/manuals/01957100-b0c2-7e2b-b810-8e8171c11ab3/019dba80-78a3-7fbf-b140-4d6bcac053ee.pdf"
"805","Colheitadeira de Grãos","MASSEY FERGUSON","MF32","Manual de Oficina Colheitadeiras M10-Datavision MF 32 Por","-","true","https://cdn.appmaq.com.br/appmaq-media/manuals/01957100-b0c2-7e2b-b810-8e8171c11ab3/019dba80-9b5c-7469-bb2d-2989aac5c83e.pdf"
"806","Colheitadeira de Grãos","MASSEY FERGUSON","MF32","Manual de Oficina Colheitadeiras M11-Cabine e AC MF32 POR","-","true","https://cdn.appmaq.com.br/appmaq-media/manuals/01957100-b0c2-7e2b-b810-8e8171c11ab3/019dba80-9edc-77f0-b7a1-50337a8435c4.pdf"
"807","Colheitadeira de Grãos","MASSEY FERGUSON","MF32","Manual de Oficina Colheitadeiras M12-Acessorios 32 POR","-","true","https://cdn.appmaq.com.br/appmaq-media/manuals/01957100-b0c2-7e2b-b810-8e8171c11ab3/019dba80-9fc8-7bff-94f4-f22be3f8c9e0.pdf"
"808","Colheitadeira de Grãos","MASSEY FERGUSON","MF32","Manual de Oficina colheitadeiras M3-Sistema Colheita 32 POR","-","true","https://cdn.appmaq.com.br/appmaq-media/manuals/01957100-b0c2-7e2b-b810-8e8171c11ab3/019dba80-7d04-7c35-b141-30d31c31edf9.pdf"
"809","Colheitadeira de Grãos","MASSEY FERGUSON","MF32","Manual de Oficina colheitadeiras M4-Trans Mec e Freios 32 POR","-","true","https://cdn.appmaq.com.br/appmaq-media/manuals/01957100-b0c2-7e2b-b810-8e8171c11ab3/019dba80-83f1-74b2-b3b2-c2aa7c612033.pdf"
"810","Colheitadeira de Grãos","MASSEY FERGUSON","MF32","Manual de Oficina Colheitadeiras M5-Transmissao Hidro e 4x4 32 POR","-","true","https://cdn.appmaq.com.br/appmaq-media/manuals/01957100-b0c2-7e2b-b810-8e8171c11ab3/019dba80-85df-7a09-97ca-eb1650784955.pdf"
"811","Colheitadeira de Grãos","MASSEY FERGUSON","MF32","Manual de Oficina Colheitadeiras M6-Eixo Traseiro 4x2 32 POR","-","true","https://cdn.appmaq.com.br/appmaq-media/manuals/01957100-b0c2-7e2b-b810-8e8171c11ab3/019dba80-8aa5-77df-be43-7f78c6e09729.pdf"
"812","Colheitadeira de Grãos","MASSEY FERGUSON","MF32","Manual de Oficina Colheitadeiras M6-Motor Sisu 32 POR","-","true","https://cdn.appmaq.com.br/appmaq-media/manuals/01957100-b0c2-7e2b-b810-8e8171c11ab3/019dba80-8b98-7ad2-9ea2-e8907380841f.pdf"
"813","Colheitadeira de Grãos","MASSEY FERGUSON","MF32","Manual de Oficina Colheitadeiras M7-Hidraulica 32 POR","-","true","https://cdn.appmaq.com.br/appmaq-media/manuals/01957100-b0c2-7e2b-b810-8e8171c11ab3/019dba80-8e4c-7acc-9ca6-52c9210460df.pdf"
"814","Colheitadeira de Grãos","MASSEY FERGUSON","MF32","Manual de Oficina Colheitadeiras M7-Motor Sisu 32 POR","-","true","https://cdn.appmaq.com.br/appmaq-media/manuals/01957100-b0c2-7e2b-b810-8e8171c11ab3/019dba80-905d-754a-8eaf-b0fbe751bfbf.pdf"
"815","Colheitadeira de Grãos","MASSEY FERGUSON","MF32","Manual de Oficina Colheitadeiras M8-Eletrica 32 POR Med Baixa","-","true","https://cdn.appmaq.com.br/appmaq-media/manuals/01957100-b0c2-7e2b-b810-8e8171c11ab3/019dba80-92a0-7fc4-8e2c-7182d7b5c7f9.pdf"
"816","Colheitadeira de Grãos","MASSEY FERGUSON","MF32","Manual de Oficina Colheitadeiras M8-Hidraulica 32 POR","-","true","https://cdn.appmaq.com.br/appmaq-media/manuals/01957100-b0c2-7e2b-b810-8e8171c11ab3/019dba80-9440-7aa2-81f2-9ae43cad83d3.pdf"
"817","Colheitadeira de Grãos","MASSEY FERGUSON","MF32","Manual de Oficina Colheitadeiras M9-Eletrica 32 POR","-","true","https://cdn.appmaq.com.br/appmaq-media/manuals/01957100-b0c2-7e2b-b810-8e8171c11ab3/019dba80-96fb-7967-b66c-c301116c728d.pdf"
"818","Colheitadeira de Grãos","MASSEY FERGUSON","MF32","Manual de serviço da Colheitadeira MF 32 Advanced motor","-","true","https://cdn.appmaq.com.br/appmaq-media/manuals/01957100-b0c2-7e2b-b810-8e8171c11ab3/019dba80-a20e-75aa-bb07-68981b682e09.pdf"
"819","Colheitadeira de Grãos","MASSEY FERGUSON","MF32","Manual do Operador da colheitadeira MF 32 POR","-","true","https://cdn.appmaq.com.br/appmaq-media/manuals/01957100-b0c2-7e2b-b810-8e8171c11ab3/019dba80-a499-7505-9291-4c8598453080.pdf"
"820","Colheitadeira de Grãos","MASSEY FERGUSON","MF32","Manual tecnico das colheitadeiras MF32 e MF34","-","true","https://cdn.appmaq.com.br/appmaq-media/manuals/01957100-b0c2-7e2b-b810-8e8171c11ab3/019db689-e7f9-7a63-b8c8-2b3412bdf230.pdf"
"821","Colheitadeira de Grãos","MASSEY FERGUSON","MF32","Manual tecnico das colheitadeiras MF32 e MF34","-","true","https://cdn.appmaq.com.br/appmaq-media/manuals/01957100-b0c2-7e2b-b810-8e8171c11ab3/019dba80-a55c-7329-a684-6a5b714a891e.pdf"
"822","Colheitadeira de Grãos","MASSEY FERGUSON","MF32","Novo Sistema Elétroeletrônico da colheitadeira MF32","-","true","https://cdn.appmaq.com.br/appmaq-media/manuals/01957100-b0c2-7e2b-b810-8e8171c11ab3/019db689-e965-7b56-b6a0-a4ec9f135193.pdf"
"823","Colheitadeira de Grãos","MASSEY FERGUSON","MF32","Novo Sistema Elétroeletrônico das colheitadeiras MF 32 MF 32 C1000","-","true","https://cdn.appmaq.com.br/appmaq-media/manuals/01957100-b0c2-7e2b-b810-8e8171c11ab3/019dba80-a7ea-77eb-a4be-c7c45623080c.pdf"
"824","Colheitadeira de Grãos","MASSEY FERGUSON","MF34","Catálogo de Peças da colheitadeira MF34","-","true","https://cdn.appmaq.com.br/appmaq-media/manuals/01957100-b0c2-7827-aa65-8aa2ebc4d121/019dba82-c87d-7eb0-a39a-eb5df3f6d38b.pdf"
"825","Colheitadeira de Grãos","MASSEY FERGUSON","MF34","Complemento de peças para colheitadeira MF34","-","true","https://cdn.appmaq.com.br/appmaq-media/manuals/01957100-b0c2-7827-aa65-8aa2ebc4d121/019dba82-c99f-7bc8-a70e-3e57afdf67ed.pdf"
"826","Colheitadeira de Grãos","MASSEY FERGUSON","MF34","Diagrama Hidráulico das colheitadeiras MF34 e MF5650","-","true","https://cdn.appmaq.com.br/appmaq-media/manuals/01957100-b0c2-7827-aa65-8aa2ebc4d121/019dba82-cb14-7f4c-919e-5515260d2391.pdf"
"827","Colheitadeira de Grãos","MASSEY FERGUSON","MF34","Ficha Técnica Colheitadeira MF 34","-","true","https://cdn.appmaq.com.br/appmaq-media/manuals/01957100-b0c2-7827-aa65-8aa2ebc4d121/019dba82-cc59-7099-ad2f-024f99ec8535.pdf"
"828","Colheitadeira de Grãos","MASSEY FERGUSON","MF34","Manual tecnico das colheitadeiras MF32 e MF34","-","true","https://cdn.appmaq.com.br/appmaq-media/manuals/01957100-b0c2-7827-aa65-8aa2ebc4d121/019dba82-cd45-7a95-92c6-f790243a4fc9.pdf"
"829","Colheitadeira de Grãos","MASSEY FERGUSON","MF3640","1 - Colheitadeira Manual de Oficina MF 3640 e 5650 ADV","-","true","https://cdn.appmaq.com.br/appmaq-media/manuals/01957100-b0c2-7e4d-8c81-1188319ce493/019dbaa3-a04a-7a1a-bd41-a84099e08d9e.pdf"
"830","Colheitadeira de Grãos","MASSEY FERGUSON","MF3640","Manual de instruçoes -MF-3640-5650-Parte2-pdf","-","true","https://cdn.appmaq.com.br/appmaq-media/manuals/01957100-b0c2-7e4d-8c81-1188319ce493/019dbb6b-53a1-75fb-805f-a2b8ca8bdbd1.pdf"
"831","Colheitadeira de Grãos","MASSEY FERGUSON","MF3640","Manual de Manutenção das colheitadeiras MF-3640-y-5650-Advanced-Seccion-4-pdf","-","true","https://cdn.appmaq.com.br/appmaq-media/manuals/01957100-b0c2-7e4d-8c81-1188319ce493/019dbb6b-5449-790c-b695-33ad3f8e94ff.pdf"
"832","Colheitadeira de Grãos","MASSEY FERGUSON","MF3640","Manual do Operador das colheitadeiras MF-3640-y-5650-Advanced-Seccion-3-Instrucciones-de-Operacion","-","true","https://cdn.appmaq.com.br/appmaq-media/manuals/01957100-b0c2-7e4d-8c81-1188319ce493/019dbb6b-5929-7b0b-9a3e-475d93f32f34.pdf"
"833","Colheitadeira de Grãos","MASSEY FERGUSON","MF3640","Manual Elétrico das colheitadeiras MF 3640 e 5650 Advanced","-","true","https://cdn.appmaq.com.br/appmaq-media/manuals/01957100-b0c2-7e4d-8c81-1188319ce493/019dbb6b-59c7-7828-8f2a-7a5f8205c6e9.pdf"
"834","Colheitadeira de Grãos","MASSEY FERGUSON","MF3640","Sistema Hidráulico das colheitadeiras MF 3640 e 5650","-","true","https://cdn.appmaq.com.br/appmaq-media/manuals/01957100-b0c2-7e4d-8c81-1188319ce493/019dbb6b-5a23-72e2-a444-a3be2d6dc540.pdf"
"835","Colheitadeira de Grãos","MASSEY FERGUSON","MF4690","Catalogo de peças da Colheitadeira Massey ferguson mf 4690","-","true","https://cdn.appmaq.com.br/appmaq-media/manuals/01957100-b0c2-702d-aa37-8087621f92af/019dbb3b-5967-7306-b6a1-fbaf2ab772bd.pdf"
"836","Colheitadeira de Grãos","MASSEY FERGUSON","MF4690","Eletro Hidráulica das Colheitadeiras Híbridas Massey Ferguson 4690-5690-6690","-","true","https://cdn.appmaq.com.br/appmaq-media/manuals/01957100-b0c2-702d-aa37-8087621f92af/019dbb7f-879e-7bd7-bea4-d61b6b01ecb7.pdf"
"837","Colheitadeira de Grãos","MASSEY FERGUSON","MF4690","Folheto das colheitadeiras MF Hibridas 4690HD - 5690HD - 6690HD","-","true","https://cdn.appmaq.com.br/appmaq-media/manuals/01957100-b0c2-702d-aa37-8087621f92af/019dbb3b-59e2-7ca3-99e1-43bed7453ed7.pdf"
"838","Colheitadeira de Grãos","MASSEY FERGUSON","MF4690","Sistema Hidráulico das colheitadeiras MF 3640 e 5650","-","true","https://cdn.appmaq.com.br/appmaq-media/manuals/01957100-b0c2-702d-aa37-8087621f92af/019dbb7f-d2c1-7a14-a0bd-33cdfbcabf59.pdf"
"839","Colheitadeira de Grãos","MASSEY FERGUSON","MF5650","Catalogo de peças Massey-Ferguson-5650-pdf","-","true","https://cdn.appmaq.com.br/appmaq-media/manuals/01957100-b0c2-777a-9964-94a3f912cfb6/019dbb6a-2cd3-7e86-bf89-fa4131ddc338.pdf"
"840","Colheitadeira de Grãos","MASSEY FERGUSON","MF5650","Diagrama Hidráulico das colheitadeiras MF34 e MF5650","-","true","https://cdn.appmaq.com.br/appmaq-media/manuals/01957100-b0c2-777a-9964-94a3f912cfb6/019dbb6a-359b-76e0-ae8a-b0274689d9e4.pdf"
"841","Colheitadeira de Grãos","MASSEY FERGUSON","MF5650","Especificações da Colheitadeira MF 5650","-","true","https://cdn.appmaq.com.br/appmaq-media/manuals/01957100-b0c2-777a-9964-94a3f912cfb6/019dbb6a-372a-7141-820e-85d552fef4c7.pdf"
"842","Colheitadeira de Grãos","MASSEY FERGUSON","MF5650","Ficha Técnica da Colheitadeira MF 5650","-","true","https://cdn.appmaq.com.br/appmaq-media/manuals/01957100-b0c2-777a-9964-94a3f912cfb6/019dbb6a-3824-79e2-a9fe-7dfb92bc065e.pdf"
"843","Colheitadeira de Grãos","MASSEY FERGUSON","MF5650","Manual de instruçoes -MF-3640-5650-Parte2-pdf","-","true","https://cdn.appmaq.com.br/appmaq-media/manuals/01957100-b0c2-777a-9964-94a3f912cfb6/019dbb6a-3941-789a-9dc2-683affdd88bb.pdf"
"844","Colheitadeira de Grãos","MASSEY FERGUSON","MF5650","Manual de Manutenção das colheitadeiras MF-3640-y-5650-Advanced-Seccion-4-pdf","-","true","https://cdn.appmaq.com.br/appmaq-media/manuals/01957100-b0c2-777a-9964-94a3f912cfb6/019dbb6a-4260-7635-b5fc-951e46e53b9b.pdf"
"845","Colheitadeira de Grãos","MASSEY FERGUSON","MF5650","Manual do Operador das colheitadeiras MF-3640-y-5650-Advanced-Seccion-3-Instrucciones-de-Operacion","-","true","https://cdn.appmaq.com.br/appmaq-media/manuals/01957100-b0c2-777a-9964-94a3f912cfb6/019dbb6a-4ae5-720e-be39-11c773b9654b.pdf"
"846","Colheitadeira de Grãos","MASSEY FERGUSON","MF5650","Manual Elétrico das colheitadeiras MF 3640 e 5650 Advanced","-","true","https://cdn.appmaq.com.br/appmaq-media/manuals/01957100-b0c2-777a-9964-94a3f912cfb6/019dbb6a-4ca2-7b1f-81d0-5cefbedf3512.pdf"
"847","Colheitadeira de Grãos","MASSEY FERGUSON","MF5650","Suplemento Catálogo da colheitadeira MF 5650","-","true","https://cdn.appmaq.com.br/appmaq-media/manuals/01957100-b0c2-777a-9964-94a3f912cfb6/019dbb6a-4d48-72f1-bfe0-636e6c83a778.pdf"
"848","Colheitadeira de Grãos","MASSEY FERGUSON","MF5690","Eletro Hidráulica das Colheitadeiras Híbridas Massey Ferguson 4690-5690-6690","-","true","https://cdn.appmaq.com.br/appmaq-media/manuals/01957100-b0c2-7113-a187-7df260c4f895/019dbb80-7ad9-7018-b12c-9c43188163d8.pdf"
"849","Colheitadeira de Grãos","MASSEY FERGUSON","MF5690","Especificações Técnicas da Colheitadeira MF 5690","-","true","https://cdn.appmaq.com.br/appmaq-media/manuals/01957100-b0c2-7113-a187-7df260c4f895/019dbb79-ade6-7113-acf9-425e825aeb3f.pdf"
"850","Colheitadeira de Grãos","MASSEY FERGUSON","MF5690","Folheto das colheitadeiras MF Hibridas 4690HD - 5690HD - 6690HD","-","true","https://cdn.appmaq.com.br/appmaq-media/manuals/01957100-b0c2-7113-a187-7df260c4f895/019dbb79-ae3d-75a9-9fb6-0d6bd28eb3e8.pdf"
"851","Colheitadeira de Grãos","MASSEY FERGUSON","MF5690","Sistema Hidráulico das colheitadeiras MF 3640 e 5650","-","true","https://cdn.appmaq.com.br/appmaq-media/manuals/01957100-b0c2-7113-a187-7df260c4f895/019dbb79-af78-7d3b-8163-90e2136ef1ad.pdf"
"852","Colheitadeira de Grãos","MASSEY FERGUSON","MF6690","Catalogo de peças da Colheitadeira MF6690","-","true","https://cdn.appmaq.com.br/appmaq-media/manuals/01957100-b0c2-7deb-be65-46786a177290/019dbb99-f26c-7b8c-af29-1b81b85ba205.pdf"
"853","Colheitadeira de Grãos","MASSEY FERGUSON","MF6690","Eletro Hidráulica das Colheitadeiras Híbridas Massey Ferguson 4690-5690-6690","-","true","https://cdn.appmaq.com.br/appmaq-media/manuals/01957100-b0c2-7deb-be65-46786a177290/019dbb99-f5b4-7370-9f98-c42662fb70a4.pdf"
"854","Colheitadeira de Grãos","MASSEY FERGUSON","MF6690","Folheto das colheitadeiras MF Hibridas 4690HD - 5690HD - 6690HD","-","true","https://cdn.appmaq.com.br/appmaq-media/manuals/01957100-b0c2-7deb-be65-46786a177290/019dbb99-fa9e-7138-a26a-f34c7c297ab0.pdf"
"855","Colheitadeira de Grãos","MASSEY FERGUSON","MF9690","Combine Colheitadeira Massey Ferguson 9690","-","true","https://cdn.appmaq.com.br/appmaq-media/manuals/01957100-b0c2-7cab-8663-52a4b71e470d/019dbba3-dbcb-75ef-b553-29c726933ea8.pdf"
"856","Colheitadeira de Grãos","MASSEY FERGUSON","MF9690","Especificações da Colheitadeira MF 9690","-","true","https://cdn.appmaq.com.br/appmaq-media/manuals/01957100-b0c2-7cab-8663-52a4b71e470d/019dbba3-dc2a-7e60-9574-b9ca163fdc39.pdf"
"857","Colheitadeira de Grãos","MASSEY FERGUSON","MF9690","MANUAL DE MANUTENÇÃO DA OFICINA COLHETADEIRAS MASSEY FERGUSON- 9690-9790","-","true","https://cdn.appmaq.com.br/appmaq-media/manuals/01957100-b0c2-7cab-8663-52a4b71e470d/019dc488-76f2-742a-a00d-b507a201f8a6.pdf"
"858","Colheitadeira de Grãos","MASSEY FERGUSON","MF9690","Mecanica, Hidraulica, Eletrica e Plataforma. MF 9690 e MF 9790","-","true","https://cdn.appmaq.com.br/appmaq-media/manuals/01957100-b0c2-7cab-8663-52a4b71e470d/019dbba3-dd4c-7215-bf4f-84f7439be0f0.pdf"
"859","Colheitadeira de Grãos","MASSEY FERGUSON","MF9695","Folheto da Colheitadeira MF 9695 - 9795 - 9895","-","true","https://cdn.appmaq.com.br/appmaq-media/manuals/0196f443-bf80-71de-b6ec-eb4b4c90b8e6/019dbbb0-dac9-7a9c-8c6e-6146bff26982.pdf"
"860","Colheitadeira de Grãos","MASSEY FERGUSON","MF9695","Manual de Serviço das colheitadeiras MF 9695-9795 Cambines","-","true","https://cdn.appmaq.com.br/appmaq-media/manuals/0196f443-bf80-71de-b6ec-eb4b4c90b8e6/019dbbb0-db7c-7176-a879-b287efa9a01b.pdf"
"861","Colheitadeira de Grãos","MASSEY FERGUSON","MF9790","Catalogo de peças da cabine da colheitadeira MF 9790","-","true","https://cdn.appmaq.com.br/appmaq-media/manuals/01957100-b0c2-7e72-98ea-4f189e1a6895/019dbbbc-703d-7504-ba82-33e6251c4746.pdf"
"862","Colheitadeira de Grãos","MASSEY FERGUSON","MF9790","Ficha Técnica Colheitadeira MF 9790","-","true","https://cdn.appmaq.com.br/appmaq-media/manuals/01957100-b0c2-7e72-98ea-4f189e1a6895/019dbbb1-78d0-77c0-8777-f7b0a78d4b62.pdf"
"863","Colheitadeira de Grãos","MASSEY FERGUSON","MF9790","MANUAL DE MANUTENÇÃO DA OFICINA COLHETADEIRAS MASSEY FERGUSON- 9690-9790","-","true","https://cdn.appmaq.com.br/appmaq-media/manuals/01957100-b0c2-7e72-98ea-4f189e1a6895/019dc483-6d1b-71dd-a876-32deed1a005a.pdf"
"864","Colheitadeira de Grãos","MASSEY FERGUSON","MF9790","Mecanica, Hidraulica, Eletrica e Plataforma. MF 9690 e MF 9790","-","true","https://cdn.appmaq.com.br/appmaq-media/manuals/01957100-b0c2-7e72-98ea-4f189e1a6895/019dbbb1-7923-723e-ae00-4de711e6ae79.pdf"
"865","Colheitadeira de Grãos","MASSEY FERGUSON","MF9795","Folheto das colheitadeiras MF axial 9695 - MF 9695 - MF 9795 - MF 9895 -","-","true","https://cdn.appmaq.com.br/appmaq-media/manuals/01957100-b0c2-762c-b9c6-2fa16cf2fc81/019dbbb2-0f28-7a30-b645-e339a21e4f4d.pdf"
"866","Colheitadeira de Grãos","MASSEY FERGUSON","MF9795","Manual de Serviço das colheitadeiras MF 9695-9795 Cambines","-","true","https://cdn.appmaq.com.br/appmaq-media/manuals/01957100-b0c2-762c-b9c6-2fa16cf2fc81/019dbbb2-0f85-73c0-9d20-5ed62560f993.pdf"
"867","Colheitadeira de Grãos","MASSEY FERGUSON","MF9795","TREINAMENTO OPERACIONAL COLHEITADEIRAS MASSEY FERGUSSON -Axiais- MF9795 - MF9895","-","true","https://cdn.appmaq.com.br/appmaq-media/manuals/01957100-b0c2-762c-b9c6-2fa16cf2fc81/019dc4c4-c1d3-7fe7-8f06-bdaf3e5ce8b1.pdf"
"868","Colheitadeira de Grãos","MASSEY FERGUSON","MF9895","Especificações da Colheitadeira MF 9895","-","true","https://cdn.appmaq.com.br/appmaq-media/manuals/01957100-b0c2-7c0c-a82c-e2f4dfb32de0/019dbbb2-9724-7dfe-9ea3-f077c9a5551a.pdf"
"869","Colheitadeira de Grãos","MASSEY FERGUSON","MF9895","Folheto das colheitadeiras MF axial 9695 - MF 9695 - MF 9795 - MF 9895 -","-","true","https://cdn.appmaq.com.br/appmaq-media/manuals/01957100-b0c2-7c0c-a82c-e2f4dfb32de0/019dbbb2-980b-79f2-af72-882f01eaffb9.pdf"
"870","Colheitadeira de Grãos","MASSEY FERGUSON","MF9895","TREINAMENTO OPERACIONAL COLHEITADEIRAS MASSEY FERGUSSON -Axiais- MF9795 - MF9895","-","true","https://cdn.appmaq.com.br/appmaq-media/manuals/01957100-b0c2-7c0c-a82c-e2f4dfb32de0/019dc4c5-5c6a-713e-8352-76fa9d25b58c.pdf"
"871","Colheitadeira de Grãos","NEW HOLLAND","CR10.90","CATALOGO DE PEÇAS SOBRESSALENTES DAS COLHEITADEIRAS NEW HOLLAND - CR10.90","-","true","https://cdn.appmaq.com.br/appmaq-media/manuals/01991b22-aec9-71e0-903f-a94e8fa3d7d0/019e0db5-f353-74a2-bb0e-32a29d3a9a43.pdf"
"872","Colheitadeira de Grãos","NEW HOLLAND","CR10.90","MANUAL DE SERVIÇO COLHEITADEIRAS - NEW HOLLAND - CR10-90-","-","true","https://cdn.appmaq.com.br/appmaq-media/manuals/01991b22-aec9-71e0-903f-a94e8fa3d7d0/019e0db5-f6cf-7fef-9d27-2a1ecfd3f9e4.pdf"
"873","Colheitadeira de Grãos","NEW HOLLAND","CR10.90","MANUAL DE SERVIÇOS COLHETADEIRAS NEW HOLLAND -CR10.90 -","-","true","https://cdn.appmaq.com.br/appmaq-media/manuals/01991b22-aec9-71e0-903f-a94e8fa3d7d0/019e0db5-f6f3-7e44-979a-a12025fd51b6.pdf"
"874","Colheitadeira de Grãos","NEW HOLLAND","CR5080","CATÁLOGO DE PEÇAS NEW HOLLAND CR5080","-","true","https://cdn.appmaq.com.br/appmaq-media/manuals/01957100-b0c2-7220-a31c-a348b5f5b0f2/019e0db6-b046-74bb-9d6c-962b28df60c6.pdf"
"875","Colheitadeira de Grãos","NEW HOLLAND","CR5080","CATÁLOGO DE PEÇAS NEW HOLLAND CR5080 -","-","true","https://cdn.appmaq.com.br/appmaq-media/manuals/01957100-b0c2-7220-a31c-a348b5f5b0f2/019e0db6-af45-78e0-9883-7c5a7d92e0ab.pdf"
"876","Colheitadeira de Grãos","NEW HOLLAND","CR5080","CODIGOS DE ERRO COLHEITADEIRA NEW HOLLAND CR5080","-","true","https://cdn.appmaq.com.br/appmaq-media/manuals/01957100-b0c2-7220-a31c-a348b5f5b0f2/019e0db6-b165-76c1-8253-c997c4ca2e92.pdf"
"877","Colheitadeira de Grãos","NEW HOLLAND","CR5080","FICHA TÉCNICA DA COLHEITADEIRA NEW HOLLAND CR5080 -","-","true","https://cdn.appmaq.com.br/appmaq-media/manuals/01957100-b0c2-7220-a31c-a348b5f5b0f2/019e0db6-b19f-780b-b9b1-76c923d22b45.pdf"
"878","Colheitadeira de Grãos","NEW HOLLAND","CR5080","FOLHETO LINHA DAS COLHEITADEIRAS NEW HOLLAND LINHA CR - EVO","-","true","https://cdn.appmaq.com.br/appmaq-media/manuals/01957100-b0c2-7220-a31c-a348b5f5b0f2/019e0db6-b30b-7d82-9f8a-6b887c400e21.pdf"
"879","Colheitadeira de Grãos","NEW HOLLAND","CR5090","FOLHETO LINHA DAS COLHEITADEIRAS NEW HOLLAND LINHA CR - EVO","-","true","https://cdn.appmaq.com.br/appmaq-media/manuals/019dbbf2-fa15-7266-ae43-5d65d16b2cc2/019e0db7-7551-7e7c-9e6a-949a93d6a456.pdf"
"880","Colheitadeira de Grãos","NEW HOLLAND","CR5090","MANUAL DE SERVIÇOS COLHEITADEIRA NEW HOLLAND - TC5090","-","true","https://cdn.appmaq.com.br/appmaq-media/manuals/019dbbf2-fa15-7266-ae43-5d65d16b2cc2/019e0db7-7575-717c-ae7e-e7b3d9f7dfab.pdf"
"881","Colheitadeira de Grãos","NEW HOLLAND","CR5.85","ESPECIFICAÇÃO TÉCNICA DA COLHEITADEIRA NEW HOLLAND -CR5-85","-","true","https://cdn.appmaq.com.br/appmaq-media/manuals/01957100-b0c2-755d-a533-f87097eaf59c/019e0dab-992f-7366-bbb8-ee4ad122453f.pdf"
"882","Colheitadeira de Grãos","NEW HOLLAND","CR5.85","FICHA DAS COLHEITADEIRAS NEW HOLLAND CR5.85 -","-","true","https://cdn.appmaq.com.br/appmaq-media/manuals/01957100-b0c2-755d-a533-f87097eaf59c/019e0dab-995c-7913-973b-bcc6dd10f424.pdf"
"883","Colheitadeira de Grãos","NEW HOLLAND","CR5.85","FOLHETO LINHA DAS COLHEITADEIRAS NEW HOLLAND LINHA CR - EVO","-","true","https://cdn.appmaq.com.br/appmaq-media/manuals/01957100-b0c2-755d-a533-f87097eaf59c/019e0dab-9a30-760a-8a8a-e2146c9ed8aa.pdf"
"884","Colheitadeira de Grãos","NEW HOLLAND","CR5.85","FOLHETO TÉCNICO DAS COLHEITADEIRAS NEW HOLLAND -CR-5.85 -","-","true","https://cdn.appmaq.com.br/appmaq-media/manuals/01957100-b0c2-755d-a533-f87097eaf59c/019e0dab-9a74-7777-a196-54a8ff273de1.pdf"
"885","Colheitadeira de Grãos","NEW HOLLAND","CR5.85","MANUAL DE SERVIÇOS DA COLHEITADEIRA NEW HOLLAND CR5.85","-","true","https://cdn.appmaq.com.br/appmaq-media/manuals/01957100-b0c2-755d-a533-f87097eaf59c/019e0dab-9b5a-7eb9-a380-cd0c4ee88fca.pdf"
"886","Colheitadeira de Grãos","NEW HOLLAND","CR5.85","MANUAL-DO-OPERADOR COLHEITADEIRA NEW HOLLAND -CR5-85","-","true","https://cdn.appmaq.com.br/appmaq-media/manuals/01957100-b0c2-755d-a533-f87097eaf59c/019e0dab-a0f4-72ab-974b-feb56b56104e.pdf"
"887","Colheitadeira de Grãos","NEW HOLLAND","CR6080","CATÁLOGO DE PEÇAS NEW HOLLAND CR6080","-","true","https://cdn.appmaq.com.br/appmaq-media/manuals/0198b2f1-539e-7424-92c0-2d1d156c036a/019e0db8-62ec-7a79-9e2d-d8dad72bba3d.pdf"
"888","Colheitadeira de Grãos","NEW HOLLAND","CR6080","FICHA TÉCNICA DA COLHEITADEIRA NEW HOLLAND - CR6080 -","-","true","https://cdn.appmaq.com.br/appmaq-media/manuals/0198b2f1-539e-7424-92c0-2d1d156c036a/019e0db8-645f-793a-a4af-1c0959c1906a.pdf"
"889","Colheitadeira de Grãos","NEW HOLLAND","CR6080","FOLHETO LINHA DAS COLHEITADEIRAS NEW HOLLAND LINHA CR - EVO","-","true","https://cdn.appmaq.com.br/appmaq-media/manuals/0198b2f1-539e-7424-92c0-2d1d156c036a/019e0db8-6483-7950-810f-33a5854157f5.pdf"
"890","Colheitadeira de Grãos","NEW HOLLAND","CR6080","FOLHETO TÉCNICO DA COLHEITADEIRA NEW HOLLAND -CR6080","-","true","https://cdn.appmaq.com.br/appmaq-media/manuals/0198b2f1-539e-7424-92c0-2d1d156c036a/019e0db8-6596-7259-9562-8e731cf1c885.pdf"
"891","Colheitadeira de Grãos","NEW HOLLAND","CR6080","MANUAL DE SERVIÇO DA COLHEITADEIRA NEW HOLLAND CR6080","-","true","https://cdn.appmaq.com.br/appmaq-media/manuals/0198b2f1-539e-7424-92c0-2d1d156c036a/019e0db8-65dc-7ee4-8260-705af97c3410.pdf"
"892","Colheitadeira de Grãos","NEW HOLLAND","CR6090","MANUAL DE REPAROS COLHETADEIRA NEW HOLLAND -CR6090- INGLÊS","-","true","https://cdn.appmaq.com.br/appmaq-media/manuals/019dbbf6-f4c7-7819-99a5-57062e4fb1bd/019e0db9-004d-77e6-a08a-fa4bc3deaf01.pdf"
"893","Colheitadeira de Grãos","NEW HOLLAND","CR6.80","FICHA DAS COLHEITADEIRAS NEW HOLLAND - CR6.80 -","-","true","https://cdn.appmaq.com.br/appmaq-media/manuals/01957100-b0c2-7358-bad2-9f22b275b235/019e0dac-bfb5-7d8a-a8fe-3f758b9e070c.pdf"
"894","Colheitadeira de Grãos","NEW HOLLAND","CR6.80","FOLHETO LINHA DAS COLHEITADEIRAS NEW HOLLAND LINHA CR - EVO","-","true","https://cdn.appmaq.com.br/appmaq-media/manuals/01957100-b0c2-7358-bad2-9f22b275b235/019e0dac-c0b4-70cd-badb-ba9a06e899f8.pdf"
"895","Colheitadeira de Grãos","NEW HOLLAND","CR6.80","FOLHETO TÉCNICO DAS COLHEITADEIRAS NEW HOLLAND - CR6.80 -","-","true","https://cdn.appmaq.com.br/appmaq-media/manuals/01957100-b0c2-7358-bad2-9f22b275b235/019e0dac-c138-73b6-9d52-5699b791118c.pdf"
"896","Colheitadeira de Grãos","NEW HOLLAND","CR6.80","MANUAL DE SERVIÇO COLHEITADEIRA NEW HOLLAND CR6.80","-","true","https://cdn.appmaq.com.br/appmaq-media/manuals/01957100-b0c2-7358-bad2-9f22b275b235/019e0dac-c263-77ad-81dd-81995d6b9d57.pdf"
"897","Colheitadeira de Grãos","NEW HOLLAND","CR6.80","MANUAL DE SERVIÇOS COLHEITADEIRA NEW HOLLAND - CR6.80 -","-","true","https://cdn.appmaq.com.br/appmaq-media/manuals/01957100-b0c2-7358-bad2-9f22b275b235/019e0dac-c5ff-790d-95ad-c5c9ceccfb2e.pdf"
"898","Colheitadeira de Grãos","NEW HOLLAND","CR6.80","MANUAL-DO-OPERADOR COLHEITADEIRAS NEW HOLLAND - CR6-80-","-","true","https://cdn.appmaq.com.br/appmaq-media/manuals/01957100-b0c2-7358-bad2-9f22b275b235/019e0dac-c62b-75f5-8cc8-0804975bf212.pdf"
"899","Colheitadeira de Grãos","NEW HOLLAND","CR6.80","TABELA DE FUSIVEIS DA COLHEITADEIRA NEW HOLLAND - CR6.80","-","true","https://cdn.appmaq.com.br/appmaq-media/manuals/01957100-b0c2-7358-bad2-9f22b275b235/019e0dac-c9f3-75cb-b0fe-eb970d0eeca8.pdf"
"900","Colheitadeira de Grãos","NEW HOLLAND","CR6.90","MANUAL DE SERVIÇOS COLHEITADEIRA NEW HOLLAND - CR6.90-INGLÊS","-","true","https://cdn.appmaq.com.br/appmaq-media/manuals/019e0dad-b610-798c-9382-ee59ed50b49b/019e0dae-912d-7b3f-816e-d9f7a8bf5599.pdf"
"901","Colheitadeira de Grãos","NEW HOLLAND","CR7090","MANUAL DE REPAROS COLHETADEIRA NEW HOLLAND - CR7090-INGLÊS","-","true","https://cdn.appmaq.com.br/appmaq-media/manuals/019e0dba-321f-73ea-b549-7a1f3bfe61f3/019e0dba-ee9e-7c60-b911-685c2d1c318d.pdf"
"902","Colheitadeira de Grãos","NEW HOLLAND","CR7.80","CATALOGO DE PEÇAS SOBRESSALENTES DAS COLHEITADEIRAS NEW HOLLAND CR7.80","-","true","https://cdn.appmaq.com.br/appmaq-media/manuals/0196f443-bf90-7a65-8881-8d5b9bd40dbe/019e0daf-c879-76ef-845a-e7a79ad14889.pdf"
"903","Colheitadeira de Grãos","NEW HOLLAND","CR7.80","FICHA DAS COLHEITADEIRAS NEW HOLLAND CR5.85 - CR6.80 - CR7.80","-","true","https://cdn.appmaq.com.br/appmaq-media/manuals/0196f443-bf90-7a65-8881-8d5b9bd40dbe/019e0daf-cee9-7b79-87af-beb3d3d0846c.pdf"
"904","Colheitadeira de Grãos","NEW HOLLAND","CR7.80","FOLHETO LINHA DAS COLHEITADEIRAS NEW HOLLAND LINHA CR - EVO","-","true","https://cdn.appmaq.com.br/appmaq-media/manuals/0196f443-bf90-7a65-8881-8d5b9bd40dbe/019e0daf-d166-7005-838e-749e1cdda85b.pdf"
"905","Colheitadeira de Grãos","NEW HOLLAND","CR7.80","FOLHETO TÉCNICO DAS COLHEITADEIRAS NEW HOLLAND - CR7.80","-","true","https://cdn.appmaq.com.br/appmaq-media/manuals/0196f443-bf90-7a65-8881-8d5b9bd40dbe/019e0daf-d26d-7dcd-83eb-69ee789fe2f1.pdf"
"906","Colheitadeira de Grãos","NEW HOLLAND","CR7.80","MANUAL DO OPERADOR- COLHEITADEIRA - CR7-80-","-","true","https://cdn.appmaq.com.br/appmaq-media/manuals/0196f443-bf90-7a65-8881-8d5b9bd40dbe/019e0daf-d389-7981-8c89-4ffd53b215f1.pdf"
"907","Colheitadeira de Grãos","NEW HOLLAND","CR7.90","CATALOGO DE PEÇAS SOBRESSALENTES DAS COLHEITADEIRAS NEW HOLLAND - CR7.90","-","true","https://cdn.appmaq.com.br/appmaq-media/manuals/01957100-b0c2-72aa-96df-3108d56d9555/019e0db0-bd6b-70e4-bb63-f71431da77bb.pdf"
"908","Colheitadeira de Grãos","NEW HOLLAND","CR7.90","FOLHETO LINHA DAS COLHEITADEIRAS NEW HOLLAND LINHA CR - EVO","-","true","https://cdn.appmaq.com.br/appmaq-media/manuals/01957100-b0c2-72aa-96df-3108d56d9555/019e0db0-c3f7-7b2c-a11a-726165191b33.pdf"
"909","Colheitadeira de Grãos","NEW HOLLAND","CR7.90","MANUAL DE SERVIÇO COLHETADEIRA NEW HOLLAND - CR7.90 - PORT","-","true","https://cdn.appmaq.com.br/appmaq-media/manuals/01957100-b0c2-72aa-96df-3108d56d9555/019e0db0-c692-7e93-88e9-d9bf9dd45521.pdf"
"910","Colheitadeira de Grãos","NEW HOLLAND","CR7.90","MANUAL DE SERVIÇOS COLHEITADEIRA NEW HOLLAND - CR7.90 -","-","true","https://cdn.appmaq.com.br/appmaq-media/manuals/01957100-b0c2-72aa-96df-3108d56d9555/019e0db0-caad-727c-8c25-3ce90fa88589.pdf"
"911","Colheitadeira de Grãos","NEW HOLLAND","CR7.90","MANUAL DO OPERADOR COLHEITADEIRAS NEW HOLLAND - CR7-90-","-","true","https://cdn.appmaq.com.br/appmaq-media/manuals/01957100-b0c2-72aa-96df-3108d56d9555/019e0db0-cd79-7257-95f5-e13506ff6fd2.pdf"
"912","Colheitadeira de Grãos","NEW HOLLAND","CR8070","MANUAL DE SERVIÇOS - COLHEITADEIRAS NEW HOLLAND -CR8070-INGLÊS","-","true","https://cdn.appmaq.com.br/appmaq-media/manuals/019e0dbc-5360-75d7-8de9-c38bd41a020c/019e0dbd-5055-7c2b-b5b5-9a4d42a1a093.pdf"
"913","Colheitadeira de Grãos","NEW HOLLAND","CR8080","MANUAL DE REPAROS COLHETADEIRA NEW HOLLAND -CR8080- INGLÊS","-","true","https://cdn.appmaq.com.br/appmaq-media/manuals/019e0dbc-a7ed-7518-bc2f-1f4d045dce18/019e0dbd-d8e7-72be-810c-b5f91e62729d.pdf"
"914","Colheitadeira de Grãos","NEW HOLLAND","CR8090","MANUAL DE REPAROS COLHETADEIRA NEW HOLLAND -CR8090- INGLÊS","-","true","https://cdn.appmaq.com.br/appmaq-media/manuals/01957100-b0c2-76b2-86ca-393f2bd37bfe/019e0dbe-970f-7e7f-b4b0-7d2f62f53dfe.pdf"
"915","Colheitadeira de Grãos","NEW HOLLAND","CR8.80","CATALOGO DE PEÇAS SOBRESSALENTES DAS COLHEITADEIRAS NEW HOLLAND - CR8.80","-","true","https://cdn.appmaq.com.br/appmaq-media/manuals/019dbbe7-8dc8-7a84-9516-43dfb5a8e2b9/019e0db1-8a24-7da9-b7b7-48eb21ca67e1.pdf"
"916","Colheitadeira de Grãos","NEW HOLLAND","CR8.90","CATALOGO DE PEÇAS SOBRESSALENTES DAS COLHEITADEIRAS NEW HOLLAND - CR 8.90","-","true","https://cdn.appmaq.com.br/appmaq-media/manuals/01957100-b0c2-7ddd-9d73-7c1fc751bd97/019e0db3-0dd0-7a0c-97a8-4c03d1a3733e.pdf"
"917","Colheitadeira de Grãos","NEW HOLLAND","CR8.90","FOLHETO LINHA DAS COLHEITADEIRAS NEW HOLLAND LINHA CR - EVO","-","true","https://cdn.appmaq.com.br/appmaq-media/manuals/01957100-b0c2-7ddd-9d73-7c1fc751bd97/019e0db3-1114-70ac-aafd-3349c65d20b1.pdf"
"918","Colheitadeira de Grãos","NEW HOLLAND","CR8.90","MANUAL DE SERVIÇO COLHEITADEIRAS - NEW HOLLAND -CR8-90INGLÊS","-","true","https://cdn.appmaq.com.br/appmaq-media/manuals/01957100-b0c2-7ddd-9d73-7c1fc751bd97/019e0db3-1146-7d9b-9f77-2d5fbb6dfb6b.pdf"
"919","Colheitadeira de Grãos","NEW HOLLAND","CR8.90","MANUAL DE SERVIÇO COLHETADEIRA NEW HOLLAND - CR8.90","-","true","https://cdn.appmaq.com.br/appmaq-media/manuals/01957100-b0c2-7ddd-9d73-7c1fc751bd97/019e0db3-11ae-7c96-a750-de0163184821.pdf"
"920","Colheitadeira de Grãos","NEW HOLLAND","CR8.90","MANUAL DE SERVIÇOS COLHEITADEIRA NEW HOLLAND -CR8.90 -","-","true","https://cdn.appmaq.com.br/appmaq-media/manuals/01957100-b0c2-7ddd-9d73-7c1fc751bd97/019e0db3-16b0-73b9-8d01-3143d2750768.pdf"
"921","Colheitadeira de Grãos","NEW HOLLAND","CR8.90","MANUAL DE SERVIÇOS COLHETADEIRAS NEW HOLLAND -CR8.90 -","-","true","https://cdn.appmaq.com.br/appmaq-media/manuals/01957100-b0c2-7ddd-9d73-7c1fc751bd97/019e0db3-16e0-74a4-b347-a5543e8cde33.pdf"
"922","Colheitadeira de Grãos","NEW HOLLAND","CR8.90","MANUAL DO OPERADOR COLHEITADEIRAS NEW HOLLAND -CR8-90-","-","true","https://cdn.appmaq.com.br/appmaq-media/manuals/01957100-b0c2-7ddd-9d73-7c1fc751bd97/019e0db3-1786-7ffe-838a-3e3d52c2c4f8.pdf"
"923","Colheitadeira de Grãos","NEW HOLLAND","CR9060","FICHA TÉCNICA DA COLHEITADEIRA NEW HOLLAND - CR9060 -","-","true","https://cdn.appmaq.com.br/appmaq-media/manuals/01957100-b0c2-7c48-855e-07ecc0e8b627/019e0dc0-d763-701c-a00c-aa0c7ce96353.pdf"
"924","Colheitadeira de Grãos","NEW HOLLAND","CR9060","FOLHETO LINHA DAS COLHEITADEIRAS NEW HOLLAND LINHA CR - EVO","-","true","https://cdn.appmaq.com.br/appmaq-media/manuals/01957100-b0c2-7c48-855e-07ecc0e8b627/019e0dc0-d781-784b-a85a-6a1998a15819.pdf"
"925","Colheitadeira de Grãos","NEW HOLLAND","CR9060","FOLHETO TÉCNICO DA COLHEITADEIRA NEW HOLLAND - CR9060 -","-","true","https://cdn.appmaq.com.br/appmaq-media/manuals/01957100-b0c2-7c48-855e-07ecc0e8b627/019e0dc0-d7f8-7aa2-ad49-6dc8cb58f813.pdf"
"926","Colheitadeira de Grãos","NEW HOLLAND","CR9060","MANUAL DE SERVIÇO DA COLHEITADEIRA NEW HOLLAND CR9060 - PORT","-","true","https://cdn.appmaq.com.br/appmaq-media/manuals/01957100-b0c2-7c48-855e-07ecc0e8b627/019e0dc0-d899-7774-9a26-3b26bebf525f.pdf"
"927","Colheitadeira de Grãos","NEW HOLLAND","CR9060","MANUAL DE SERVIÇOS COLHEITADEIRAS NEW HOLLAND - CR9060- INGLÊS","-","true","https://cdn.appmaq.com.br/appmaq-media/manuals/01957100-b0c2-7c48-855e-07ecc0e8b627/019e0dc0-de52-734e-a07b-bb6467873bca.pdf"
"928","Colheitadeira de Grãos","NEW HOLLAND","CR9060","MANUAL DO OPERADOR - COLHEITADEIRA NEW HOLLAND - CR9060","-","true","https://cdn.appmaq.com.br/appmaq-media/manuals/01957100-b0c2-7c48-855e-07ecc0e8b627/019e559a-181f-797d-965d-ba229d872acc.pdf"
"929","Colheitadeira de Grãos","NEW HOLLAND","CR9060","MANUAL DO OPERADOR DA COLHEITADEIRA NEW HOLLNAD CR-9060 - PORT.","-","true","https://cdn.appmaq.com.br/appmaq-media/manuals/01957100-b0c2-7c48-855e-07ecc0e8b627/019e0dc0-df0a-7fe7-ab90-92d0cfeb7ce5.pdf"
"930","Colheitadeira de Grãos","NEW HOLLAND","CR9060","TREINAMENTO - CLUBE LINHA - CR9060 COLHEITADEIRA NEW HOLLAND","-","true","https://cdn.appmaq.com.br/appmaq-media/manuals/01957100-b0c2-7c48-855e-07ecc0e8b627/019e0dc0-e3b4-7dda-8f5a-e8f5d56fe255.pdf"
"931","Colheitadeira de Grãos","NEW HOLLAND","CR9060","TREINAMENTO - COLHEITADEIRAS NEW HOLLAND - CLUBE LINHA - CR9060 -","-","true","https://cdn.appmaq.com.br/appmaq-media/manuals/01957100-b0c2-7c48-855e-07ecc0e8b627/019e0dc0-e5a6-763c-a6d0-ddb7a12acb3d.pdf"
"932","Colheitadeira de Grãos","NEW HOLLAND","CR9060","TREINAMENTOS DAS COLHEITADEIRAS NEW HOLLAND - CR9060","-","true","https://cdn.appmaq.com.br/appmaq-media/manuals/01957100-b0c2-7c48-855e-07ecc0e8b627/019e0dc0-e6d6-72f2-8912-11354c37a1bb.pdf"
"933","Colheitadeira de Grãos","NEW HOLLAND","CR9060 ELEVATION","MANUAL DE SERVIÇOS COLHEITADEIRAS NEW HOLLAND -CR9060-Elevation -","-","true","https://cdn.appmaq.com.br/appmaq-media/manuals/019dc0a7-b39e-78ae-ba1b-5a0ac5e7d47e/019e0dc2-6463-78b8-897e-29c2fed6916a.pdf"
"934","Colheitadeira de Grãos","NEW HOLLAND","CR9060 ELEVATION","MANUAL DO OPERADOR - COLHEITADEIRA NEW HOLLAND - CR9060","-","true","https://cdn.appmaq.com.br/appmaq-media/manuals/019dc0a7-b39e-78ae-ba1b-5a0ac5e7d47e/019e5598-b875-7755-b133-33bf40acd0ca.pdf"
"935","Colheitadeira de Grãos","NEW HOLLAND","CR9060 ELEVATION","MANUAL DO OPERADOR DA COLHEITADEIRA NEW HOLLNAD CR-9060 - PORT.","-","true","https://cdn.appmaq.com.br/appmaq-media/manuals/019dc0a7-b39e-78ae-ba1b-5a0ac5e7d47e/019e559b-5d62-79ad-a487-db6550b5c0aa.pdf"
"936","Colheitadeira de Grãos","NEW HOLLAND","CR9070 ELEVATION","MANUAL DE SERVIÇOS - COLHEITADEIRAS NEW HOLLAND - CR9070-Elevation- INGLÊS-","-","true","https://cdn.appmaq.com.br/appmaq-media/manuals/019dc0a8-5fd5-7212-b2ca-652676c904af/019e0dc4-a498-7096-b5d5-25a96090da8f.pdf"
"937","Colheitadeira de Grãos","NEW HOLLAND","CR9070 ELEVATION","MANUAL DE SERVIÇOS -COLHEITADEIRAS NEW HOLLAND - CR9070-Elevation- INGLÊS -","-","true","https://cdn.appmaq.com.br/appmaq-media/manuals/019dc0a8-5fd5-7212-b2ca-652676c904af/019e0dc3-e07a-70ff-b7ac-ebee246e83a2.pdf"
"938","Colheitadeira de Grãos","NEW HOLLAND","CR9070 ELEVATION","MANUAL DE SERVIÇOS - COLHEITADEIRAS NEW HOLLAND -CR9070-INGLÊS","-","true","https://cdn.appmaq.com.br/appmaq-media/manuals/019dc0a8-5fd5-7212-b2ca-652676c904af/019e0dc4-a4ab-7d72-bfff-0d34b3a3ebb4.pdf"
"939","Colheitadeira de Grãos","NEW HOLLAND","CR9080","FOLHETO LINHA DAS COLHEITADEIRAS NEW HOLLAND LINHA CR - EVO","-","true","https://cdn.appmaq.com.br/appmaq-media/manuals/01957100-b0c2-7881-9c4d-06faf8ed3bc1/019e0dc6-7060-75df-a770-059ef7a7b177.pdf"
"940","Colheitadeira de Grãos","NEW HOLLAND","CR9080","MANUAL DE SERVIÇO DA COLHEITADEIRA NEW HOLLAND - CR9080 - PORT","-","true","https://cdn.appmaq.com.br/appmaq-media/manuals/01957100-b0c2-7881-9c4d-06faf8ed3bc1/019e0dc6-7085-7b6f-b4fb-f03ec5dd3130.pdf"
"941","Colheitadeira de Grãos","NEW HOLLAND","CR9080","MANUAL DE SERVIÇOS -COLHEITADEIRAS NEW HOLLAND -CR9080-Combine-INGLÊS","-","true","https://cdn.appmaq.com.br/appmaq-media/manuals/01957100-b0c2-7881-9c4d-06faf8ed3bc1/019e0dc6-7774-7a72-baef-1455a69a30f3.pdf"
"942","Colheitadeira de Grãos","NEW HOLLAND","CR9080","MANUAL DE SERVIÇOS -COLHEITADEIRAS NEW HOLLAND - CR9080-Elevation-INGLÊS-","-","true","https://cdn.appmaq.com.br/appmaq-media/manuals/01957100-b0c2-7881-9c4d-06faf8ed3bc1/019e0dc6-7625-7ba2-8e50-37f7d8529e2c.pdf"
"943","Colheitadeira de Grãos","NEW HOLLAND","CR9080","MANUAL DE SERVIÇOS COLHEITADEIRAS NEW HOLLAND -CR9080- INGLÊS","-","true","https://cdn.appmaq.com.br/appmaq-media/manuals/01957100-b0c2-7881-9c4d-06faf8ed3bc1/019e0dc6-76f1-70db-b0f1-339c59119260.pdf"
"944","Colheitadeira de Grãos","NEW HOLLAND","CR9080","MANUAL DO OPERADOR DA COLHEITADEIRA NEW HOLLNAD CR-9080 - PORT.","-","true","https://cdn.appmaq.com.br/appmaq-media/manuals/01957100-b0c2-7881-9c4d-06faf8ed3bc1/019e0dc6-7abc-7dda-8b68-913513942eac.pdf"
"945","Colheitadeira de Grãos","NEW HOLLAND","CR9080","TREINAMENTO - CLUBE LINHA - CR9080 COLHEITADEIRA NEW HOLLAND","-","true","https://cdn.appmaq.com.br/appmaq-media/manuals/01957100-b0c2-7881-9c4d-06faf8ed3bc1/019e0dc6-7c9a-72d7-81f5-29a847d3fb20.pdf"
"946","Colheitadeira de Grãos","NEW HOLLAND","CR9090","MANUAL DE REPAROS COLHEITADEIRA NEW HOLLAND - CR9090 2014 - INGLÊS","-","true","https://cdn.appmaq.com.br/appmaq-media/manuals/0196f443-bf90-7134-a0d0-1547009f0989/019e0dc7-79ca-7b6a-9f83-2bf1cff3c81e.pdf"
"947","Colheitadeira de Grãos","NEW HOLLAND","CR9090","MANUAL DE REPAROS COLHETADEIRA NEW HOLLAND -CR9090-INGLÊS","-","true","https://cdn.appmaq.com.br/appmaq-media/manuals/0196f443-bf90-7134-a0d0-1547009f0989/019e0dc7-79d8-7205-969c-53c740c1e0a2.pdf"
"948","Colheitadeira de Grãos","NEW HOLLAND","CR9090","MANUAL DE SERVIÇOS - COLHEITADEIRAS NEW HOLLAND - CR9090-Elevation-INGLÊS -","-","true","https://cdn.appmaq.com.br/appmaq-media/manuals/0196f443-bf90-7134-a0d0-1547009f0989/019e0dc8-4fea-7410-b264-8db7718529d3.pdf"
"949","Colheitadeira de Grãos","NEW HOLLAND","CR9090","MANUAL DE SERVIÇOS COLHEITADEIRAS NEW HOLLAND -CR9090- INGLÊS","-","true","https://cdn.appmaq.com.br/appmaq-media/manuals/0196f443-bf90-7134-a0d0-1547009f0989/019e0dc7-79ec-7ab4-936c-b1910827d9a3.pdf"
"950","Colheitadeira de Grãos","NEW HOLLAND","CR9090","MANUAL DE SERVIÇOS -NEW HOLLAND -CR9090-Combine-INGLÊS","-","true","https://cdn.appmaq.com.br/appmaq-media/manuals/0196f443-bf90-7134-a0d0-1547009f0989/019e0dc7-7a67-7ef3-9682-5bb65d6378e8.pdf"
"951","Colheitadeira de Grãos","NEW HOLLAND","CR9.80","CATALOGO DE PEÇAS SOBRESSALENTES DAS COLHEITADEIRAS NEW HOLLAND - CR9.80","-","true","https://cdn.appmaq.com.br/appmaq-media/manuals/019dbbeb-7dbc-769f-9c2a-6d6acc8ef2e5/019e0db3-ed29-72cd-8537-2fbbaced94d0.pdf"
"952","Colheitadeira de Grãos","NEW HOLLAND","CR9.90","CATALOGO DE PEÇAS SOBRESSALENTES DAS COLHEITADEIRAS NEW HOLLAND - CR9.90","-","true","https://cdn.appmaq.com.br/appmaq-media/manuals/019923fc-1c97-7b83-b8b3-3dfe562a3049/019e0db4-e9dd-7ed0-98bf-55274295bb5c.pdf"
"953","Colheitadeira de Grãos","NEW HOLLAND","CR9.90","MANUAL DE SERVIÇO COLHEITADEIRAS - NEW HOLLAND - CR9-90-INGLÊS","-","true","https://cdn.appmaq.com.br/appmaq-media/manuals/019923fc-1c97-7b83-b8b3-3dfe562a3049/019e0db4-ed34-7261-95bf-704478b013ee.pdf"
"954","Colheitadeira de Grãos","NEW HOLLAND","CR9.90","MANUAL DE SERVIÇOS COLHEITADEIRA NEW HOLLAND -CR9.90 -","-","true","https://cdn.appmaq.com.br/appmaq-media/manuals/019923fc-1c97-7b83-b8b3-3dfe562a3049/019e0db4-ed92-7a76-80a5-05c516d94591.pdf"
"955","Colheitadeira de Grãos","NEW HOLLAND","CR9.90","MANUAL DE SERVIÇOS COLHETADEIRAS NEW HOLLAND - CR9.90 -","-","true","https://cdn.appmaq.com.br/appmaq-media/manuals/019923fc-1c97-7b83-b8b3-3dfe562a3049/019e0db4-edf7-741e-954e-787eac0d1e72.pdf"
"956","Colheitadeira de Grãos","NEW HOLLAND","CS660","FICHA TÉCNICA DA COLHEITADEIRA NEW HOLLAND CS660 - ARROZEIRA","-","true","https://cdn.appmaq.com.br/appmaq-media/manuals/01957100-b0c2-70d0-84e6-ac8ac7534bc5/019e0dc9-ae7f-70a9-aeab-f56d10e4c373.pdf"
"957","Colheitadeira de Grãos","NEW HOLLAND","CS660","SISTEMA ELÉTRICO COLHEITADEIRA NEW HOLLAND CS660","-","true","https://cdn.appmaq.com.br/appmaq-media/manuals/01957100-b0c2-70d0-84e6-ac8ac7534bc5/019e0dc9-aebd-765d-bc79-d92e73f45085.pdf"
"958","Colheitadeira de Grãos","NEW HOLLAND","CS660","TREINAMENTOS DAS COLHEITADEIRAS NEW HOLLAND - CS660 -","-","true","https://cdn.appmaq.com.br/appmaq-media/manuals/01957100-b0c2-70d0-84e6-ac8ac7534bc5/019e0dc9-aee2-7be9-b487-8be44b77bdf8.pdf"
"959","Colheitadeira de Grãos","NEW HOLLAND","CX7080","MANUAL DE SERVIÇOS -NEW HOLLAND -CX7080-INGLÊS","-","true","https://cdn.appmaq.com.br/appmaq-media/manuals/019e0dcc-4640-7b7f-928b-378ed659d6fa/019e0dce-5099-7476-8942-c732ecaf24d6.pdf"
"960","Colheitadeira de Grãos","NEW HOLLAND","CX7090","MANUAL DE SERVIÇOS -COLHEITADEIRAS NEW HOLLAND -CX7090-INGLÊS","-","true","https://cdn.appmaq.com.br/appmaq-media/manuals/019e0dcc-9d53-75d2-be91-6244b72b2f99/019e0dcf-2ba7-794a-a256-ddebede9c478.pdf"
"961","Colheitadeira de Grãos","NEW HOLLAND","CX8030","MANUAL DE SERVIÇOS -COLHEITADEIRAS NEW HOLLAND CX8030 - INGLÊS -","-","true","https://cdn.appmaq.com.br/appmaq-media/manuals/019dc0bf-e06b-73e8-be8f-c68399b2dcdb/019e0dcf-e584-7097-9e95-d979bbeec806.pdf"
"962","Colheitadeira de Grãos","NEW HOLLAND","CX8040","MANUAL DE SERVIÇOS - COLHEITADEIRAS NEW HOLLAND - CX8040 - INGLÊS -","-","true","https://cdn.appmaq.com.br/appmaq-media/manuals/019dc0c0-4c18-7a94-9f00-94257cd890d5/019e0dd0-8860-724d-a513-cfe48557def6.pdf"
"963","Colheitadeira de Grãos","NEW HOLLAND","CX8050","MANUAL DE SERVIÇOS - COLHEITADEIRAS NEW HOLLAND - CX8050 - INGLÊS -","-","true","https://cdn.appmaq.com.br/appmaq-media/manuals/019dc0c0-9784-7278-aa81-69f3f704e4f8/019e0dd1-717d-70c3-b932-181deeda4991.pdf"
"964","Colheitadeira de Grãos","NEW HOLLAND","CX8060","MANUAL DE SERVIÇOS - COLHEITADEIRAS NEW HOLLAND - CX8060- INGLÊS -","-","true","https://cdn.appmaq.com.br/appmaq-media/manuals/019dc0c1-0ace-70c8-8385-5f6778c48ba0/019e0dd2-0a59-781c-8b99-0e01273d3821.pdf"
"965","Colheitadeira de Grãos","NEW HOLLAND","CX8070","MANUAL DE SERVIÇOS - COLHEITADEIRAS NEW HOLLAND CX8070 - PORT-","-","true","https://cdn.appmaq.com.br/appmaq-media/manuals/019dc0c1-53fd-7682-9822-5e6e7fc65fa8/019e0dd2-cc1a-720c-a404-20abdef29c62.pdf"
"966","Colheitadeira de Grãos","NEW HOLLAND","CX8070","MANUAL DE SERVIÇOS -NEW HOLLAND -CX8070-INGLÊS","-","true","https://cdn.appmaq.com.br/appmaq-media/manuals/019dc0c1-53fd-7682-9822-5e6e7fc65fa8/019e0dd2-cc2d-7bb9-a947-36b3b7531fbb.pdf"
"967","Colheitadeira de Grãos","NEW HOLLAND","CX8080","CATALOGO DE PEÇAS COLHEITADEIRA NEW HOLLAND CX8080","-","true","https://cdn.appmaq.com.br/appmaq-media/manuals/019dc0c1-9ead-7a65-8fae-071656bcdefb/019e0dd3-eb22-79e4-b4e7-c1e0b66f829a.pdf"
"968","Colheitadeira de Grãos","NEW HOLLAND","CX8080","MANUAL DE REPAROS COLHEITADEIRA NEW HOLLAND - CX8080-Elevation INGLÊS","-","true","https://cdn.appmaq.com.br/appmaq-media/manuals/019dc0c1-9ead-7a65-8fae-071656bcdefb/019e0dd4-cfb8-7825-912a-fa507bdf4d5e.pdf"
"969","Colheitadeira de Grãos","NEW HOLLAND","CX8080","MANUAL DE SERVIÇOS - COLHEITADEIRAS NEW HOLLAND - CX8080-INGLÊS","-","true","https://cdn.appmaq.com.br/appmaq-media/manuals/019dc0c1-9ead-7a65-8fae-071656bcdefb/019e0dd3-eef5-7ce6-b49f-6f2859857d7c.pdf"
"970","Colheitadeira de Grãos","NEW HOLLAND","CX8080","MANUAL DE SERVIÇOS - COLHEITADEIRAS NEW HOLLAND - CX8080 - PORT","-","true","https://cdn.appmaq.com.br/appmaq-media/manuals/019dc0c1-9ead-7a65-8fae-071656bcdefb/019e0dd3-ed4b-7a33-a6c9-22f3f7624474.pdf"
"971","Colheitadeira de Grãos","NEW HOLLAND","CX8090","MANUAL DE REPAROS COLHEITADEIRA NEW HOLLAND - CX8090-Elevation-Tier-4A - PORT","-","true","https://cdn.appmaq.com.br/appmaq-media/manuals/019dc0c3-982b-75cf-8c1f-9465ea3b3abd/019e0dd7-70f6-7f39-8b4d-9acbb3f6af0e.pdf"
"972","Colheitadeira de Grãos","NEW HOLLAND","CX8090","MANUAL DE SERVIÇOS - COLHEITADEIRAS NEW HOLLAND -CX8090-Elevation-INGLÊS","-","true","https://cdn.appmaq.com.br/appmaq-media/manuals/019dc0c3-982b-75cf-8c1f-9465ea3b3abd/019e0dd7-7107-7fc8-8f30-e692aaa238dd.pdf"
"973","Colheitadeira de Grãos","NEW HOLLAND","CX8090","MANUAL DE SERVIÇOS - COLHEITADEIRAS NEW HOLLAND - CX8090- PORT","-","true","https://cdn.appmaq.com.br/appmaq-media/manuals/019dc0c3-982b-75cf-8c1f-9465ea3b3abd/019e0dd6-6aa9-7b65-b475-d510aeb3060a.pdf"
"974","Colheitadeira de Grãos","NEW HOLLAND","CX8.80","MANUAL DE SERVIÇO COLHEITADEIRAS - NEW HOLLAND -CX8-80-","-","true","https://cdn.appmaq.com.br/appmaq-media/manuals/019dbbfd-1383-7332-9ec4-cc21e7b8d72e/019e0dca-81e1-703d-8ae1-90c680e13fce.pdf"
"975","Colheitadeira de Grãos","NEW HOLLAND","CX8.80","MANUAL DE SERVIÇOS COLHETADEIRAS NEW HOLLAND - CX8.80-Tier","-","true","https://cdn.appmaq.com.br/appmaq-media/manuals/019dbbfd-1383-7332-9ec4-cc21e7b8d72e/019e0dca-81f2-7835-afef-64a553a7f46f.pdf"
"976","Colheitadeira de Grãos","NEW HOLLAND","CX8.90","MANUAL DE SERVIÇO COLHEITADEIRAS - NEW HOLLAND -CX8-90-","-","true","https://cdn.appmaq.com.br/appmaq-media/manuals/019dbbfd-5f90-76b5-8eeb-1795c609769c/019e0dcb-185c-7a5b-a55a-dfc1b3677132.pdf"
"977","Colheitadeira de Grãos","NEW HOLLAND","CX8.90","MANUAL DE SERVIÇOS COLHETADEIRAS NEW HOLLAND - CX8.90 -Tier","-","true","https://cdn.appmaq.com.br/appmaq-media/manuals/019dbbfd-5f90-76b5-8eeb-1795c609769c/019e0dcb-186d-724f-aa06-d7bdbdf5807b.pdf"
"978","Colheitadeira de Grãos","NEW HOLLAND","TC4.90","DIAGNÓSTICO ELÉTRICO E HIDRÁULICO DAS COLHEITADEIRAS NEW HOLLAND TC 4.90","-","true","https://cdn.appmaq.com.br/appmaq-media/manuals/0195afb5-9ae6-7145-a62d-d7e165a384bf/019e0dd8-bb29-7d57-a6d8-ef4393cd3685.pdf"
"979","Colheitadeira de Grãos","NEW HOLLAND","TC4.90","MANUAL DE SERVIÇOS COLHEITADEIRAS NEW HOLLAND - TC4.90 - INGLÊS","-","true","https://cdn.appmaq.com.br/appmaq-media/manuals/0195afb5-9ae6-7145-a62d-d7e165a384bf/019e0dd8-bba5-7327-821a-6a7b96565306.pdf"
"980","Colheitadeira de Grãos","NEW HOLLAND","TC4.90","MANUAL DO OPERADOR DE COLHEITADEIRAS NEW HOLLAND - TC4.90 -","-","true","https://cdn.appmaq.com.br/appmaq-media/manuals/0195afb5-9ae6-7145-a62d-d7e165a384bf/019e0dd8-bcc5-7100-a7fb-c87f0f6da787.pdf"
"981","Colheitadeira de Grãos","NEW HOLLAND","TC5070","CATALOGO DE PEÇAS COLHEITADEIRA NEW HOLLAND TC5070","-","true","https://cdn.appmaq.com.br/appmaq-media/manuals/01957100-b0c2-7872-b9c1-2881bf51b1ef/019e0de3-b6fd-7143-b608-4129356c5fdb.pdf"
"982","Colheitadeira de Grãos","NEW HOLLAND","TC5070","ESPECIFICAÇÃO TÉCNICA DA COLHEITADEIRA NEW HOLLAND -TC5070-","-","true","https://cdn.appmaq.com.br/appmaq-media/manuals/01957100-b0c2-7872-b9c1-2881bf51b1ef/019e0de3-b87b-7a9d-8c1f-414591485815.pdf"
"983","Colheitadeira de Grãos","NEW HOLLAND","TC5070","FOLHETO TÉCNICO DA COLHEITADEIRA NEW HOLLAND TC5070","-","true","https://cdn.appmaq.com.br/appmaq-media/manuals/01957100-b0c2-7872-b9c1-2881bf51b1ef/019e0de3-b961-7869-b1d8-f01ee99fece9.pdf"
"984","Colheitadeira de Grãos","NEW HOLLAND","TC5070","FOLHETO TÉCNICO DA COLHEITADEIRA NEW HOLLAND TC5070 -","-","true","https://cdn.appmaq.com.br/appmaq-media/manuals/01957100-b0c2-7872-b9c1-2881bf51b1ef/019e0de3-b8b2-72ef-a991-e37b1af0b77c.pdf"
"985","Colheitadeira de Grãos","NEW HOLLAND","TC5070","MANUAL DE REPAROS COLHEITADEIRA NEW HOLLAND -TC5070-","-","true","https://cdn.appmaq.com.br/appmaq-media/manuals/01957100-b0c2-7872-b9c1-2881bf51b1ef/019e0de3-ba1c-7e3d-976c-027e50a68e6b.pdf"
"986","Colheitadeira de Grãos","NEW HOLLAND","TC5070","SISTEMA ELÉTRICO COLHEITEADEIRA NEW HOLLAND - TC5070 -","-","true","https://cdn.appmaq.com.br/appmaq-media/manuals/01957100-b0c2-7872-b9c1-2881bf51b1ef/019e0de3-bae8-7368-a41c-6130a9f6ee7d.pdf"
"987","Colheitadeira de Grãos","NEW HOLLAND","TC5070","TREINAMENTO PRODUTO COLHEITADEIRAS TC5070 -","-","true","https://cdn.appmaq.com.br/appmaq-media/manuals/01957100-b0c2-7872-b9c1-2881bf51b1ef/019e0de3-bbdd-7297-bfb5-8aa67802ba32.pdf"
"988","Colheitadeira de Grãos","NEW HOLLAND","TC5070","TREINAMENTOS DAS COLHEITADEIRAS NEW HOLLAND - TC5070 -","-","true","https://cdn.appmaq.com.br/appmaq-media/manuals/01957100-b0c2-7872-b9c1-2881bf51b1ef/019e0de3-bcb4-76f6-ac53-bf120a142b48.pdf"
"989","Colheitadeira de Grãos","NEW HOLLAND","TC5070 EXITUS","ESPECIFICAÇÃO TÉCNICA DA COLHEITADEIRA NEW HOLLAND - TC5070 EXITUS","-","true","https://cdn.appmaq.com.br/appmaq-media/manuals/019dbc0d-405c-7b29-b9ce-13856530ebcc/019e0de4-4bd4-7b4a-aeea-199730c4e9fe.pdf"
"990","Colheitadeira de Grãos","NEW HOLLAND","TC5070 EXITUS","FOLHETO TÉCNICO DA COLHEITADEIRA NEW HOLLAND - TC5070 EXITUS","-","true","https://cdn.appmaq.com.br/appmaq-media/manuals/019dbc0d-405c-7b29-b9ce-13856530ebcc/019e0de4-4bf2-7012-b841-3a86b4bb717f.pdf"
"991","Colheitadeira de Grãos","NEW HOLLAND","TC5090","ENTREGA TÉCNICA DA COLHEITADEIRA NEW HOLLAND -TC5090","-","true","https://cdn.appmaq.com.br/appmaq-media/manuals/01957100-b0c2-7562-bff5-bdf0a9725a63/019e0de5-1186-7185-bd15-fc86608406ea.pdf"
"992","Colheitadeira de Grãos","NEW HOLLAND","TC5090","LISTA DE PEÇAS E VARIANTES DA COLHEITADEIRA NEW HOLLAND TC5090","-","true","https://cdn.appmaq.com.br/appmaq-media/manuals/01957100-b0c2-7562-bff5-bdf0a9725a63/019e0de5-136c-7b36-a9ed-52fc31e79440.pdf"
"993","Colheitadeira de Grãos","NEW HOLLAND","TC5090","PEÇAS E MANUAIS COLHEITADEIRA NEW HOLLAND -TC5090","-","true","https://cdn.appmaq.com.br/appmaq-media/manuals/01957100-b0c2-7562-bff5-bdf0a9725a63/019e0de5-13a3-7d0c-ab25-a347a12aa4ab.pdf"
"994","Colheitadeira de Grãos","NEW HOLLAND","TC5090","PEÇAS NEW HOLLAND COLHEITADEIRAS NEW HOLLAND TC5090","-","true","https://cdn.appmaq.com.br/appmaq-media/manuals/01957100-b0c2-7562-bff5-bdf0a9725a63/019e0de5-13ea-7618-996f-32b7160540f5.pdf"
"995","Colheitadeira de Grãos","NEW HOLLAND","TC5090","SISTEMA ELÉTRICO COLHEITEADEIRA NEW HOLLAND - TC5090 -","-","true","https://cdn.appmaq.com.br/appmaq-media/manuals/01957100-b0c2-7562-bff5-bdf0a9725a63/019e0de5-1663-7b12-a490-3f3c747ba341.pdf"
"996","Colheitadeira de Grãos","NEW HOLLAND","TC5090","TREINAMENTO PRODUTO COLHEITADEIRAS - TC5090 -","-","true","https://cdn.appmaq.com.br/appmaq-media/manuals/01957100-b0c2-7562-bff5-bdf0a9725a63/019e0de5-1723-7087-8cd4-b4186f515be9.pdf"
"997","Colheitadeira de Grãos","NEW HOLLAND","TC5090","TREINAMENTOS DAS COLHEITADEIRAS NEW HOLLAND - TC5090 -","-","true","https://cdn.appmaq.com.br/appmaq-media/manuals/01957100-b0c2-7562-bff5-bdf0a9725a63/019e0de5-1934-7e15-8d54-cd1d17ae05c1.pdf"
"998","Colheitadeira de Grãos","NEW HOLLAND","TC5090","VARIANTES NO COMANDO HIDRAULICO COLHEITADEIRA NEW HOLLAND - TC5090","-","true","https://cdn.appmaq.com.br/appmaq-media/manuals/01957100-b0c2-7562-bff5-bdf0a9725a63/019e0de5-1ac7-72d3-baf7-e33000697e1f.pdf"
"999","Colheitadeira de Grãos","NEW HOLLAND","TC55","CATALOGO DE PEÇAS COLHEITADEIRAS NEW HOLLAND TC55","-","true","https://cdn.appmaq.com.br/appmaq-media/manuals/01957100-b0c2-78e9-baaa-4d38027457f2/019e0de1-107e-7eee-8b91-99b9da4c8c56.pdf"
"1000","Colheitadeira de Grãos","NEW HOLLAND","TC55","ESQUEMA ELÉTRICO DA COLHEITADEIRA NEW HOLLAND ELÉTRICO - TC55","-","true","https://cdn.appmaq.com.br/appmaq-media/manuals/01957100-b0c2-78e9-baaa-4d38027457f2/019e0de1-12af-7c87-bd11-f4650b4cb908.pdf"
"1001","Colheitadeira de Grãos","NEW HOLLAND","TC55","MANUAL DE SERVIÇO DAS COLHEITADEIRAS NEW HOLLAND TC55 -","-","true","https://cdn.appmaq.com.br/appmaq-media/manuals/01957100-b0c2-78e9-baaa-4d38027457f2/019e0de1-12dc-7e0a-abef-b9de6b9d67be.pdf"
"1002","Colheitadeira de Grãos","NEW HOLLAND","TC55","MANUAL DO OPERADOR COLHETADEIRA NEW HOLLAND - TC55 -","-","true","https://cdn.appmaq.com.br/appmaq-media/manuals/01957100-b0c2-78e9-baaa-4d38027457f2/019e0de1-164a-71d8-92e4-134b1a1325b6.pdf"
"1003","Colheitadeira de Grãos","NEW HOLLAND","TC57","CATALOGO DE PEÇAS COLHEITADEIRAS NEW HOLLAND -TC57","-","true","https://cdn.appmaq.com.br/appmaq-media/manuals/01957100-b0c2-7626-9426-1650c6c6d3ff/019e0de1-df3a-7d60-a72b-fcd8ddb24aa8.pdf"
"1004","Colheitadeira de Grãos","NEW HOLLAND","TC57","ESQUEMA ELÉTRICO DA COLHEITADEIRA NEW HOLLAND ELÉTRICO - TC57 -","-","true","https://cdn.appmaq.com.br/appmaq-media/manuals/01957100-b0c2-7626-9426-1650c6c6d3ff/019e0de1-e181-7fb9-9c07-f5cac997c94f.pdf"
"1005","Colheitadeira de Grãos","NEW HOLLAND","TC57","INSTRUÇÃO DE INSTALAÇÃO DE MODULOS E ELETRONICA COLHETADEIRA NEW HOLLAND - TC57-","-","true","https://cdn.appmaq.com.br/appmaq-media/manuals/01957100-b0c2-7626-9426-1650c6c6d3ff/019e0de1-e1a5-76f9-9713-29a32ab3eb6f.pdf"
"1006","Colheitadeira de Grãos","NEW HOLLAND","TC57","MANUAL DE SERVIÇO DAS COLHEITADEIRAS NEW HOLLAND - TC57 -","-","true","https://cdn.appmaq.com.br/appmaq-media/manuals/01957100-b0c2-7626-9426-1650c6c6d3ff/019e0de1-e290-7448-935a-57cedfcc775d.pdf"
"1007","Colheitadeira de Grãos","NEW HOLLAND","TC57","MANUAL DO OPERADOR COLHETADEIRA NEW HOLLAND - TC57","-","true","https://cdn.appmaq.com.br/appmaq-media/manuals/01957100-b0c2-7626-9426-1650c6c6d3ff/019e0de1-e59b-7570-9ae4-6f54c614b0b3.pdf"
"1008","Colheitadeira de Grãos","NEW HOLLAND","TC5.70","MANUAL DE SERVIÇOS COLHEITADEIRAS NEW HOLLAND - TC5.70 - INGLÊS","-","true","https://cdn.appmaq.com.br/appmaq-media/manuals/019e0dd9-f747-797c-a7da-51cd1ef19e23/019e0ddd-7ead-7c02-9b89-28843458d7f1.pdf"
"1009","Colheitadeira de Grãos","NEW HOLLAND","TC5.80","MANUAL DE SERVIÇOS COLHEITADEIRAS NEW HOLLAND - TC5.80 - INGLÊS","-","true","https://cdn.appmaq.com.br/appmaq-media/manuals/019e0dda-4101-7813-b35b-3d296895565e/019e0dde-af71-70d0-ad28-4bdf576d3275.pdf"
"1010","Colheitadeira de Grãos","NEW HOLLAND","TC59","CATALOGO DE PEÇAS COLHETADEIRA NEW HOLLAND-TC-59 ATÉ 2007","-","true","https://cdn.appmaq.com.br/appmaq-media/manuals/01957100-b0c2-7cbd-bbd8-e85f34b4f0b6/019e0de2-dcbb-7a12-9b08-4891752188a0.pdf"
"1011","Colheitadeira de Grãos","NEW HOLLAND","TC59","CATALOGO DE PEÇAS DA COLHEITADEIRA NEW HOLLAND TC59","-","true","https://cdn.appmaq.com.br/appmaq-media/manuals/01957100-b0c2-7cbd-bbd8-e85f34b4f0b6/019e0de2-dd7f-756a-b9fd-65af61954ef5.pdf"
"1012","Colheitadeira de Grãos","NEW HOLLAND","TC59","ESQUEMA ELÉTRICO DA COLHEITADEIRA NEW HOLLAND ELÉTRICO - TC59","-","true","https://cdn.appmaq.com.br/appmaq-media/manuals/01957100-b0c2-7cbd-bbd8-e85f34b4f0b6/019e0de2-df9f-77bf-b5b0-61d797bddb15.pdf"
"1013","Colheitadeira de Grãos","NEW HOLLAND","TC59","INSTRUÇÃO DE INSTALAÇÃO DE MODULOS E ELETRONICA COLHETADEIRA NEW HOLLAND - TC59","-","true","https://cdn.appmaq.com.br/appmaq-media/manuals/01957100-b0c2-7cbd-bbd8-e85f34b4f0b6/019e0de2-e128-79f2-a51b-d43c3a038484.pdf"
"1014","Colheitadeira de Grãos","NEW HOLLAND","TC59","MANUAL DE SERVIÇO DAS COLHEITADEIRAS NEW HOLLAND - TC59","-","true","https://cdn.appmaq.com.br/appmaq-media/manuals/01957100-b0c2-7cbd-bbd8-e85f34b4f0b6/019e0de2-e16f-7bec-be25-8fe5e315ab09.pdf"
"1015","Colheitadeira de Grãos","NEW HOLLAND","TC5.90","DIAGNÓSTICO ELÉTRICO E HIDRÁULICO DAS COLHEITADEIRAS NEW HOLLAND - TC5.90 -","-","true","https://cdn.appmaq.com.br/appmaq-media/manuals/01957100-b0c2-7edc-8bf5-a16e0b253f69/019e0ddf-80b2-7d08-9bbd-97a2c44adb98.pdf"
"1016","Colheitadeira de Grãos","NEW HOLLAND","TC5.90","MANUAL DE SERVIÇOS COLHEITADEIRAS NEW HOLLAND - TC5.90 - TC5.90 - INGLÊS","-","true","https://cdn.appmaq.com.br/appmaq-media/manuals/01957100-b0c2-7edc-8bf5-a16e0b253f69/019e0ddf-812f-7c1f-91d7-a9a0f329de1e.pdf"
"1017","Colheitadeira de Grãos","NEW HOLLAND","TC5.90","MANUAL DO OPERADOR DE COLHEITADEIRAS NEW HOLLAND - TC5.90 -","-","true","https://cdn.appmaq.com.br/appmaq-media/manuals/01957100-b0c2-7edc-8bf5-a16e0b253f69/019e0ddf-81c6-7c1b-a564-644f394ffba7.pdf"
"1018","Colheitadeira de Grãos","NEW HOLLAND","TC5.90 HILLSIDE","MANUAL DE SERVIÇOS COLHEITADEIRAS NEW HOLLAND - TC5.90 HILLSIDE - INGLÊS","-","true","https://cdn.appmaq.com.br/appmaq-media/manuals/019e0dda-cd03-7112-9231-679b92f84934/019e0de0-310f-74cf-8c2e-d6883dffd6bf.pdf"
"1019","Colheitadeira de Grãos","NEW HOLLAND","TX4.90","DIAGNÓSTICO ELÉTRICO E HIDRÁULICO DAS COLHEITADEIRAS NEW HOLLAND - TX4.90 -","-","true","https://cdn.appmaq.com.br/appmaq-media/manuals/0195afb6-31b6-74cd-a2f5-586221cd27bb/019e0de5-d93f-7b80-886d-ae4061319cc1.pdf"
"1020","Colheitadeira de Grãos","NEW HOLLAND","TX4.90","ESPECIFICAÇÃO TÉCNICA DAS COLHEITADEIRAS LINHA -TX","-","true","https://cdn.appmaq.com.br/appmaq-media/manuals/0195afb6-31b6-74cd-a2f5-586221cd27bb/019e0de5-d9b9-7c25-8219-bf401bacbb98.pdf"
"1021","Colheitadeira de Grãos","NEW HOLLAND","TX4.90","MANUAL DO OPERADOR DE COLHEITADEIRAS NEW HOLLAND - - TX4.90 -","-","true","https://cdn.appmaq.com.br/appmaq-media/manuals/0195afb6-31b6-74cd-a2f5-586221cd27bb/019e0de5-da87-776b-b8f9-461e61bd760d.pdf"
"1022","Colheitadeira de Grãos","NEW HOLLAND","TX5.90","CODIGOS DE FALHAS DA COLHEITADEIRA NEW HOLLAND TX5.90","-","true","https://cdn.appmaq.com.br/appmaq-media/manuals/0195afb6-9aca-7a32-930c-7f680fb6a0ee/019e0de6-b878-7d10-b2bd-1000613280e7.pdf"
"1023","Colheitadeira de Grãos","NEW HOLLAND","TX5.90","DIAGNÓSTICO ELÉTRICO E HIDRÁULICO DAS COLHEITADEIRAS NEW HOLLAND - TX5.90","-","true","https://cdn.appmaq.com.br/appmaq-media/manuals/0195afb6-9aca-7a32-930c-7f680fb6a0ee/019e0de6-b882-71b2-a37b-330cc76bdb7a.pdf"
"1024","Colheitadeira de Grãos","NEW HOLLAND","TX5.90","ESPECIFICAÇÃO TÉCNICA DAS COLHEITADEIRAS LINHA -TX","-","true","https://cdn.appmaq.com.br/appmaq-media/manuals/0195afb6-9aca-7a32-930c-7f680fb6a0ee/019e0de6-b93f-74f7-8394-5264c24b8657.pdf"
"1025","Colheitadeira de Grãos","NEW HOLLAND","TX5.90","MANUAL DO OPERADOR DE COLHEITADEIRAS NEW HOLLAND - TX5.90","-","true","https://cdn.appmaq.com.br/appmaq-media/manuals/0195afb6-9aca-7a32-930c-7f680fb6a0ee/019e0de6-ba64-7ce3-9f69-35e78bfbcd70.pdf"
"1026","Colheitadeira de Grãos","VALTRA","BC4500","CARACTERISTICAS TÉCNICAS DA COLHEITADEIRA VALTRA - BC4500","-","true","https://cdn.appmaq.com.br/appmaq-media/manuals/01957100-b0c2-7d8b-b9d2-052fa5dfdcea/019dfee0-55c0-7c55-bf9b-23031108b8d7.pdf"
"1027","Colheitadeira de Grãos","VALTRA","BC4500","FICHA TÉCNICA COLHEITADEIRA VALTRA -BC4500","-","true","https://cdn.appmaq.com.br/appmaq-media/manuals/01957100-b0c2-7d8b-b9d2-052fa5dfdcea/019dfee0-5639-728a-943e-61ce35818188.pdf"
"1028","Colheitadeira de Grãos","VALTRA","BC6500","CARACTERISTICAS DAS COLHEITADEIRAS VALTRA - BC-6500 -BC-7500-Portugues","-","true","https://cdn.appmaq.com.br/appmaq-media/manuals/01957100-b0c2-7c62-8761-5ec4849a06bc/019dfee0-dd0b-7a10-bdf9-87db11b29133.pdf"
"1029","Colheitadeira de Grãos","VALTRA","BC6500","FOLHETO TÉCNICO COLHEITADEIRA AXIAL - VALTRA - BC-6500","-","true","https://cdn.appmaq.com.br/appmaq-media/manuals/01957100-b0c2-7c62-8761-5ec4849a06bc/019dfee0-dd2e-7076-a2da-77396b71975d.pdf"
"1030","Colheitadeira de Grãos","VALTRA","BC6500","FOLHETO TÉCNICO DA COLHEITADEIRA VALTRA - BC6500","-","true","https://cdn.appmaq.com.br/appmaq-media/manuals/01957100-b0c2-7c62-8761-5ec4849a06bc/019dfee0-dd67-7650-93e4-7cdb9b6e06dd.pdf"
"1031","Colheitadeira de Grãos","VALTRA","BC6800","FOLHETO TÉCNICO COLHEITADEIRAS AXIAL VALTRA - BC6800 - BC7800 -2024","-","true","https://cdn.appmaq.com.br/appmaq-media/manuals/0195afb7-5c0b-7103-8dd7-edae1f44119f/019dfee1-6ea5-7bf9-847c-bce3e068a17a.pdf"
"1032","Colheitadeira de Grãos","VALTRA","BC6800","FOLHETO TÉCNICO DA COLHEITADEIRA VALTRA -BC-6800","-","true","https://cdn.appmaq.com.br/appmaq-media/manuals/0195afb7-5c0b-7103-8dd7-edae1f44119f/019dfee1-6ee1-746a-b79e-402702e5f870.pdf"
"1033","Colheitadeira de Grãos","VALTRA","BC7800","COMPONENTES MANUTENÇÃO PERIÓDICA DE COLHEITADEIRAS AXIAIS-BC7800-BC8800","-","true","https://cdn.appmaq.com.br/appmaq-media/manuals/01957100-b0c2-78b9-86e9-6dae2bbeb953/019dfee2-e5cb-777c-a8ea-10a3e90249aa.pdf"
"1034","Colheitadeira de Grãos","VALTRA","BC7800","FERRAMNETAS ESPECIAIS - COLHEITADEIRAS VALTRA - BC7800 - BC8800","-","true","https://cdn.appmaq.com.br/appmaq-media/manuals/01957100-b0c2-78b9-86e9-6dae2bbeb953/019dfee2-e5f9-7937-acd1-7952d65cbcaa.pdf"
"1035","Colheitadeira de Grãos","VALTRA","BC7800","FOLHETO TÉCNICO COLHEITADEIRAS AXIAL VALTRA - BC6800 - BC7800 -2024","-","true","https://cdn.appmaq.com.br/appmaq-media/manuals/01957100-b0c2-78b9-86e9-6dae2bbeb953/019dfee2-e673-7535-b54e-db73840a0810.pdf"
"1036","Colheitadeira de Grãos","VALTRA","BC7800","TABELA DE MANUTENÇÃO DO MANUAL DO OPERADOR - COLHEITADEIRA VALTRA -BC7800-e-BC8800","-","true","https://cdn.appmaq.com.br/appmaq-media/manuals/01957100-b0c2-78b9-86e9-6dae2bbeb953/019dfee2-e6e8-7185-8f87-93a0b450bd9a.pdf"
"1037","Colheitadeira de Grãos","VALTRA","BC8800","COMPONENTES MANUTENÇÃO PERIÓDICA DE COLHEITADEIRAS AXIAIS-BC7800-BC8800","-","true","https://cdn.appmaq.com.br/appmaq-media/manuals/0195afb8-185b-7f02-8988-397cf23bc305/019dfee3-7e17-7b6f-a603-81375d0acfd2.pdf"
"1038","Colheitadeira de Grãos","VALTRA","BC8800","FERRAMNETAS ESPECIAIS - COLHEITADEIRAS VALTRA - BC7800 - BC8800","-","true","https://cdn.appmaq.com.br/appmaq-media/manuals/0195afb8-185b-7f02-8988-397cf23bc305/019dfee3-7e42-795b-af4b-de74abc4482c.pdf"
"1039","Colheitadeira de Grãos","VALTRA","BC8800","TABELA DE MANUTENÇÃO DO MANUAL DO OPERADOR - COLHEITADEIRA VALTRA -BC7800-e-BC8800","-","true","https://cdn.appmaq.com.br/appmaq-media/manuals/0195afb8-185b-7f02-8988-397cf23bc305/019dfee3-7e7f-730c-93ec-955b899cb159.pdf"
"1040","Diagramas Elétricos","CATERPILLAR","Escavadeiras","DIAGRAMA -205 & 211 Track-Type Excavators","-","true","https://cdn.appmaq.com.br/appmaq-media/manuals/019ed1b2-d179-7ffc-affe-fd3758f85bb9/019ed1ba-7c0d-786d-92ad-b0a5455fdcde.pdf"
"1041","Diagramas Elétricos","CATERPILLAR","Escavadeiras","DIAGRAMA -205B Excavator","-","true","https://cdn.appmaq.com.br/appmaq-media/manuals/019ed1b2-d179-7ffc-affe-fd3758f85bb9/019ed1ba-7c25-78c4-8a10-94649221565d.pdf"
"1042","Diagramas Elétricos","CATERPILLAR","Escavadeiras","DIAGRAMA -206 & 212 WHEEL-TYPE EXCAVATORS","-","true","https://cdn.appmaq.com.br/appmaq-media/manuals/019ed1b2-d179-7ffc-affe-fd3758f85bb9/019ed1ba-7ca1-70d0-b968-1a3ab6de0fa9.pdf"
"1043","Diagramas Elétricos","CATERPILLAR","Escavadeiras","DIAGRAMA -206 & 212 Wheel-Type Excavators (2)","-","true","https://cdn.appmaq.com.br/appmaq-media/manuals/019ed1b2-d179-7ffc-affe-fd3758f85bb9/019ed1ba-7c45-7cf1-9ee5-4077e2997d99.pdf"
"1044","Diagramas Elétricos","CATERPILLAR","Escavadeiras","DIAGRAMA -206B FT & 212B FT Excavators","-","true","https://cdn.appmaq.com.br/appmaq-media/manuals/019ed1b2-d179-7ffc-affe-fd3758f85bb9/019ed1ba-7d01-7e36-a8d1-52801e6cee34.pdf"
"1045","Diagramas Elétricos","CATERPILLAR","Escavadeiras","DIAGRAMA -211B LC Excavator","-","true","https://cdn.appmaq.com.br/appmaq-media/manuals/019ed1b2-d179-7ffc-affe-fd3758f85bb9/019ed1ba-7d31-79c0-9843-2f609ddedb3c.pdf"
"1046","Diagramas Elétricos","CATERPILLAR","Escavadeiras","DIAGRAMA -213B Excavator","-","true","https://cdn.appmaq.com.br/appmaq-media/manuals/019ed1b2-d179-7ffc-affe-fd3758f85bb9/019ed1ba-7e2d-722d-9871-abd6f94ca825.pdf"
"1047","Diagramas Elétricos","CATERPILLAR","Escavadeiras","DIAGRAMA -213 Track-Type Excavator","-","true","https://cdn.appmaq.com.br/appmaq-media/manuals/019ed1b2-d179-7ffc-affe-fd3758f85bb9/019ed1ba-7d74-71b1-932f-9d93de44ce62.pdf"
"1048","Diagramas Elétricos","CATERPILLAR","Escavadeiras","DIAGRAMA -214 and 224 Wheel-Type Excavator","-","true","https://cdn.appmaq.com.br/appmaq-media/manuals/019ed1b2-d179-7ffc-affe-fd3758f85bb9/019ed1ba-7e82-7944-9bdc-621abb3d5936.pdf"
"1049","Diagramas Elétricos","CATERPILLAR","Escavadeiras","DIAGRAMA -216, 226, 228, 236, 246, and 248","-","true","https://cdn.appmaq.com.br/appmaq-media/manuals/019ed1b2-d179-7ffc-affe-fd3758f85bb9/019ed1ba-7f4e-72ec-8ff7-377890b3e587.pdf"
"1050","Diagramas Elétricos","CATERPILLAR","Escavadeiras","DIAGRAMA -216 226 228 248","-","true","https://cdn.appmaq.com.br/appmaq-media/manuals/019ed1b2-d179-7ffc-affe-fd3758f85bb9/019ed1ba-7edd-7cde-ad3c-6f0b1e9e4bad.pdf"
"1051","Diagramas Elétricos","CATERPILLAR","Escavadeiras","DIAGRAMA -235 Excavator and Front Shovel","-","true","https://cdn.appmaq.com.br/appmaq-media/manuals/019ed1b2-d179-7ffc-affe-fd3758f85bb9/019ed1ba-7fa7-7674-a847-2f6c36be9fa7.pdf"
"1052","Diagramas Elétricos","CATERPILLAR","Escavadeiras","DIAGRAMA -236, 246, 252, 262, 267 and 277","-","true","https://cdn.appmaq.com.br/appmaq-media/manuals/019ed1b2-d179-7ffc-affe-fd3758f85bb9/019ed1ba-7fcf-7e7a-ab00-7b65cdc6fc14.pdf"
"1053","Diagramas Elétricos","CATERPILLAR","Escavadeiras","DIAGRAMA -246D Service Repair Manual","-","true","https://cdn.appmaq.com.br/appmaq-media/manuals/019ed1b2-d179-7ffc-affe-fd3758f85bb9/019ed1ba-80ac-7f65-909b-cdef1e6d5313.pdf"
"1054","Diagramas Elétricos","CATERPILLAR","Escavadeiras","DIAGRAMA -301_5 Excavator","-","true","https://cdn.appmaq.com.br/appmaq-media/manuals/019ed1b2-d179-7ffc-affe-fd3758f85bb9/019ed1ba-8104-777e-9b6b-cc82e0a07b1a.pdf"
"1055","Diagramas Elétricos","CATERPILLAR","Escavadeiras","DIAGRAMA -302_5 Excavator","-","true","https://cdn.appmaq.com.br/appmaq-media/manuals/019ed1b2-d179-7ffc-affe-fd3758f85bb9/019ed1ba-816f-7451-acaa-f83d4468b09d.pdf"
"1056","Diagramas Elétricos","CATERPILLAR","Escavadeiras","DIAGRAMA -303.5 and 304.5","-","true","https://cdn.appmaq.com.br/appmaq-media/manuals/019ed1b2-d179-7ffc-affe-fd3758f85bb9/019ed1ba-81ce-740c-b310-25f3de98ccf6.pdf"
"1057","Diagramas Elétricos","CATERPILLAR","Escavadeiras","DIAGRAMA -307B Excavator","-","true","https://cdn.appmaq.com.br/appmaq-media/manuals/019ed1b2-d179-7ffc-affe-fd3758f85bb9/019ed1ba-8478-7726-abaf-e5c71b59099f.pdf"
"1058","Diagramas Elétricos","CATERPILLAR","Escavadeiras","DIAGRAMA -307B Swing Boom Excavator","-","true","https://cdn.appmaq.com.br/appmaq-media/manuals/019ed1b2-d179-7ffc-affe-fd3758f85bb9/019ed1ba-8551-7bdf-96db-e643a48b1266.pdf"
"1059","Diagramas Elétricos","CATERPILLAR","Escavadeiras","DIAGRAMA -307C and 307C Swing Boom Excavator","-","true","https://cdn.appmaq.com.br/appmaq-media/manuals/019ed1b2-d179-7ffc-affe-fd3758f85bb9/019ed1ba-863c-7bd5-a53d-2bac82d9b32f.pdf"
"1060","Diagramas Elétricos","CATERPILLAR","Escavadeiras","DIAGRAMA -307 Excavator","-","true","https://cdn.appmaq.com.br/appmaq-media/manuals/019ed1b2-d179-7ffc-affe-fd3758f85bb9/019ed1ba-830b-71c1-9216-5d966c934a6c.pdf"
"1061","Diagramas Elétricos","CATERPILLAR","Escavadeiras","DIAGRAMA -307 Excavator (2)","-","true","https://cdn.appmaq.com.br/appmaq-media/manuals/019ed1b2-d179-7ffc-affe-fd3758f85bb9/019ed1ba-8221-72b3-879b-71bd0e1beef9.pdf"
"1062","Diagramas Elétricos","CATERPILLAR","Escavadeiras","DIAGRAMA -307 Excavator (3)","-","true","https://cdn.appmaq.com.br/appmaq-media/manuals/019ed1b2-d179-7ffc-affe-fd3758f85bb9/019ed1ba-8293-76b7-b8fb-734158b95d81.pdf"
"1063","Diagramas Elétricos","CATERPILLAR","Escavadeiras","DIAGRAMA -307 Excavator Electrical System","-","true","https://cdn.appmaq.com.br/appmaq-media/manuals/019ed1b2-d179-7ffc-affe-fd3758f85bb9/019ed1ba-82b7-7517-b595-5d1d171d01d8.pdf"
"1064","Diagramas Elétricos","CATERPILLAR","Escavadeiras","DIAGRAMA -307 Swing Boom Excavator","-","true","https://cdn.appmaq.com.br/appmaq-media/manuals/019ed1b2-d179-7ffc-affe-fd3758f85bb9/019ed1ba-8391-7b8c-a506-b197513b6151.pdf"
"1065","Diagramas Elétricos","CATERPILLAR","Motoniveladora","120H -135H- ESQUEMA HIDRÁULICO","-","true","https://cdn.appmaq.com.br/appmaq-media/manuals/019ed1b4-8c6a-7382-8f93-80a95e6b26cf/019ed1bb-7bdd-7f1c-ab71-f9b7500b10db.pdf"
"1066","Diagramas Elétricos","CATERPILLAR","Motoniveladora","120H, 135H Motor Grader","-","true","https://cdn.appmaq.com.br/appmaq-media/manuals/019ed1b4-8c6a-7382-8f93-80a95e6b26cf/019ed1bb-807a-70cf-b88d-734eb8f91dbb.pdf"
"1067","Diagramas Elétricos","CATERPILLAR","Motoniveladora","120H, 135H, Motor Grader","-","true","https://cdn.appmaq.com.br/appmaq-media/manuals/019ed1b4-8c6a-7382-8f93-80a95e6b26cf/019ed1bb-80b7-715f-8fb8-42e65a875875.pdf"
"1068","Diagramas Elétricos","CATERPILLAR","Motoniveladora","120H And 135H","-","true","https://cdn.appmaq.com.br/appmaq-media/manuals/019ed1b4-8c6a-7382-8f93-80a95e6b26cf/019ed1bb-7eaf-7398-adfa-600d5874aa70.pdf"
"1069","Diagramas Elétricos","CATERPILLAR","Motoniveladora","120H And 135H (2)","-","true","https://cdn.appmaq.com.br/appmaq-media/manuals/019ed1b4-8c6a-7382-8f93-80a95e6b26cf/019ed1bb-7c13-7be6-972c-845032b01002.pdf"
"1070","Diagramas Elétricos","CATERPILLAR","Motoniveladora","120H and 135H Motor Grader","-","true","https://cdn.appmaq.com.br/appmaq-media/manuals/019ed1b4-8c6a-7382-8f93-80a95e6b26cf/019ed1bb-7d52-7fef-8cd6-663039998784.pdf"
"1071","Diagramas Elétricos","CATERPILLAR","Motoniveladora","120H-and-135H-Motor-Grader","-","true","https://cdn.appmaq.com.br/appmaq-media/manuals/019ed1b4-8c6a-7382-8f93-80a95e6b26cf/019ed1bb-8227-79e3-8a1f-3e8777f69d2c.pdf"
"1072","Diagramas Elétricos","CATERPILLAR","Motoniveladora","120H-and-135H-Motor-Grader (1)","-","true","https://cdn.appmaq.com.br/appmaq-media/manuals/019ed1b4-8c6a-7382-8f93-80a95e6b26cf/019ed1bb-81ec-7642-af6a-07df469db25c.pdf"
"1073","Diagramas Elétricos","CATERPILLAR","Motoniveladora","120H-and-135H-Motor-Grader (2)","-","true","https://cdn.appmaq.com.br/appmaq-media/manuals/019ed1b4-8c6a-7382-8f93-80a95e6b26cf/019ed1bb-81ff-7544-a5be-0835dd952c34.pdf"
"1074","Diagramas Elétricos","CATERPILLAR","Motoniveladora","120H and 135H Motor Graders","-","true","https://cdn.appmaq.com.br/appmaq-media/manuals/019ed1b4-8c6a-7382-8f93-80a95e6b26cf/019ed1bb-7e26-7f99-9fab-4cef64ee7215.pdf"
"1075","Diagramas Elétricos","CATERPILLAR","Motoniveladora","120H (ES Version)","-","true","https://cdn.appmaq.com.br/appmaq-media/manuals/019ed1b4-8c6a-7382-8f93-80a95e6b26cf/019ed1bb-7b08-7c64-ba79-8379a8ed1156.pdf"
"1076","Diagramas Elétricos","CATERPILLAR","Motoniveladora","120H Motor Grader","-","true","https://cdn.appmaq.com.br/appmaq-media/manuals/019ed1b4-8c6a-7382-8f93-80a95e6b26cf/019ed1bb-8035-7daa-8cb6-23bb453e2a76.pdf"
"1077","Diagramas Elétricos","CATERPILLAR","Motoniveladora","120H Motor Grader (2)","-","true","https://cdn.appmaq.com.br/appmaq-media/manuals/019ed1b4-8c6a-7382-8f93-80a95e6b26cf/019ed1bb-7fba-7fb4-823a-345a31e702e5.pdf"
"1078","Diagramas Elétricos","CATERPILLAR","Motoniveladora","12G, 120G, 130G & 140 Motor Graders","-","true","https://cdn.appmaq.com.br/appmaq-media/manuals/019ed1b4-8c6a-7382-8f93-80a95e6b26cf/019ed1bb-6dae-78bd-afae-9020ac68e921.pdf"
"1079","Diagramas Elétricos","CATERPILLAR","Motoniveladora","12H, 140H, 160H Motor Grader","-","true","https://cdn.appmaq.com.br/appmaq-media/manuals/019ed1b4-8c6a-7382-8f93-80a95e6b26cf/019ed1bb-70b4-7800-8418-52a08df5a8d2.pdf"
"1080","Diagramas Elétricos","CATERPILLAR","Motoniveladora","12H, 140H, 160H Motor Grader (2)","-","true","https://cdn.appmaq.com.br/appmaq-media/manuals/019ed1b4-8c6a-7382-8f93-80a95e6b26cf/019ed1bb-705f-75ab-a763-5e4cef301d56.pdf"
"1081","Diagramas Elétricos","CATERPILLAR","Motoniveladora","12H, 140H And 160H","-","true","https://cdn.appmaq.com.br/appmaq-media/manuals/019ed1b4-8c6a-7382-8f93-80a95e6b26cf/019ed1bb-7023-7f1c-8180-834000ad236f.pdf"
"1082","Diagramas Elétricos","CATERPILLAR","Motoniveladora","12H, 140H, And 160H","-","true","https://cdn.appmaq.com.br/appmaq-media/manuals/019ed1b4-8c6a-7382-8f93-80a95e6b26cf/019ed1bb-7374-71f8-a07b-c48235f2ae6b.pdf"
"1083","Diagramas Elétricos","CATERPILLAR","Motoniveladora","12H, 140H And 160H (2)","-","true","https://cdn.appmaq.com.br/appmaq-media/manuals/019ed1b4-8c6a-7382-8f93-80a95e6b26cf/019ed1bb-6de4-7f90-af27-02e7932f18ae.pdf"
"1084","Diagramas Elétricos","CATERPILLAR","Motoniveladora","12H, 140H, And 160H (2)","-","true","https://cdn.appmaq.com.br/appmaq-media/manuals/019ed1b4-8c6a-7382-8f93-80a95e6b26cf/019ed1bb-712b-7f6f-923f-dc425997ab75.pdf"
"1085","Diagramas Elétricos","CATERPILLAR","Motoniveladora","12H, 140H And 160H (3)","-","true","https://cdn.appmaq.com.br/appmaq-media/manuals/019ed1b4-8c6a-7382-8f93-80a95e6b26cf/019ed1bb-6e0e-7749-bbfb-3cbc4407ca83.pdf"
"1086","Diagramas Elétricos","CATERPILLAR","Motoniveladora","12H, 140H, And 160H (3)","-","true","https://cdn.appmaq.com.br/appmaq-media/manuals/019ed1b4-8c6a-7382-8f93-80a95e6b26cf/019ed1bb-715f-7496-ae95-0339d945ea12.pdf"
"1087","Diagramas Elétricos","CATERPILLAR","Motoniveladora","12H, 140H And 160H (4)","-","true","https://cdn.appmaq.com.br/appmaq-media/manuals/019ed1b4-8c6a-7382-8f93-80a95e6b26cf/019ed1bb-6f79-7136-949e-6c5edcb4bdca.pdf"
"1088","Diagramas Elétricos","CATERPILLAR","Motoniveladora","135h-diagrama-electrico","-","true","https://cdn.appmaq.com.br/appmaq-media/manuals/019ed1b4-8c6a-7382-8f93-80a95e6b26cf/019ed1bb-8269-7aa4-8d56-27d31101bbde.pdf"
"1089","Diagramas Elétricos","CATERPILLAR","Motoniveladora","135hea-pdf","-","true","https://cdn.appmaq.com.br/appmaq-media/manuals/019ed1b4-8c6a-7382-8f93-80a95e6b26cf/019ed1bb-8312-7eb2-bd2e-9cb0c52167f4.pdf"
"1090","Diagramas Elétricos","CATERPILLAR","Motoniveladora","143H & 163H","-","true","https://cdn.appmaq.com.br/appmaq-media/manuals/019ed1b4-8c6a-7382-8f93-80a95e6b26cf/019ed1bb-84cd-78ee-809d-cd61a7b66674.pdf"
"1091","Diagramas Elétricos","CATERPILLAR","Motoniveladora","143H & 163H (2)","-","true","https://cdn.appmaq.com.br/appmaq-media/manuals/019ed1b4-8c6a-7382-8f93-80a95e6b26cf/019ed1bb-840c-7b44-ab0d-29d54542412f.pdf"
"1092","Diagramas Elétricos","CATERPILLAR","Motoniveladora","143H And 163H","-","true","https://cdn.appmaq.com.br/appmaq-media/manuals/019ed1b4-8c6a-7382-8f93-80a95e6b26cf/019ed1bb-8580-78ff-99b1-4945d02c9507.pdf"
"1093","Diagramas Elétricos","CATERPILLAR","Motoniveladora","14G Motor Grader","-","true","https://cdn.appmaq.com.br/appmaq-media/manuals/019ed1b4-8c6a-7382-8f93-80a95e6b26cf/019ed1bb-744f-7047-9dac-f65ddae45f1f.pdf"
"1094","Diagramas Elétricos","CATERPILLAR","Motoniveladora","14H- Esquema elétrico","-","true","https://cdn.appmaq.com.br/appmaq-media/manuals/019ed1b4-8c6a-7382-8f93-80a95e6b26cf/019ed1bb-74ad-7d86-a7f3-d1ba8d131e2b.pdf"
"1095","Diagramas Elétricos","CATERPILLAR","Motoniveladora","14H -esquema elétrico(2)","-","true","https://cdn.appmaq.com.br/appmaq-media/manuals/019ed1b4-8c6a-7382-8f93-80a95e6b26cf/019ed1bb-7661-76a2-9c4e-923d3307ab49.pdf"
"1096","Diagramas Elétricos","CATERPILLAR","Motoniveladora","14H Motor Grader","-","true","https://cdn.appmaq.com.br/appmaq-media/manuals/019ed1b4-8c6a-7382-8f93-80a95e6b26cf/019ed1bb-76e2-7bd0-a9c0-e4778a41a884.pdf"
"1097","Diagramas Elétricos","CATERPILLAR","Motoniveladora","160H - Diagrama-Electrico-de-Transmcion -","-","true","https://cdn.appmaq.com.br/appmaq-media/manuals/019ed1b4-8c6a-7382-8f93-80a95e6b26cf/019ed1bb-859e-7ef5-a3d0-8d1cf4e4030c.pdf"
"1098","Diagramas Elétricos","CATERPILLAR","Motoniveladora","16H","-","true","https://cdn.appmaq.com.br/appmaq-media/manuals/019ed1b4-8c6a-7382-8f93-80a95e6b26cf/019ed1bb-791b-774f-9ccb-ba40323e79f0.pdf"
"1099","Diagramas Elétricos","CATERPILLAR","Motoniveladora","16H esquema elétrico(2)","-","true","https://cdn.appmaq.com.br/appmaq-media/manuals/019ed1b4-8c6a-7382-8f93-80a95e6b26cf/019ed1bb-7738-789a-bcdf-28d0dd28abb0.pdf"
"1100","Diagramas Elétricos","CATERPILLAR","Motoniveladora","16H Esquema elétrico(NA)","-","true","https://cdn.appmaq.com.br/appmaq-media/manuals/019ed1b4-8c6a-7382-8f93-80a95e6b26cf/019ed1bb-7851-7335-b025-c08819cb1e64.pdf"
"1101","Diagramas Elétricos","CATERPILLAR","Motoniveladora","24H Diagrama elétrico","-","true","https://cdn.appmaq.com.br/appmaq-media/manuals/019ed1b4-8c6a-7382-8f93-80a95e6b26cf/019ed1bb-79ca-7b8c-a8c6-4387465982fd.pdf"
"1102","Diagramas Elétricos","CATERPILLAR","Motoniveladora","924G and 924GZ -Esquema-Hidraulico -","-","true","https://cdn.appmaq.com.br/appmaq-media/manuals/019ed1b4-8c6a-7382-8f93-80a95e6b26cf/019ed1bb-85d3-78bf-9c12-2c5eafee7cc6.pdf"
"1103","Diagramas Elétricos","CATERPILLAR","Motoniveladora","Valvas-120h","-","true","https://cdn.appmaq.com.br/appmaq-media/manuals/019ed1b4-8c6a-7382-8f93-80a95e6b26cf/019ed1bb-8633-71dc-85a6-55b836f24a32.pdf"
"1104","Diagramas Elétricos","CATERPILLAR","Pá Carregadeira","908 - DIAGRAMA - Compact Wheel Loader","-","true","https://cdn.appmaq.com.br/appmaq-media/manuals/019ed1b3-f39d-7db8-ba6f-bf4eb8453d97/019ed1bc-6444-7ac6-aa2e-0703d7b5f2d2.pdf"
"1105","Diagramas Elétricos","CATERPILLAR","Pá Carregadeira","910F -DIAGRAMA - Wheel Loader","-","true","https://cdn.appmaq.com.br/appmaq-media/manuals/019ed1b3-f39d-7db8-ba6f-bf4eb8453d97/019ed1bc-6483-7944-b81e-40cd6954a471.pdf"
"1106","Diagramas Elétricos","CATERPILLAR","Pá Carregadeira","910G - DIAGRAMA - Hystat Wheel Loader","-","true","https://cdn.appmaq.com.br/appmaq-media/manuals/019ed1b3-f39d-7db8-ba6f-bf4eb8453d97/019ed1bc-6500-7eb1-a82d-412cb5023246.pdf"
"1107","Diagramas Elétricos","CATERPILLAR","Pá Carregadeira","914G - DIAGRAMA - Wheel Loader","-","true","https://cdn.appmaq.com.br/appmaq-media/manuals/019ed1b3-f39d-7db8-ba6f-bf4eb8453d97/019ed1bc-6706-770d-91e3-841691a4b7bf.pdf"
"1108","Diagramas Elétricos","CATERPILLAR","Pá Carregadeira","914G - DIAGRAMA - Wheel Loader (2)","-","true","https://cdn.appmaq.com.br/appmaq-media/manuals/019ed1b3-f39d-7db8-ba6f-bf4eb8453d97/019ed1bc-6601-74be-b6b2-3a6b368f8d04.pdf"
"1109","Diagramas Elétricos","CATERPILLAR","Pá Carregadeira","918F - DIAGRAMA - Wheel Loader","-","true","https://cdn.appmaq.com.br/appmaq-media/manuals/019ed1b3-f39d-7db8-ba6f-bf4eb8453d97/019ed1bc-67e0-7f4a-a386-2e264447a45f.pdf"
"1110","Diagramas Elétricos","CATERPILLAR","Pá Carregadeira","924F - DIAGRAMA - Wheel Loader Electrical System","-","true","https://cdn.appmaq.com.br/appmaq-media/manuals/019ed1b3-f39d-7db8-ba6f-bf4eb8453d97/019ed1bc-6858-7e19-8cf3-6474f3fbe4d6.pdf"
"1111","Diagramas Elétricos","CATERPILLAR","Pá Carregadeira","924G - DIAGRAMA - and 924Gz Wheel Loader","-","true","https://cdn.appmaq.com.br/appmaq-media/manuals/019ed1b3-f39d-7db8-ba6f-bf4eb8453d97/019ed1bc-69a0-7355-b64b-9fb426d223f4.pdf"
"1112","Diagramas Elétricos","CATERPILLAR","Pá Carregadeira","928F - DIAGRAMA - Wheel Loader","-","true","https://cdn.appmaq.com.br/appmaq-media/manuals/019ed1b3-f39d-7db8-ba6f-bf4eb8453d97/019ed1bc-6a78-7ece-8380-52c6c9e6c55d.pdf"
"1113","Diagramas Elétricos","CATERPILLAR","Pá Carregadeira","928G - DIAGRAMA - Wheel Loader","-","true","https://cdn.appmaq.com.br/appmaq-media/manuals/019ed1b3-f39d-7db8-ba6f-bf4eb8453d97/019ed1bc-6b4d-78c5-a586-bb5512b882b3.pdf"
"1114","Diagramas Elétricos","CATERPILLAR","Pá Carregadeira","928G - DIAGRAMA -Wheel Loader (2)","-","true","https://cdn.appmaq.com.br/appmaq-media/manuals/019ed1b3-f39d-7db8-ba6f-bf4eb8453d97/019ed1bc-6c6c-789a-9a72-6115de3d6b45.pdf"
"1115","Diagramas Elétricos","CATERPILLAR","Pá Carregadeira","936F - DIAGRAMA - Wheel Loader","-","true","https://cdn.appmaq.com.br/appmaq-media/manuals/019ed1b3-f39d-7db8-ba6f-bf4eb8453d97/019ed1bc-6d13-7a08-b734-b9e860cc766a.pdf"
"1116","Diagramas Elétricos","CATERPILLAR","Pá Carregadeira","936F - DIAGRAMA - Wheel Loader Electrical System","-","true","https://cdn.appmaq.com.br/appmaq-media/manuals/019ed1b3-f39d-7db8-ba6f-bf4eb8453d97/019ed1bc-6e91-7de6-81bc-dc313fa7df6b.pdf"
"1117","Diagramas Elétricos","CATERPILLAR","Pá Carregadeira","936F - DIAGRAMA - Wheel Loader Electrical System (2)","-","true","https://cdn.appmaq.com.br/appmaq-media/manuals/019ed1b3-f39d-7db8-ba6f-bf4eb8453d97/019ed1bc-6e08-734c-8ba2-965869a696e5.pdf"
"1118","Diagramas Elétricos","CATERPILLAR","Pá Carregadeira","938F - DIAGRAMA - Wheel Loader","-","true","https://cdn.appmaq.com.br/appmaq-media/manuals/019ed1b3-f39d-7db8-ba6f-bf4eb8453d97/019ed1bc-6ec6-7978-995f-64090c9cbc0f.pdf"
"1119","Diagramas Elétricos","CATERPILLAR","Pá Carregadeira","938G - DIAGRAMA - Wheel Loader","-","true","https://cdn.appmaq.com.br/appmaq-media/manuals/019ed1b3-f39d-7db8-ba6f-bf4eb8453d97/019ed1bc-6f3f-717d-a613-bbaf1fa4f71b.pdf"
"1120","Diagramas Elétricos","CATERPILLAR","Pá Carregadeira","938G - DIAGRAMA - Wheel Loader (2)","-","true","https://cdn.appmaq.com.br/appmaq-media/manuals/019ed1b3-f39d-7db8-ba6f-bf4eb8453d97/019ed1bc-6eff-795c-a7d5-e8e8da48616f.pdf"
"1121","Diagramas Elétricos","CATERPILLAR","Pá Carregadeira","950F - DIAGRAMA - Series II & 960F","-","true","https://cdn.appmaq.com.br/appmaq-media/manuals/019ed1b3-f39d-7db8-ba6f-bf4eb8453d97/019ed1bc-7208-743f-b2be-3f6d83cef240.pdf"
"1122","Diagramas Elétricos","CATERPILLAR","Pá Carregadeira","950F - DIAGRAMA - Series II And 960F","-","true","https://cdn.appmaq.com.br/appmaq-media/manuals/019ed1b3-f39d-7db8-ba6f-bf4eb8453d97/019ed1bc-72a4-7770-8c75-70282df59180.pdf"
"1123","Diagramas Elétricos","CATERPILLAR","Pá Carregadeira","950F - DIAGRAMA -Series II Wheel Loader (2)","-","true","https://cdn.appmaq.com.br/appmaq-media/manuals/019ed1b3-f39d-7db8-ba6f-bf4eb8453d97/019ed1bc-718d-7c6d-afa8-ff73504666dc.pdf"
"1124","Diagramas Elétricos","CATERPILLAR","Pá Carregadeira","950F - DIAGRAMA - Wheel Loader","-","true","https://cdn.appmaq.com.br/appmaq-media/manuals/019ed1b3-f39d-7db8-ba6f-bf4eb8453d97/019ed1bc-70f6-7f87-891e-65a811e5f3dd.pdf"
"1125","Diagramas Elétricos","CATERPILLAR","Pá Carregadeira","950G - DIAGRAMA - 962G Series II","-","true","https://cdn.appmaq.com.br/appmaq-media/manuals/019ed1b3-f39d-7db8-ba6f-bf4eb8453d97/019ed1bc-74f8-70f2-bf18-a3548b3d4b80.pdf"
"1126","Diagramas Elétricos","CATERPILLAR","Pá Carregadeira","950G - DIAGRAMA - 962G Wheel Loader","-","true","https://cdn.appmaq.com.br/appmaq-media/manuals/019ed1b3-f39d-7db8-ba6f-bf4eb8453d97/019ed1bc-754b-784d-bf22-e6b9a1f828f8.pdf"
"1127","Diagramas Elétricos","CATERPILLAR","Pá Carregadeira","950G - DIAGRAMA - 962 Series II","-","true","https://cdn.appmaq.com.br/appmaq-media/manuals/019ed1b3-f39d-7db8-ba6f-bf4eb8453d97/019ed1bc-73e3-797b-9c1d-c0d0a3279ecc.pdf"
"1128","Diagramas Elétricos","CATERPILLAR","Pá Carregadeira","950G - DIAGRAMA -and 962G Wheel Loader","-","true","https://cdn.appmaq.com.br/appmaq-media/manuals/019ed1b3-f39d-7db8-ba6f-bf4eb8453d97/019ed1bc-734d-7475-bcf0-e4ab42261d0c.pdf"
"1129","Diagramas Elétricos","CATERPILLAR","Pá Carregadeira","953C - DIAGRAMA -Track Loader","-","true","https://cdn.appmaq.com.br/appmaq-media/manuals/019ed1b3-f39d-7db8-ba6f-bf4eb8453d97/019ed1bc-765a-7922-b244-198132fd3c8f.pdf"
"1130","Diagramas Elétricos","CATERPILLAR","Pá Carregadeira","953C - DIAGRAMA - Track-Type Loader","-","true","https://cdn.appmaq.com.br/appmaq-media/manuals/019ed1b3-f39d-7db8-ba6f-bf4eb8453d97/019ed1bc-76de-7946-81c0-7eb7c9d7c98c.pdf"
"1131","Diagramas Elétricos","CATERPILLAR","Pá Carregadeira","963C - DIAGRAMA -Track-Type Loader","-","true","https://cdn.appmaq.com.br/appmaq-media/manuals/019ed1b3-f39d-7db8-ba6f-bf4eb8453d97/019ed1bc-7747-79c9-b26c-9df5df5257d9.pdf"
"1132","Diagramas Elétricos","CATERPILLAR","Pá Carregadeira","966F - DIAGRAMA - Series II","-","true","https://cdn.appmaq.com.br/appmaq-media/manuals/019ed1b3-f39d-7db8-ba6f-bf4eb8453d97/019ed1bc-77ac-75e6-9716-c0dde777a919.pdf"
"1133","Diagramas Elétricos","CATERPILLAR","Pá Carregadeira","966F - DIAGRAMA -Series II And 970F","-","true","https://cdn.appmaq.com.br/appmaq-media/manuals/019ed1b3-f39d-7db8-ba6f-bf4eb8453d97/019ed1bc-78b0-7c3c-b62b-aaf3b6c3105c.pdf"
"1134","Diagramas Elétricos","CATERPILLAR","Pá Carregadeira","966F - DIAGRAMA - Wheel Loader","-","true","https://cdn.appmaq.com.br/appmaq-media/manuals/019ed1b3-f39d-7db8-ba6f-bf4eb8453d97/019ed1bc-7828-713c-b512-3396cec4c5bd.pdf"
"1135","Diagramas Elétricos","CATERPILLAR","Pá Carregadeira","966G - DIAGRAMA -972G Series II","-","true","https://cdn.appmaq.com.br/appmaq-media/manuals/019ed1b3-f39d-7db8-ba6f-bf4eb8453d97/019ed1bc-79b0-7b81-b003-10c4b4073b25.pdf"
"1136","Diagramas Elétricos","CATERPILLAR","Pá Carregadeira","966G - DIAGRAMA -972G Series II (2)","-","true","https://cdn.appmaq.com.br/appmaq-media/manuals/019ed1b3-f39d-7db8-ba6f-bf4eb8453d97/019ed1bc-791f-7db6-bd39-6220a2f276e8.pdf"
"1137","Diagramas Elétricos","CATERPILLAR","Pá Carregadeira","966G - DIAGRAMA -and 972G Wheel Loade","-","true","https://cdn.appmaq.com.br/appmaq-media/manuals/019ed1b3-f39d-7db8-ba6f-bf4eb8453d97/019ed1bc-7a54-76d0-b796-b58727d324e7.pdf"
"1138","Diagramas Elétricos","CATERPILLAR","Pá Carregadeira","966G - DIAGRAMA -and 972G Wheel Loaders","-","true","https://cdn.appmaq.com.br/appmaq-media/manuals/019ed1b3-f39d-7db8-ba6f-bf4eb8453d97/019ed1bc-7bed-7782-9a92-42b3e7ea146c.pdf"
"1139","Diagramas Elétricos","CATERPILLAR","Pá Carregadeira","966G - DIAGRAMA -and 972G Wheel Loaders (2)","-","true","https://cdn.appmaq.com.br/appmaq-media/manuals/019ed1b3-f39d-7db8-ba6f-bf4eb8453d97/019ed1bc-7a87-73d5-9fb9-14244d2a7047.pdf"
"1140","Diagramas Elétricos","CATERPILLAR","Pá Carregadeira","966G - DIAGRAMA -and 972G Wheel Loaders (3)","-","true","https://cdn.appmaq.com.br/appmaq-media/manuals/019ed1b3-f39d-7db8-ba6f-bf4eb8453d97/019ed1bc-7ac3-78f6-bb58-1ce77bca151a.pdf"
"1141","Diagramas Elétricos","CATERPILLAR","Pá Carregadeira","973C - DIAGRAMA -Track-Type Loader","-","true","https://cdn.appmaq.com.br/appmaq-media/manuals/019ed1b3-f39d-7db8-ba6f-bf4eb8453d97/019ed1bc-7c9f-72e1-a957-85c9c792aa39.pdf"
"1142","Diagramas Elétricos","CATERPILLAR","Pá Carregadeira","980C - DIAGRAMA -Wheel Loader","-","true","https://cdn.appmaq.com.br/appmaq-media/manuals/019ed1b3-f39d-7db8-ba6f-bf4eb8453d97/019ed1bc-7d33-70a7-bfb8-9a3d40cdcee0.pdf"
"1143","Diagramas Elétricos","CATERPILLAR","Pá Carregadeira","980F - DIAGRAMA -Series II Wheel Loader","-","true","https://cdn.appmaq.com.br/appmaq-media/manuals/019ed1b3-f39d-7db8-ba6f-bf4eb8453d97/019ed1bc-7e2c-7f12-8989-b738f1fc5811.pdf"
"1144","Diagramas Elétricos","CATERPILLAR","Pá Carregadeira","980F - DIAGRAMA -Series II Wheel Loader (2)","-","true","https://cdn.appmaq.com.br/appmaq-media/manuals/019ed1b3-f39d-7db8-ba6f-bf4eb8453d97/019ed1bc-7da1-7a23-b1af-92deb46f8485.pdf"
"1145","Diagramas Elétricos","CATERPILLAR","Pá Carregadeira","980F - DIAGRAMA - Series II Wheel Loader (3)","-","true","https://cdn.appmaq.com.br/appmaq-media/manuals/019ed1b3-f39d-7db8-ba6f-bf4eb8453d97/019ed1bc-7f15-7591-81d0-0d194b4df425.pdf"
"1146","Diagramas Elétricos","CATERPILLAR","Pá Carregadeira","980F - DIAGRAMA -Wheel Loader","-","true","https://cdn.appmaq.com.br/appmaq-media/manuals/019ed1b3-f39d-7db8-ba6f-bf4eb8453d97/019ed1bc-7ea7-7df9-b833-0bd5a6ef931f.pdf"
"1147","Diagramas Elétricos","CATERPILLAR","Pá Carregadeira","980G - DIAGRAMA -Series II","-","true","https://cdn.appmaq.com.br/appmaq-media/manuals/019ed1b3-f39d-7db8-ba6f-bf4eb8453d97/019ed1bc-7ffe-7870-8795-9e3adcd58287.pdf"
"1148","Diagramas Elétricos","CATERPILLAR","Pá Carregadeira","980G - DIAGRAMA - Wheel Loader","-","true","https://cdn.appmaq.com.br/appmaq-media/manuals/019ed1b3-f39d-7db8-ba6f-bf4eb8453d97/019ed1bc-7f47-75fc-9b3b-2eb4d72f3e4f.pdf"
"1149","Diagramas Elétricos","CATERPILLAR","Pá Carregadeira","980G - DIAGRAMA -Wheel Loader (2)","-","true","https://cdn.appmaq.com.br/appmaq-media/manuals/019ed1b3-f39d-7db8-ba6f-bf4eb8453d97/019ed1bc-80a2-71c4-a4f7-21622d47758b.pdf"
"1150","Diagramas Elétricos","CATERPILLAR","Pá Carregadeira","980G - DIAGRAMA -Wheel Loader (3)","-","true","https://cdn.appmaq.com.br/appmaq-media/manuals/019ed1b3-f39d-7db8-ba6f-bf4eb8453d97/019ed1bc-8161-7c51-82ff-35fae1e81b0a.pdf"
"1151","Diagramas Elétricos","CATERPILLAR","Pá Carregadeira","988F - DIAGRAMA -Series II Wheel Loader","-","true","https://cdn.appmaq.com.br/appmaq-media/manuals/019ed1b3-f39d-7db8-ba6f-bf4eb8453d97/019ed1bc-81f1-7ccd-bc27-72676a6d52c6.pdf"
"1152","Diagramas Elétricos","CATERPILLAR","Pá Carregadeira","988F - DIAGRAMA -Wheel Loader","-","true","https://cdn.appmaq.com.br/appmaq-media/manuals/019ed1b3-f39d-7db8-ba6f-bf4eb8453d97/019ed1bc-8284-7569-ac68-62780d3f0b81.pdf"
"1153","Diagramas Elétricos","CATERPILLAR","Pá Carregadeira","990 - DIAGRAMA -Series II Wheel Loader","-","true","https://cdn.appmaq.com.br/appmaq-media/manuals/019ed1b3-f39d-7db8-ba6f-bf4eb8453d97/019ed1bc-830b-7229-9034-dd678aae4c2c.pdf"
"1154","Diagramas Elétricos","CATERPILLAR","Pá Carregadeira","990 - DIAGRAMA -Wheel Loader","-","true","https://cdn.appmaq.com.br/appmaq-media/manuals/019ed1b3-f39d-7db8-ba6f-bf4eb8453d97/019ed1bc-8332-7030-b415-71ae8c00abb0.pdf"
"1155","Diagramas Elétricos","CATERPILLAR","Pá Carregadeira","992C - DIAGRAMA -Wheel Loader","-","true","https://cdn.appmaq.com.br/appmaq-media/manuals/019ed1b3-f39d-7db8-ba6f-bf4eb8453d97/019ed1bc-8384-76ad-a5b0-b2684e10d4f7.pdf"
"1156","Diagramas Elétricos","CATERPILLAR","Pá Carregadeira","992G - DIAGRAMA -854G","-","true","https://cdn.appmaq.com.br/appmaq-media/manuals/019ed1b3-f39d-7db8-ba6f-bf4eb8453d97/019ed1bc-8501-76d4-95bd-a631671edc87.pdf"
"1157","Diagramas Elétricos","CATERPILLAR","Pá Carregadeira","992G - DIAGRAMA -Wheel Loader","-","true","https://cdn.appmaq.com.br/appmaq-media/manuals/019ed1b3-f39d-7db8-ba6f-bf4eb8453d97/019ed1bc-8476-7eca-aa65-cc7198ced83c.pdf"
"1158","Diagramas Elétricos","CATERPILLAR","Pá Carregadeira","994D - DIAGRAMA -Wheel Loader","-","true","https://cdn.appmaq.com.br/appmaq-media/manuals/019ed1b3-f39d-7db8-ba6f-bf4eb8453d97/019ed1bc-89c7-7621-9cc0-d9709719d9cc.pdf"
"1159","Diagramas Elétricos","CATERPILLAR","Pá Carregadeira","994 - DIAGRAMA -","-","true","https://cdn.appmaq.com.br/appmaq-media/manuals/019ed1b3-f39d-7db8-ba6f-bf4eb8453d97/019ed1bc-88c9-72dc-b222-fd4f846e34d1.pdf"
"1160","Diagramas Elétricos","CATERPILLAR","Pá Carregadeira","994 - DIAGRAMA - Wheel Loader","-","true","https://cdn.appmaq.com.br/appmaq-media/manuals/019ed1b3-f39d-7db8-ba6f-bf4eb8453d97/019ed1bc-8953-72a4-ae80-52d17b2516e0.pdf"
"1161","Diagramas Elétricos","CATERPILLAR","Pá Carregadeira","994 - DIAGRAMA -Wheel Loader (2)","-","true","https://cdn.appmaq.com.br/appmaq-media/manuals/019ed1b3-f39d-7db8-ba6f-bf4eb8453d97/019ed1bc-860b-782a-8325-bade5c8a6c73.pdf"
"1162","Diagramas Elétricos","CATERPILLAR","Pá Carregadeira","994 - DIAGRAMA -Wheel Loader (3)","-","true","https://cdn.appmaq.com.br/appmaq-media/manuals/019ed1b3-f39d-7db8-ba6f-bf4eb8453d97/019ed1bc-884b-7d72-b132-b6384cfc7a14.pdf"
"1163","Diagramas Elétricos","CATERPILLAR","Retroescavadeira","416, 426, 428, 436, And 438 Series II","-","true","https://cdn.appmaq.com.br/appmaq-media/manuals/019ed1b5-47ea-73bd-91a3-a4829dbecd02/019ed1bd-0d20-7888-a147-07d54ed6461f.pdf"
"1164","Diagramas Elétricos","CATERPILLAR","Retroescavadeira","416B, 426B, 428B, 436B And 438B","-","true","https://cdn.appmaq.com.br/appmaq-media/manuals/019ed1b5-47ea-73bd-91a3-a4829dbecd02/019ed1bd-0ddd-73b7-8f8f-843b2f4e67b8.pdf"
"1165","Diagramas Elétricos","CATERPILLAR","Retroescavadeira","416B, 426B, 428B, 436B and 438B (2)","-","true","https://cdn.appmaq.com.br/appmaq-media/manuals/019ed1b5-47ea-73bd-91a3-a4829dbecd02/019ed1bd-0d60-77c0-abb8-c692c5e5cd20.pdf"
"1166","Diagramas Elétricos","CATERPILLAR","Retroescavadeira","416C 426C 428C 436C 438C","-","true","https://cdn.appmaq.com.br/appmaq-media/manuals/019ed1b5-47ea-73bd-91a3-a4829dbecd02/019ed1bd-0e46-71a8-9453-7b243d719122.pdf"
"1167","Diagramas Elétricos","CATERPILLAR","Retroescavadeira","416C 426C 428C 436C and 438C","-","true","https://cdn.appmaq.com.br/appmaq-media/manuals/019ed1b5-47ea-73bd-91a3-a4829dbecd02/019ed1bd-0ea7-7f1e-868e-62d513447e1b.pdf"
"1168","Diagramas Elétricos","CATERPILLAR","Retroescavadeira","416C, 426C, 428C, 436C, and 438C","-","true","https://cdn.appmaq.com.br/appmaq-media/manuals/019ed1b5-47ea-73bd-91a3-a4829dbecd02/019ed1bd-1065-74f1-9021-889823f7d1b6.pdf"
"1169","Diagramas Elétricos","CATERPILLAR","Retroescavadeira","416C, 426C, 428C, 436C, and 438C (2)","-","true","https://cdn.appmaq.com.br/appmaq-media/manuals/019ed1b5-47ea-73bd-91a3-a4829dbecd02/019ed1bd-1041-7434-855a-a2be471659f5.pdf"
"1170","Diagramas Elétricos","CATERPILLAR","Retroescavadeira","416C 426C and 436C","-","true","https://cdn.appmaq.com.br/appmaq-media/manuals/019ed1b5-47ea-73bd-91a3-a4829dbecd02/019ed1bd-0f63-784d-8bc5-bc030fcebb90.pdf"
"1171","Diagramas Elétricos","CATERPILLAR","Retroescavadeira","416C, 426C, and 436C","-","true","https://cdn.appmaq.com.br/appmaq-media/manuals/019ed1b5-47ea-73bd-91a3-a4829dbecd02/019ed1bd-109d-791d-9f3f-54d653f25beb.pdf"
"1172","Diagramas Elétricos","CATERPILLAR","Retroescavadeira","416C 426C and 436C (2)","-","true","https://cdn.appmaq.com.br/appmaq-media/manuals/019ed1b5-47ea-73bd-91a3-a4829dbecd02/019ed1bd-0ed5-7879-9e76-d53b5e939c7c.pdf"
"1173","Diagramas Elétricos","CATERPILLAR","Retroescavadeira","416D, 420D, 424D, 428D, 430D, 432D,","-","true","https://cdn.appmaq.com.br/appmaq-media/manuals/019ed1b5-47ea-73bd-91a3-a4829dbecd02/019ed1bd-11ec-76a9-b59e-279799e6bcd9.pdf"
"1174","Diagramas Elétricos","CATERPILLAR","Retroescavadeira","416D 420D 424D 428D 430D 432D 438D 442D","-","true","https://cdn.appmaq.com.br/appmaq-media/manuals/019ed1b5-47ea-73bd-91a3-a4829dbecd02/019ed1bd-11bd-7574-9121-5217453ba559.pdf"
"1175","Diagramas Elétricos","CATERPILLAR","Retroescavadeira","416-E eletrico CAT","-","true","https://cdn.appmaq.com.br/appmaq-media/manuals/019ed1b5-47ea-73bd-91a3-a4829dbecd02/019ed1bd-136b-70f9-b5c3-154be46d0587.pdf"
"1176","Diagramas Elétricos","CATERPILLAR","Retroescavadeira","428 & 438 Backhoe Loaders","-","true","https://cdn.appmaq.com.br/appmaq-media/manuals/019ed1b5-47ea-73bd-91a3-a4829dbecd02/019ed1bd-140e-79bd-8cd5-f079d60aef6c.pdf"
"1177","Diagramas Elétricos","CATERPILLAR","Retroescavadeira","446B Backhoe Loader","-","true","https://cdn.appmaq.com.br/appmaq-media/manuals/019ed1b5-47ea-73bd-91a3-a4829dbecd02/019ed1bd-1440-7a1d-8c18-bfeb5dd093c1.pdf"
"1178","Diagramas Elétricos","CATERPILLAR","Retroescavadeira","446B Backhoe Loader (2)","-","true","https://cdn.appmaq.com.br/appmaq-media/manuals/019ed1b5-47ea-73bd-91a3-a4829dbecd02/019ed1d0-ed5e-7e83-b086-c659e27771ad.pdf"
"1179","Diagramas Elétricos","CATERPILLAR","Retroescavadeira","446B Backhoe Loader (3)","-","true","https://cdn.appmaq.com.br/appmaq-media/manuals/019ed1b5-47ea-73bd-91a3-a4829dbecd02/019ed1d0-ed79-76dd-8756-9cdadf17edf2.pdf"
"1180","Diagramas Elétricos","CATERPILLAR","Retroescavadeira","446B Backhoe Loader (4)","-","true","https://cdn.appmaq.com.br/appmaq-media/manuals/019ed1b5-47ea-73bd-91a3-a4829dbecd02/019ed1d0-edad-78fe-a985-aa96ace4368a.pdf"
"1181","Distribuidor Adubador Autopropelido","CASE","TRIDENT 5550","FOLHETO E ESPECIFICAÇÕES TECNICAS DO DISTRIBUIDOR CASE TRIDENT 5550 EM INGLES","-","true","https://cdn.appmaq.com.br/appmaq-media/manuals/019df857-724c-790d-a68f-6358b4224a0b/019df98c-4acf-7a3e-99ae-c7ed7f4e288c.pdf"
"1182","Distribuidor Adubador Autopropelido","CASE","TRIDENT 5550","MANUAL DO OPERADOR DO DISTRIBUIDOR CASE TRIDENT 5550 EM INGLES","-","true","https://cdn.appmaq.com.br/appmaq-media/manuals/019df857-724c-790d-a68f-6358b4224a0b/019df98c-4e66-7cbe-9dbf-abba24e25903.pdf"
"1183","Distribuidor Adubador Autopropelido","CASE","TRIDENT 5550","MANUAL TÉCNICO DO OPERADOR E PEÇAS DO DISTRIBUIDOR CASE TRIDENT 5550 EM INGLES","-","true","https://cdn.appmaq.com.br/appmaq-media/manuals/019df857-724c-790d-a68f-6358b4224a0b/019df98c-4fd6-7aca-b09a-5183670f7f86.pdf"
"1184","Distribuidor Adubador Autopropelido","CASE","TRIDENT 5550","MATERIA COMPLEMENTAR FOLHETO E ESPECIFICAÇÕES TECNICAS DO DISTRIBUIDOR CASE TRIDENT 5550 EM INGLES","-","true","https://cdn.appmaq.com.br/appmaq-media/manuals/019df857-724c-790d-a68f-6358b4224a0b/019df98c-5191-775a-aa11-9aef5321e260.pdf"
"1185","Distribuidor Adubador Autopropelido","JACTO","UNIPORT 3000 NPK","CATÁLOGO DE PEÇAS DO DISTRIBUIDOR UNIPORT 3000 NPK","-","true","https://cdn.appmaq.com.br/appmaq-media/manuals/019c454e-7788-74a8-95a6-8146b1389088/019df34d-76b8-74ab-96d5-de8e65b59459.pdf"
"1186","Distribuidor Adubador Autopropelido","JACTO","UNIPORT 3000 NPK","MANUAL DE TREINAMENTO HIDRÁULICO UP NPK CIRCUITOS E COMPONENTES","-","true","https://cdn.appmaq.com.br/appmaq-media/manuals/019c454e-7788-74a8-95a6-8146b1389088/019df34d-7902-7a95-946d-2e3064baa746.pdf"
"1187","Distribuidor Adubador Autopropelido","JACTO","UNIPORT 3030 NPK","CATALOGO DE PEÇAS DO DISTRIBUIDOR UNIPORT 3030 NPK","-","true","https://cdn.appmaq.com.br/appmaq-media/manuals/0195b3ba-39a7-7891-9f19-3bd3809e15d0/019df34d-e508-7347-bbad-748f322811ba.pdf"
"1188","Distribuidor Adubador Autopropelido","JACTO","UNIPORT 3030 NPK","CATÁLOGO DE PEÇAS DO DISTRIBUIDOR UNIPORT 3030 NPK","-","true","https://cdn.appmaq.com.br/appmaq-media/manuals/0195b3ba-39a7-7891-9f19-3bd3809e15d0/019df34d-e51e-7c70-8816-f5dc60604e0c.pdf"
"1189","Distribuidor Adubador Autopropelido","JACTO","UNIPORT 3030 NPK","MANUAL DE TREINAMENTO HIDRÁULICO UP NPK CIRCUITOS E COMPONENTES","-","true","https://cdn.appmaq.com.br/appmaq-media/manuals/0195b3ba-39a7-7891-9f19-3bd3809e15d0/019df34d-e7d9-75fe-8cf4-79765db9c185.pdf"
"1190","Distribuidor Adubador Autopropelido","JACTO","UNIPORT 5030 NPK","CATÁLOGO DE PEÇAS DO DISTRIBUIDOR UNIPORT 5030 NPK","-","true","https://cdn.appmaq.com.br/appmaq-media/manuals/0195b3ba-39a7-7e73-9d67-629b7456798c/019df34e-5db0-7a66-b080-5ffc3cf75b62.pdf"
"1191","Distribuidor Adubador Autopropelido","JACTO","UNIPORT 5030 NPK","FOLHETO DO DISTRIBUIDOR UNIPORT 5030 NPK","-","true","https://cdn.appmaq.com.br/appmaq-media/manuals/0195b3ba-39a7-7e73-9d67-629b7456798c/019df34e-6232-7013-9e32-cc1f6c3a077b.pdf"
"1192","Distribuidor Adubador Autopropelido","JACTO","UNIPORT 5030 NPK","MANUAL CODIGO DE ERRO DO DISTRIBUIDOR UNIPORT 5030 NPK","-","true","https://cdn.appmaq.com.br/appmaq-media/manuals/0195b3ba-39a7-7e73-9d67-629b7456798c/019df34e-6492-711e-b532-813e43cfe608.pdf"
"1193","Distribuidor Adubador Autopropelido","JACTO","UNIPORT 5030 NPK","MANUAL DE TREINAMENTO HIDRÁULICO UP NPK CIRCUITOS E COMPONENTES","-","true","https://cdn.appmaq.com.br/appmaq-media/manuals/0195b3ba-39a7-7e73-9d67-629b7456798c/019df34e-64e8-7a61-873b-e7d52c8061bc.pdf"
"1194","Distribuidor Adubador Autopropelido","JACTO","UNIPORT 8030 NPK","FOLHETO TECNICO DO DISTRIBUIDOR UNIPORT 8030 NPK","-","true","https://cdn.appmaq.com.br/appmaq-media/manuals/01963ae1-34af-7d23-bab1-7ecad102b510/019df34e-e7a9-7ced-8813-45118e152491.pdf"
"1195","Distribuidor Adubador Autopropelido","JACTO","UNIPORT 8030 NPK","MANUAL DE TREINAMENTO HIDRÁULICO UP NPK CIRCUITOS E COMPONENTES","-","true","https://cdn.appmaq.com.br/appmaq-media/manuals/01963ae1-34af-7d23-bab1-7ecad102b510/019df34e-e7cb-7906-8d0e-dce750669271.pdf"
"1196","Distribuidor Adubador Autopropelido","JOHN DEERE","M4040DN","CATALOGO DE PEÇAS DO FILTRO DO DISTRIBUIDOR JOHN DEERE M4040DN","-","true","https://cdn.appmaq.com.br/appmaq-media/manuals/0195b3ba-39a7-7bd1-a74d-20c4301e7da5/019df833-2de6-7589-ba0d-aa57227e71b5.pdf"
"1197","Distribuidor Adubador Autopropelido","JOHN DEERE","M4040DN","ESPECIFICAÇÕES TECNICAS DO DISTRIBUIDOR JOHN DEERE M4040DN","-","true","https://cdn.appmaq.com.br/appmaq-media/manuals/0195b3ba-39a7-7bd1-a74d-20c4301e7da5/019df833-2df6-720f-845f-1162386627b9.pdf"
"1198","Distribuidor Adubador Autopropelido","JOHN DEERE","M4040DN","FOLHETO DO DISTRIBUIDOR JOHN DEERE M4040DN","-","true","https://cdn.appmaq.com.br/appmaq-media/manuals/0195b3ba-39a7-7bd1-a74d-20c4301e7da5/019df833-2e27-7c8a-9e4c-319117f33297.pdf"
"1199","Distribuidor Adubador Autopropelido","JOHN DEERE","M4040DN","GUIA DE REFERÊNCIA RÁPIDA DISTRIBUIDOR JOHN DEERE M4040DN","-","true","https://cdn.appmaq.com.br/appmaq-media/manuals/0195b3ba-39a7-7bd1-a74d-20c4301e7da5/019df895-e490-7090-a52a-4aac7d756565.pdf"
"1200","Distribuidor Adubador Autopropelido","JOHN DEERE","M4040DN","MANUAL DO OPERADOR DO DISTRIBUIDOR JOHN DEERE - M4040DN","-","true","https://cdn.appmaq.com.br/appmaq-media/manuals/0195b3ba-39a7-7bd1-a74d-20c4301e7da5/019df895-e519-7961-b97f-88017642c118.pdf"
"1201","Distribuidor Adubador Autopropelido","JOHN DEERE","R4045","FOLHETO TÉCNICO -DISTRIBUIDOR DE ADUBOS SOLIDOS-R4045 - JOHN DEERE","-","true","https://cdn.appmaq.com.br/appmaq-media/manuals/019e0256-9c9b-7738-807e-d8b48f3b6331/019e0257-3dfa-7b2f-8dfd-2af682c1d32a.pdf"
"1202","Distribuidor Adubador Autopropelido","KUHN","Accura 4.0 BX","FOLHETO - ESPECIFICAÇÕES DO DISTRIBUIDOR DE FERTILIZANTES AUTOPROPELIDO ACCURA 4.0 BX","-","true","https://cdn.appmaq.com.br/appmaq-media/manuals/019df862-d652-7e29-9919-38e3626f2eea/019df888-82ee-7333-a065-b774001dce2d.pdf"
"1203","Distribuidor Adubador Autopropelido","KUHN","Accura 4.0 BX","MANUAL DE TREINAMENTO DO DISTRIBUIDOR KUHN ACCURA 4.0 BX","-","true","https://cdn.appmaq.com.br/appmaq-media/manuals/019df862-d652-7e29-9919-38e3626f2eea/019df888-8305-79a8-96e0-ea55df0bf27e.pdf"
"1204","Distribuidor Adubador Autopropelido","KUHN","ACCURA 8.0 HD","FOLHETO TÉCNICO - FICHA TÉCNICA DETALHADA DISTRIBUIDOR AUTROPROPELIDO ACCURA 8.0 HD","-","true","https://cdn.appmaq.com.br/appmaq-media/manuals/019df865-9403-7846-8f0c-fe616a34a9be/019df888-e098-7dbb-9def-1b5083853b5d.pdf"
"1205","Distribuidor Adubador Autopropelido","KUHN","ACCURA 8.0 HD","REFORÇOS ESTRUTURAIS DO DISTRIBUIDOR AUTROPROPELIDO ACCURA 8.0 HD","-","true","https://cdn.appmaq.com.br/appmaq-media/manuals/019df865-9403-7846-8f0c-fe616a34a9be/019df888-e0e9-75b6-ade9-c9b9b37bdfdc.pdf"
"1206","Distribuidor Adubador Autopropelido","KUHN","ACCURA ST 7000","CATALOGO DE PEÇAS DO DISTRIBUIDOR AUTROPROPELIDO KUHN ACCURA-7000ST","-","true","https://cdn.appmaq.com.br/appmaq-media/manuals/0195b3ba-39a7-72b1-9977-0529090fd3ef/019df889-638d-7dca-8dd9-0d03d6c6aa03.pdf"
"1207","Distribuidor Adubador Autopropelido","KUHN","ACCURA ST 7000","FOLHETO DO DISTRIBUIDOR AUTROPROPELIDO KUHN ACCURA-7000ST","-","true","https://cdn.appmaq.com.br/appmaq-media/manuals/0195b3ba-39a7-72b1-9977-0529090fd3ef/019df889-6649-740f-8051-452a7ec00ecf.pdf"
"1208","Distribuidor Adubador Autopropelido","KUHN","ACCURA ST 7000","MANUAL DE TREINAMENTO TÉCNICO MECÂNICA, AJUSTES E CALIBRAÇÃO DO DISTRIBUIDOR AUTOPROPELIDO ACCURA 7000ST","-","true","https://cdn.appmaq.com.br/appmaq-media/manuals/0195b3ba-39a7-72b1-9977-0529090fd3ef/019df889-6827-79fe-be4d-b0e2c18fc887.pdf"
"1209","Distribuidor Adubador Autopropelido","STARA","HÉRCULES 3.8","CATÁLOGO DE PEÇAS DO DISTRIBUIDOR HÉRCULES 3.8 E 5.0","-","true","https://cdn.appmaq.com.br/appmaq-media/manuals/019bd1ae-730d-7ff4-a1a3-3d2610e6f4e7/019df476-5276-7246-b081-05d3f2902207.pdf"
"1210","Distribuidor Adubador Autopropelido","STARA","HÉRCULES 3.8","FOLHETO E ESPECIDICAÇÕES DOS DISTRIBUIDORES AUTOPROPELIDOS HÉRCULES 5.0 E 3.8","-","true","https://cdn.appmaq.com.br/appmaq-media/manuals/019bd1ae-730d-7ff4-a1a3-3d2610e6f4e7/019df476-5331-78ec-ada8-1d54740306a4.pdf"
"1211","Distribuidor Adubador Autopropelido","STARA","HÉRCULES 3.8","MANUAL DE TREINAMENTO PARA OPERADORES HÉRCULES","-","true","https://cdn.appmaq.com.br/appmaq-media/manuals/019bd1ae-730d-7ff4-a1a3-3d2610e6f4e7/019df476-5456-72ef-b3fa-9ad3c2ee9e75.pdf"
"1212","Distribuidor Adubador Autopropelido","STARA","HÉRCULES 4.0","CATÁLOGO PEÇAS E ACESSÓRIOS DO DISTRIBUIDOR HERCULES 4.0","-","true","https://cdn.appmaq.com.br/appmaq-media/manuals/019bd186-7a0f-787f-8eeb-98cd87422017/019df477-0b72-7149-8339-e3f3a25ac0d1.pdf"
"1213","Distribuidor Adubador Autopropelido","STARA","HÉRCULES 4.0","CATÁLOGO PEÇAS E ACESSÓRIOS DO DISTRIBUIDOR HERCULES 4.0 NOVO","-","true","https://cdn.appmaq.com.br/appmaq-media/manuals/019bd186-7a0f-787f-8eeb-98cd87422017/019df477-06da-7bc2-bf1e-09bf2d9bd3e4.pdf"
"1214","Distribuidor Adubador Autopropelido","STARA","HÉRCULES 4.0","FOLHETO E ESPECIFICAÇÕES DA DISTRIBUIDORA HÉRCULES 4.0","-","true","https://cdn.appmaq.com.br/appmaq-media/manuals/019bd186-7a0f-787f-8eeb-98cd87422017/019df477-140e-75b2-9ceb-aa93d5a65199.pdf"
"1215","Distribuidor Adubador Autopropelido","STARA","HÉRCULES 4.0","MANUAL DE TREINAMENTO PARA OPERADORES HÉRCULES","-","true","https://cdn.appmaq.com.br/appmaq-media/manuals/019bd186-7a0f-787f-8eeb-98cd87422017/019df477-1557-7bc1-b2cc-7ff04d154424.pdf"
"1216","Distribuidor Adubador Autopropelido","STARA","HÉRCULES 5.0","CATÁLOGO DE PEÇAS DO DISTRIBUIDOR HÉRCULES 3.8 E 5.0","-","true","https://cdn.appmaq.com.br/appmaq-media/manuals/0195b3ba-39a7-7920-a767-de3aa032af1f/019df4b3-54e7-773a-bffb-3c2efa2bb28a.pdf"
"1217","Distribuidor Adubador Autopropelido","STARA","HÉRCULES 5.0","CERTIFICADO DE GARANTIA DO DISTRIBUIDOR STARA HÉRCULES 5.0","-","true","https://cdn.appmaq.com.br/appmaq-media/manuals/0195b3ba-39a7-7920-a767-de3aa032af1f/019df4b3-5562-74da-9d97-d871a1650f27.pdf"
"1218","Distribuidor Adubador Autopropelido","STARA","HÉRCULES 5.0","FOLHETO E ESPECIDICAÇÕES DOS DISTRIBUIDORES AUTOPROPELIDOS HÉRCULES 5.0 E 3.8","-","true","https://cdn.appmaq.com.br/appmaq-media/manuals/0195b3ba-39a7-7920-a767-de3aa032af1f/019df4b3-55af-72a2-90ed-6a66b1fd6168.pdf"
"1219","Distribuidor Adubador Autopropelido","STARA","HÉRCULES 5.0","MANUAL DE ESPECIFICAÇÕES E MANUTENÇÃO DO DISTRIBUIDOR HÉRCULES 5.0","-","true","https://cdn.appmaq.com.br/appmaq-media/manuals/0195b3ba-39a7-7920-a767-de3aa032af1f/019df4b3-5635-7d14-90fe-ff1da808fdc1.pdf"
"1220","Distribuidor Adubador Autopropelido","STARA","HÉRCULES 5.0","MANUAL DE INSTRUÇÕES DISTRIBUIDOR AUTOPROPELIDO HÉRCULES 5.0","-","true","https://cdn.appmaq.com.br/appmaq-media/manuals/0195b3ba-39a7-7920-a767-de3aa032af1f/019df4b3-569a-7ede-af4b-16fb3e03f5df.pdf"
"1221","Distribuidor Adubador Autopropelido","STARA","HÉRCULES 5.0","MANUAL DE TREINAMENTO PARA OPERADORES HÉRCULES","-","true","https://cdn.appmaq.com.br/appmaq-media/manuals/0195b3ba-39a7-7920-a767-de3aa032af1f/019df4b3-5832-7b77-aefa-7412b478eecd.pdf"
"1222","Distribuidor Adubador Autopropelido","STARA","HÉRCULES 6.0","CATÁLOGO DE PEÇAS DISTRIBUIDOR HERCULES 6.0 - _2018 - NOVO SISCATEC","-","true","https://cdn.appmaq.com.br/appmaq-media/manuals/0195b3ba-39a7-760f-a11b-f6eb2f4e4f51/019df989-c011-768c-be6a-bfd4c6900c2c.pdf"
"1223","Distribuidor Adubador Autopropelido","STARA","HÉRCULES 6.0","CATÁLOGO DE PEÇAS DO DISTRIBUIDOR STARA HÉRCULES 6.0","-","true","https://cdn.appmaq.com.br/appmaq-media/manuals/0195b3ba-39a7-760f-a11b-f6eb2f4e4f51/019df4b7-369f-7400-b8e3-3ee36042f7bf.pdf"
"1224","Distribuidor Adubador Autopropelido","STARA","HÉRCULES 6.0","CATÁLOGO DE PEÇAS DO DISTRIBUIDOR STARA HÉRCULES 6.0 ATUALIZADO","-","true","https://cdn.appmaq.com.br/appmaq-media/manuals/0195b3ba-39a7-760f-a11b-f6eb2f4e4f51/019df4b7-31ac-773b-b170-0f336485c87c.pdf"
"1225","Distribuidor Adubador Autopropelido","STARA","HÉRCULES 6.0","ESPECIFICAÇÕES E MANUTENÇÃO DO DISTRIBUIDOR STARA HÉRCULES 6.0","-","true","https://cdn.appmaq.com.br/appmaq-media/manuals/0195b3ba-39a7-760f-a11b-f6eb2f4e4f51/019df4b7-3e56-7100-82ce-c612fec491f5.pdf"
"1226","Distribuidor Adubador Autopropelido","STARA","HÉRCULES 6.0","MANUAL DE INSTRUÇÕES DO DISTRIBUIDOR STARA HÉRCULES 6.0","-","true","https://cdn.appmaq.com.br/appmaq-media/manuals/0195b3ba-39a7-760f-a11b-f6eb2f4e4f51/019df4b7-4236-7ac5-927b-503b40726996.pdf"
"1227","Distribuidor Adubador Autopropelido","STARA","HÉRCULES 6.0","MANUAL DE SERVIÇO DO DISTRIVUIDOR STARA HÉRCULES 6.0","-","true","https://cdn.appmaq.com.br/appmaq-media/manuals/0195b3ba-39a7-760f-a11b-f6eb2f4e4f51/019df4b7-443a-7c24-ad0f-6133cec5b007.pdf"
"1228","Distribuidor Adubador Autopropelido","STARA","HÉRCULES 6.0","MANUAL DE TREINAMENTO PARA OPERADORES HÉRCULES","-","true","https://cdn.appmaq.com.br/appmaq-media/manuals/0195b3ba-39a7-760f-a11b-f6eb2f4e4f51/019df4b7-4557-7c16-8ace-71bf9a94417a.pdf"
"1229","Distribuidor Adubador Autopropelido","STARA","HÉRCULES 6.0","TREINAMENTO DO DISTRIBUIDOR STARA HERCULES 6.0 - 2020","-","true","https://cdn.appmaq.com.br/appmaq-media/manuals/0195b3ba-39a7-760f-a11b-f6eb2f4e4f51/019df988-c4c1-7886-8366-3b466debe818.pdf"
"1230","Distribuidor Adubador de Arrasto","CARMETAL","ZEUS 10001","ESPECIFICAÇÕES TECNICAS DO DISTRIBUIDOR DE ACOPLE CARMETAL ZEUS 10001","-","true","https://cdn.appmaq.com.br/appmaq-media/manuals/019e02c5-2631-786f-99b2-1c21fef301ef/019e0420-779f-7366-8c8e-3dd7125e0f3b.pdf"
"1231","Distribuidor Adubador de Arrasto","CARMETAL","ZEUS 10001","MANUAL DO DISTRIBUIDOR DE ACOPLE CARMETAL ZEUS 10001","-","true","https://cdn.appmaq.com.br/appmaq-media/manuals/019e02c5-2631-786f-99b2-1c21fef301ef/019e0420-77f5-76fb-a597-18a395b384bb.pdf"
"1232","Distribuidor Adubador de Arrasto","CARMETAL","ZEUS 10001 ARROZEIRO","ESPECIFICAÇÕES TECNICAS DO DISTRIBUIDOR DE ACOPLE CARMETAL ZEUS 10001 - ARROZEIRO","-","true","https://cdn.appmaq.com.br/appmaq-media/manuals/019e02c5-5fa5-7960-b0b4-d409d33df855/019e0420-f0e6-7453-a314-6b9ddfcc1995.pdf"
"1233","Distribuidor Adubador de Arrasto","CARMETAL","ZEUS 10001 ARROZEIRO","MANUAL DO DISTRIBUIDOR DE ACOPLE CARMETAL ZEUS 10001 – ARROZEIRO","-","true","https://cdn.appmaq.com.br/appmaq-media/manuals/019e02c5-5fa5-7960-b0b4-d409d33df855/019e0420-f135-76d7-9ea3-5f583166ec43.pdf"
"1234","Distribuidor Adubador de Arrasto","CARMETAL","ZEUS 15001","MANUAL DO DISTRIBUIDOR DE ACOPLE CARMETAL ZEUS 15001","-","true","https://cdn.appmaq.com.br/appmaq-media/manuals/019e02c5-8d1b-7747-930e-7c4a160b1b07/019e0421-67dd-7d59-9e33-bcd851741b89.pdf"
"1235","Distribuidor Adubador de Arrasto","CARMETAL","ZEUS 25003","MANUAL DO DISTRIBUIDOR DE ACOPLE CARMETAL ZEUS 15001","-","true","https://cdn.appmaq.com.br/appmaq-media/manuals/0195b3ba-39a7-7584-aab4-9cd6082a0633/019e0423-854e-740b-8bb8-7640f5d5981d.pdf"
"1236","Distribuidor Adubador de Arrasto","CARMETAL","ZEUS 6001","ESPECIFICAÇÕES TECNICAS DO DISTRIBUIDOR DE ACOPLE CARMETAL ZEUS ZEUS 6001","-","true","https://cdn.appmaq.com.br/appmaq-media/manuals/019e02c4-6ca7-70f4-a3d5-a325a6481dff/019e0424-11de-703a-b30d-e196f537bd10.pdf"
"1237","Distribuidor Adubador de Arrasto","CARMETAL","ZEUS 8001 CROSS","ESPECIFICAÇÕES TECNICAS DO DISTRIBUIDOR DE ACOPLE CARMETAL ZEUS 8001 – CROSS","-","true","https://cdn.appmaq.com.br/appmaq-media/manuals/019e02c4-9fc8-7709-9a29-7681eded9979/019e0424-b455-7e3f-a291-ef599af9f3c1.pdf"
"1238","Distribuidor Adubador de Arrasto","JAN","LANCER 6500","CATALOGO DE PEÇAS DOS DISTRIBUIDORES DE ACOPLE JAN 6 500","-","true","https://cdn.appmaq.com.br/appmaq-media/manuals/0195b3ba-39a7-7c04-a049-f8cd54692fdb/019e0434-f360-7878-9e78-3d1643110b10.pdf"
"1239","Distribuidor Adubador de Arrasto","JAN","LANCER 6500","MANUAL DE INSTRUÇÕES DO DISTRIBUIDOR DE ACOPLE JAN LANCER 6500","-","true","https://cdn.appmaq.com.br/appmaq-media/manuals/0195b3ba-39a7-7c04-a049-f8cd54692fdb/019e0434-f486-704a-8a33-b5852b7a83b6.pdf"
"1240","Distribuidor Adubador de Arrasto","JAN","LANCER 6500","MANUAL DE INSTRUÇÕES E PEÇAS DO DISTRIBUIDOR DE ACOPLE JAN LANCER 2.500 A 10.000","-","true","https://cdn.appmaq.com.br/appmaq-media/manuals/0195b3ba-39a7-7c04-a049-f8cd54692fdb/019e0434-f584-7d5f-ad59-9aa07b98e15c.pdf"
"1241","Distribuidor Adubador de Arrasto","JAN","LANCER MAGNU 10000 PLUS","CATALOGO DE PEÇAS DOS DISTRIBUIDORES DE ARRASTO LANCER MAGNU 10000 PLUS","-","true","https://cdn.appmaq.com.br/appmaq-media/manuals/0195b3ba-39a7-7466-a5b3-536e600b75c7/019e0435-7776-762a-936b-3cd59eb2e879.pdf"
"1242","Distribuidor Adubador de Arrasto","JAN","LANCER MAGNU 10000 PLUS","MANUAL DE INSTRUÇÕES E PEÇAS DO DISTRIBUIDOR DE ACOPLE JAN LANCER 2.500 A 10.000","-","true","https://cdn.appmaq.com.br/appmaq-media/manuals/0195b3ba-39a7-7466-a5b3-536e600b75c7/019e0435-7868-76ad-bfbb-872989e1696e.pdf"
"1243","Distribuidor Adubador de Arrasto","JAN","LANCER MAGNU 10000 PLUS","MANUAL DE INSTRUÇÕES E PEÇAS DO DISTRIBUIDOR DE ACOPLE JAN LANCER 2.500 A 10.000 ATUALIZADO 2015","-","true","https://cdn.appmaq.com.br/appmaq-media/manuals/0195b3ba-39a7-7466-a5b3-536e600b75c7/019e0435-77a8-7373-a595-3af507e14c58.pdf"
"1244","Distribuidor Adubador de Arrasto","JAN","LANCER MAXIMUS 12.000 TH INOX","ESPECIFICAÇÕES DO DISTRIBUIDOR DE ACOPLE JAN LANCER 12.000 TH INOX","-","true","https://cdn.appmaq.com.br/appmaq-media/manuals/019e02b4-914d-73e7-99e8-9f9fbf0eae6e/019e0435-fc5b-7191-a518-88fb9dc6c0bf.pdf"
"1245","Distribuidor Adubador de Arrasto","JAN","LANCER MAXIMUS 12.000 TH INOX","MANUAL DE INSTRUÇÕES E PEÇAS DO DISTRIBUIDOR DE ACOPLE JAN LANCER 2.500 A 12.000 ATUALIZADO 2015","-","true","https://cdn.appmaq.com.br/appmaq-media/manuals/019e02b4-914d-73e7-99e8-9f9fbf0eae6e/019e0435-fcf1-79e1-a1c0-d7c83ee45b53.pdf"
"1246","Distribuidor Adubador de Arrasto","JAN","LANCER MAXIMUS 12.000 TH INOX COMPORTA TRIPLA","ESPECIFICAÇÕES DO DISTRIBUIDOR DE ACOPLE JAN LANCER 12.000 TH INOX COMPORTA TRIPLA","-","true","https://cdn.appmaq.com.br/appmaq-media/manuals/019e02b5-25b6-72cd-b7da-ee0d148d960b/019e0436-90bd-7aab-81bc-48966fc67b2b.pdf"
"1247","Distribuidor Adubador de Arrasto","JAN","LANCER MAXIMUS 12.000 TH INOX COMPORTA TRIPLA","MANUAL DE INSTRUÇÕES E PEÇAS DO DISTRIBUIDOR DE ACOPLE JAN LANCER 2.500 A 12.000 ATUALIZADO 2015","-","true","https://cdn.appmaq.com.br/appmaq-media/manuals/019e02b5-25b6-72cd-b7da-ee0d148d960b/019e0436-91c5-7bfe-be4b-311923f132e5.pdf"
"1248","Distribuidor Adubador de Arrasto","JAN","LANCER MAXIMUS 20.000 TRH INOX","ESPECIFICAÇÕES DO DISTRIBUIDOR DE ACOPLE JAN LANCER MAXIMUS 20.000TRH INOX","-","true","https://cdn.appmaq.com.br/appmaq-media/manuals/019e02b5-ab3e-721d-8291-d33aef2d1ed5/019e0436-fdff-7507-8e08-bff05e3403ee.pdf"
"1249","Distribuidor Adubador de Arrasto","JAN","LANCER MAXIMUS 25.000 TH INOX","CATALOGO DE PEÇAS DO DISTRIBUIDOR DE ACOPLE JAN LANCER MAXIMUS 25.000 TH INOX ARRASTO","-","true","https://cdn.appmaq.com.br/appmaq-media/manuals/019e02b6-a7ce-75a9-8575-3b2bcc837365/019e0437-947d-78e7-8a6b-e20f3966940b.pdf"
"1250","Distribuidor Adubador de Arrasto","JAN","LANCER MAXIMUS 25.000 TH INOX","ESPECIFICAÇÕES DO DISTRIBUIDOR DE ACOPLE JAN LANCER MAXIMUS 25.000 TH INOX ARRASTO","-","true","https://cdn.appmaq.com.br/appmaq-media/manuals/019e02b6-a7ce-75a9-8575-3b2bcc837365/019e0437-94e6-7533-8890-4565d1b4a659.pdf"
"1251","Distribuidor Adubador de Arrasto","JAN","LANCER MAXIMUS 25.000 TH INOX","MANUAL DE INSTRUÇÕES SOBRE OPERAÇÃO, MANUTENÇÃO E SEGURANÇA PARA O LANCER 25.000 TH INOX ARRASTO","-","true","https://cdn.appmaq.com.br/appmaq-media/manuals/019e02b6-a7ce-75a9-8575-3b2bcc837365/019e0437-963d-77b0-890e-535d0eb697b0.pdf"
"1252","Distribuidor Adubador de Arrasto","JAN","LANCER MAXIMUS 32.000 TH INOX","CATALOGO DE PEÇAS DO DISTRIBUIDOR DE ACOPLE JAN LANCER MAXIMUS 32.000 TH INOX ARRASTO","-","true","https://cdn.appmaq.com.br/appmaq-media/manuals/019e02b7-5d82-74d1-acf1-0f9e4fa1a298/019e0438-323e-7d1b-ba70-e2a19dabe391.pdf"
"1253","Distribuidor Adubador de Arrasto","JAN","LANCER MAXIMUS 32.000 TH INOX","CATALOGO DE PEÇAS DO DISTRIBUIDOR DE ACOPLE JAN LANCER MAXIMUS 32.000 TH INOX ARRASTO ADICIONAL","-","true","https://cdn.appmaq.com.br/appmaq-media/manuals/019e02b7-5d82-74d1-acf1-0f9e4fa1a298/019e0438-31b8-7820-a332-3c6788d8cac5.pdf"
"1254","Distribuidor Adubador de Arrasto","JAN","LANCER MAXIMUS 32.000 TH INOX","ESPECIFICAÇÕES DO DISTRIBUIDOR DE ACOPLE JAN LANCER MAXIMUS 32.000 TH INOX ARRASTO","-","true","https://cdn.appmaq.com.br/appmaq-media/manuals/019e02b7-5d82-74d1-acf1-0f9e4fa1a298/019e0438-3321-780a-9574-caa237c36da9.pdf"
"1255","Distribuidor Adubador de Arrasto","JAN","LANCER MAXIMUS 8.000 TH INOX","ESPECIFICAÇÕES DO DISTRIBUIDOR DE ACOPLE JAN LANCER 8.000 TH INOX","-","true","https://cdn.appmaq.com.br/appmaq-media/manuals/019e02b4-06d9-7650-ba1c-44ef9225c548/019e0438-f6de-78b8-a50f-4876f7482bf3.pdf"
"1256","Distribuidor Adubador de Arrasto","JAN","LANCER MAXIMUS 8.000 TH INOX","MANUAL DE INSTRUÇÕES E PEÇAS DO DISTRIBUIDOR DE ACOPLE JAN LANCER 2.500 A 10.000","-","true","https://cdn.appmaq.com.br/appmaq-media/manuals/019e02b4-06d9-7650-ba1c-44ef9225c548/019e0438-f80d-7316-8f82-584ca0d61468.pdf"
"1257","Distribuidor Adubador de Arrasto","JAN","LANCER MAXIMUS 8.000 TH INOX","MANUAL DE INSTRUÇÕES E PEÇAS DO DISTRIBUIDOR DE ACOPLE JAN LANCER 2.500 A 12.000 ATUALIZADO 2015","-","true","https://cdn.appmaq.com.br/appmaq-media/manuals/019e02b4-06d9-7650-ba1c-44ef9225c548/019e0438-f998-7ac5-886b-09aa8c37f6b5.pdf"
"1258","Distribuidor Adubador de Arrasto","JOHN DEERE","DN1006","ESPECIFICAÇÕES DO DISTRIBUIDOR DE ARRASTO JOHN DEERE DN1006","-","true","https://cdn.appmaq.com.br/appmaq-media/manuals/019df7f9-8f75-7be3-94c6-96414d7c0f80/019e0419-6bd6-7014-bf66-9d58bb95efc5.pdf"
"1259","Distribuidor Adubador de Arrasto","JOHN DEERE","DN1006","FOLHETO DO DISTRIBUIDOR DE ARRASTO JOHN DEERE DN1006","-","true","https://cdn.appmaq.com.br/appmaq-media/manuals/019df7f9-8f75-7be3-94c6-96414d7c0f80/019e0419-6bf4-72bf-955b-fcd89a6b223c.pdf"
"1260","Distribuidor Adubador de Arrasto","JOHN DEERE","DN1106","ESPECIFICAÇÕES DO DISTRIBUIDOR DE ARRASTO JOHN DEERE DN1106","-","true","https://cdn.appmaq.com.br/appmaq-media/manuals/0195d906-cf5c-7b7b-ae54-aaa26226b47c/019e0419-efa3-7334-89a2-6a4ae32399d4.pdf"
"1261","Distribuidor Adubador de Arrasto","JOHN DEERE","DN1106","FOLHETO DO DISTRIBUIDOR DE ARRASTO JOHN DEERE DN1106","-","true","https://cdn.appmaq.com.br/appmaq-media/manuals/0195d906-cf5c-7b7b-ae54-aaa26226b47c/019e0419-efb6-7182-8c03-38e6c0f2066a.pdf"
"1262","Distribuidor Adubador de Arrasto","PICCIN","MASTER","FOLHETO TECNICO DO DISTRIBUIDOR DE ARRASTO PICCIN MASTER","-","true","https://cdn.appmaq.com.br/appmaq-media/manuals/019e02bc-40c8-78c7-b130-050e555a1e21/019e0425-5792-7cf8-914b-798d3f8c331a.pdf"
"1263","Distribuidor Adubador de Arrasto","PICCIN","MASTER","MANUAL DE INSTRUÇÕES DO DISTRIBUIDOR DE ARRASTO PICCIN MASTER","-","true","https://cdn.appmaq.com.br/appmaq-media/manuals/019e02bc-40c8-78c7-b130-050e555a1e21/019e0425-5800-7799-8a30-96f2cc5cf187.pdf"
"1264","Distribuidor Adubador de Arrasto","PICCIN","MASTER 10000 BI RB","CATALOGO DE PEÇAS DO DISTRIBUIDOR DE ARRASTO PICCIN MASTER 10.000 BI RB","-","true","https://cdn.appmaq.com.br/appmaq-media/manuals/019e02bd-73ab-76db-95d8-dab216e6b64f/019e0425-d225-78f3-8c88-8c862a98bd74.pdf"
"1265","Distribuidor Adubador de Arrasto","PICCIN","MASTER 10000 BI RB","FOLHETO DO DISTRIBUIDOR DE ARRASTO PICCIN MASTER 10000 BI RB","-","true","https://cdn.appmaq.com.br/appmaq-media/manuals/019e02bd-73ab-76db-95d8-dab216e6b64f/019e0425-d242-7199-8ab0-4aba526d6125.pdf"
"1266","Distribuidor Adubador de Arrasto","PICCIN","MASTER 15000 BI RB","FOLHETO DO DISTRIBUIDOR DE ARRASTO PICCIN MASTER 15000 BI RB","-","true","https://cdn.appmaq.com.br/appmaq-media/manuals/019e02be-51e4-72fa-b120-1dc5ef4a3883/019e0426-6d96-75bb-b697-49e0f43135ac.pdf"
"1267","Distribuidor Adubador de Arrasto","PICCIN","MASTER 17000","FOLHETO DO DISTRIBUIDOR DE ARRASTO PICCIN MASTER 17000","-","true","https://cdn.appmaq.com.br/appmaq-media/manuals/019e02be-94cd-73d0-9e39-3644e20ccea9/019e0426-ee74-7189-90d5-eda0d1c6f4e6.pdf"
"1268","Distribuidor Adubador de Arrasto","PICCIN","MASTER 17000","MANUAL DE INSTRUÇÕES DO DISTRIBUIDOR DE ARRASTO PICCIN MASTER 17000","-","true","https://cdn.appmaq.com.br/appmaq-media/manuals/019e02be-94cd-73d0-9e39-3644e20ccea9/019e0426-eed5-726f-9c93-5f941f26865b.pdf"
"1269","Distribuidor Adubador de Arrasto","PICCIN","MASTER D","FOLHETO DO DISTRIBUIDOR DE ARRASTO PICCIN MASTER D","-","true","https://cdn.appmaq.com.br/appmaq-media/manuals/019e02bc-8602-794d-baf1-880731a54787/019e0427-5d7b-7065-8651-68ca95105227.pdf"
"1270","Distribuidor Adubador de Arrasto","PICCIN","MASTER D","MANUAL DE INSTRUÇÕES DO DISTRIBUIDOR DE ARRASTO PICCIN D","-","true","https://cdn.appmaq.com.br/appmaq-media/manuals/019e02bc-8602-794d-baf1-880731a54787/019e0427-5de7-7cda-9116-d1c67c6e75f3.pdf"
"1271","Distribuidor Adubador de Arrasto","PICCIN","MASTER DH 1","FOLHETO TECNICO DO DISTRIBUIDOR DE ARRASTO PICCIN MASTER DH 1","-","true","https://cdn.appmaq.com.br/appmaq-media/manuals/019e02bc-cc53-7fba-b5c3-096f95e79fdf/019e0427-cde0-748f-beac-f73177682729.pdf"
"1272","Distribuidor Adubador de Arrasto","PICCIN","MASTER DH 1","MANUAL DE INSTRUÇÕES DO DISTRIBUIDOR DE ARRASTO PICCIN D1","-","true","https://cdn.appmaq.com.br/appmaq-media/manuals/019e02bc-cc53-7fba-b5c3-096f95e79fdf/019e0427-cdf8-7b21-99bd-c9f34e8f7b75.pdf"
"1273","Distribuidor Adubador de Arrasto","PICCIN","MASTER DH BI S PRECISION","FOLHETO DO DISTRIBUIDOR DE ARRASTO PICCIN MASTER DH (BI) S","-","true","https://cdn.appmaq.com.br/appmaq-media/manuals/019e02bd-431d-7944-9881-c962639391f9/019e0428-30fd-7c46-8f04-e401f7a3600e.pdf"
"1274","Distribuidor Adubador de Arrasto","PICCIN","MASTER DH BI S PRECISION","MANUAL DE INSTRUÇÕES DO DISTRIBUIDOR DE ARRASTO PICCIN MASTER DH (BI) S","-","true","https://cdn.appmaq.com.br/appmaq-media/manuals/019e02bd-431d-7944-9881-c962639391f9/019e0428-310f-722c-8891-552f9f82a5e7.pdf"
"1275","Distribuidor Adubador de Arrasto","PICCIN","MASTER DH S","FOLHETO TECNICO DO DISTRIBUIDOR DE ARRASTO PICCIN MASTER DH S INOX","-","true","https://cdn.appmaq.com.br/appmaq-media/manuals/019e02bd-0fc8-7be1-a6dd-33dac17fd26e/019e0428-ad75-765d-8a55-d51a063038d0.pdf"
"1276","Distribuidor Adubador de Arrasto","STARA","BRUTTUS 12000","CATÁLOGO DE PEÇAS E ACESSÓRIOS DO DISTRIBUIDOR DE ARRASTO BRUTTUS 12000","-","true","https://cdn.appmaq.com.br/appmaq-media/manuals/019bd1bd-d37f-7617-af66-35daae4bf0f4/019e0429-cd1e-72e7-9eae-1f625c7c6aab.pdf"
"1277","Distribuidor Adubador de Arrasto","STARA","BRUTTUS 12000","FOLHETO DO DISTRIBUIDOR DE ARRASTO STARA BRUTTUS 12000","-","true","https://cdn.appmaq.com.br/appmaq-media/manuals/019bd1bd-d37f-7617-af66-35daae4bf0f4/019e0429-cf5a-7e9e-86aa-91301869751f.pdf"
"1278","Distribuidor Adubador de Arrasto","STARA","BRUTTUS 12000","MANUAL DE MONTAGEM E COMPONENTES DO DISTRIBUIDOR DE ARRASTO BRUTTUS 12000","-","true","https://cdn.appmaq.com.br/appmaq-media/manuals/019bd1bd-d37f-7617-af66-35daae4bf0f4/019e0429-d14e-7cbe-82cd-2d3537544f4a.pdf"
"1279","Distribuidor Adubador de Arrasto","STARA","BRUTTUS 18000","FOLHETO DO DISTRIBUIDOR DE ARRASTO STARA BRUTTUS 12000","-","true","https://cdn.appmaq.com.br/appmaq-media/manuals/019bd1bd-9956-7354-91c2-1208d4c1db30/019e042a-2bce-7d62-b74e-97aaac95522b.pdf"
"1280","Distribuidor Adubador de Arrasto","STARA","BRUTTUS 25000","CATALOGO DE PEÇAS E COMPONENTES BRUTTUS 25000","-","true","https://cdn.appmaq.com.br/appmaq-media/manuals/019bd1bd-43a5-7f55-922d-ccfffae476fc/019e042a-b92c-7b41-b0e9-192a8e659977.pdf"
"1281","Distribuidor Adubador de Arrasto","STARA","BRUTTUS 25000","FOLHETO DO DISTRIBUIDOR DE ARRASTO STARA BRUTTUS 25.000","-","true","https://cdn.appmaq.com.br/appmaq-media/manuals/019bd1bd-43a5-7f55-922d-ccfffae476fc/019e042a-bb33-7572-a5c2-77b7f998d48f.pdf"
"1282","Distribuidor Adubador de Arrasto","STARA","BRUTTUS 6000","FOLHETO DO DISTRIBUIDOR DE ARRASTO STARA BRUTTUS 6000 E 12000","-","true","https://cdn.appmaq.com.br/appmaq-media/manuals/019bd1c1-156d-7b06-8a44-7fb9dd94ec9b/019e042b-234b-74dd-9bed-ffaba5028941.pdf"
"1283","Distribuidor Adubador de Arrasto","STARA","BRUTTUS 6000","MANUAL DE INSTRUÇÕES DO DISTRIBUIDOR BRUTTUS 6000","-","true","https://cdn.appmaq.com.br/appmaq-media/manuals/019bd1c1-156d-7b06-8a44-7fb9dd94ec9b/019e042b-23bd-714e-b5e0-c800f982b266.pdf"
"1284","Distribuidor Adubador de Arrasto","STARA","HÉRCULES 10000","ESPECIFICAÇÕES DOS DISTRIBUIDORES HÉRCULES 10000 E 15000 INOX","-","true","https://cdn.appmaq.com.br/appmaq-media/manuals/0195b3ba-39a7-7a92-929a-24e84c3e63a0/019e042b-a8e6-7992-9c91-fd8ac700b125.pdf"
"1285","Distribuidor Adubador de Arrasto","STARA","HÉRCULES 10000","MANUAL DE INSTRUÇÕES DOS DISTRIBUIDORES DE ARRASTO STARA HÉRCULES 7000 - HÉRCULES 10000 - HÉRCULES 15000 - HÉRCULES 24000.","-","true","https://cdn.appmaq.com.br/appmaq-media/manuals/0195b3ba-39a7-7a92-929a-24e84c3e63a0/019e042b-a908-7b7f-82a9-05bbcfed1a02.pdf"
"1286","Distribuidor Adubador de Arrasto","STARA","HÉRCULES 10000","MANUAL DE PRECISÃO E EFICIÊNCIA DISTRIBUIDORES HÉRCULES 10000, 15000 INOX E 24000 INOX","-","true","https://cdn.appmaq.com.br/appmaq-media/manuals/0195b3ba-39a7-7a92-929a-24e84c3e63a0/019e042b-a99f-78c7-a112-09db74126379.pdf"
"1287","Distribuidor Adubador de Arrasto","STARA","HÉRCULES 15000","ESPECIFICAÇÕES DOS DISTRIBUIDORES HÉRCULES 10000 E 15000 INOX","-","true","https://cdn.appmaq.com.br/appmaq-media/manuals/019bd1b6-4173-7a02-bf81-6e8db9f78718/019e042c-1f43-70b9-95f3-ac13d1a744b9.pdf"
"1288","Distribuidor Adubador de Arrasto","STARA","HÉRCULES 15000","MANUAL DE INSTRUÇÕES DOS DISTRIBUIDORES DE ARRASTO STARA HÉRCULES 7000 - HÉRCULES 10000 - HÉRCULES 15000 - HÉRCULES 24000.","-","true","https://cdn.appmaq.com.br/appmaq-media/manuals/019bd1b6-4173-7a02-bf81-6e8db9f78718/019e042c-1f63-7ae0-bf8b-f4f36c5d5d99.pdf"
"1289","Distribuidor Adubador de Arrasto","STARA","HÉRCULES 15000","MANUAL DE PRECISÃO E EFICIÊNCIA DISTRIBUIDORES HÉRCULES 10000, 15000 INOX E 24000 INOX","-","true","https://cdn.appmaq.com.br/appmaq-media/manuals/019bd1b6-4173-7a02-bf81-6e8db9f78718/019e042c-1ffe-7b00-8679-cafb9285f78c.pdf"
"1290","Distribuidor Adubador de Arrasto","STARA","HÉRCULES 24000","MANUAL DE INSTRUÇÕES DOS DISTRIBUIDORES DE ARRASTO STARA HÉRCULES 7000 - HÉRCULES 10000 - HÉRCULES 15000 - HÉRCULES 24000.","-","true","https://cdn.appmaq.com.br/appmaq-media/manuals/019bd1b6-0c93-70e2-9d7e-86fa5fc05f04/019e042c-b9bd-777d-b05a-d2ed70e2d17d.pdf"
"1291","Distribuidor Adubador de Arrasto","STARA","HÉRCULES 24000","MANUAL DE PRECISÃO E EFICIÊNCIA DISTRIBUIDORES HÉRCULES 10000, 15000 INOX E 24000 INOX","-","true","https://cdn.appmaq.com.br/appmaq-media/manuals/019bd1b6-0c93-70e2-9d7e-86fa5fc05f04/019e042c-ba40-792e-b8cd-d0e30fb1cb8c.pdf"
"1292","Distribuidor Adubador de Arrasto","STARA","HÉRCULES 7000","CATÁLOGO DE PEÇAS DO DISTRIBUIDOR DE ARRASTO STARA HÉRCULES 7000","-","true","https://cdn.appmaq.com.br/appmaq-media/manuals/019bd1b9-0d1b-78c4-97df-14766076c389/019e042d-2e27-751d-9433-b15948822e0b.pdf"
"1293","Distribuidor Adubador de Arrasto","STARA","HÉRCULES 7000","MANUAL DE INSTRUÇÕES DOS DISTRIBUIDORES DE ARRASTO STARA HÉRCULES 7000 - HÉRCULES 10000 - HÉRCULES 15000 - HÉRCULES 24000.","-","true","https://cdn.appmaq.com.br/appmaq-media/manuals/019bd1b9-0d1b-78c4-97df-14766076c389/019e042d-2f42-79b4-80ca-bd55050668ab.pdf"
"1294","Distribuidor Adubador de Arrasto","STARA","SUPER BRUTTUS 30000","CATALOGO DE PEÇAS DO DISTRIBUIDOR DE ARRASTO STARA SUPER BRUTTUS 30000","-","true","https://cdn.appmaq.com.br/appmaq-media/manuals/019bd1bf-6adf-7ed8-9c96-1fb49ba31f72/019e0434-2a61-7288-9ff5-14f0a2edf15d.pdf"
"1295","Distribuidor Adubador de Arrasto","STARA","SUPER BRUTTUS 30000","ESPECIFICAÇÕES TECNICAS,DISTRIBUIÇÃO EFICIENTE DO ISTRIBUIDOR DE ARRASTO STARA SUPER BRUTTUS 30000","-","true","https://cdn.appmaq.com.br/appmaq-media/manuals/019bd1bf-6adf-7ed8-9c96-1fb49ba31f72/019e0434-2e72-71d7-a31a-cccc7a638e8e.pdf"
"1296","Distribuidor Adubador de Arrasto","STARA","SUPER BRUTTUS 30000","MANUAL DE INSTRUÇÕES DO DISTRIBUIDOR DE ARRASTO STARA SUPER BRUTTUS 30.000","-","true","https://cdn.appmaq.com.br/appmaq-media/manuals/019bd1bf-6adf-7ed8-9c96-1fb49ba31f72/019e0434-2ecf-7131-842d-083848d4ae5f.pdf"
"1297","Distribuidor Adubador de Arrasto","STARA","SUPER BRUTTUS 30000","MANUAL OPERAÇÃO DO DISTRIBUIDOR DE ARRASTO SRATA SUPER BRUTTUS 30000","-","true","https://cdn.appmaq.com.br/appmaq-media/manuals/019bd1bf-6adf-7ed8-9c96-1fb49ba31f72/019e0434-2fb7-7067-865d-1003bc2ce8e7.pdf"
"1298","Enfardadeira","MCHALE","F5-540","APRESENTAÇÃO TÉCNICA ENFARDADEIRA MCHALE - F5-540 - .pdf","-","true","https://cdn.appmaq.com.br/appmaq-media/manuals/019e6ae5-35dd-7d66-bdf0-5e03e8ba7fab/019e6aea-1e3f-7746-a071-cdec3cf16277.pdf"
"1299","Enfardadeira","MCHALE","F5-550","APRESENTAÇÃO TÉCNICA ENFARDADEIRA MCHALE - F5-550 - .pdf","-","true","https://cdn.appmaq.com.br/appmaq-media/manuals/019e6ae5-ae7e-7290-9727-367c465436f3/019e6aeb-2c0e-7af5-bc36-07c75a997920.pdf"
"1300","Enfardadeira","MCHALE","F5-560","APRESENTAÇÃO TÉCNICA ENFARDADEIRA MCHALE - F5-560 - .pdf","-","true","https://cdn.appmaq.com.br/appmaq-media/manuals/019e6ae6-2e3c-7319-b678-9d5e274241de/019e6aeb-9507-7f90-b1d0-e9c0e0452650.pdf"
"1301","Enfardadeira","MCHALE","F5-560 PLUS","APRESENTAÇÃO TÉCNICA ENFARDADEIRA MCHALE - F5-560 PLUS - .pdf","-","true","https://cdn.appmaq.com.br/appmaq-media/manuals/019e6ae7-1bd0-7c45-b0e7-c44261faa390/019e6aec-08d2-7b63-bd8e-5f91cc41597e.pdf"
"1302","Enfardadeira","MCHALE","FUSION 4","APRESENTAÇÃO TÉCNICA ENFARDADEIRAS - MCHALE - FUSION 4","-","true","https://cdn.appmaq.com.br/appmaq-media/manuals/019e6b24-fd2e-773a-8832-c486f5c8d7c1/019e6b29-84e6-7b29-9c39-fda709487355.pdf"
"1303","Enfardadeira","MCHALE","FUSION 4 PLUS","APRESENTAÇÃO TÉCNICA ENFARDADEIRAS - MCHALE - FUSION 4 PLUS","-","true","https://cdn.appmaq.com.br/appmaq-media/manuals/019e6b26-01ec-7ea8-b1d5-1099a0dbe03b/019e6b2a-8e72-708b-b2a4-67a1b67d675b.pdf"
"1304","Enfardadeira","MCHALE","FUSION 4 PRO","APRESENTAÇÃO TÉCNICA ENFARDADEIRAS - MCHALE - FUSION 4 PRO","-","true","https://cdn.appmaq.com.br/appmaq-media/manuals/019e6b25-5a93-7a64-9bea-eceee6688f82/019e6b2b-5ccd-7293-b114-bcde4f5dfad3.pdf"
"1305","Enfardadeira","MCHALE","FUSION VÁRIO - PLUS","APRESENTAÇÃO TÉCNICA DA LINHA DE ENFARDADEIRAS - FUSIN VÁRIO - PLUS -","-","true","https://cdn.appmaq.com.br/appmaq-media/manuals/019e6afe-4718-72fc-bfbb-fd5cdd31b0be/019e6b0e-705f-738b-8061-101ff866cfaa.pdf"
"1306","Enfardadeira","MCHALE","PRO GLIDE R3100","CATÁLOGO DE PEÇAS ENFARDADEIRA - MCHALE - PRO GLIDE R3100","-","true","https://cdn.appmaq.com.br/appmaq-media/manuals/019e6ae4-b679-7611-81f4-7d983e8eba8b/019e6aee-50be-7ca9-8e17-c222daf8c7ff.pdf"
"1307","Enfardadeira","MCHALE","V6740","APRESENTAÇÃO TÉCNICA DA LINHA DE ENFARDADEIRAS - MCHALE - V6740","-","true","https://cdn.appmaq.com.br/appmaq-media/manuals/019e6af7-d35f-7704-9dac-f77d3de98c99/019e6b09-caca-76b2-89e9-9007e8dc80ca.pdf"
"1308","Enfardadeira","MCHALE","V6740","CATÁLOGO DE PEÇAS ENFARDADEIRA - MCHALE - V6740 - V6750","-","true","https://cdn.appmaq.com.br/appmaq-media/manuals/019e6af7-d35f-7704-9dac-f77d3de98c99/019e6eb0-1b46-769c-a230-3ca75a7f5bb9.pdf"
"1309","Enfardadeira","MCHALE","V6750","APRESENTAÇÃO TÉCNICA DA LINHA DE ENFARDADEIRAS - MCHALE - V6750","-","true","https://cdn.appmaq.com.br/appmaq-media/manuals/01999585-0ea7-7a06-888f-ea862413018a/019e6b0a-956b-7442-84cb-218d7d4052db.pdf"
"1310","Enfardadeira","MCHALE","V6750","CATÁLOGO DE PEÇAS ENFARDADEIRA - MCHALE - V6740 - V6750 -","-","true","https://cdn.appmaq.com.br/appmaq-media/manuals/01999585-0ea7-7a06-888f-ea862413018a/019e6eb1-0a2b-712e-95c8-2e7022db0118.pdf"
"1311","Enfardadeira","MCHALE","V6760","APRESENTAÇÃO TÉCNICA DA LINHA DE ENFARDADEIRAS - MCHALE - V6760","-","true","https://cdn.appmaq.com.br/appmaq-media/manuals/019e6af9-b7d8-7593-a38f-3ab09a8ac31a/019e6b0b-31a7-714f-a297-b7ad7e2a915f.pdf"
"1312","Enfardadeira","MCHALE","V8940","APRESENTAÇÃO TÉCNICA DA LINHA DE ENFARDADEIRAS - MCHALE -V8940","-","true","https://cdn.appmaq.com.br/appmaq-media/manuals/019e6af8-9249-7bd4-b0df-9c79d9e99ca7/019e6b0c-6b9c-7d3f-ba2c-1aca18bdeb86.pdf"
"1313","Enfardadeira","MCHALE","V8950","APRESENTAÇÃO TÉCNICA DA LINHA DE ENFARDADEIRAS - MCHALE - V8950","-","true","https://cdn.appmaq.com.br/appmaq-media/manuals/019e6afa-6191-7d28-a4c8-10317526ea23/019e6b0b-d989-71cf-9b0a-7aea2920f7ed.pdf"
"1314","Enfardadeira","MCHALE","V8960","APRESENTAÇÃO TÉCNICA DA LINHA DE ENFARDADEIRAS - MCHALE -V8960","-","true","https://cdn.appmaq.com.br/appmaq-media/manuals/019e6afa-b515-7ab4-a4f5-6165ed9368cf/019e6b0c-f319-7097-a656-beb414bf3749.pdf"
"1315","Enfardadeira","NEW HOLLAND","BB9050","ESPECIFICAÇÃO TÉCNICA ENFARDADEIRA NEW HOLLAND - BB9050 - BB9060 - BB9070 - BB9080","-","true","https://cdn.appmaq.com.br/appmaq-media/manuals/019e705f-351f-70a8-88f4-8b8678761e99/019e7061-d8a9-7282-9a1b-b3195e742a7f.pdf"
"1316","Enfardadeira","NEW HOLLAND","BB9060","ESPECIFICAÇÃO TÉCNICA ENFARDADEIRA NEW HOLLAND - BB9050 - BB9060 - BB9070 -BB9080","-","true","https://cdn.appmaq.com.br/appmaq-media/manuals/019e705f-8afc-7b84-b392-3a2bac89da30/019e7062-3b77-7578-bab4-5bf847fb3077.pdf"
"1317","Enfardadeira","NEW HOLLAND","BB9070","ESPECIFICAÇÃO TÉCNICA ENFARDADEIRA NEW HOLLAND - BB9050 - BB9060 - BB9070 - BB9080","-","true","https://cdn.appmaq.com.br/appmaq-media/manuals/019e705f-d791-7692-b2a7-77109dc31d33/019e7062-a06b-7420-af55-d13c480a65b1.pdf"
"1318","Enfardadeira","NEW HOLLAND","BB9080","ESPECIFICAÇÃO TÉCNICA ENFARDADEIRA NEW HOLLAND - BB9050 - BB9060 - BB9070 - BB9080","-","true","https://cdn.appmaq.com.br/appmaq-media/manuals/019e7060-24ab-7240-bb10-6cb4340829f0/019e7063-4b73-78a7-ae51-6b6ec7055c14.pdf"
"1319","Enfardadeira","NEW HOLLAND","BC5060","FOLHETO ENFARDADORA NEW HOLLAND -BC5060-BC5070","-","true","https://cdn.appmaq.com.br/appmaq-media/manuals/019e705e-802e-7dcd-91be-c458a6674646/019e7068-9941-7265-a959-ec080219dddf.pdf"
"1320","Enfardadeira","NEW HOLLAND","BC5060","FOLHETO TÉCNICO ENFARDADEIRA - SÉRIE - BC5000- BC5060 - BC5070 - BC5070 HAYLINER","-","true","https://cdn.appmaq.com.br/appmaq-media/manuals/019e705e-802e-7dcd-91be-c458a6674646/019e7065-b4d3-7409-90b2-70198dcfa59e.pdf"
"1321","Enfardadeira","NEW HOLLAND","BC5070","FOLHETO ENFARDADORA NEW HOLLAND -BC5060-BC5070","-","true","https://cdn.appmaq.com.br/appmaq-media/manuals/019e705e-cc91-7836-bf78-11d79ab94d66/019e7068-d9bf-7fd1-845a-09a0adf6d953.pdf"
"1322","Enfardadeira","NEW HOLLAND","BC5070","FOLHETO TÉCNICO ENFARDADEIRA - SÉRIE - BC5000- BC5060 - BC5070 - BC5070 HAYLINER","-","true","https://cdn.appmaq.com.br/appmaq-media/manuals/019e705e-cc91-7836-bf78-11d79ab94d66/019e7066-4ae3-7212-8db7-acda1c28273d.pdf"
"1323","Enfardadeira","NEW HOLLAND","BC5070 HAYLINER","FOLHETO TÉCNICO ENFARDADEIRA - SÉRIE - BC5000- BC5060 - BC5070 - BC5070 HAYLINER","-","true","https://cdn.appmaq.com.br/appmaq-media/manuals/019e7067-2797-75d4-a185-9ac028fe6e32/019e7067-acc4-7223-962d-5e642e887565.pdf"
"1324","Enfardadeira","NEW HOLLAND","BR7090","FOLHETO TÉCNICO ENFARDADEIRA - NEW HOLLAND -BR7090 -","-","true","https://cdn.appmaq.com.br/appmaq-media/manuals/019e7069-8e16-7d2c-a3fd-8612c4f3e74e/019e706a-3a04-7b30-9ba9-be6a946fddeb.pdf"
"1325","Enfardadeira","NOGUEIRA","EXPRESS-4030","CATÁLOGO DE PEÇAS ENFARDADEIRA - NOGUEIRA - EXPRESS-4030 -","-","true","https://cdn.appmaq.com.br/appmaq-media/manuals/019e6adf-1bff-71a1-9d5e-9afaaea8d961/019e6adf-ba45-75e1-b275-4b8e857739c9.pdf"
"1326","Escavadeira Hidráulica","CASE","CX130","CATALOGO DE FERRAMENTAS MÁQUINAS CASE -2002","-","true","https://cdn.appmaq.com.br/appmaq-media/manuals/019e7f89-db92-7836-bc2b-5e1d4530aa2b/019e7f90-7561-7a6a-8cb4-8b0caa672bd9.pdf"
"1327","Escavadeira Hidráulica","CASE","CX130","CATALOGO DE PEÇAS DA ESCAVADEIRA - CASE -CX130 -","-","true","https://cdn.appmaq.com.br/appmaq-media/manuals/019e7f89-db92-7836-bc2b-5e1d4530aa2b/019e7f90-7575-790f-828e-b6bcc7b8b812.pdf"
"1328","Escavadeira Hidráulica","CASE","CX130","CATALOGO DE PEÇAS ESCAVADEIRA - CASE - CX130 -","-","true","https://cdn.appmaq.com.br/appmaq-media/manuals/019e7f89-db92-7836-bc2b-5e1d4530aa2b/019e7f90-75e2-7114-9523-fccca46263e5.pdf"
"1329","Escavadeira Hidráulica","CASE","CX130","CÓDIGOS DE FALHAS ELÉTRICAS - ESCAVADEIRA - CASE - CX130","-","true","https://cdn.appmaq.com.br/appmaq-media/manuals/019e7f89-db92-7836-bc2b-5e1d4530aa2b/019e7f90-7634-7ad8-be53-22630b154b9c.pdf"
"1330","Escavadeira Hidráulica","CASE","CX130","DIAGNÓSTICO DE ERROS MAQUINAS - CASE -","-","true","https://cdn.appmaq.com.br/appmaq-media/manuals/019e7f89-db92-7836-bc2b-5e1d4530aa2b/019e7f90-7671-7f41-b3f4-1d04809429c2.pdf"
"1331","Escavadeira Hidráulica","CASE","CX130","MANUAL DE SERVIÇOS ESCAVADEIRAS - CASE - SÉRIE CX - 130 - 160 - 210 - 220 - 240 -","-","true","https://cdn.appmaq.com.br/appmaq-media/manuals/019e7f89-db92-7836-bc2b-5e1d4530aa2b/019e7f90-76fa-7a98-8610-0ec52448571e.pdf"
"1332","Escavadeira Hidráulica","CASE","CX130C","CATALOGO DE FERRAMENTAS MÁQUINAS CASE -2002","-","true","https://cdn.appmaq.com.br/appmaq-media/manuals/01957100-b0e2-748c-8206-362b856e5f2a/019e7f91-9d9e-7b29-9b79-3ac25e88eab3.pdf"
"1333","Escavadeira Hidráulica","CASE","CX130C","CATALOGO DE PEÇAS ESCAVADEIRA - CASE - CX 130C -","-","true","https://cdn.appmaq.com.br/appmaq-media/manuals/01957100-b0e2-748c-8206-362b856e5f2a/019e7f91-9db0-743e-be62-fb3f2f37c470.pdf"
"1334","Escavadeira Hidráulica","CASE","CX130C","DIAGNÓSTICO DE ERROS MAQUINAS - CASE -","-","true","https://cdn.appmaq.com.br/appmaq-media/manuals/01957100-b0e2-748c-8206-362b856e5f2a/019e7f91-9e86-7a9b-97f2-b09db59343c6.pdf"
"1335","Escavadeira Hidráulica","CASE","CX130C","ENCARTE TÉCNICO DA ESCAVADEIRA - CASE - CX130C -","-","true","https://cdn.appmaq.com.br/appmaq-media/manuals/01957100-b0e2-748c-8206-362b856e5f2a/019e7f91-9eb2-7636-878f-1e9ba0a27ce8.pdf"
"1336","Escavadeira Hidráulica","CASE","CX130C","ESPECIFICAÇÃO TÉCNICA DAS ESCAVADEIRAS - CASE CX - SÉRIE C -","-","true","https://cdn.appmaq.com.br/appmaq-media/manuals/01957100-b0e2-748c-8206-362b856e5f2a/019e7f91-9ed8-7bc7-a8fb-5e521e323a55.pdf"
"1337","Escavadeira Hidráulica","CASE","CX130C","FOLHETO TÉCNICO ESCAVADEIRAS - CASE CX - - SÉRIE C -","-","true","https://cdn.appmaq.com.br/appmaq-media/manuals/01957100-b0e2-748c-8206-362b856e5f2a/019e7f91-a078-7c6b-8e5d-ce7031db39b0.pdf"
"1338","Escavadeira Hidráulica","CASE","CX160","CATALOGO DE FERRAMENTAS MÁQUINAS CASE -2002","-","true","https://cdn.appmaq.com.br/appmaq-media/manuals/0196f443-bf91-7be8-9fa0-eb0236d7b643/019e7f92-ba1a-737a-8808-2a451805cb98.pdf"
"1339","Escavadeira Hidráulica","CASE","CX160","DIAGNÓSTICO DE ERROS MAQUINAS - CASE -","-","true","https://cdn.appmaq.com.br/appmaq-media/manuals/0196f443-bf91-7be8-9fa0-eb0236d7b643/019e7f92-ba33-7ec8-9585-a9e17cf531df.pdf"
"1340","Escavadeira Hidráulica","CASE","CX160","MANUAL DE SERVIÇOS ESCAVADEIRAS - CASE - SÉRIE CX - 130 - 160 - 210 - 220 - 240 -","-","true","https://cdn.appmaq.com.br/appmaq-media/manuals/0196f443-bf91-7be8-9fa0-eb0236d7b643/019e7f92-ba6c-702e-be6e-68a80c9b68e3.pdf"
"1341","Escavadeira Hidráulica","CASE","CX180C","ENCARTE DA ESCAVADEIRA - CASE - CX180C -","-","true","https://cdn.appmaq.com.br/appmaq-media/manuals/0195b3ba-39a6-7cfa-acd1-538ef6bf3d89/019e7f93-84b7-719f-b488-4bafee3126b3.pdf"
"1342","Escavadeira Hidráulica","CASE","CX180C","FOLHETO TÉCNICO DAS ESCAVADEIRAS - CASE CX - SÉRIE C -","-","true","https://cdn.appmaq.com.br/appmaq-media/manuals/0195b3ba-39a6-7cfa-acd1-538ef6bf3d89/019e7f93-84d0-7bcc-bfad-caa58b6db1b8.pdf"
"1343","Escavadeira Hidráulica","CASE","CX180C","FOLHETO TÉCNICO ESCAVADEIRAS - CASE CX - - SÉRIE C -","-","true","https://cdn.appmaq.com.br/appmaq-media/manuals/0195b3ba-39a6-7cfa-acd1-538ef6bf3d89/019e7f93-8600-73cd-be01-f865e0e8bf83.pdf"
"1344","Escavadeira Hidráulica","CASE","CX220","CATALOGO DE FERRAMENTAS MÁQUINAS CASE -2002","-","true","https://cdn.appmaq.com.br/appmaq-media/manuals/01957100-b0e1-757f-a5f6-a19937e2765c/019e7f94-dfc5-75fe-8180-9e7d45314a55.pdf"
"1345","Escavadeira Hidráulica","CASE","CX220","DIAGNÓSTICO DE ERROS MAQUINAS - CASE -","-","true","https://cdn.appmaq.com.br/appmaq-media/manuals/01957100-b0e1-757f-a5f6-a19937e2765c/019e7f94-dfe1-7c6b-b5a6-607318b92cfd.pdf"
"1346","Escavadeira Hidráulica","CASE","CX220","DIAGNÓSTICO DE ESCAVADEIRA - CASE - CX210 - CX290 -","-","true","https://cdn.appmaq.com.br/appmaq-media/manuals/01957100-b0e1-757f-a5f6-a19937e2765c/019e7f94-e037-7d33-905e-1f75cec8dabf.pdf"
"1347","Escavadeira Hidráulica","CASE","CX220","MANUAL DE SERVIÇOS ESCAVADEIRAS - CASE - SÉRIE CX - 130 - 160 - 210 - 220 - 240 -","-","true","https://cdn.appmaq.com.br/appmaq-media/manuals/01957100-b0e1-757f-a5f6-a19937e2765c/019e7f94-e0b6-7f0a-918a-063f9233bd4e.pdf"
"1348","Escavadeira Hidráulica","CASE","CX220B","CATALOGO DE FERRAMENTAS MÁQUINAS CASE -2002","-","true","https://cdn.appmaq.com.br/appmaq-media/manuals/01957100-b0e1-7242-ace9-e3eba438f238/019e7f97-24e5-75cf-9ef9-00bf9ff5087c.pdf"
"1349","Escavadeira Hidráulica","CASE","CX220B","CATALOGO DE PEÇAS ESCAVADEIRA - CASE -CX220B -","-","true","https://cdn.appmaq.com.br/appmaq-media/manuals/01957100-b0e1-7242-ace9-e3eba438f238/019e7f97-24f8-7cca-b45d-06521917005a.pdf"
"1350","Escavadeira Hidráulica","CASE","CX220B","CATALOGO DE PEÇAS ESCAVADEIRA CASE -CX220B- - 2014 - 2016 -","-","true","https://cdn.appmaq.com.br/appmaq-media/manuals/01957100-b0e1-7242-ace9-e3eba438f238/019e7f97-267f-7ac0-8eba-d17159247224.pdf"
"1351","Escavadeira Hidráulica","CASE","CX220B","COMPARAÇÃO ESCAVADEIRAS - CASE -CX220-B- VS - CX-220 -","-","true","https://cdn.appmaq.com.br/appmaq-media/manuals/01957100-b0e1-7242-ace9-e3eba438f238/019e7f97-2848-79a7-9125-1d56f9e7022b.pdf"
"1352","Escavadeira Hidráulica","CASE","CX220B","DIAGNÓSTICO DE ERROS MAQUINAS - CASE -","-","true","https://cdn.appmaq.com.br/appmaq-media/manuals/01957100-b0e1-7242-ace9-e3eba438f238/019e7f97-28e9-7716-b8fb-fb020ba31d11.pdf"
"1353","Escavadeira Hidráulica","CASE","CX220B","DIAGRAMA ELÉTRICO ESCAVADEIRA CASE - CX220B -","-","true","https://cdn.appmaq.com.br/appmaq-media/manuals/01957100-b0e1-7242-ace9-e3eba438f238/019f0450-4602-7a85-8ab7-3c13b8c0af66.pdf"
"1354","Escavadeira Hidráulica","CASE","CX220B","ENCARTE TÉCNICO ESCAVADEIRA - CASE - CX220B -","-","true","https://cdn.appmaq.com.br/appmaq-media/manuals/01957100-b0e1-7242-ace9-e3eba438f238/019e7fbc-ffec-728a-89ec-d4924494cf6a.pdf"
"1355","Escavadeira Hidráulica","CASE","CX220B","ESPECIFICAÇÃO VAUVULA DE RELÊ ESCAVADEIRA - CASE - CX220 -","-","true","https://cdn.appmaq.com.br/appmaq-media/manuals/01957100-b0e1-7242-ace9-e3eba438f238/019e7f97-29be-7874-85f0-05ab3d1bc59f.pdf"
"1356","Escavadeira Hidráulica","CASE","CX220B","FOLHETO TÉCNICO ESCAVADEIRA - CASE - CX220B -","-","true","https://cdn.appmaq.com.br/appmaq-media/manuals/01957100-b0e1-7242-ace9-e3eba438f238/019e7fba-deb7-7f66-b4ff-04c85635d295.pdf"
"1357","Escavadeira Hidráulica","CASE","CX220B","MANUAL DE SERVIÇO ESCAVADEIRA - CASE - -CX220B -","-","true","https://cdn.appmaq.com.br/appmaq-media/manuals/01957100-b0e1-7242-ace9-e3eba438f238/019e7f97-2b8e-7f15-a4da-0e9146efab17.pdf"
"1358","Escavadeira Hidráulica","CASE","CX220B","SOLENÓIDES E CONTROLES HIDRÁULICOS ESCAVADEIRA - CASE - CX220 -","-","true","https://cdn.appmaq.com.br/appmaq-media/manuals/01957100-b0e1-7242-ace9-e3eba438f238/019e7f97-3a40-7b32-b1c9-04415fb4d599.pdf"
"1359","Escavadeira Hidráulica","CASE","CX220C","CATALOGO DE FERRAMENTAS MÁQUINAS CASE -2002","-","true","https://cdn.appmaq.com.br/appmaq-media/manuals/01957100-b0e1-7237-b984-52501cd7b693/019e7f98-3b80-745b-8f2a-0466926b136d.pdf"
"1360","Escavadeira Hidráulica","CASE","CX220C","CATALOGO DE PEÇAS ESCAVADEIRA - CASE - CX220C -","-","true","https://cdn.appmaq.com.br/appmaq-media/manuals/01957100-b0e1-7237-b984-52501cd7b693/019ec218-4830-7afa-a3d0-48ad75f32b02.pdf"
"1361","Escavadeira Hidráulica","CASE","CX220C","CÓDIGOS DE FALHAS E MÓDULO DE TRABALHO - ESCAVADEIRA - CX220C","-","true","https://cdn.appmaq.com.br/appmaq-media/manuals/01957100-b0e1-7237-b984-52501cd7b693/019e7f98-3b93-7766-af24-459f70b01a8d.pdf"
"1362","Escavadeira Hidráulica","CASE","CX220C","DIAGNÓSTICO DE ERROS MAQUINAS - CASE -","-","true","https://cdn.appmaq.com.br/appmaq-media/manuals/01957100-b0e1-7237-b984-52501cd7b693/019e7f98-3c05-7fbb-bb25-2c0de4c1c663.pdf"
"1363","Escavadeira Hidráulica","CASE","CX220C","ENCARTE ESCAVADEIRA - CASE - CX220C -","-","true","https://cdn.appmaq.com.br/appmaq-media/manuals/01957100-b0e1-7237-b984-52501cd7b693/019e7f98-3c81-74f1-b9e7-c0faae34d02e.pdf"
"1364","Escavadeira Hidráulica","CASE","CX220C","ESPECIFICAÇÃO VAUVULA DE RELÊ ESCAVADEIRA - CASE - CX220 -","-","true","https://cdn.appmaq.com.br/appmaq-media/manuals/01957100-b0e1-7237-b984-52501cd7b693/019e7f98-3cbe-7218-8ff0-4e57c3102a36.pdf"
"1365","Escavadeira Hidráulica","CASE","CX220C","FOLHETO TÉCNICO DAS ESCAVADEIRAS - CASE CX - SÉRIE C -","-","true","https://cdn.appmaq.com.br/appmaq-media/manuals/01957100-b0e1-7237-b984-52501cd7b693/019e7f98-3e57-7fca-b148-31e800ab6e91.pdf"
"1366","Escavadeira Hidráulica","CASE","CX220C","FOLHETO TÉCNICO ESCAVADEIRAS - CASE CX - - SÉRIE C -","-","true","https://cdn.appmaq.com.br/appmaq-media/manuals/01957100-b0e1-7237-b984-52501cd7b693/019e7f98-4074-70c3-860c-66a677c15fe1.pdf"
"1367","Escavadeira Hidráulica","CASE","CX220C","GUIA DE MANUTENÇÃO MECATRÓNICA E HIDRÁULICA ESCAVADEIRA -CASE - CX220 -","-","true","https://cdn.appmaq.com.br/appmaq-media/manuals/01957100-b0e1-7237-b984-52501cd7b693/019e7f98-420e-742e-b24e-0b7e31961c37.pdf"
"1368","Escavadeira Hidráulica","CASE","CX220C","SOLENÓIDES E CONTROLES HIDRÁULICOS ESCAVADEIRA - CASE - CX220 -","-","true","https://cdn.appmaq.com.br/appmaq-media/manuals/01957100-b0e1-7237-b984-52501cd7b693/019e7f98-4361-74d3-aa09-c735a4ab9d0b.pdf"
"1369","Escavadeira Hidráulica","CASE","CX220C","WORLBOOK ESCAVADEIRA - CASE - CX220C - AVANÇADO","-","true","https://cdn.appmaq.com.br/appmaq-media/manuals/01957100-b0e1-7237-b984-52501cd7b693/019e7f98-43f0-75b5-bab5-72fcd5588555.pdf"
"1370","Escavadeira Hidráulica","CASE","CX240","CATALOGO DE FERRAMENTAS MÁQUINAS CASE -2002","-","true","https://cdn.appmaq.com.br/appmaq-media/manuals/019e7f8b-953a-7971-8a9f-69c2bf160976/019e7f99-3365-712b-b6b9-bf6947e860fc.pdf"
"1371","Escavadeira Hidráulica","CASE","CX240","DIAGNÓSTICO DE ERROS MAQUINAS - CASE -","-","true","https://cdn.appmaq.com.br/appmaq-media/manuals/019e7f8b-953a-7971-8a9f-69c2bf160976/019e7f99-3423-7a4e-ba19-4f8b6690b3c7.pdf"
"1372","Escavadeira Hidráulica","CASE","CX240","MANUAL DE SERVIÇOS ESCAVADEIRAS - CASE - SÉRIE CX - 130 - 160 - 210 - 220 - 240 -","-","true","https://cdn.appmaq.com.br/appmaq-media/manuals/019e7f8b-953a-7971-8a9f-69c2bf160976/019e7f99-34b3-7377-8c2b-ccfd0c82b784.pdf"
"1373","Escavadeira Hidráulica","CASE","CX240C","CATALOGO DE FERRAMENTAS MÁQUINAS CASE -2002","-","true","https://cdn.appmaq.com.br/appmaq-media/manuals/019e7f8a-be7e-73f2-8193-307b312b7aae/019e7f99-fa6e-7501-b049-38138993ccb5.pdf"
"1374","Escavadeira Hidráulica","CASE","CX240C","DIAGNÓSTICO DE ERROS MAQUINAS - CASE -","-","true","https://cdn.appmaq.com.br/appmaq-media/manuals/019e7f8a-be7e-73f2-8193-307b312b7aae/019e7f99-fa82-74fd-a5e0-e3e0ac2ed7fc.pdf"
"1375","Escavadeira Hidráulica","CASE","CX240C","ENCARTE TECNICO ESCAVADEIRA - CASE - CX240C -","-","true","https://cdn.appmaq.com.br/appmaq-media/manuals/019e7f8a-be7e-73f2-8193-307b312b7aae/019e7f99-fab1-7f95-8755-bb9f1159db5f.pdf"
"1376","Escavadeira Hidráulica","CASE","CX240C","ESPECIFICAÇÃO TÉCNICA ESCAVADEIRA - CASE - CX240 -","-","true","https://cdn.appmaq.com.br/appmaq-media/manuals/019e7f8a-be7e-73f2-8193-307b312b7aae/019e7f99-fb02-7ae2-b1d6-be97827ab3ca.pdf"
"1377","Escavadeira Hidráulica","CASE","CX240C","FOLHETO TÉCNICO DAS ESCAVADEIRAS - CASE CX - SÉRIE C -","-","true","https://cdn.appmaq.com.br/appmaq-media/manuals/019e7f8a-be7e-73f2-8193-307b312b7aae/019e7f99-fb5d-7687-a9d2-f90895e6e5f7.pdf"
"1378","Escavadeira Hidráulica","CASE","CX240C","FOLHETO TÉCNICO ESCAVADEIRAS - CASE CX - - SÉRIE C -","-","true","https://cdn.appmaq.com.br/appmaq-media/manuals/019e7f8a-be7e-73f2-8193-307b312b7aae/019e7f99-fc97-7608-8cbe-ce54a94b7e08.pdf"
"1379","Escavadeira Hidráulica","CASE","CX290","DIAGNÓSTICO DE ESCAVADEIRA - CASE - CX210 - CX290 -","-","true","https://cdn.appmaq.com.br/appmaq-media/manuals/019e7f8c-3e62-73c7-acc8-20b7a0c7b3f8/019e7f9a-f09f-764f-bf37-9f1535c6e282.pdf"
"1380","Escavadeira Hidráulica","CASE","CX350C","CATALOGO DE FERRAMENTAS MÁQUINAS CASE -2002","-","true","https://cdn.appmaq.com.br/appmaq-media/manuals/019e7f8c-c494-7135-b821-fbf7155d8f6d/019e7f9b-929f-71d5-a59c-aa5242c4e2e2.pdf"
"1381","Escavadeira Hidráulica","CASE","CX350C","CATALOGO DE PEÇAS ESCAVADEIRA - CASE - CX350 - 370C -","-","true","https://cdn.appmaq.com.br/appmaq-media/manuals/019e7f8c-c494-7135-b821-fbf7155d8f6d/019e7f9b-92b3-70f6-82db-f5fef057d973.pdf"
"1382","Escavadeira Hidráulica","CASE","CX350C","DIAGNÓSTICO DE ERROS MAQUINAS - CASE -","-","true","https://cdn.appmaq.com.br/appmaq-media/manuals/019e7f8c-c494-7135-b821-fbf7155d8f6d/019e7f9b-9463-72df-9cc2-4d380652fa71.pdf"
"1383","Escavadeira Hidráulica","CASE","CX350C","ENCARTE TÉCNCO ESCAVADEIRA - CASE - CX350C -","-","true","https://cdn.appmaq.com.br/appmaq-media/manuals/019e7f8c-c494-7135-b821-fbf7155d8f6d/019e7f9b-94bb-7350-8ea0-31d638cfb79a.pdf"
"1384","Escavadeira Hidráulica","CASE","CX350C","FOLHETO TÉCNICO DAS ESCAVADEIRAS - CASE CX - SÉRIE C -","-","true","https://cdn.appmaq.com.br/appmaq-media/manuals/019e7f8c-c494-7135-b821-fbf7155d8f6d/019e7f9b-94f3-7c78-99a3-c24a77682394.pdf"
"1385","Escavadeira Hidráulica","CASE","CX350C","FOLHETO TÉCNICO ESCAVADEIRA - CASE - CX350C -","-","true","https://cdn.appmaq.com.br/appmaq-media/manuals/019e7f8c-c494-7135-b821-fbf7155d8f6d/019e7f9b-965a-7299-83e7-de3249993e92.pdf"
"1386","Escavadeira Hidráulica","CASE","CX370C","CATALOGO DE FERRAMENTAS MÁQUINAS CASE -2002","-","true","https://cdn.appmaq.com.br/appmaq-media/manuals/0196f443-bf91-77f5-83d6-71baeaef6fdd/019e7f9c-73f3-7663-a061-e3482e43eba9.pdf"
"1387","Escavadeira Hidráulica","CASE","CX370C","CATALOGO DE PEÇAS ESCAVADEIRA - CASE - CX350 - 370C -","-","true","https://cdn.appmaq.com.br/appmaq-media/manuals/0196f443-bf91-77f5-83d6-71baeaef6fdd/019e7f9c-76b3-703c-96bc-80071437ef55.pdf"
"1388","Escavadeira Hidráulica","CASE","CX370C","DIAGNÓSTICO DE ERROS MAQUINAS - CASE -","-","true","https://cdn.appmaq.com.br/appmaq-media/manuals/0196f443-bf91-77f5-83d6-71baeaef6fdd/019e7f9c-7960-7b90-a2a4-be0ea98c1c94.pdf"
"1389","Escavadeira Hidráulica","CASE","CX370C","ENCARTE TÉCNICO ESCAVADEIRA - CASE - CX370C","-","true","https://cdn.appmaq.com.br/appmaq-media/manuals/0196f443-bf91-77f5-83d6-71baeaef6fdd/019e7f9c-7a80-7b53-b147-4f328c125301.pdf"
"1390","Escavadeira Hidráulica","CASE","CX370C","FOLHETO TÉCNICO DAS ESCAVADEIRAS - CASE CX - SÉRIE C -","-","true","https://cdn.appmaq.com.br/appmaq-media/manuals/0196f443-bf91-77f5-83d6-71baeaef6fdd/019e7f9c-7abd-780b-9a63-a823faa672bf.pdf"
"1391","Escavadeira Hidráulica","CASE","CX370C","FOLHETO TÉCNICO ESCAVADEIRA - CASE - CX370C -","-","true","https://cdn.appmaq.com.br/appmaq-media/manuals/0196f443-bf91-77f5-83d6-71baeaef6fdd/019e7f9c-7bb9-7146-a40e-98fc81f00803.pdf"
"1392","Escavadeira Hidráulica","CASE","CX470B","ESPECIFICAÇÃO TÉCNICA ESCAVADEIRAS - CASE - CX800B -","-","true","https://cdn.appmaq.com.br/appmaq-media/manuals/0196f443-bf91-7a60-8854-5b10b515365a/019e7f9d-2af3-751b-9280-f04c94b40e21.pdf"
"1393","Escavadeira Hidráulica","CASE","CX470B","FOLHETO TÉCNICO ESCAVADEIRA - CASE - CX470B -","-","true","https://cdn.appmaq.com.br/appmaq-media/manuals/0196f443-bf91-7a60-8854-5b10b515365a/019e7fb6-8259-7cce-8ffc-b79fd2156716.pdf"
"1394","Escavadeira Hidráulica","CASE","CX490C","ENCARTE TÉCNICO ESCAVADEIRA - CASE - CX490C -","-","true","https://cdn.appmaq.com.br/appmaq-media/manuals/019e7f8d-6c0f-7580-8a8d-7dca17064c26/019e7f9e-035f-7ffe-be97-92baa2f753c5.pdf"
"1395","Escavadeira Hidráulica","CASE","CX490C","FOLHETO TÉCNICO DAS ESCAVADEIRAS - CASE CX - SÉRIE C -","-","true","https://cdn.appmaq.com.br/appmaq-media/manuals/019e7f8d-6c0f-7580-8a8d-7dca17064c26/019e7f9e-037c-7daf-a79c-c613c7858880.pdf"
"1396","Escavadeira Hidráulica","CASE","CX490C","FOLHETO TÉCNICO ESCAVADEIRA - CASE - CX490C -","-","true","https://cdn.appmaq.com.br/appmaq-media/manuals/019e7f8d-6c0f-7580-8a8d-7dca17064c26/019e7f9e-04a7-7963-aa6f-4f9683779481.pdf"
"1397","Escavadeira Hidráulica","CASE","CX500C","ENCARTE TÉCNICO ESCAVADEIRA - CASE - CX500C -","-","true","https://cdn.appmaq.com.br/appmaq-media/manuals/019e7f8d-cf64-7b3b-8d7f-e772c3f68d86/019e7f9e-e706-789c-85de-4fb78a01fd4e.pdf"
"1398","Escavadeira Hidráulica","CASE","CX500C","FOLHETO TÉCNCO ESCAVADEIRA - CASE - CX500C -","-","true","https://cdn.appmaq.com.br/appmaq-media/manuals/019e7f8d-cf64-7b3b-8d7f-e772c3f68d86/019e7f9e-e71e-73ad-9470-1abca05e40ee.pdf"
"1399","Escavadeira Hidráulica","CASE","CX500C","FOLHETO TÉCNICO DAS ESCAVADEIRAS - CASE CX - SÉRIE C -","-","true","https://cdn.appmaq.com.br/appmaq-media/manuals/019e7f8d-cf64-7b3b-8d7f-e772c3f68d86/019e7f9e-e791-7a4a-8cb4-8121342ec639.pdf"
"1400","Escavadeira Hidráulica","CASE","CX500C","FOLHETO TÉCNICO ESCAVADEIRAS - CASE CX - - SÉRIE C -","-","true","https://cdn.appmaq.com.br/appmaq-media/manuals/019e7f8d-cf64-7b3b-8d7f-e772c3f68d86/019e7f9e-e8b8-7605-a6eb-498d2a01b919.pdf"
"1401","Escavadeira Hidráulica","CASE","CX700B","ESPECIFICAÇÃO TÉCNICA ESCAVADEIRAS - CASE - CX800B -","-","true","https://cdn.appmaq.com.br/appmaq-media/manuals/019e7f8e-67fc-7f25-bd02-13780b1030df/019e7f9f-bbac-728c-b5b2-ddd1d580f474.pdf"
"1402","Escavadeira Hidráulica","CASE","CX700B","FOLHETO TÉCNICO ESCAVADEIRAS - CASE CX - - SÉRIE C -","-","true","https://cdn.appmaq.com.br/appmaq-media/manuals/019e7f8e-67fc-7f25-bd02-13780b1030df/019e7f9f-bbd0-7443-a0ff-46bca61e78e3.pdf"
"1403","Escavadeira Hidráulica","CASE","CX800B","ENCARTE TÉCNICO ESCAVADEIRA - CASE - CX800B -","-","true","https://cdn.appmaq.com.br/appmaq-media/manuals/019e7f8e-fb97-75d1-9a50-08ffcdd5ebe0/019e7fa0-490a-7ed5-a17c-17e9cbb3dee8.pdf"
"1404","Escavadeira Hidráulica","CASE","CX800B","ESPECIFICAÇÃO TÉCNICA ESCAVADEIRAS - CASE - CX800B -","-","true","https://cdn.appmaq.com.br/appmaq-media/manuals/019e7f8e-fb97-75d1-9a50-08ffcdd5ebe0/019e7fa0-4918-7e62-9bf9-64302d4a8f8f.pdf"
"1405","Escavadeira Hidráulica","CATERPILLAR","311","DIAGRAMA -311 & 312 Excavators","-","true","https://cdn.appmaq.com.br/appmaq-media/manuals/019ecbb4-2208-7572-9c3d-3e78418bc7cf/019eccb9-56d7-7cc1-9d65-ac92b2372a70.pdf"
"1406","Escavadeira Hidráulica","CATERPILLAR","311","DIAGRAMA -311 & 312 Excavators (2)","-","true","https://cdn.appmaq.com.br/appmaq-media/manuals/019ecbb4-2208-7572-9c3d-3e78418bc7cf/019eccb9-56c0-7d29-a2bb-98d6c9308159.pdf"
"1407","Escavadeira Hidráulica","CATERPILLAR","311B","DIAGRAMA -311B and 312B Excavator","-","true","https://cdn.appmaq.com.br/appmaq-media/manuals/019ecbb4-a6a3-783e-bd6c-c5edcdbd0468/019eccb9-fdb5-7476-9e58-92e2fa2ebb44.pdf"
"1408","Escavadeira Hidráulica","CATERPILLAR","311B","DIAGRAMA -312B_312B L Excavator","-","true","https://cdn.appmaq.com.br/appmaq-media/manuals/019ecbb4-a6a3-783e-bd6c-c5edcdbd0468/019eccb9-fdcc-74d7-8714-f6cd6a0a9e9b.pdf"
"1409","Escavadeira Hidráulica","CATERPILLAR","311B LC","DIAGRAMA -211B LC Excavator","-","true","https://cdn.appmaq.com.br/appmaq-media/manuals/019ecbb6-a861-737f-81d4-c67ec4025d25/019eccba-9b99-7e5c-876f-a3adb265b601.pdf"
"1410","Escavadeira Hidráulica","CATERPILLAR","311C","DIAGRAMA -311 C","-","true","https://cdn.appmaq.com.br/appmaq-media/manuals/019ecbb7-2ea4-7205-ad11-0011babb11a8/019eccc7-3c1f-7025-9738-8907997f280f.pdf"
"1411","Escavadeira Hidráulica","CATERPILLAR","311DL","ELÉTRICA BASICA MÁQUINAS CATERPILLAR -","-","true","https://cdn.appmaq.com.br/appmaq-media/manuals/0196f443-bf84-783a-8732-4cfed3f5d77b/019ec284-768f-7ed1-903a-56b13fb0ebad.pdf"
"1412","Escavadeira Hidráulica","CATERPILLAR","311DL","FUNCIONAMENTO DA BOMBA HIDRAULICA ESCAVADEIRA - SÉRIE 300 -","-","true","https://cdn.appmaq.com.br/appmaq-media/manuals/0196f443-bf84-783a-8732-4cfed3f5d77b/019ec284-7898-7ae7-851c-6fe9621123f9.pdf"
"1413","Escavadeira Hidráulica","CATERPILLAR","311DL","TREINAMENTO DO SISTEMA HIDRÁULICO DE ESCAVEDIRAS - CATERPILLAR -","-","true","https://cdn.appmaq.com.br/appmaq-media/manuals/0196f443-bf84-783a-8732-4cfed3f5d77b/019ec284-7908-7ac5-9af7-a203c6a2ec2a.pdf"
"1414","Escavadeira Hidráulica","CATERPILLAR","312","DIAGRAMA -311 & 312 Excavators","-","true","https://cdn.appmaq.com.br/appmaq-media/manuals/019ecbb7-c367-7959-8bae-5be504c7b84e/019eccc8-7f93-7e64-85a3-82da50224f5b.pdf"
"1415","Escavadeira Hidráulica","CATERPILLAR","312","DIAGRAMA -311 & 312 Excavators (2)","-","true","https://cdn.appmaq.com.br/appmaq-media/manuals/019ecbb7-c367-7959-8bae-5be504c7b84e/019eccc8-7f7f-73c8-860a-7c43aa3119a5.pdf"
"1416","Escavadeira Hidráulica","CATERPILLAR","312","DIAGRAMA -312 Excavator","-","true","https://cdn.appmaq.com.br/appmaq-media/manuals/019ecbb7-c367-7959-8bae-5be504c7b84e/019eccc8-7fb4-7926-941e-e900299b768e.pdf"
"1417","Escavadeira Hidráulica","CATERPILLAR","312","DIAGRAMA -312 Excavators Electrical System","-","true","https://cdn.appmaq.com.br/appmaq-media/manuals/019ecbb7-c367-7959-8bae-5be504c7b84e/019eccc8-8099-7c29-934c-20c53de0d07e.pdf"
"1418","Escavadeira Hidráulica","CATERPILLAR","312B","DIAGRAMA -311B and 312B Excavator","-","true","https://cdn.appmaq.com.br/appmaq-media/manuals/019ecbba-a20a-7c51-a029-ef81c3165c0c/019eccc9-20c7-7344-a7b0-f70b3f39a261.pdf"
"1419","Escavadeira Hidráulica","CATERPILLAR","312B","DIAGRAMA -312B_312B L Excavator","-","true","https://cdn.appmaq.com.br/appmaq-media/manuals/019ecbba-a20a-7c51-a029-ef81c3165c0c/019eccc9-20dc-7ead-b6e2-f6fde5c04380.pdf"
"1420","Escavadeira Hidráulica","CATERPILLAR","312B L","DIAGRAMA -312B_312B L Excavator","-","true","https://cdn.appmaq.com.br/appmaq-media/manuals/019ecbba-fc9a-7233-ad4a-859b37354fdd/019eccc9-c12a-707e-ba8b-7d21b3edd583.pdf"
"1421","Escavadeira Hidráulica","CATERPILLAR","312C","DIAGRAMA -312C Excavator Electrical System","-","true","https://cdn.appmaq.com.br/appmaq-media/manuals/0196f443-bf84-738d-994f-c6ef3f620497/019eccca-729a-7b36-84bf-51144787fd1d.pdf"
"1422","Escavadeira Hidráulica","CATERPILLAR","312C","DIAGRAMA -312C Excavator Electrical System (2)","-","true","https://cdn.appmaq.com.br/appmaq-media/manuals/0196f443-bf84-738d-994f-c6ef3f620497/019eccca-727a-7daa-8e73-a14f16140466.pdf"
"1423","Escavadeira Hidráulica","CATERPILLAR","312C","ELÉTRICA BASICA MÁQUINAS CATERPILLAR -","-","true","https://cdn.appmaq.com.br/appmaq-media/manuals/0196f443-bf84-738d-994f-c6ef3f620497/019ec285-1da1-7faa-95f9-83260a599b0e.pdf"
"1424","Escavadeira Hidráulica","CATERPILLAR","312C","FUNCIONAMENTO DA BOMBA HIDRAULICA ESCAVADEIRA - SÉRIE 300 -","-","true","https://cdn.appmaq.com.br/appmaq-media/manuals/0196f443-bf84-738d-994f-c6ef3f620497/019ec285-1e2d-7634-b045-2582773cbad4.pdf"
"1425","Escavadeira Hidráulica","CATERPILLAR","312C","TREINAMENTO DO SISTEMA HIDRÁULICO DE ESCAVEDIRAS - CATERPILLAR -","-","true","https://cdn.appmaq.com.br/appmaq-media/manuals/0196f443-bf84-738d-994f-c6ef3f620497/019ec285-1f15-7466-85e2-9dbe42a20e06.pdf"
"1426","Escavadeira Hidráulica","CATERPILLAR","312CL","ELÉTRICA BASICA MÁQUINAS CATERPILLAR -","-","true","https://cdn.appmaq.com.br/appmaq-media/manuals/01957100-b0e2-78e1-9bb0-a30d23d36dd5/019ec285-efce-79f2-a846-60ac70db8853.pdf"
"1427","Escavadeira Hidráulica","CATERPILLAR","312CL","FUNCIONAMENTO DA BOMBA HIDRAULICA ESCAVADEIRA - SÉRIE 300 -","-","true","https://cdn.appmaq.com.br/appmaq-media/manuals/01957100-b0e2-78e1-9bb0-a30d23d36dd5/019ec285-f03d-7ece-a10f-293d4f7ee40d.pdf"
"1428","Escavadeira Hidráulica","CATERPILLAR","312CL","TREINAMENTO DO SISTEMA HIDRÁULICO DE ESCAVEDIRAS - CATERPILLAR -","-","true","https://cdn.appmaq.com.br/appmaq-media/manuals/01957100-b0e2-78e1-9bb0-a30d23d36dd5/019ec285-f057-76fe-938b-468430d523a4.pdf"
"1429","Escavadeira Hidráulica","CATERPILLAR","312D","ELÉTRICA BASICA MÁQUINAS CATERPILLAR -","-","true","https://cdn.appmaq.com.br/appmaq-media/manuals/0195b3ba-39a6-784e-afb4-170af9bceb96/019ec286-80af-7982-bf0d-387c8a29230b.pdf"
"1430","Escavadeira Hidráulica","CATERPILLAR","312D","FUNCIONAMENTO DA BOMBA HIDRAULICA ESCAVADEIRA - SÉRIE 300 -","-","true","https://cdn.appmaq.com.br/appmaq-media/manuals/0195b3ba-39a6-784e-afb4-170af9bceb96/019ec286-811e-77d9-820e-2754fa277ce0.pdf"
"1431","Escavadeira Hidráulica","CATERPILLAR","312D","TREINAMENTO DO SISTEMA HIDRÁULICO DE ESCAVEDIRAS - CATERPILLAR -","-","true","https://cdn.appmaq.com.br/appmaq-media/manuals/0195b3ba-39a6-784e-afb4-170af9bceb96/019ec286-8140-7c03-8bc0-cb2471771e63.pdf"
"1432","Escavadeira Hidráulica","CATERPILLAR","312D2","ELÉTRICA BASICA MÁQUINAS CATERPILLAR -","-","true","https://cdn.appmaq.com.br/appmaq-media/manuals/0195b3ba-39a6-73ae-b3a5-2760b47e2c2c/019ec287-1c23-7434-8b6f-2d02c604c0c2.pdf"
"1433","Escavadeira Hidráulica","CATERPILLAR","312D2","FUNCIONAMENTO DA BOMBA HIDRAULICA ESCAVADEIRA - SÉRIE 300 -","-","true","https://cdn.appmaq.com.br/appmaq-media/manuals/0195b3ba-39a6-73ae-b3a5-2760b47e2c2c/019ec287-1c97-78a1-abbc-a7a05ce1bcf2.pdf"
"1434","Escavadeira Hidráulica","CATERPILLAR","312D2","MANUAL DE OPERAÇÃO ESCAVADEIRA - CATERPILLAR - 312D2 - 312D2L - 312D2 GC - 313D2 - 313D2L - 313D2 GC -","-","true","https://cdn.appmaq.com.br/appmaq-media/manuals/0195b3ba-39a6-73ae-b3a5-2760b47e2c2c/019ec287-1cc7-70de-b4ef-3301ab918907.pdf"
"1435","Escavadeira Hidráulica","CATERPILLAR","312D2","TREINAMENTO DO SISTEMA HIDRÁULICO DE ESCAVEDIRAS - CATERPILLAR -","-","true","https://cdn.appmaq.com.br/appmaq-media/manuals/0195b3ba-39a6-73ae-b3a5-2760b47e2c2c/019ec287-1e41-7b16-8a90-94d39d314f86.pdf"
"1436","Escavadeira Hidráulica","CATERPILLAR","312D2 GC","ELÉTRICA BASICA MÁQUINAS CATERPILLAR -","-","true","https://cdn.appmaq.com.br/appmaq-media/manuals/019ec288-9ec0-7c63-b788-a0c946deea8d/019ec28a-a653-7d9b-b8e1-c6ed37a449d0.pdf"
"1437","Escavadeira Hidráulica","CATERPILLAR","312D2 GC","FUNCIONAMENTO DA BOMBA HIDRAULICA ESCAVADEIRA - SÉRIE 300 -","-","true","https://cdn.appmaq.com.br/appmaq-media/manuals/019ec288-9ec0-7c63-b788-a0c946deea8d/019ec28a-a6c5-79ba-b047-31927fd73773.pdf"
"1438","Escavadeira Hidráulica","CATERPILLAR","312D2 GC","MANUAL DE OPERAÇÃO ESCAVADEIRA - CATERPILLAR - 312D2 - 312D2L - 312D2 GC - 313D2 - 313D2L - 313D2 GC -","-","true","https://cdn.appmaq.com.br/appmaq-media/manuals/019ec288-9ec0-7c63-b788-a0c946deea8d/019ec28a-a6fa-7f63-884b-4031e9bc9057.pdf"
"1439","Escavadeira Hidráulica","CATERPILLAR","312D2 GC","TREINAMENTO DO SISTEMA HIDRÁULICO DE ESCAVEDIRAS - CATERPILLAR -","-","true","https://cdn.appmaq.com.br/appmaq-media/manuals/019ec288-9ec0-7c63-b788-a0c946deea8d/019ec28a-a86c-76b5-b2fb-6802c5c69f47.pdf"
"1440","Escavadeira Hidráulica","CATERPILLAR","312D2L","ELÉTRICA BASICA MÁQUINAS CATERPILLAR -","-","true","https://cdn.appmaq.com.br/appmaq-media/manuals/0196f443-bf84-7449-97e0-318522f81a35/019ec28d-0ab3-76ea-a706-2f11063ca002.pdf"
"1441","Escavadeira Hidráulica","CATERPILLAR","312D2L","FUNCIONAMENTO DA BOMBA HIDRAULICA ESCAVADEIRA - SÉRIE 300 -","-","true","https://cdn.appmaq.com.br/appmaq-media/manuals/0196f443-bf84-7449-97e0-318522f81a35/019ec28d-0b42-762a-9539-08065adeffac.pdf"
"1442","Escavadeira Hidráulica","CATERPILLAR","312D2L","MANUAL DE OPERAÇÃO ESCAVADEIRA - CATERPILLAR - 312D2 - 312D2L - 312D2 GC - 313D2 - 313D2L - 313D2 GC -","-","true","https://cdn.appmaq.com.br/appmaq-media/manuals/0196f443-bf84-7449-97e0-318522f81a35/019ec28d-0b7e-7425-9640-5cddef57bef3.pdf"
"1443","Escavadeira Hidráulica","CATERPILLAR","312D2L","TREINAMENTO DO SISTEMA HIDRÁULICO DE ESCAVEDIRAS - CATERPILLAR -","-","true","https://cdn.appmaq.com.br/appmaq-media/manuals/0196f443-bf84-7449-97e0-318522f81a35/019ec28d-0d6e-7ff8-a635-f1ec941dbea3.pdf"
"1444","Escavadeira Hidráulica","CATERPILLAR","312DL","ELÉTRICA BASICA MÁQUINAS CATERPILLAR -","-","true","https://cdn.appmaq.com.br/appmaq-media/manuals/0196f443-bf84-7a8d-91a9-94145f81e4f4/019ec28f-eabe-7aaa-a678-1ca7ccdf9c18.pdf"
"1445","Escavadeira Hidráulica","CATERPILLAR","312DL","FUNCIONAMENTO DA BOMBA HIDRAULICA ESCAVADEIRA - SÉRIE 300 -","-","true","https://cdn.appmaq.com.br/appmaq-media/manuals/0196f443-bf84-7a8d-91a9-94145f81e4f4/019ec28f-eb3e-77e5-a0d6-0cefcf1b3593.pdf"
"1446","Escavadeira Hidráulica","CATERPILLAR","312DL","TREINAMENTO DO SISTEMA HIDRÁULICO DE ESCAVEDIRAS - CATERPILLAR -","-","true","https://cdn.appmaq.com.br/appmaq-media/manuals/0196f443-bf84-7a8d-91a9-94145f81e4f4/019ec28f-eb67-76bf-80d9-7b5540bb9eeb.pdf"
"1447","Escavadeira Hidráulica","CATERPILLAR","312F","DIAGRAMA -312F e 313F Escavadeiras CAT.PDF","-","true","https://cdn.appmaq.com.br/appmaq-media/manuals/019ecccc-8cc7-7fc2-847e-ab66ba02480d/019ecccd-32d1-751c-9663-976d88f69029.pdf"
"1448","Escavadeira Hidráulica","CATERPILLAR","313B CR","DIAGRAMA -313B CR Excavator","-","true","https://cdn.appmaq.com.br/appmaq-media/manuals/019ecbbc-eb77-72b8-94e8-ecc910f459ab/019eccd0-2ee7-7ea2-9dc5-ab4636e19fc9.pdf"
"1449","Escavadeira Hidráulica","CATERPILLAR","313D","ELÉTRICA BASICA MÁQUINAS CATERPILLAR -","-","true","https://cdn.appmaq.com.br/appmaq-media/manuals/01957100-b0e2-7a4a-88f1-a5fa7d613398/019ec290-ac31-74ed-bfa7-ca7e22c1bd69.pdf"
"1450","Escavadeira Hidráulica","CATERPILLAR","313D","FUNCIONAMENTO DA BOMBA HIDRAULICA ESCAVADEIRA - SÉRIE 300 -","-","true","https://cdn.appmaq.com.br/appmaq-media/manuals/01957100-b0e2-7a4a-88f1-a5fa7d613398/019ec290-aca6-7534-8250-0112da06fb5d.pdf"
"1451","Escavadeira Hidráulica","CATERPILLAR","313D","TREINAMENTO DO SISTEMA HIDRÁULICO DE ESCAVEDIRAS - CATERPILLAR -","-","true","https://cdn.appmaq.com.br/appmaq-media/manuals/01957100-b0e2-7a4a-88f1-a5fa7d613398/019ec290-acd0-7b5a-b581-855c2748c7fc.pdf"
"1452","Escavadeira Hidráulica","CATERPILLAR","313D2","ELÉTRICA BASICA MÁQUINAS CATERPILLAR -","-","true","https://cdn.appmaq.com.br/appmaq-media/manuals/019ec292-a0cc-7c64-a6b4-8945232756fb/019ec295-119e-7912-b96f-4615d5452bf6.pdf"
"1453","Escavadeira Hidráulica","CATERPILLAR","313D2","FUNCIONAMENTO DA BOMBA HIDRAULICA ESCAVADEIRA - SÉRIE 300 -","-","true","https://cdn.appmaq.com.br/appmaq-media/manuals/019ec292-a0cc-7c64-a6b4-8945232756fb/019ec295-1228-7e51-941c-eaf25124968d.pdf"
"1454","Escavadeira Hidráulica","CATERPILLAR","313D2","MANUAL DE OPERAÇÃO ESCAVADEIRA - CATERPILLAR - 312D2 - 312D2L - 312D2 GC - 313D2 - 313D2L - 313D2 GC -","-","true","https://cdn.appmaq.com.br/appmaq-media/manuals/019ec292-a0cc-7c64-a6b4-8945232756fb/019ec295-125a-7101-8608-990c98e15830.pdf"
"1455","Escavadeira Hidráulica","CATERPILLAR","313D2","TREINAMENTO DO SISTEMA HIDRÁULICO DE ESCAVEDIRAS - CATERPILLAR -","-","true","https://cdn.appmaq.com.br/appmaq-media/manuals/019ec292-a0cc-7c64-a6b4-8945232756fb/019ec295-1464-7d6c-b6d1-524d1f6c5038.pdf"
"1456","Escavadeira Hidráulica","CATERPILLAR","313D2 GC","ELÉTRICA BASICA MÁQUINAS CATERPILLAR -","-","true","https://cdn.appmaq.com.br/appmaq-media/manuals/019ec293-27a9-76fb-94ba-de2e31d424b2/019ec296-7b5f-749b-a606-46ad760682a2.pdf"
"1457","Escavadeira Hidráulica","CATERPILLAR","313D2 GC","FUNCIONAMENTO DA BOMBA HIDRAULICA ESCAVADEIRA - SÉRIE 300 -","-","true","https://cdn.appmaq.com.br/appmaq-media/manuals/019ec293-27a9-76fb-94ba-de2e31d424b2/019ec296-7c77-7e8e-81fa-ee3e5f076e4f.pdf"
"1458","Escavadeira Hidráulica","CATERPILLAR","313D2 GC","MANUAL DE OPERAÇÃO ESCAVADEIRA - CATERPILLAR - 312D2 - 312D2L - 312D2 GC - 313D2 - 313D2L - 313D2 GC -","-","true","https://cdn.appmaq.com.br/appmaq-media/manuals/019ec293-27a9-76fb-94ba-de2e31d424b2/019ec296-7cff-7bff-8b64-971d51e4454c.pdf"
"1459","Escavadeira Hidráulica","CATERPILLAR","313D2 GC","TREINAMENTO DO SISTEMA HIDRÁULICO DE ESCAVEDIRAS - CATERPILLAR -","-","true","https://cdn.appmaq.com.br/appmaq-media/manuals/019ec293-27a9-76fb-94ba-de2e31d424b2/019ec296-7fc8-7cdf-b698-677fce6ceb69.pdf"
"1460","Escavadeira Hidráulica","CATERPILLAR","313GC","ELÉTRICA BASICA MÁQUINAS CATERPILLAR -","-","true","https://cdn.appmaq.com.br/appmaq-media/manuals/0195b3ba-39a6-7fac-804c-df6b2156080a/019ec298-5b9c-7283-beae-fbbe08b51edc.pdf"
"1461","Escavadeira Hidráulica","CATERPILLAR","313GC","FICHA TÉCNICA DO PRODUTO - ESCAVADEIRA - CATERPILLAR - 313GC---Tier-3","-","true","https://cdn.appmaq.com.br/appmaq-media/manuals/0195b3ba-39a6-7fac-804c-df6b2156080a/019ec298-5c25-7349-b675-220fbd79ca4f.pdf"
"1462","Escavadeira Hidráulica","CATERPILLAR","313GC","FUNCIONAMENTO DA BOMBA HIDRAULICA ESCAVADEIRA - SÉRIE 300 -","-","true","https://cdn.appmaq.com.br/appmaq-media/manuals/0195b3ba-39a6-7fac-804c-df6b2156080a/019ec298-5c68-71ba-89bf-6eaf0a0864b7.pdf"
"1463","Escavadeira Hidráulica","CATERPILLAR","313GC","TREINAMENTO DO SISTEMA HIDRÁULICO DE ESCAVEDIRAS - CATERPILLAR -","-","true","https://cdn.appmaq.com.br/appmaq-media/manuals/0195b3ba-39a6-7fac-804c-df6b2156080a/019ec298-5d2b-7df5-abd1-30d3bf5915e8.pdf"
"1464","Escavadeira Hidráulica","CATERPILLAR","313 GC -Tier 3","ELÉTRICA BASICA MÁQUINAS CATERPILLAR -","-","true","https://cdn.appmaq.com.br/appmaq-media/manuals/0196a1fb-3002-79c6-b3f4-0643d7b851d4/019ec297-b0c8-787a-86e5-8c65e29b3119.pdf"
"1465","Escavadeira Hidráulica","CATERPILLAR","313 GC -Tier 3","FICHA TÉCNICA DO PRODUTO - ESCAVADEIRA - CATERPILLAR - 313GC---Tier-3","-","true","https://cdn.appmaq.com.br/appmaq-media/manuals/0196a1fb-3002-79c6-b3f4-0643d7b851d4/019ec297-b139-769e-99d2-55b0cc982aeb.pdf"
"1466","Escavadeira Hidráulica","CATERPILLAR","313 GC -Tier 3","FUNCIONAMENTO DA BOMBA HIDRAULICA ESCAVADEIRA - SÉRIE 300 -","-","true","https://cdn.appmaq.com.br/appmaq-media/manuals/0196a1fb-3002-79c6-b3f4-0643d7b851d4/019ec297-b1fa-7855-8b99-604c7e224033.pdf"
"1467","Escavadeira Hidráulica","CATERPILLAR","313 GC -Tier 3","TREINAMENTO DO SISTEMA HIDRÁULICO DE ESCAVEDIRAS - CATERPILLAR -","-","true","https://cdn.appmaq.com.br/appmaq-media/manuals/0196a1fb-3002-79c6-b3f4-0643d7b851d4/019ec297-b28b-79e5-a792-985faa9240e8.pdf"
"1468","Escavadeira Hidráulica","CATERPILLAR","314D","ELÉTRICA BASICA MÁQUINAS CATERPILLAR -","-","true","https://cdn.appmaq.com.br/appmaq-media/manuals/0195b3ba-39a6-7a1e-91f6-b4d8d525f90a/019ec299-5316-7a11-9b67-5b831dbd7703.pdf"
"1469","Escavadeira Hidráulica","CATERPILLAR","314D","FUNCIONAMENTO DA BOMBA HIDRAULICA ESCAVADEIRA - SÉRIE 300 -","-","true","https://cdn.appmaq.com.br/appmaq-media/manuals/0195b3ba-39a6-7a1e-91f6-b4d8d525f90a/019ec299-5392-7543-b2f9-436634037763.pdf"
"1470","Escavadeira Hidráulica","CATERPILLAR","314D","TREINAMENTO DO SISTEMA HIDRÁULICO DE ESCAVEDIRAS - CATERPILLAR -","-","true","https://cdn.appmaq.com.br/appmaq-media/manuals/0195b3ba-39a6-7a1e-91f6-b4d8d525f90a/019ec299-53c4-79f4-bb8c-efc55160fa9e.pdf"
"1471","Escavadeira Hidráulica","CATERPILLAR","314DL CR","ELÉTRICA BASICA MÁQUINAS CATERPILLAR -","-","true","https://cdn.appmaq.com.br/appmaq-media/manuals/0196f443-bf84-7506-be13-672f433b4ed7/019ec29a-257e-72cb-9df7-ca4e923e9ec5.pdf"
"1472","Escavadeira Hidráulica","CATERPILLAR","314DL CR","FUNCIONAMENTO DA BOMBA HIDRAULICA ESCAVADEIRA - SÉRIE 300 -","-","true","https://cdn.appmaq.com.br/appmaq-media/manuals/0196f443-bf84-7506-be13-672f433b4ed7/019ec29a-2645-7edd-97cb-fe40228ddefe.pdf"
"1473","Escavadeira Hidráulica","CATERPILLAR","314DL CR","TREINAMENTO DO SISTEMA HIDRÁULICO DE ESCAVEDIRAS - CATERPILLAR -","-","true","https://cdn.appmaq.com.br/appmaq-media/manuals/0196f443-bf84-7506-be13-672f433b4ed7/019ec29a-273e-7481-aaed-8555e25b21ba.pdf"
"1474","Escavadeira Hidráulica","CATERPILLAR","315","DIAGRAMA -315, 317 and 317 N Excavators","-","true","https://cdn.appmaq.com.br/appmaq-media/manuals/019ecbc0-75f5-7ba3-99ad-266452266a38/019ecd2d-a0b6-7729-92c3-3d1ad6374d6f.pdf"
"1475","Escavadeira Hidráulica","CATERPILLAR","315","DIAGRAMA -315 And 315 L Excavator","-","true","https://cdn.appmaq.com.br/appmaq-media/manuals/019ecbc0-75f5-7ba3-99ad-266452266a38/019ecd2d-a09a-76dd-ba2c-a8e9cafa2f17.pdf"
"1476","Escavadeira Hidráulica","CATERPILLAR","315B","DIAGRAMA -315B and 315B L Excavators","-","true","https://cdn.appmaq.com.br/appmaq-media/manuals/019ecbc1-01e8-7e8e-85bf-2f9ef5e614d1/019ecd2e-d90d-77d4-8442-4213a3ba6344.pdf"
"1477","Escavadeira Hidráulica","CATERPILLAR","315B","DIAGRAMA -315B Excavator","-","true","https://cdn.appmaq.com.br/appmaq-media/manuals/019ecbc1-01e8-7e8e-85bf-2f9ef5e614d1/019ecd2e-d92d-75cd-a098-d2b3d7fb7ade.pdf"
"1478","Escavadeira Hidráulica","CATERPILLAR","315B","DIAGRAMA -315B Forest Swing Machine","-","true","https://cdn.appmaq.com.br/appmaq-media/manuals/019ecbc1-01e8-7e8e-85bf-2f9ef5e614d1/019ecd2e-d997-7d74-aa8e-875c4298241f.pdf"
"1479","Escavadeira Hidráulica","CATERPILLAR","315B","DIAGRAMA -315B Forest Swing Machine (2)","-","true","https://cdn.appmaq.com.br/appmaq-media/manuals/019ecbc1-01e8-7e8e-85bf-2f9ef5e614d1/019ecd2e-d95d-76f5-8716-93a60fb27ade.pdf"
"1480","Escavadeira Hidráulica","CATERPILLAR","315B L","DIAGRAMA -315B and 315B L Excavators","-","true","https://cdn.appmaq.com.br/appmaq-media/manuals/019ecbc2-19d6-7dfd-8cf9-d01bdbc70eea/019ecd2f-7fe4-7a92-b818-b4a5e4d67cdd.pdf"
"1481","Escavadeira Hidráulica","CATERPILLAR","315C","DIAGRAMA -315C Excavator Electrical System","-","true","https://cdn.appmaq.com.br/appmaq-media/manuals/0195b3ba-39a6-75ca-9252-7b9361b68654/019ecd30-2f04-78c4-a739-3e6ac8be06f5.pdf"
"1482","Escavadeira Hidráulica","CATERPILLAR","315 L","DIAGRAMA -315 And 315 L Excavator","-","true","https://cdn.appmaq.com.br/appmaq-media/manuals/019ecbc1-65df-7a14-8e74-b2b8d437cb41/019ecd2e-248a-7f08-824c-a72bc084edfe.pdf"
"1483","Escavadeira Hidráulica","CATERPILLAR","316B","DIAGRAMA -316B","-","true","https://cdn.appmaq.com.br/appmaq-media/manuals/019ecc6c-da33-7067-a1f2-db6eb518f66e/019ecd30-bbd1-7536-9e06-7c71ba4ab827.pdf"
"1484","Escavadeira Hidráulica","CATERPILLAR","316GC","ELÉTRICA BASICA MÁQUINAS CATERPILLAR -","-","true","https://cdn.appmaq.com.br/appmaq-media/manuals/0195b3ba-39a6-716c-950e-773437510a00/019ec29e-452c-74ea-88d2-8f37d1b1b8ed.pdf"
"1485","Escavadeira Hidráulica","CATERPILLAR","316GC","FICHA TÉCNICA DO PRODUTO ESCAVADEIRA - CATERPILLAR - 316-GC","-","true","https://cdn.appmaq.com.br/appmaq-media/manuals/0195b3ba-39a6-716c-950e-773437510a00/019ec29e-459f-7da3-bf37-b496d598b890.pdf"
"1486","Escavadeira Hidráulica","CATERPILLAR","316GC","FUNCIONAMENTO DA BOMBA HIDRAULICA ESCAVADEIRA - SÉRIE 300 -","-","true","https://cdn.appmaq.com.br/appmaq-media/manuals/0195b3ba-39a6-716c-950e-773437510a00/019ec29e-462b-763e-97c7-200b8aaeeffd.pdf"
"1487","Escavadeira Hidráulica","CATERPILLAR","316GC","TREINAMENTO DO SISTEMA HIDRÁULICO DE ESCAVEDIRAS - CATERPILLAR -","-","true","https://cdn.appmaq.com.br/appmaq-media/manuals/0195b3ba-39a6-716c-950e-773437510a00/019ec29e-4685-7e72-8605-247103b8b6b4.pdf"
"1488","Escavadeira Hidráulica","CATERPILLAR","317","DIAGRAMA -315, 317 and 317 N Excavators","-","true","https://cdn.appmaq.com.br/appmaq-media/manuals/019ecc6d-a523-7854-8ae4-7cceed4872c8/019ecd31-3b09-70ec-8cee-15f99b9d5ae9.pdf"
"1489","Escavadeira Hidráulica","CATERPILLAR","317B","DIAGRAMA -317B & 318B Excavator","-","true","https://cdn.appmaq.com.br/appmaq-media/manuals/019ecc6e-99f3-7d85-bcb5-f8fe243d0562/019ecd32-b9e0-7aa0-8297-20580c5bd127.pdf"
"1490","Escavadeira Hidráulica","CATERPILLAR","317 N","DIAGRAMA -315, 317 and 317 N Excavators","-","true","https://cdn.appmaq.com.br/appmaq-media/manuals/019ecc6e-1c39-7ef6-bb64-363549172093/019ecd31-e898-7913-982b-ee2ed964b70a.pdf"
"1491","Escavadeira Hidráulica","CATERPILLAR","318B","DIAGRAMA -317B & 318B Excavator","-","true","https://cdn.appmaq.com.br/appmaq-media/manuals/019ecc6f-6bc4-71cd-8d7d-1a970f2440ad/019ecd33-48f6-7efb-9122-42a52a25aa37.pdf"
"1492","Escavadeira Hidráulica","CATERPILLAR","318B L","DIAGRAMA -318B L & 318B LN Excavator","-","true","https://cdn.appmaq.com.br/appmaq-media/manuals/019ecc6f-d5bb-7276-abac-54f42e772121/019ecd33-ecb0-7ebd-98ec-f5bd9442412d.pdf"
"1493","Escavadeira Hidráulica","CATERPILLAR","318B L","DIAGRAMA -318B L Excavator","-","true","https://cdn.appmaq.com.br/appmaq-media/manuals/019ecc6f-d5bb-7276-abac-54f42e772121/019ecd33-eccd-730e-8bdc-af9e3597c476.pdf"
"1494","Escavadeira Hidráulica","CATERPILLAR","318B LN","DIAGRAMA -318B L & 318B LN Excavator","-","true","https://cdn.appmaq.com.br/appmaq-media/manuals/019ecd36-c5bb-7e79-8d44-34eed4b7ff7d/019ecd37-c7e9-7ae1-b50d-218671833a23.pdf"
"1495","Escavadeira Hidráulica","CATERPILLAR","318D2","APRESENTACAO TÉCNICA ESCAVADEIRA - CATERPILLAR - 318D2 -","-","true","https://cdn.appmaq.com.br/appmaq-media/manuals/0195b3ba-39a6-7282-b8dc-18b991ed0bdc/019ec2a6-51ba-732e-9d5b-727b1a58da04.pdf"
"1496","Escavadeira Hidráulica","CATERPILLAR","318D2","ELÉTRICA BASICA MÁQUINAS CATERPILLAR -","-","true","https://cdn.appmaq.com.br/appmaq-media/manuals/0195b3ba-39a6-7282-b8dc-18b991ed0bdc/019ec29f-41a3-7a27-bfa6-77342134d60d.pdf"
"1497","Escavadeira Hidráulica","CATERPILLAR","318D2","FUNCIONAMENTO DA BOMBA HIDRAULICA ESCAVADEIRA - SÉRIE 300 -","-","true","https://cdn.appmaq.com.br/appmaq-media/manuals/0195b3ba-39a6-7282-b8dc-18b991ed0bdc/019ec29f-4218-7d4b-ab95-7833ff7603fb.pdf"
"1498","Escavadeira Hidráulica","CATERPILLAR","318D2","MANUAL DE OPERAÇÃO E MANUTENÇÃO ESCAVADEIRA - CATERPILLAR - 318D2 -","-","true","https://cdn.appmaq.com.br/appmaq-media/manuals/0195b3ba-39a6-7282-b8dc-18b991ed0bdc/019ec29f-424c-7cfe-9707-40f0841e44d6.pdf"
"1499","Escavadeira Hidráulica","CATERPILLAR","318 GC","ELÉTRICA BASICA MÁQUINAS CATERPILLAR -","-","true","https://cdn.appmaq.com.br/appmaq-media/manuals/0196a1fd-fbec-7195-8c0b-86f803dd682b/019ec2a0-55b0-7101-9fb1-afe5aa00abe8.pdf"
"1500","Escavadeira Hidráulica","CATERPILLAR","318 GC","FICHA TÉCNICA ESCAVADEIRA - CATERPILLAR - 318-GC-–-Tier-3","-","true","https://cdn.appmaq.com.br/appmaq-media/manuals/0196a1fd-fbec-7195-8c0b-86f803dd682b/019ec2a0-562b-76a7-a339-fcd238f2ce1b.pdf"
"1501","Escavadeira Hidráulica","CATERPILLAR","318 GC","FUNCIONAMENTO DA BOMBA HIDRAULICA ESCAVADEIRA - SÉRIE 300 -","-","true","https://cdn.appmaq.com.br/appmaq-media/manuals/0196a1fd-fbec-7195-8c0b-86f803dd682b/019ec2a0-56ef-7d38-9854-ceba18d04f78.pdf"
"1502","Escavadeira Hidráulica","CATERPILLAR","318 GC","TREINAMENTO DO SISTEMA HIDRÁULICO DE ESCAVEDIRAS - CATERPILLAR -","-","true","https://cdn.appmaq.com.br/appmaq-media/manuals/0196a1fd-fbec-7195-8c0b-86f803dd682b/019ec2a0-5778-7f4a-a3c2-850584cd08e5.pdf"
"1503","Escavadeira Hidráulica","CATERPILLAR","320","DIAGRAMA -320 & 320 L Excavators","-","true","https://cdn.appmaq.com.br/appmaq-media/manuals/01957100-b0e1-7f27-97e4-1617e5d09954/019ecd38-6887-7078-b6f7-4a1484a93606.pdf"
"1504","Escavadeira Hidráulica","CATERPILLAR","320","DIAGRAMA -320, 320 N, 320 L And 320 S","-","true","https://cdn.appmaq.com.br/appmaq-media/manuals/01957100-b0e1-7f27-97e4-1617e5d09954/019ecd38-689f-7a67-8b06-d6e7ebc52ad9.pdf"
"1505","Escavadeira Hidráulica","CATERPILLAR","320","ELÉTRICA BASICA MÁQUINAS CATERPILLAR -","-","true","https://cdn.appmaq.com.br/appmaq-media/manuals/01957100-b0e1-7f27-97e4-1617e5d09954/019ec2a7-a211-7d06-afa7-1258f24c2d4e.pdf"
"1506","Escavadeira Hidráulica","CATERPILLAR","320","ESPECIFICAÇÕES TÉCNICA ESCAVADEIRA - CATERPILLAR - 320 - 320GC -","-","true","https://cdn.appmaq.com.br/appmaq-media/manuals/01957100-b0e1-7f27-97e4-1617e5d09954/019ec2a7-a2ff-7b96-8485-d6293908b6c3.pdf"
"1507","Escavadeira Hidráulica","CATERPILLAR","320","FICHA TÉCNICA ESCAVADEIRA - CATERPILLAR - 320 Tier -3","-","true","https://cdn.appmaq.com.br/appmaq-media/manuals/01957100-b0e1-7f27-97e4-1617e5d09954/019ec2a7-a3ed-705e-814a-0804b5aee1bf.pdf"
"1508","Escavadeira Hidráulica","CATERPILLAR","320","FOLHETO TÉCNICO ESCAVADEIRA - CATERPILLAR - 320 -","-","true","https://cdn.appmaq.com.br/appmaq-media/manuals/01957100-b0e1-7f27-97e4-1617e5d09954/019ec2a7-a5d0-7bbd-a3d2-c8b3ff3b20d1.pdf"
"1509","Escavadeira Hidráulica","CATERPILLAR","320","FUNCIONAMENTO DA BOMBA HIDRAULICA ESCAVADEIRA - SÉRIE 300 -","-","true","https://cdn.appmaq.com.br/appmaq-media/manuals/01957100-b0e1-7f27-97e4-1617e5d09954/019ec2a7-a754-7836-b018-764f4530339c.pdf"
"1510","Escavadeira Hidráulica","CATERPILLAR","320","MANUAL DE OPERAÇÃO E MANUTENÇÃO ESCAVADEIRA - CATERPILLAR - 320 - 323 -","-","true","https://cdn.appmaq.com.br/appmaq-media/manuals/01957100-b0e1-7f27-97e4-1617e5d09954/019ec2a8-cd9c-7a40-a9be-223caf2f3ec4.pdf"
"1511","Escavadeira Hidráulica","CATERPILLAR","320","OPERAÇÃO DO SISTEMA HIDRÁULICO - ESCAVADEIRA - CATERPILLAR - 320 - 320GC - 323 - 323GC -","-","true","https://cdn.appmaq.com.br/appmaq-media/manuals/01957100-b0e1-7f27-97e4-1617e5d09954/019ec2a8-26e9-7bfa-a86d-9a3de1d656c2.pdf"
"1512","Escavadeira Hidráulica","CATERPILLAR","320","SISTEMA HIDRÁULICO ESCAVADEIRA - CATERPILLAR - 320 - 320GC- 323 - 323GC -","-","true","https://cdn.appmaq.com.br/appmaq-media/manuals/01957100-b0e1-7f27-97e4-1617e5d09954/019ec2a8-2701-7aa9-b53d-d173ee66a7f3.pdf"
"1513","Escavadeira Hidráulica","CATERPILLAR","320","TREINAMENTO DO SISTEMA HIDRÁULICO DE ESCAVEDIRAS - CATERPILLAR -","-","true","https://cdn.appmaq.com.br/appmaq-media/manuals/01957100-b0e1-7f27-97e4-1617e5d09954/019ec2a8-2765-75f9-b55a-2f2efde68835.pdf"
"1514","Escavadeira Hidráulica","CATERPILLAR","320","TREINAMENTO ESCAVADEIRA - CATERPILLAR - 320 - -320GC - 323 -","-","true","https://cdn.appmaq.com.br/appmaq-media/manuals/01957100-b0e1-7f27-97e4-1617e5d09954/019ec2a8-2aa9-7189-84c6-fc43325e2e12.pdf"
"1515","Escavadeira Hidráulica","CATERPILLAR","320","TREINAMENTO TÉCNICO DIAGRAMA ELETROHIDRÁULICO - CATERPILLAR -320 - 320GC - 323NG -","-","true","https://cdn.appmaq.com.br/appmaq-media/manuals/01957100-b0e1-7f27-97e4-1617e5d09954/019ec2a8-2de9-7552-a3ac-72bcab8c7168.pdf"
"1516","Escavadeira Hidráulica","CATERPILLAR","320B","CATÁLOGO DE PEÇAS -320B - 320B L","-","true","https://cdn.appmaq.com.br/appmaq-media/manuals/0196f443-bf85-7c80-bcf5-64d2c4f36042/019ec592-9db8-7b5c-9a3c-e4e6eac0af2e.pdf"
"1517","Escavadeira Hidráulica","CATERPILLAR","320B","DIAGRAMA -320B Excavator","-","true","https://cdn.appmaq.com.br/appmaq-media/manuals/0196f443-bf85-7c80-bcf5-64d2c4f36042/019ecd3c-eca0-7f73-bab3-99e4b422edcf.pdf"
"1518","Escavadeira Hidráulica","CATERPILLAR","320B","DIAGRAMA -320B Excavators","-","true","https://cdn.appmaq.com.br/appmaq-media/manuals/0196f443-bf85-7c80-bcf5-64d2c4f36042/019ecd3c-ecbb-7e72-a511-56608d7d66d6.pdf"
"1519","Escavadeira Hidráulica","CATERPILLAR","320B","ELÉTRICA BASICA MÁQUINAS CATERPILLAR -","-","true","https://cdn.appmaq.com.br/appmaq-media/manuals/0196f443-bf85-7c80-bcf5-64d2c4f36042/019ec2a9-cc58-7608-a1e9-06900d6a4f29.pdf"
"1520","Escavadeira Hidráulica","CATERPILLAR","320B","FUNCIONAMENTO DA BOMBA HIDRAULICA ESCAVADEIRA - SÉRIE 300 -","-","true","https://cdn.appmaq.com.br/appmaq-media/manuals/0196f443-bf85-7c80-bcf5-64d2c4f36042/019ec2a9-ccdc-7307-afaa-e3d1596839ed.pdf"
"1521","Escavadeira Hidráulica","CATERPILLAR","320B","MANUAL E ESPECIFICAÇÃO TÉCNICA ESCAVADEIRA - CATERPILLAR - 320BL -","-","true","https://cdn.appmaq.com.br/appmaq-media/manuals/0196f443-bf85-7c80-bcf5-64d2c4f36042/019ec2a9-cd99-76c9-8a13-126ec14a2c1c.pdf"
"1522","Escavadeira Hidráulica","CATERPILLAR","320B","TREINAMENTO DO SISTEMA HIDRÁULICO DE ESCAVEDIRAS - CATERPILLAR -","-","true","https://cdn.appmaq.com.br/appmaq-media/manuals/0196f443-bf85-7c80-bcf5-64d2c4f36042/019ec2a9-cdfb-77ad-ba4f-3a83b40a97c3.pdf"
"1523","Escavadeira Hidráulica","CATERPILLAR","320B L","CATÁLOGO DE PEÇAS -320B - 320B L","-","true","https://cdn.appmaq.com.br/appmaq-media/manuals/019ec593-e0b6-7dd2-a3a9-d55a5efbaad2/019ec594-b433-747a-9b60-7dadee8ad510.pdf"
"1524","Escavadeira Hidráulica","CATERPILLAR","320 BU","DIAGRAMA -320 BU Excavator","-","true","https://cdn.appmaq.com.br/appmaq-media/manuals/019ecc71-5177-79fc-bb3b-9decda288854/019ecd38-f5b0-7ad6-a04f-a8552ae08274.pdf"
"1525","Escavadeira Hidráulica","CATERPILLAR","320C","CATALOGO DE PEÇAS ESCAVADEIRA - CATERPILLAR - 320C - 320C-L","-","true","https://cdn.appmaq.com.br/appmaq-media/manuals/01957100-b0e2-74bb-8403-7b55bf9364d3/019ec2aa-f0a3-78bb-af18-5044146b46ce.pdf"
"1526","Escavadeira Hidráulica","CATERPILLAR","320C","DIAGRAMA -320C Excavator","-","true","https://cdn.appmaq.com.br/appmaq-media/manuals/01957100-b0e2-74bb-8403-7b55bf9364d3/019ecd3d-a2c0-7485-8d82-53b4f75f2d08.pdf"
"1527","Escavadeira Hidráulica","CATERPILLAR","320C","DIAGRAMA -320C Excavator (2)","-","true","https://cdn.appmaq.com.br/appmaq-media/manuals/01957100-b0e2-74bb-8403-7b55bf9364d3/019ecd3d-a262-7e8d-926e-f98d9d3da810.pdf"
"1528","Escavadeira Hidráulica","CATERPILLAR","320C","DIAGRAMA -320C Forest Swing Machine","-","true","https://cdn.appmaq.com.br/appmaq-media/manuals/01957100-b0e2-74bb-8403-7b55bf9364d3/019ecd3d-a363-7a38-b04b-b8179c3cbf80.pdf"
"1529","Escavadeira Hidráulica","CATERPILLAR","320C","DIAGRAMA -320C U Excavator","-","true","https://cdn.appmaq.com.br/appmaq-media/manuals/01957100-b0e2-74bb-8403-7b55bf9364d3/019ecd3d-a40e-7c77-9816-79b1ba587216.pdf"
"1530","Escavadeira Hidráulica","CATERPILLAR","320C","ELÉTRICA BASICA MÁQUINAS CATERPILLAR -","-","true","https://cdn.appmaq.com.br/appmaq-media/manuals/01957100-b0e2-74bb-8403-7b55bf9364d3/019ec2aa-f306-7e36-af9c-370540cf31d7.pdf"
"1531","Escavadeira Hidráulica","CATERPILLAR","320C","FUNCIONAMENTO DA BOMBA HIDRAULICA ESCAVADEIRA - SÉRIE 300 -","-","true","https://cdn.appmaq.com.br/appmaq-media/manuals/01957100-b0e2-74bb-8403-7b55bf9364d3/019ec2aa-f3d6-7e81-b094-00443caf4a3d.pdf"
"1532","Escavadeira Hidráulica","CATERPILLAR","320C","MANUAL DE FALHAS ESCAVADEIRA - CATERPILLAR - 320C -","-","true","https://cdn.appmaq.com.br/appmaq-media/manuals/01957100-b0e2-74bb-8403-7b55bf9364d3/019ec2aa-f4e0-710c-a911-6f48f4c220d1.pdf"
"1533","Escavadeira Hidráulica","CATERPILLAR","320C","MANUAL TÉCNICO ESCAVADEIRA - CATERPILLAR -320C","-","true","https://cdn.appmaq.com.br/appmaq-media/manuals/01957100-b0e2-74bb-8403-7b55bf9364d3/019ec2aa-f595-70a5-86c1-34936b3aaee6.pdf"
"1534","Escavadeira Hidráulica","CATERPILLAR","320C","TREINAMENTO DO SISTEMA HIDRÁULICO DE ESCAVEDIRAS - CATERPILLAR -","-","true","https://cdn.appmaq.com.br/appmaq-media/manuals/01957100-b0e2-74bb-8403-7b55bf9364d3/019ec2aa-f662-7d29-b48b-00f0c2cdfb69.pdf"
"1535","Escavadeira Hidráulica","CATERPILLAR","320CL","DESMONTAGEM DO MOTOR C6.4 - DA ESCAVADEIRA - 320D - CATERPILLAR -","-","true","https://cdn.appmaq.com.br/appmaq-media/manuals/0196f443-bf85-74dc-8947-e1901ce837a7/019ec2ab-a2dc-7de6-a397-2b13c1deeef2.pdf"
"1536","Escavadeira Hidráulica","CATERPILLAR","320CL","ELÉTRICA BASICA MÁQUINAS CATERPILLAR -","-","true","https://cdn.appmaq.com.br/appmaq-media/manuals/0196f443-bf85-74dc-8947-e1901ce837a7/019ec2ab-a422-7792-a142-97ac2e188918.pdf"
"1537","Escavadeira Hidráulica","CATERPILLAR","320CL","FUNCIONAMENTO DA BOMBA HIDRAULICA ESCAVADEIRA - SÉRIE 300 -","-","true","https://cdn.appmaq.com.br/appmaq-media/manuals/0196f443-bf85-74dc-8947-e1901ce837a7/019ec2ab-a4bb-7c16-9ec3-b399945f2801.pdf"
"1538","Escavadeira Hidráulica","CATERPILLAR","320D","AJUSTE DO SISTEMA HIDRÁULICO ESCAVADEIRA - CATERPILLAR - 320D -","-","true","https://cdn.appmaq.com.br/appmaq-media/manuals/01957100-b0e2-7e22-b45c-04c127e7f56e/019ec2ad-0325-7864-8e79-db45cb7147dc.pdf"
"1539","Escavadeira Hidráulica","CATERPILLAR","320D","APOSTILHA DE MANUTENÇÃO ESCAVADEIRA- CATERPILLA - 320D - 320D2","-","true","https://cdn.appmaq.com.br/appmaq-media/manuals/01957100-b0e2-7e22-b45c-04c127e7f56e/019ec2ad-033c-7c8c-ad6e-93e44aa05943.pdf"
"1540","Escavadeira Hidráulica","CATERPILLAR","320D","CATÁLOGO DE PEÇAS ESCAVADEIRA - CATERPILLAR - 320D -","-","true","https://cdn.appmaq.com.br/appmaq-media/manuals/01957100-b0e2-7e22-b45c-04c127e7f56e/019ec2ad-0511-7b61-afd0-a84478f55243.pdf"
"1541","Escavadeira Hidráulica","CATERPILLAR","320D","CIRCUITO HIDRÁULICO ESCAVADEIRA - CATERPILLAR -320D - 323D - 323D MHPU -","-","true","https://cdn.appmaq.com.br/appmaq-media/manuals/01957100-b0e2-7e22-b45c-04c127e7f56e/019ec2ad-055a-7c2a-a9f7-2180b8317320.pdf"
"1542","Escavadeira Hidráulica","CATERPILLAR","320D","DESMONTAGEM DO MOTOR C6.4 - DA ESCAVADEIRA - 320D - CATERPILLAR -","-","true","https://cdn.appmaq.com.br/appmaq-media/manuals/01957100-b0e2-7e22-b45c-04c127e7f56e/019ec2ad-058e-7276-97c5-d9c6fda3fddd.pdf"
"1543","Escavadeira Hidráulica","CATERPILLAR","320D","DIAGNÓSTICO HIDRÁULICO ESCAVADEIRA - CATERPILLAR - 320D -","-","true","https://cdn.appmaq.com.br/appmaq-media/manuals/01957100-b0e2-7e22-b45c-04c127e7f56e/019ec2ad-07e3-7451-8312-365448344c44.pdf"
"1544","Escavadeira Hidráulica","CATERPILLAR","320D","DIAGRAMA HIDRÁULICO ESCAVADEIRA - CATERPILLAR - 320D -","-","true","https://cdn.appmaq.com.br/appmaq-media/manuals/01957100-b0e2-7e22-b45c-04c127e7f56e/019ec2ad-0982-7a29-8847-0ac2f7f36548.pdf"
"1545","Escavadeira Hidráulica","CATERPILLAR","320D","ELÉTRICA BASICA MÁQUINAS CATERPILLAR -","-","true","https://cdn.appmaq.com.br/appmaq-media/manuals/01957100-b0e2-7e22-b45c-04c127e7f56e/019ec2ad-09ca-716a-9b3b-618f2fe77626.pdf"
"1546","Escavadeira Hidráulica","CATERPILLAR","320D","ESPECIFICAÇÃO TÉCNICA ESCAVADEIRA - CATERPILLAR - 320D -","-","true","https://cdn.appmaq.com.br/appmaq-media/manuals/01957100-b0e2-7e22-b45c-04c127e7f56e/019ec2ad-0c3f-7552-a891-8c772cd07d2e.pdf"
"1547","Escavadeira Hidráulica","CATERPILLAR","320D","ESQUEMA HIDRÁULICO ESCAVADEIRA - CATERPILLAR - 320D -","-","true","https://cdn.appmaq.com.br/appmaq-media/manuals/01957100-b0e2-7e22-b45c-04c127e7f56e/019ec2ad-0d09-7a69-92c5-8929ae11b5bd.pdf"
"1548","Escavadeira Hidráulica","CATERPILLAR","320D","FOLHETO TÉCNICO ESCAVADEIRA - CATERPILLAR 320D -","-","true","https://cdn.appmaq.com.br/appmaq-media/manuals/01957100-b0e2-7e22-b45c-04c127e7f56e/019ec2ad-0db0-7115-9946-f921ef2713c0.pdf"
"1549","Escavadeira Hidráulica","CATERPILLAR","320D","FOLHETO TÉCNICO ESCAVADEIRA - CATERPILLAR 320D -","-","true","https://cdn.appmaq.com.br/appmaq-media/manuals/01957100-b0e2-7e22-b45c-04c127e7f56e/019ec2ad-94f9-78cb-a0ce-1c98a185d8bc.pdf"
"1550","Escavadeira Hidráulica","CATERPILLAR","320D","FUNCIONAMENTO DA BOMBA HIDRAULICA ESCAVADEIRA - SÉRIE 300 -","-","true","https://cdn.appmaq.com.br/appmaq-media/manuals/01957100-b0e2-7e22-b45c-04c127e7f56e/019ec2ad-9530-7e7b-afa5-24c57112cd87.pdf"
"1551","Escavadeira Hidráulica","CATERPILLAR","320D","INSTRUÇÃO DIAGRAMA HIDRÁILICO ESCAVADEIRA - CATERPILLAR - 320D -","-","true","https://cdn.appmaq.com.br/appmaq-media/manuals/01957100-b0e2-7e22-b45c-04c127e7f56e/019ec2ad-95ba-7d6b-8fd5-54ef21302963.pdf"
"1552","Escavadeira Hidráulica","CATERPILLAR","320D","LOCALIZAÇÃO E SOLUÇÃO DO PROBLEMA - CÓDIGOS DE FALHAS - ESCAVADEIRAS - CATERPILLAR","-","true","https://cdn.appmaq.com.br/appmaq-media/manuals/01957100-b0e2-7e22-b45c-04c127e7f56e/019ec2ad-9619-710b-ad3b-ac4482025a04.pdf"
"1553","Escavadeira Hidráulica","CATERPILLAR","320D","MANUAL DE OPERAÇÃO E MANUTENÇÃO ESCAVADEIRA - CATERPILLAR - 320D -","-","true","https://cdn.appmaq.com.br/appmaq-media/manuals/01957100-b0e2-7e22-b45c-04c127e7f56e/019ec2ad-9673-7e41-b88f-74b1b4758ebe.pdf"
"1554","Escavadeira Hidráulica","CATERPILLAR","320D","TESTE E AJUSTES SISTEMA HIDRÁULICO ESCAVADEIRA - CATERPILLAR - 320D - 323D -","-","true","https://cdn.appmaq.com.br/appmaq-media/manuals/01957100-b0e2-7e22-b45c-04c127e7f56e/019ec2ad-976d-7c67-ba2e-fb51be6426bd.pdf"
"1555","Escavadeira Hidráulica","CATERPILLAR","320D","TREINAMENTO DE MANUTENÇÃO ESCAVADEIRAS - CATERPILLAR -320D - 320D2","-","true","https://cdn.appmaq.com.br/appmaq-media/manuals/01957100-b0e2-7e22-b45c-04c127e7f56e/019ec2ad-980f-7a46-ab56-dd58773c7f67.pdf"
"1556","Escavadeira Hidráulica","CATERPILLAR","320D","TREINAMENTO DO SISTEMA HIDRÁULICO DE ESCAVEDIRAS - CATERPILLAR -","-","true","https://cdn.appmaq.com.br/appmaq-media/manuals/01957100-b0e2-7e22-b45c-04c127e7f56e/019ec2ad-99af-737c-b7e6-d9561c2b65fd.pdf"
"1557","Escavadeira Hidráulica","CATERPILLAR","320D","VALVULA SELONOIDE ESCAVADEIRA CATERPILLAR - 320D","-","true","https://cdn.appmaq.com.br/appmaq-media/manuals/01957100-b0e2-7e22-b45c-04c127e7f56e/019ec55c-6cab-73a7-833a-26ba3f6ee3a3.pdf"
"1558","Escavadeira Hidráulica","CATERPILLAR","320D","VALVULAS SELONOIDE ESCAVADEIRA - CATERPILLAR - 320D - 320D LRR - 321D LCR - 323D - 324D - 325D - 328D LCR - 329D - 340D","-","true","https://cdn.appmaq.com.br/appmaq-media/manuals/01957100-b0e2-7e22-b45c-04c127e7f56e/019ec2ad-9e21-7fbe-88cc-81e2936d395d.pdf"
"1559","Escavadeira Hidráulica","CATERPILLAR","320D2","APOSTILHA DE MANUTENÇÃO ESCAVADEIRA- CATERPILLA - 320D - 320D2","-","true","https://cdn.appmaq.com.br/appmaq-media/manuals/01957100-b0e3-7549-9a3a-aee2f707e512/019ec2af-05e5-78e6-a9e4-72188b84144b.pdf"
"1560","Escavadeira Hidráulica","CATERPILLAR","320D2","CATALOGO DE PEÇAS ESCAVADEIRA - CATERPILLAR -320D2 - 320D2 L","-","true","https://cdn.appmaq.com.br/appmaq-media/manuals/01957100-b0e3-7549-9a3a-aee2f707e512/019ec2af-0786-77c3-a331-2d5feed5f854.pdf"
"1561","Escavadeira Hidráulica","CATERPILLAR","320D2","ELÉTRICA BASICA MÁQUINAS CATERPILLAR -","-","true","https://cdn.appmaq.com.br/appmaq-media/manuals/01957100-b0e3-7549-9a3a-aee2f707e512/019ec2af-091a-72e6-a4d7-755e7e3764e2.pdf"
"1562","Escavadeira Hidráulica","CATERPILLAR","320D2","ESQUEMA HIDRÁULICO ESCAVADEIRA - CATERPILLAR - 320D -","-","true","https://cdn.appmaq.com.br/appmaq-media/manuals/01957100-b0e3-7549-9a3a-aee2f707e512/019ec2af-0af1-7d7c-990c-b5078dbdcedc.pdf"
"1563","Escavadeira Hidráulica","CATERPILLAR","320D2","FUNCIONAMENTO DA BOMBA HIDRAULICA ESCAVADEIRA - SÉRIE 300 -","-","true","https://cdn.appmaq.com.br/appmaq-media/manuals/01957100-b0e3-7549-9a3a-aee2f707e512/019ec2af-0bb2-70f1-a76a-16e301d9296e.pdf"
"1564","Escavadeira Hidráulica","CATERPILLAR","320D2","LOCALIZAÇÃO E SOLUÇÃO DO PROBLEMA - CÓDIGOS DE FALHAS - ESCAVADEIRAS - CATERPILLAR","-","true","https://cdn.appmaq.com.br/appmaq-media/manuals/01957100-b0e3-7549-9a3a-aee2f707e512/019ec2af-0c5d-76ee-9992-86856619e5f5.pdf"
"1565","Escavadeira Hidráulica","CATERPILLAR","320D2","MANUAL DE OPERAÇÃO E MANUTENÇÃO ESCAVADEIRA - CATERPILLAR -320D2 -","-","true","https://cdn.appmaq.com.br/appmaq-media/manuals/01957100-b0e3-7549-9a3a-aee2f707e512/019ec2af-0c90-79d2-a4b5-5d33262af6f5.pdf"
"1566","Escavadeira Hidráulica","CATERPILLAR","320D2","TREINAMENTO DE MANUTENÇÃO ESCAVADEIRAS - CATERPILLAR -320D - 320D2","-","true","https://cdn.appmaq.com.br/appmaq-media/manuals/01957100-b0e3-7549-9a3a-aee2f707e512/019ec2af-0d7b-7270-ba7f-493050f3d2ac.pdf"
"1567","Escavadeira Hidráulica","CATERPILLAR","320D2","TREINAMENTO DO SISTEMA HIDRÁULICO DE ESCAVEDIRAS - CATERPILLAR -","-","true","https://cdn.appmaq.com.br/appmaq-media/manuals/01957100-b0e3-7549-9a3a-aee2f707e512/019ec2af-0f3f-7df1-a2cf-5831e37a6ef4.pdf"
"1568","Escavadeira Hidráulica","CATERPILLAR","320D2L","CATALOGO DE PEÇAS ESCAVADEIRA - CATERPILLAR -320D2 - 320D2 L","-","true","https://cdn.appmaq.com.br/appmaq-media/manuals/0196f443-bf85-7b1d-9965-c5a39d966a61/019ec2b0-063a-7de0-9954-a656b173b22d.pdf"
"1569","Escavadeira Hidráulica","CATERPILLAR","320D2L","ELÉTRICA BASICA MÁQUINAS CATERPILLAR -","-","true","https://cdn.appmaq.com.br/appmaq-media/manuals/0196f443-bf85-7b1d-9965-c5a39d966a61/019ec2b0-078f-7248-b4c7-3aeb84f38b85.pdf"
"1570","Escavadeira Hidráulica","CATERPILLAR","320D2L","FUNCIONAMENTO DA BOMBA HIDRAULICA ESCAVADEIRA - SÉRIE 300 -","-","true","https://cdn.appmaq.com.br/appmaq-media/manuals/0196f443-bf85-7b1d-9965-c5a39d966a61/019ec2b0-0814-7c4b-bba0-3f68a30199f0.pdf"
"1571","Escavadeira Hidráulica","CATERPILLAR","320D FM","ESPECIFICAÇÃO TÉCNICA ESCAVADEIRA CATERPILLAR - 320D-FM - Escavadeira-Florestal -","-","true","https://cdn.appmaq.com.br/appmaq-media/manuals/019ed0f7-0fff-7546-9743-cdac2c66c162/019ed0f7-ec2f-7c61-a596-ef643661b498.pdf"
"1572","Escavadeira Hidráulica","CATERPILLAR","320D FM","FICHA TÉCNICA ESCAVADEIRA FLORESTAL - CATERPILLAR - 320D-FM","-","true","https://cdn.appmaq.com.br/appmaq-media/manuals/019ed0f7-0fff-7546-9743-cdac2c66c162/019ed0f7-ed6a-7582-92f6-4925168b4171.pdf"
"1573","Escavadeira Hidráulica","CATERPILLAR","320D FM","PLANO-DE-MANUTENCAO ESCAVADEIRA CATREPILLAR - -320D-FM- FLORESTAL","-","true","https://cdn.appmaq.com.br/appmaq-media/manuals/019ed0f7-0fff-7546-9743-cdac2c66c162/019ed0f7-edc6-73a1-958f-f3b3de5ba307.pdf"
"1574","Escavadeira Hidráulica","CATERPILLAR","320DL","APOSTILHA DE MANUTENÇÃO ESCAVADEIRA- CATERPILLA - 320D - 320D2","-","true","https://cdn.appmaq.com.br/appmaq-media/manuals/01957100-b0e3-7d94-bca5-182e3f16e235/019ec2b7-6c00-783e-b2fd-1af060b40ebf.pdf"
"1575","Escavadeira Hidráulica","CATERPILLAR","320DL","CATALOGO DE PEÇAS ESCAVADEIRA - CATERPILLAR -320D2 - 320D2 L","-","true","https://cdn.appmaq.com.br/appmaq-media/manuals/01957100-b0e3-7d94-bca5-182e3f16e235/019ec2b7-6da4-7f99-a8ea-970ad68427a6.pdf"
"1576","Escavadeira Hidráulica","CATERPILLAR","320DL","ELÉTRICA BASICA MÁQUINAS CATERPILLAR -","-","true","https://cdn.appmaq.com.br/appmaq-media/manuals/01957100-b0e3-7d94-bca5-182e3f16e235/019ec2b7-6f8d-755b-abeb-0196c65d1db8.pdf"
"1577","Escavadeira Hidráulica","CATERPILLAR","320DL","ESQUEMA HIDRÁULICO ESCAVADEIRA - CATERPILLAR - 320D -","-","true","https://cdn.appmaq.com.br/appmaq-media/manuals/01957100-b0e3-7d94-bca5-182e3f16e235/019ec2b7-702d-791b-aa70-735896f9c338.pdf"
"1578","Escavadeira Hidráulica","CATERPILLAR","320DL","FUNCIONAMENTO DA BOMBA HIDRAULICA ESCAVADEIRA - SÉRIE 300 -","-","true","https://cdn.appmaq.com.br/appmaq-media/manuals/01957100-b0e3-7d94-bca5-182e3f16e235/019ec2b7-70ac-7bf6-9a40-9b80d7e50195.pdf"
"1579","Escavadeira Hidráulica","CATERPILLAR","320DL","LOCALIZAÇÃO E SOLUÇÃO DO PROBLEMA - CÓDIGOS DE FALHAS - ESCAVADEIRAS - CATERPILLAR","-","true","https://cdn.appmaq.com.br/appmaq-media/manuals/01957100-b0e3-7d94-bca5-182e3f16e235/019ec2b7-716e-7ab8-91a8-4feb416ef889.pdf"
"1580","Escavadeira Hidráulica","CATERPILLAR","320DL","MANUAL DE OPERAÇÃO E MANUTENÇÃO ESCAVADEIRA - CATERPILLAR -320D2 -","-","true","https://cdn.appmaq.com.br/appmaq-media/manuals/01957100-b0e3-7d94-bca5-182e3f16e235/019ec2b7-7202-71a6-af56-2b940690a868.pdf"
"1581","Escavadeira Hidráulica","CATERPILLAR","320DL","TREINAMENTO DE MANUTENÇÃO ESCAVADEIRAS - CATERPILLAR -320D - 320D2","-","true","https://cdn.appmaq.com.br/appmaq-media/manuals/01957100-b0e3-7d94-bca5-182e3f16e235/019ec2b7-7295-7140-ab22-0ec12a3a28f0.pdf"
"1582","Escavadeira Hidráulica","CATERPILLAR","320DL","TREINAMENTO DO SISTEMA HIDRÁULICO DE ESCAVEDIRAS - CATERPILLAR -","-","true","https://cdn.appmaq.com.br/appmaq-media/manuals/01957100-b0e3-7d94-bca5-182e3f16e235/019ec2b7-745e-7b53-bbeb-9926eec50dad.pdf"
"1583","Escavadeira Hidráulica","CATERPILLAR","320 FB","DIAGRAMA -320 FB - 320 LL - 325 FB - 325 LL - 330 FB - 330 LL","-","true","https://cdn.appmaq.com.br/appmaq-media/manuals/019ecc71-f2f0-7ba9-9ca7-7c4301237e0a/019ecd39-8e85-797b-ba8b-0f4e868a2169.pdf"
"1584","Escavadeira Hidráulica","CATERPILLAR","320GC","ELÉTRICA BASICA MÁQUINAS CATERPILLAR -","-","true","https://cdn.appmaq.com.br/appmaq-media/manuals/01957100-b0e2-7cb9-8c2e-9d033b6df718/019ec2b9-b4c9-77fe-a240-11119e045d8b.pdf"
"1585","Escavadeira Hidráulica","CATERPILLAR","320GC","ESPECIFICAÇÕES TÉCNICA ESCAVADEIRA - CATERPILLAR - 320 - 320GC -","-","true","https://cdn.appmaq.com.br/appmaq-media/manuals/01957100-b0e2-7cb9-8c2e-9d033b6df718/019ec2b9-b5ec-7fc7-8517-782986956102.pdf"
"1586","Escavadeira Hidráulica","CATERPILLAR","320GC","FICHA TÉCNICA ESCAVADEIRA - CATERPILLAR - 320-GC","-","true","https://cdn.appmaq.com.br/appmaq-media/manuals/01957100-b0e2-7cb9-8c2e-9d033b6df718/019ec2b9-b604-7e3a-8d08-08f3e4bc00f2.pdf"
"1587","Escavadeira Hidráulica","CATERPILLAR","320GC","FICHA TÉCNICA ESCAVADEIRA - CATERPILLAR - 320-GC-–-Tier-4_Estágio-V","-","true","https://cdn.appmaq.com.br/appmaq-media/manuals/01957100-b0e2-7cb9-8c2e-9d033b6df718/019ec2b9-b76d-70b5-b86f-86802809a69c.pdf"
"1588","Escavadeira Hidráulica","CATERPILLAR","320GC","FICHA TÉCNICA ESCAVADEIRA - CATERPIULLAR - 320-GC","-","true","https://cdn.appmaq.com.br/appmaq-media/manuals/01957100-b0e2-7cb9-8c2e-9d033b6df718/019ec2b9-bd85-7adf-afc8-2963e59183a2.pdf"
"1589","Escavadeira Hidráulica","CATERPILLAR","320GC","FUNCIONAMENTO DA BOMBA HIDRAULICA ESCAVADEIRA - SÉRIE 300 -","-","true","https://cdn.appmaq.com.br/appmaq-media/manuals/01957100-b0e2-7cb9-8c2e-9d033b6df718/019ec2b9-be6b-7bdb-a942-7aaaab3005a4.pdf"
"1590","Escavadeira Hidráulica","CATERPILLAR","320GC","OPERAÇÃO DO SISTEMA HIDRÁULICO - ESCAVADEIRA - CATERPILLAR - 320 - 320GC - 323 - 323GC -","-","true","https://cdn.appmaq.com.br/appmaq-media/manuals/01957100-b0e2-7cb9-8c2e-9d033b6df718/019ec2b9-c0cd-7fa2-b5b1-ef35a8ee5258.pdf"
"1591","Escavadeira Hidráulica","CATERPILLAR","320GC","TREINAMENTO DO SISTEMA HIDRÁULICO DE ESCAVEDIRAS - CATERPILLAR -","-","true","https://cdn.appmaq.com.br/appmaq-media/manuals/01957100-b0e2-7cb9-8c2e-9d033b6df718/019ec2b9-c3f1-7d64-93be-82b508b48b69.pdf"
"1592","Escavadeira Hidráulica","CATERPILLAR","320GC","TREINAMENTO ESCAVADEIRA - CATERPILLAR - 320 - -320GC - 323 -","-","true","https://cdn.appmaq.com.br/appmaq-media/manuals/01957100-b0e2-7cb9-8c2e-9d033b6df718/019ec2b9-c77f-7a24-ba70-8d0be8fa702d.pdf"
"1593","Escavadeira Hidráulica","CATERPILLAR","320GC","TREINAMENTO TÉCNICO DE SEGURANÇA ESCAVADEIRA - CATERPILLAR - 320 - 320GC - 323NG -","-","true","https://cdn.appmaq.com.br/appmaq-media/manuals/01957100-b0e2-7cb9-8c2e-9d033b6df718/019ec2b9-c7e9-74eb-8daf-49b585ce8446.pdf"
"1594","Escavadeira Hidráulica","CATERPILLAR","320 L","DIAGRAMA -320 & 320 L Excavators","-","true","https://cdn.appmaq.com.br/appmaq-media/manuals/019ecc72-e348-79b7-a4eb-54f7e2834b28/019ecd3a-592a-712e-a176-a251082dd08e.pdf"
"1595","Escavadeira Hidráulica","CATERPILLAR","320 L","DIAGRAMA -320, 320 N, 320 L And 320 S","-","true","https://cdn.appmaq.com.br/appmaq-media/manuals/019ecc72-e348-79b7-a4eb-54f7e2834b28/019ecd3a-5942-7484-9c91-3f93bfcca2c0.pdf"
"1596","Escavadeira Hidráulica","CATERPILLAR","320 LL","DIAGRAMA -320 FB - 320 LL - 325 FB - 325 LL - 330 FB - 330 LL","-","true","https://cdn.appmaq.com.br/appmaq-media/manuals/019ecc73-5a27-7f8c-8831-747e516fa79b/019ecd3a-f5ff-7e3f-94b0-1ef6df36d039.pdf"
"1597","Escavadeira Hidráulica","CATERPILLAR","320 N","DIAGRAMA -320, 320 N, 320 L And 320 S","-","true","https://cdn.appmaq.com.br/appmaq-media/manuals/019ecc73-efa0-7b53-a311-b3ff01244e0e/019ecd3b-8140-7ee2-a1d4-ece697487ec1.pdf"
"1598","Escavadeira Hidráulica","CATERPILLAR","320 S","DIAGRAMA -320, 320 N, 320 L And 320 S","-","true","https://cdn.appmaq.com.br/appmaq-media/manuals/019ecc74-6fe7-7803-8e19-3f5f6e7522f9/019ecd3c-3636-717d-a8f3-7a43d784adde.pdf"
"1599","Escavadeira Hidráulica","CATERPILLAR","321C","ELÉTRICA BASICA MÁQUINAS CATERPILLAR -","-","true","https://cdn.appmaq.com.br/appmaq-media/manuals/019ec2eb-28b3-7c49-8f10-5e7af9947976/019ec2f3-2bf5-75c7-99a6-67bb01978a66.pdf"
"1600","Escavadeira Hidráulica","CATERPILLAR","321C","FUNCIONAMENTO DA BOMBA HIDRAULICA ESCAVADEIRA - SÉRIE 300 -","-","true","https://cdn.appmaq.com.br/appmaq-media/manuals/019ec2eb-28b3-7c49-8f10-5e7af9947976/019ec2f3-2c6c-7504-b005-70adfcd43a20.pdf"
"1601","Escavadeira Hidráulica","CATERPILLAR","321C","LOCALIZAÇÃO E SOLUÇÃO DO PROBLEMA - CÓDIGOS DE FALHAS - ESCAVADEIRAS - CATERPILLAR","-","true","https://cdn.appmaq.com.br/appmaq-media/manuals/019ec2eb-28b3-7c49-8f10-5e7af9947976/019ec2f3-2ca4-7051-8343-7d55a0ec12d0.pdf"
"1602","Escavadeira Hidráulica","CATERPILLAR","321C","TREINAMENTO DO SISTEMA HIDRÁULICO DE ESCAVEDIRAS - CATERPILLAR -","-","true","https://cdn.appmaq.com.br/appmaq-media/manuals/019ec2eb-28b3-7c49-8f10-5e7af9947976/019ec2f3-2d4f-7b3e-9758-ff50074e5258.pdf"
"1603","Escavadeira Hidráulica","CATERPILLAR","321D","ELÉTRICA BASICA MÁQUINAS CATERPILLAR -","-","true","https://cdn.appmaq.com.br/appmaq-media/manuals/019ec2ec-4b5a-7674-9c3e-c532f410a235/019ec2f4-2fa3-7974-a37c-f674325219dc.pdf"
"1604","Escavadeira Hidráulica","CATERPILLAR","321D","FUNCIONAMENTO DA BOMBA HIDRAULICA ESCAVADEIRA - SÉRIE 300 -","-","true","https://cdn.appmaq.com.br/appmaq-media/manuals/019ec2ec-4b5a-7674-9c3e-c532f410a235/019ec2f4-3014-7902-80a2-fd2ba7a54f8f.pdf"
"1605","Escavadeira Hidráulica","CATERPILLAR","321D","LOCALIZAÇÃO E SOLUÇÃO DO PROBLEMA - CÓDIGOS DE FALHAS - ESCAVADEIRAS - CATERPILLAR","-","true","https://cdn.appmaq.com.br/appmaq-media/manuals/019ec2ec-4b5a-7674-9c3e-c532f410a235/019ec2f4-3035-7436-ba7e-47025d4ce2c3.pdf"
"1606","Escavadeira Hidráulica","CATERPILLAR","321D","TREINAMENTO DO SISTEMA HIDRÁULICO DE ESCAVEDIRAS - CATERPILLAR -","-","true","https://cdn.appmaq.com.br/appmaq-media/manuals/019ec2ec-4b5a-7674-9c3e-c532f410a235/019ec2f4-30f3-7115-96f4-d8430081d1fc.pdf"
"1607","Escavadeira Hidráulica","CATERPILLAR","321D L","ELÉTRICA BASICA MÁQUINAS CATERPILLAR -","-","true","https://cdn.appmaq.com.br/appmaq-media/manuals/01957100-b0e3-7474-a3fc-82e7fe981bb1/019ec2f5-78e4-7009-acbb-d33e88725369.pdf"
"1608","Escavadeira Hidráulica","CATERPILLAR","321D L","FUNCIONAMENTO DA BOMBA HIDRAULICA ESCAVADEIRA - SÉRIE 300 -","-","true","https://cdn.appmaq.com.br/appmaq-media/manuals/01957100-b0e3-7474-a3fc-82e7fe981bb1/019ec2f5-7956-704e-9c35-502703ec8a2e.pdf"
"1609","Escavadeira Hidráulica","CATERPILLAR","321D L","TREINAMENTO DO SISTEMA HIDRÁULICO DE ESCAVEDIRAS - CATERPILLAR -","-","true","https://cdn.appmaq.com.br/appmaq-media/manuals/01957100-b0e3-7474-a3fc-82e7fe981bb1/019ec2f5-7984-76f3-8d62-b42ae1d37fa1.pdf"
"1610","Escavadeira Hidráulica","CATERPILLAR","321D L","VALVULAS SELONOIDE ESCAVADEIRA - CATERPILLAR - 320D - 320D LRR - 321D LCR - 323D - 324D - 325D - 328D LCR - 329D - 340D","-","true","https://cdn.appmaq.com.br/appmaq-media/manuals/01957100-b0e3-7474-a3fc-82e7fe981bb1/019ec2f5-7da7-7dbe-b91e-5c23f30a12e6.pdf"
"1611","Escavadeira Hidráulica","CATERPILLAR","322","DIAGRAMA -322 & 322 L Excavators","-","true","https://cdn.appmaq.com.br/appmaq-media/manuals/019ecc76-b8d2-7399-964f-8c8e89ceb35f/019ecd3e-4dc0-7ced-9506-f6a09e0f5cdd.pdf"
"1612","Escavadeira Hidráulica","CATERPILLAR","322B","DIAGRAMA -322B Excavator","-","true","https://cdn.appmaq.com.br/appmaq-media/manuals/019ecc78-0eca-72e0-a212-a9a244f2682d/019ecd41-8375-786e-94c1-2c47eff4e673.pdf"
"1613","Escavadeira Hidráulica","CATERPILLAR","322B L","DIAGRAMA -322B L","-","true","https://cdn.appmaq.com.br/appmaq-media/manuals/019ecc78-6b42-7afd-8eec-9b5cb227598b/019ecd42-3eca-7a0e-8ba3-29b930daafe0.pdf"
"1614","Escavadeira Hidráulica","CATERPILLAR","322B L","DIAGRAMA -322B L and 322B LN Excavator","-","true","https://cdn.appmaq.com.br/appmaq-media/manuals/019ecc78-6b42-7afd-8eec-9b5cb227598b/019ecd42-3e76-7b91-9f52-7edf8308dde8.pdf"
"1615","Escavadeira Hidráulica","CATERPILLAR","322B L","DIAGRAMA -322B L Excavator","-","true","https://cdn.appmaq.com.br/appmaq-media/manuals/019ecc78-6b42-7afd-8eec-9b5cb227598b/019ecd42-3e92-72ca-9ee8-0bc671d196ae.pdf"
"1616","Escavadeira Hidráulica","CATERPILLAR","322B LN","DIAGRAMA -322B L and 322B LN Excavator","-","true","https://cdn.appmaq.com.br/appmaq-media/manuals/019ecc78-c22e-7b6f-a592-0084354e4374/019ecd43-0010-76e4-bb4e-514acc2d258f.pdf"
"1617","Escavadeira Hidráulica","CATERPILLAR","322C","DIAGRAMA -322C - Excavator","-","true","https://cdn.appmaq.com.br/appmaq-media/manuals/019ecc78-fb52-73bc-8ac0-669afeb6f718/019ecd43-aebe-712a-a52e-7aed8d91288a.pdf"
"1618","Escavadeira Hidráulica","CATERPILLAR","322C","DIAGRAMA -322C Excavator","-","true","https://cdn.appmaq.com.br/appmaq-media/manuals/019ecc78-fb52-73bc-8ac0-669afeb6f718/019ecd43-af1c-7e1b-9b29-248e80c936ce.pdf"
"1619","Escavadeira Hidráulica","CATERPILLAR","322C","DIAGRAMA -322C Excavator Electrical System","-","true","https://cdn.appmaq.com.br/appmaq-media/manuals/019ecc78-fb52-73bc-8ac0-669afeb6f718/019ecd43-aef3-793e-b3d9-26ac9157ecda.pdf"
"1620","Escavadeira Hidráulica","CATERPILLAR","322C FM","DIAGRAMA -322C FM and 322C LL","-","true","https://cdn.appmaq.com.br/appmaq-media/manuals/019ecc79-4622-7b83-af0e-0c17f62feb7d/019ecd44-954c-7f9b-a4b8-beabcc42bc8d.pdf"
"1621","Escavadeira Hidráulica","CATERPILLAR","322C LL","DIAGRAMA -322C FM and 322C LL","-","true","https://cdn.appmaq.com.br/appmaq-media/manuals/019ecc79-9f7a-7d01-97e2-22c7031bf351/019ecd45-5671-73df-97c8-a3f0df953fff.pdf"
"1622","Escavadeira Hidráulica","CATERPILLAR","322 L","DIAGRAMA -322 & 322 L Excavators","-","true","https://cdn.appmaq.com.br/appmaq-media/manuals/019ecc77-0c9f-7e17-b76f-04c73dbe6c7b/019ecd3e-fc1c-776e-ad9f-8516f07716d9.pdf"
"1623","Escavadeira Hidráulica","CATERPILLAR","322 L","DIAGRAMA -322 L, 322 N and 322 LN","-","true","https://cdn.appmaq.com.br/appmaq-media/manuals/019ecc77-0c9f-7e17-b76f-04c73dbe6c7b/019ecd3e-fc36-7fda-9477-f2e8dc08dda5.pdf"
"1624","Escavadeira Hidráulica","CATERPILLAR","322 LN","DIAGRAMA -322 L, 322 N and 322 LN","-","true","https://cdn.appmaq.com.br/appmaq-media/manuals/019ecc77-5164-7f46-af2e-367307cdfdb1/019ecd3f-a80b-7d91-a787-439e363c0707.pdf"
"1625","Escavadeira Hidráulica","CATERPILLAR","322 N","DIAGRAMA -322 L, 322 N and 322 LN","-","true","https://cdn.appmaq.com.br/appmaq-media/manuals/019ecc77-9aa6-7ad5-bdef-30835dd0fa56/019ecd40-e9b0-7913-801f-5df7f5c37526.pdf"
"1626","Escavadeira Hidráulica","CATERPILLAR","323","ELÉTRICA BASICA MÁQUINAS CATERPILLAR -","-","true","https://cdn.appmaq.com.br/appmaq-media/manuals/01957100-b0e1-7d54-81d1-d3af2f85a156/019ec2f6-a68c-793f-9939-d0a40b7593a2.pdf"
"1627","Escavadeira Hidráulica","CATERPILLAR","323","FICHA TÉCNICA ESCAVADEIRA - CATERPILLAR - 323","-","true","https://cdn.appmaq.com.br/appmaq-media/manuals/01957100-b0e1-7d54-81d1-d3af2f85a156/019ec2f6-a7ae-7e01-a9a5-ed9cf2345664.pdf"
"1628","Escavadeira Hidráulica","CATERPILLAR","323","FUNCIONAMENTO DA BOMBA HIDRAULICA ESCAVADEIRA - SÉRIE 300 -","-","true","https://cdn.appmaq.com.br/appmaq-media/manuals/01957100-b0e1-7d54-81d1-d3af2f85a156/019ec2f6-aa90-76bd-9ad2-0472a05431a7.pdf"
"1629","Escavadeira Hidráulica","CATERPILLAR","323","MANUAL DE OPERAÇÃO E MANUTENÇÃO ESCAVADEIRA - CATERPILLAR - 320 - 323 -","-","true","https://cdn.appmaq.com.br/appmaq-media/manuals/01957100-b0e1-7d54-81d1-d3af2f85a156/019ec2f6-ac89-73f4-9aa4-4636bb22d3d8.pdf"
"1630","Escavadeira Hidráulica","CATERPILLAR","323","OPERAÇÃO DO SISTEMA HIDRÁULICO - ESCAVADEIRA - CATERPILLAR - 320 - 320GC - 323 - 323GC -","-","true","https://cdn.appmaq.com.br/appmaq-media/manuals/01957100-b0e1-7d54-81d1-d3af2f85a156/019ec2f6-b490-7c09-8dcc-0428296e6f9a.pdf"
"1631","Escavadeira Hidráulica","CATERPILLAR","323","SISTEMA HIDRÁULICO ESCAVADEIRA - CATERPILLAR - 320 - 320GC- 323 - 323GC -","-","true","https://cdn.appmaq.com.br/appmaq-media/manuals/01957100-b0e1-7d54-81d1-d3af2f85a156/019ec2f6-b4f1-7935-884e-e5619b764e5b.pdf"
"1632","Escavadeira Hidráulica","CATERPILLAR","323","TREINAMENTO DO SISTEMA HIDRÁULICO DE ESCAVEDIRAS - CATERPILLAR -","-","true","https://cdn.appmaq.com.br/appmaq-media/manuals/01957100-b0e1-7d54-81d1-d3af2f85a156/019ec2f6-ba17-7f11-8e8a-b79e29f224df.pdf"
"1633","Escavadeira Hidráulica","CATERPILLAR","323","TREINAMENTO ESCAVADEIRA - CATERPILLAR - 320 - -320GC - 323 -","-","true","https://cdn.appmaq.com.br/appmaq-media/manuals/01957100-b0e1-7d54-81d1-d3af2f85a156/019ec2f6-be48-7993-9a87-8ba61fd43692.pdf"
"1634","Escavadeira Hidráulica","CATERPILLAR","323D","CIRCUITO HIDRÁULICO ESCAVADEIRA - CATERPILLAR -320D - 323D - 323D MHPU -","-","true","https://cdn.appmaq.com.br/appmaq-media/manuals/01957100-b0e3-7593-b964-f533e2ff9605/019ec318-cc7b-7513-b08d-9738894b34d4.pdf"
"1635","Escavadeira Hidráulica","CATERPILLAR","323D","ELÉTRICA BASICA MÁQUINAS CATERPILLAR -","-","true","https://cdn.appmaq.com.br/appmaq-media/manuals/01957100-b0e3-7593-b964-f533e2ff9605/019ec318-cc8f-7085-a019-d8fe78134129.pdf"
"1636","Escavadeira Hidráulica","CATERPILLAR","323D","ESPECIFICAÇÃO TÉCNICA ESCAVADEIRA - CATERPILLAR - 320D - 320DL -","-","true","https://cdn.appmaq.com.br/appmaq-media/manuals/01957100-b0e3-7593-b964-f533e2ff9605/019ec318-cdf7-75ea-8fa8-eed599e17b34.pdf"
"1637","Escavadeira Hidráulica","CATERPILLAR","323D","ESPECIFICAÇÃO TÉCNICA ESCAVADEIRA - CATERPILLAR - 323D-L -","-","true","https://cdn.appmaq.com.br/appmaq-media/manuals/01957100-b0e3-7593-b964-f533e2ff9605/019ec318-cd2a-7c30-ad37-e660159f6f36.pdf"
"1638","Escavadeira Hidráulica","CATERPILLAR","323D","FUNCIONAMENTO DA BOMBA HIDRAULICA ESCAVADEIRA - SÉRIE 300 -","-","true","https://cdn.appmaq.com.br/appmaq-media/manuals/01957100-b0e3-7593-b964-f533e2ff9605/019ec318-ce87-7d44-8580-2b84c9747f0b.pdf"
"1639","Escavadeira Hidráulica","CATERPILLAR","323D","LOCALIZAÇÃO E SOLUÇÃO DO PROBLEMA - CÓDIGOS DE FALHAS - ESCAVADEIRAS - CATERPILLAR","-","true","https://cdn.appmaq.com.br/appmaq-media/manuals/01957100-b0e3-7593-b964-f533e2ff9605/019ec318-cf36-7e93-95fa-fe217273d180.pdf"
"1640","Escavadeira Hidráulica","CATERPILLAR","323D","TESTE E AJUSTES SISTEMA HIDRÁULICO ESCAVADEIRA - CATERPILLAR - 320D - 323D -","-","true","https://cdn.appmaq.com.br/appmaq-media/manuals/01957100-b0e3-7593-b964-f533e2ff9605/019ec318-d2f9-7b07-b999-feb2002fb158.pdf"
"1641","Escavadeira Hidráulica","CATERPILLAR","323D","TREINAMENTO DO SISTEMA HIDRÁULICO DE ESCAVEDIRAS - CATERPILLAR -","-","true","https://cdn.appmaq.com.br/appmaq-media/manuals/01957100-b0e3-7593-b964-f533e2ff9605/019ec318-d385-7966-8131-975adc1f9fd5.pdf"
"1642","Escavadeira Hidráulica","CATERPILLAR","323D","VALVULAS SELONOIDE ESCAVADEIRA - CATERPILLAR - 320D - 320D LRR - 321D LCR - 323D - 324D - 325D - 328D LCR - 329D - 340D","-","true","https://cdn.appmaq.com.br/appmaq-media/manuals/01957100-b0e3-7593-b964-f533e2ff9605/019ec318-d8ce-739c-aa63-c76be1d13d3d.pdf"
"1643","Escavadeira Hidráulica","CATERPILLAR","323DL","ESPECIFICAÇÃO TÉCNICA ESCAVADEIRA - CATERPILLAR - 323DL -","-","true","https://cdn.appmaq.com.br/appmaq-media/manuals/0196f443-bf85-7524-bddd-e14807bd79bc/019ec31b-f00f-7c8c-9869-3406ce162a81.pdf"
"1644","Escavadeira Hidráulica","CATERPILLAR","323D MHPU","CIRCUITO HIDRÁULICO ESCAVADEIRA - CATERPILLAR -320D - 323D - 323D MHPU -","-","true","https://cdn.appmaq.com.br/appmaq-media/manuals/0196a209-dbd7-7446-8113-9baa940dfa58/019ec320-543f-735d-a3ea-6adee291be10.pdf"
"1645","Escavadeira Hidráulica","CATERPILLAR","323D MHPU","ELÉTRICA BASICA MÁQUINAS CATERPILLAR -","-","true","https://cdn.appmaq.com.br/appmaq-media/manuals/0196a209-dbd7-7446-8113-9baa940dfa58/019ec320-5450-786a-8235-838ec9634320.pdf"
"1646","Escavadeira Hidráulica","CATERPILLAR","323D MHPU","FUNCIONAMENTO DA BOMBA HIDRAULICA ESCAVADEIRA - SÉRIE 300 -","-","true","https://cdn.appmaq.com.br/appmaq-media/manuals/0196a209-dbd7-7446-8113-9baa940dfa58/019ec320-5513-79c3-bf0d-446339ab0db2.pdf"
"1647","Escavadeira Hidráulica","CATERPILLAR","323D MHPU","LOCALIZAÇÃO E SOLUÇÃO DO PROBLEMA - CÓDIGOS DE FALHAS - ESCAVADEIRAS - CATERPILLAR","-","true","https://cdn.appmaq.com.br/appmaq-media/manuals/0196a209-dbd7-7446-8113-9baa940dfa58/019ec320-55c2-7160-93d6-6e7dcf35862e.pdf"
"1648","Escavadeira Hidráulica","CATERPILLAR","323D MHPU","TREINAMENTO DO SISTEMA HIDRÁULICO DE ESCAVEDIRAS - CATERPILLAR -","-","true","https://cdn.appmaq.com.br/appmaq-media/manuals/0196a209-dbd7-7446-8113-9baa940dfa58/019ec320-5619-7e2a-8396-c77a24856158.pdf"
"1649","Escavadeira Hidráulica","CATERPILLAR","323GC","ELÉTRICA BASICA MÁQUINAS CATERPILLAR -","-","true","https://cdn.appmaq.com.br/appmaq-media/manuals/019ec31e-c8d0-775e-9291-273e41c54e22/019ec321-aebf-7e8f-8a13-1ab466b7678a.pdf"
"1650","Escavadeira Hidráulica","CATERPILLAR","323GC","FUNCIONAMENTO DA BOMBA HIDRAULICA ESCAVADEIRA - SÉRIE 300 -","-","true","https://cdn.appmaq.com.br/appmaq-media/manuals/019ec31e-c8d0-775e-9291-273e41c54e22/019ec321-af34-789e-a002-36aeb1631953.pdf"
"1651","Escavadeira Hidráulica","CATERPILLAR","323GC","OPERAÇÃO DO SISTEMA HIDRÁULICO - ESCAVADEIRA - CATERPILLAR - 320 - 320GC - 323 - 323GC -","-","true","https://cdn.appmaq.com.br/appmaq-media/manuals/019ec31e-c8d0-775e-9291-273e41c54e22/019ec321-af5e-73eb-83ba-dd9290fc0da9.pdf"
"1652","Escavadeira Hidráulica","CATERPILLAR","323GC","SISTEMA HIDRÁULICO ESCAVADEIRA - CATERPILLAR - 320 - 320GC- 323 - 323GC -","-","true","https://cdn.appmaq.com.br/appmaq-media/manuals/019ec31e-c8d0-775e-9291-273e41c54e22/019ec321-b00a-7ed4-9bd5-820de6a3707c.pdf"
"1653","Escavadeira Hidráulica","CATERPILLAR","323GC","TREINAMENTO DO SISTEMA HIDRÁULICO DE ESCAVEDIRAS - CATERPILLAR -","-","true","https://cdn.appmaq.com.br/appmaq-media/manuals/019ec31e-c8d0-775e-9291-273e41c54e22/019ec321-b049-7f02-8df1-947fdd006970.pdf"
"1654","Escavadeira Hidráulica","CATERPILLAR","323NG","ELÉTRICA BASICA MÁQUINAS CATERPILLAR -","-","true","https://cdn.appmaq.com.br/appmaq-media/manuals/019ec31f-523f-7a71-8a83-8e2483724f77/019ec32a-31ad-72c4-b227-ef7cea8b11d0.pdf"
"1655","Escavadeira Hidráulica","CATERPILLAR","323NG","FUNCIONAMENTO DA BOMBA HIDRAULICA ESCAVADEIRA - SÉRIE 300 -","-","true","https://cdn.appmaq.com.br/appmaq-media/manuals/019ec31f-523f-7a71-8a83-8e2483724f77/019ec32a-325d-71df-b2b2-0ecb200cf7e4.pdf"
"1656","Escavadeira Hidráulica","CATERPILLAR","323NG","TREINAMENTO DO SISTEMA HIDRÁULICO DE ESCAVEDIRAS - CATERPILLAR -","-","true","https://cdn.appmaq.com.br/appmaq-media/manuals/019ec31f-523f-7a71-8a83-8e2483724f77/019ec32a-3313-72fb-9cf1-de0dcb8ae2d4.pdf"
"1657","Escavadeira Hidráulica","CATERPILLAR","323NG","TREINAMENTO TÉCNICO DE SEGURANÇA ESCAVADEIRA - CATERPILLAR - 320 - 320GC - 323NG -","-","true","https://cdn.appmaq.com.br/appmaq-media/manuals/019ec31f-523f-7a71-8a83-8e2483724f77/019ec32a-37dc-7671-b5e6-04d90dd275c4.pdf"
"1658","Escavadeira Hidráulica","CATERPILLAR","323NG","TREINAMENTO TÉCNICO DIAGRAMA ELETROHIDRÁULICO - CATERPILLAR -320 - 320GC - 323NG -","-","true","https://cdn.appmaq.com.br/appmaq-media/manuals/019ec31f-523f-7a71-8a83-8e2483724f77/019ec32a-3876-7942-a4e5-2006b35916e5.pdf"
"1659","Escavadeira Hidráulica","CATERPILLAR","324D","ELÉTRICA BASICA MÁQUINAS CATERPILLAR -","-","true","https://cdn.appmaq.com.br/appmaq-media/manuals/0198c736-cc13-7d71-8421-ae57d57b296c/019ec32a-ff54-7c64-9a6a-2e7a9224ae05.pdf"
"1660","Escavadeira Hidráulica","CATERPILLAR","324D","FUNCIONAMENTO DA BOMBA HIDRAULICA ESCAVADEIRA - SÉRIE 300 -","-","true","https://cdn.appmaq.com.br/appmaq-media/manuals/0198c736-cc13-7d71-8421-ae57d57b296c/019ec32a-ffc4-75fb-8dba-9ecbb0ecd082.pdf"
"1661","Escavadeira Hidráulica","CATERPILLAR","324D","LOCALIZAÇÃO E SOLUÇÃO DO PROBLEMA - CÓDIGOS DE FALHAS - ESCAVADEIRAS - CATERPILLAR","-","true","https://cdn.appmaq.com.br/appmaq-media/manuals/0198c736-cc13-7d71-8421-ae57d57b296c/019ec32b-0021-754b-8770-769bb1ae6222.pdf"
"1662","Escavadeira Hidráulica","CATERPILLAR","324D","PLANO HIDRÁULICO ESCAVADEIRA - CATERPILLAR - 324D -","-","true","https://cdn.appmaq.com.br/appmaq-media/manuals/0198c736-cc13-7d71-8421-ae57d57b296c/019ec32b-00bc-7c3d-ab42-c44e76ee4deb.pdf"
"1663","Escavadeira Hidráulica","CATERPILLAR","324D","TREINAMENTO DO SISTEMA HIDRÁULICO DE ESCAVEDIRAS - CATERPILLAR -","-","true","https://cdn.appmaq.com.br/appmaq-media/manuals/0198c736-cc13-7d71-8421-ae57d57b296c/019ec32b-0114-7c6a-ae7c-2d8829a42023.pdf"
"1664","Escavadeira Hidráulica","CATERPILLAR","324D","VALVULAS SELONOIDE ESCAVADEIRA - CATERPILLAR - 320D - 320D LRR - 321D LCR - 323D - 324D - 325D - 328D LCR - 329D - 340D","-","true","https://cdn.appmaq.com.br/appmaq-media/manuals/0198c736-cc13-7d71-8421-ae57d57b296c/019ec32b-04cc-72e9-89dc-e9cba5d29234.pdf"
"1665","Escavadeira Hidráulica","CATERPILLAR","324D FM","ELÉTRICA BASICA MÁQUINAS CATERPILLAR -","-","true","https://cdn.appmaq.com.br/appmaq-media/manuals/019ec32c-8381-76d6-84a1-6eaa904035dc/019ec330-7e7e-7b2a-b958-24c3ea854d74.pdf"
"1666","Escavadeira Hidráulica","CATERPILLAR","324D FM","FUNCIONAMENTO DA BOMBA HIDRAULICA ESCAVADEIRA - SÉRIE 300 -","-","true","https://cdn.appmaq.com.br/appmaq-media/manuals/019ec32c-8381-76d6-84a1-6eaa904035dc/019ec330-7ef9-7258-abc9-e56efc411684.pdf"
"1667","Escavadeira Hidráulica","CATERPILLAR","324D FM","LOCALIZAÇÃO E SOLUÇÃO DO PROBLEMA - CÓDIGOS DE FALHAS - ESCAVADEIRAS - CATERPILLAR","-","true","https://cdn.appmaq.com.br/appmaq-media/manuals/019ec32c-8381-76d6-84a1-6eaa904035dc/019ec330-7f3d-7a56-9c83-00f7f09238fc.pdf"
"1668","Escavadeira Hidráulica","CATERPILLAR","324D FM","TREINAMENTO DO SISTEMA HIDRÁULICO DE ESCAVEDIRAS - CATERPILLAR -","-","true","https://cdn.appmaq.com.br/appmaq-media/manuals/019ec32c-8381-76d6-84a1-6eaa904035dc/019ec330-7fdf-792c-a266-57dea4930a77.pdf"
"1669","Escavadeira Hidráulica","CATERPILLAR","324D MHPU","ELÉTRICA BASICA MÁQUINAS CATERPILLAR -","-","true","https://cdn.appmaq.com.br/appmaq-media/manuals/019ec32d-5484-70bf-8492-35010225227a/019ec331-20e4-773c-9b8e-134f000e7ef1.pdf"
"1670","Escavadeira Hidráulica","CATERPILLAR","324D MHPU","FUNCIONAMENTO DA BOMBA HIDRAULICA ESCAVADEIRA - SÉRIE 300 -","-","true","https://cdn.appmaq.com.br/appmaq-media/manuals/019ec32d-5484-70bf-8492-35010225227a/019ec331-2156-755a-9d96-c5d238f4220c.pdf"
"1671","Escavadeira Hidráulica","CATERPILLAR","324D MHPU","LOCALIZAÇÃO E SOLUÇÃO DO PROBLEMA - CÓDIGOS DE FALHAS - ESCAVADEIRAS - CATERPILLAR","-","true","https://cdn.appmaq.com.br/appmaq-media/manuals/019ec32d-5484-70bf-8492-35010225227a/019ec331-2194-7e40-ae44-bed4f057a545.pdf"
"1672","Escavadeira Hidráulica","CATERPILLAR","324D MHPU","TREINAMENTO DO SISTEMA HIDRÁULICO DE ESCAVEDIRAS - CATERPILLAR -","-","true","https://cdn.appmaq.com.br/appmaq-media/manuals/019ec32d-5484-70bf-8492-35010225227a/019ec331-223e-72a2-8bdc-98677899b072.pdf"
"1673","Escavadeira Hidráulica","CATERPILLAR","325","DIAGRAMA -325, 325 L & 325 LN","-","true","https://cdn.appmaq.com.br/appmaq-media/manuals/019ecc7c-d94f-75ce-9019-737641647295/019ecd45-f9b8-7506-a9c2-b745e1d6ff49.pdf"
"1674","Escavadeira Hidráulica","CATERPILLAR","325","DIAGRAMA -325 & 325L Excavators","-","true","https://cdn.appmaq.com.br/appmaq-media/manuals/019ecc7c-d94f-75ce-9019-737641647295/019ecd45-f99c-7565-966c-1b191ef4cd36.pdf"
"1675","Escavadeira Hidráulica","CATERPILLAR","325","DIAGRAMA -330, 330 L & 330 LN","-","true","https://cdn.appmaq.com.br/appmaq-media/manuals/019ecc7c-d94f-75ce-9019-737641647295/019ecd56-7a11-7c5d-ade1-94e1a2fb7818.pdf"
"1676","Escavadeira Hidráulica","CATERPILLAR","325","DIAGRAMA -330 & 330L Excavators","-","true","https://cdn.appmaq.com.br/appmaq-media/manuals/019ecc7c-d94f-75ce-9019-737641647295/019ecd56-79ff-71da-8e72-90b006b4b0a5.pdf"
"1677","Escavadeira Hidráulica","CATERPILLAR","325B","DIAGRAMA -325B Excavators","-","true","https://cdn.appmaq.com.br/appmaq-media/manuals/019ecc7d-21dc-7cf5-b5c1-87ef3e6784ca/019ecd4a-21bc-7552-ae21-3e8105249763.pdf"
"1678","Escavadeira Hidráulica","CATERPILLAR","325B L","DIAGRAMA -325B L","-","true","https://cdn.appmaq.com.br/appmaq-media/manuals/019ecc7e-b572-7e01-8d82-21d6f4788ba0/019ecd4b-5bef-7428-9b67-04de2c39f9c5.pdf"
"1679","Escavadeira Hidráulica","CATERPILLAR","325B L","DIAGRAMA -325B L, 325B LL, 325B MPS","-","true","https://cdn.appmaq.com.br/appmaq-media/manuals/019ecc7e-b572-7e01-8d82-21d6f4788ba0/019ecd4b-5b71-790b-994b-ddc3b00a2aae.pdf"
"1680","Escavadeira Hidráulica","CATERPILLAR","325B L","DIAGRAMA -325B L and 325B LN Excavators","-","true","https://cdn.appmaq.com.br/appmaq-media/manuals/019ecc7e-b572-7e01-8d82-21d6f4788ba0/019ecd4b-5ace-709d-994b-24224486e1a6.pdf"
"1681","Escavadeira Hidráulica","CATERPILLAR","325B L","DIAGRAMA -325B L Excavator","-","true","https://cdn.appmaq.com.br/appmaq-media/manuals/019ecc7e-b572-7e01-8d82-21d6f4788ba0/019ecd4b-5ae5-7014-8e7c-f773c74ec7d7.pdf"
"1682","Escavadeira Hidráulica","CATERPILLAR","325B LL","DIAGRAMA -325B L, 325B LL, 325B MPS","-","true","https://cdn.appmaq.com.br/appmaq-media/manuals/019ecc7f-1bb4-786b-9e98-56ddd3d5f5f3/019ecd4c-1839-7fa3-bfb0-e742c17285ab.pdf"
"1683","Escavadeira Hidráulica","CATERPILLAR","325B LN","DIAGRAMA -325B L and 325B LN Excavators","-","true","https://cdn.appmaq.com.br/appmaq-media/manuals/019ecd4d-6c86-7c13-ad0b-c864c8378473/019ecd4e-76bb-7a21-90a9-c58222316b60.pdf"
"1684","Escavadeira Hidráulica","CATERPILLAR","325B MPS","DIAGRAMA -325B L, 325B LL, 325B MPS","-","true","https://cdn.appmaq.com.br/appmaq-media/manuals/019ecc80-7f9a-708c-a1ea-43b183fc5712/019ecd52-1486-7ec4-85d3-0395808bc8d9.pdf"
"1685","Escavadeira Hidráulica","CATERPILLAR","325D","ELÉTRICA BASICA MÁQUINAS CATERPILLAR -","-","true","https://cdn.appmaq.com.br/appmaq-media/manuals/019ec32e-1631-7305-ba37-0abce437a052/019ec331-c06a-7074-a93b-95deaa3564b8.pdf"
"1686","Escavadeira Hidráulica","CATERPILLAR","325D","FUNCIONAMENTO DA BOMBA HIDRAULICA ESCAVADEIRA - SÉRIE 300 -","-","true","https://cdn.appmaq.com.br/appmaq-media/manuals/019ec32e-1631-7305-ba37-0abce437a052/019ec331-c11b-772a-a1e4-9ce75aed430a.pdf"
"1687","Escavadeira Hidráulica","CATERPILLAR","325D","LOCALIZAÇÃO E SOLUÇÃO DO PROBLEMA - CÓDIGOS DE FALHAS - ESCAVADEIRAS - CATERPILLAR","-","true","https://cdn.appmaq.com.br/appmaq-media/manuals/019ec32e-1631-7305-ba37-0abce437a052/019ec331-c175-71eb-9824-5c509935f077.pdf"
"1688","Escavadeira Hidráulica","CATERPILLAR","325D","TREINAMENTO DO SISTEMA HIDRÁULICO DE ESCAVEDIRAS - CATERPILLAR -","-","true","https://cdn.appmaq.com.br/appmaq-media/manuals/019ec32e-1631-7305-ba37-0abce437a052/019ec331-c269-7f29-81c7-0d7ebeeb167b.pdf"
"1689","Escavadeira Hidráulica","CATERPILLAR","325D","VALVULAS SELONOIDE ESCAVADEIRA - CATERPILLAR - 320D - 320D LRR - 321D LCR - 323D - 324D - 325D - 328D LCR - 329D - 340D","-","true","https://cdn.appmaq.com.br/appmaq-media/manuals/019ec32e-1631-7305-ba37-0abce437a052/019ec331-c734-7d63-b3a9-7902aeb8eaba.pdf"
"1690","Escavadeira Hidráulica","CATERPILLAR","325D MHPU","ELÉTRICA BASICA MÁQUINAS CATERPILLAR -","-","true","https://cdn.appmaq.com.br/appmaq-media/manuals/019ec32e-7261-7475-8460-616cfd9b54ce/019ec332-a558-70b0-a966-f68844db5bf1.pdf"
"1691","Escavadeira Hidráulica","CATERPILLAR","325D MHPU","FUNCIONAMENTO DA BOMBA HIDRAULICA ESCAVADEIRA - SÉRIE 300 -","-","true","https://cdn.appmaq.com.br/appmaq-media/manuals/019ec32e-7261-7475-8460-616cfd9b54ce/019ec332-a5c8-7221-806e-6bb5229d1c88.pdf"
"1692","Escavadeira Hidráulica","CATERPILLAR","325D MHPU","LOCALIZAÇÃO E SOLUÇÃO DO PROBLEMA - CÓDIGOS DE FALHAS - ESCAVADEIRAS - CATERPILLAR","-","true","https://cdn.appmaq.com.br/appmaq-media/manuals/019ec32e-7261-7475-8460-616cfd9b54ce/019ec332-a603-7881-9079-ad99d768549b.pdf"
"1693","Escavadeira Hidráulica","CATERPILLAR","325D MHPU","TREINAMENTO DO SISTEMA HIDRÁULICO DE ESCAVEDIRAS - CATERPILLAR -","-","true","https://cdn.appmaq.com.br/appmaq-media/manuals/019ec32e-7261-7475-8460-616cfd9b54ce/019ec332-a688-718b-96a4-571709590a75.pdf"
"1694","Escavadeira Hidráulica","CATERPILLAR","325 FB","DIAGRAMA -320 FB - 320 LL - 325 FB - 325 LL - 330 FB - 330 LL","-","true","https://cdn.appmaq.com.br/appmaq-media/manuals/019ecc7b-e695-7694-8723-35d7f4bc7163/019ecd46-bc6c-7479-bb09-e8cd91878b33.pdf"
"1695","Escavadeira Hidráulica","CATERPILLAR","325 L","DIAGRAMA -325, 325 L & 325 LN","-","true","https://cdn.appmaq.com.br/appmaq-media/manuals/019ecc7d-6513-79f4-9275-e72d274d9f6b/019ecd47-8108-70ed-aeab-4629fc1f7fdd.pdf"
"1696","Escavadeira Hidráulica","CATERPILLAR","325 L","DIAGRAMA -325, 325 L & 325 LN","-","true","https://cdn.appmaq.com.br/appmaq-media/manuals/019ecc7d-6513-79f4-9275-e72d274d9f6b/019ecd54-0b45-7c1e-a77d-fe295942f91f.pdf"
"1697","Escavadeira Hidráulica","CATERPILLAR","325 L","DIAGRAMA -325, 325 L & 325 LN","-","true","https://cdn.appmaq.com.br/appmaq-media/manuals/019ecc7d-6513-79f4-9275-e72d274d9f6b/019ecd52-ab14-7e43-a91d-273c49dd2748.pdf"
"1698","Escavadeira Hidráulica","CATERPILLAR","325 LL","DIAGRAMA -320 FB - 320 LL - 325 FB - 325 LL - 330 FB - 330 LL","-","true","https://cdn.appmaq.com.br/appmaq-media/manuals/019ecc7d-a7c3-7acf-920d-72888b73cb58/019ecd48-0e65-72ba-af13-a8a8b3b48ae7.pdf"
"1699","Escavadeira Hidráulica","CATERPILLAR","325 LN","DIAGRAMA -325, 325 L & 325 LN","-","true","https://cdn.appmaq.com.br/appmaq-media/manuals/019ecc7d-f686-7c46-8b04-028b8697a8a7/019ecd49-7526-736b-87c3-a73f3d433149.pdf"
"1700","Escavadeira Hidráulica","CATERPILLAR","326D","ELÉTRICA BASICA MÁQUINAS CATERPILLAR -","-","true","https://cdn.appmaq.com.br/appmaq-media/manuals/019ec32e-fcc7-7442-b905-d107bd560faa/019ec333-ef0c-71e3-8512-c907cefa26ed.pdf"
"1701","Escavadeira Hidráulica","CATERPILLAR","326D","FUNCIONAMENTO DA BOMBA HIDRAULICA ESCAVADEIRA - SÉRIE 300 -","-","true","https://cdn.appmaq.com.br/appmaq-media/manuals/019ec32e-fcc7-7442-b905-d107bd560faa/019ec333-ef82-7dd3-b740-97b99df4b5c6.pdf"
"1702","Escavadeira Hidráulica","CATERPILLAR","326D","LOCALIZAÇÃO E SOLUÇÃO DO PROBLEMA - CÓDIGOS DE FALHAS - ESCAVADEIRAS - CATERPILLAR","-","true","https://cdn.appmaq.com.br/appmaq-media/manuals/019ec32e-fcc7-7442-b905-d107bd560faa/019ec333-efa6-774e-a61a-d7eb30fa3f9f.pdf"
"1703","Escavadeira Hidráulica","CATERPILLAR","326D","TREINAMENTO DO SISTEMA HIDRÁULICO DE ESCAVEDIRAS - CATERPILLAR -","-","true","https://cdn.appmaq.com.br/appmaq-media/manuals/019ec32e-fcc7-7442-b905-d107bd560faa/019ec333-f035-7987-9893-01f2a96ae278.pdf"
"1704","Escavadeira Hidráulica","CATERPILLAR","328D","ELÉTRICA BASICA MÁQUINAS CATERPILLAR -","-","true","https://cdn.appmaq.com.br/appmaq-media/manuals/019ec334-bd36-7c15-bb84-59eccf7c45bd/019ec336-cf75-7763-9ce1-d4169c9e798a.pdf"
"1705","Escavadeira Hidráulica","CATERPILLAR","328D","FUNCIONAMENTO DA BOMBA HIDRAULICA ESCAVADEIRA - SÉRIE 300 -","-","true","https://cdn.appmaq.com.br/appmaq-media/manuals/019ec334-bd36-7c15-bb84-59eccf7c45bd/019ec336-cfe6-700f-b34a-e4e161671425.pdf"
"1706","Escavadeira Hidráulica","CATERPILLAR","328D","LOCALIZAÇÃO E SOLUÇÃO DO PROBLEMA - CÓDIGOS DE FALHAS - ESCAVADEIRAS - CATERPILLAR","-","true","https://cdn.appmaq.com.br/appmaq-media/manuals/019ec334-bd36-7c15-bb84-59eccf7c45bd/019ec336-d016-772d-b68d-6b27484ea0c0.pdf"
"1707","Escavadeira Hidráulica","CATERPILLAR","328D","TREINAMENTO DO SISTEMA HIDRÁULICO DE ESCAVEDIRAS - CATERPILLAR -","-","true","https://cdn.appmaq.com.br/appmaq-media/manuals/019ec334-bd36-7c15-bb84-59eccf7c45bd/019ec336-d061-768e-ac8e-d6c53f7b30a2.pdf"
"1708","Escavadeira Hidráulica","CATERPILLAR","328D LCR","ELÉTRICA BASICA MÁQUINAS CATERPILLAR -","-","true","https://cdn.appmaq.com.br/appmaq-media/manuals/019ec335-1e91-71ea-ac09-5e88acd2a8db/019ec339-0634-7c22-9c9e-bbed6a541178.pdf"
"1709","Escavadeira Hidráulica","CATERPILLAR","328D LCR","FUNCIONAMENTO DA BOMBA HIDRAULICA ESCAVADEIRA - SÉRIE 300 -","-","true","https://cdn.appmaq.com.br/appmaq-media/manuals/019ec335-1e91-71ea-ac09-5e88acd2a8db/019ec339-06a6-7701-a389-7140993e2f87.pdf"
"1710","Escavadeira Hidráulica","CATERPILLAR","328D LCR","TREINAMENTO DO SISTEMA HIDRÁULICO DE ESCAVEDIRAS - CATERPILLAR -","-","true","https://cdn.appmaq.com.br/appmaq-media/manuals/019ec335-1e91-71ea-ac09-5e88acd2a8db/019ec339-06cd-70f0-8939-13206a859ae8.pdf"
"1711","Escavadeira Hidráulica","CATERPILLAR","328D LCR","VALVULAS SELONOIDE ESCAVADEIRA - CATERPILLAR - 320D - 320D LRR - 321D LCR - 323D - 324D - 325D - 328D LCR - 329D - 340D","-","true","https://cdn.appmaq.com.br/appmaq-media/manuals/019ec335-1e91-71ea-ac09-5e88acd2a8db/019ec339-0ac6-7260-8b81-5b98506bcb53.pdf"
"1712","Escavadeira Hidráulica","CATERPILLAR","329D","ELÉTRICA BASICA MÁQUINAS CATERPILLAR -","-","true","https://cdn.appmaq.com.br/appmaq-media/manuals/019ec335-9793-7971-9c2a-0b085f741c8a/019ec339-c263-7178-b376-a8f1ef37aa1c.pdf"
"1713","Escavadeira Hidráulica","CATERPILLAR","329D","FUNCIONAMENTO DA BOMBA HIDRAULICA ESCAVADEIRA - SÉRIE 300 -","-","true","https://cdn.appmaq.com.br/appmaq-media/manuals/019ec335-9793-7971-9c2a-0b085f741c8a/019ec339-c2e4-74fc-80c0-48d211c21435.pdf"
"1714","Escavadeira Hidráulica","CATERPILLAR","329D","LOCALIZAÇÃO E SOLUÇÃO DO PROBLEMA - CÓDIGOS DE FALHAS - ESCAVADEIRAS - CATERPILLAR","-","true","https://cdn.appmaq.com.br/appmaq-media/manuals/019ec335-9793-7971-9c2a-0b085f741c8a/019ec339-c310-7cd5-80f7-6fff554cec48.pdf"
"1715","Escavadeira Hidráulica","CATERPILLAR","329D","TREINAMENTO DO SISTEMA HIDRÁULICO DE ESCAVEDIRAS - CATERPILLAR -","-","true","https://cdn.appmaq.com.br/appmaq-media/manuals/019ec335-9793-7971-9c2a-0b085f741c8a/019ec339-c3e7-75a2-aecf-39f5143b56a9.pdf"
"1716","Escavadeira Hidráulica","CATERPILLAR","329D","VALVULAS SELONOIDE ESCAVADEIRA - CATERPILLAR - 320D - 320D LRR - 321D LCR - 323D - 324D - 325D - 328D LCR - 329D - 340D","-","true","https://cdn.appmaq.com.br/appmaq-media/manuals/019ec335-9793-7971-9c2a-0b085f741c8a/019ec339-c766-7b4a-a989-93c196e9ef09.pdf"
"1717","Escavadeira Hidráulica","CATERPILLAR","329D MHPU","ELÉTRICA BASICA MÁQUINAS CATERPILLAR -","-","true","https://cdn.appmaq.com.br/appmaq-media/manuals/019ec335-f37e-7dfc-ab74-c75ce813b88c/019ec33a-61b5-7c1f-9105-3850cffd74f4.pdf"
"1718","Escavadeira Hidráulica","CATERPILLAR","329D MHPU","FUNCIONAMENTO DA BOMBA HIDRAULICA ESCAVADEIRA - SÉRIE 300 -","-","true","https://cdn.appmaq.com.br/appmaq-media/manuals/019ec335-f37e-7dfc-ab74-c75ce813b88c/019ec33a-622d-7e02-a4db-8f5e9abb7464.pdf"
"1719","Escavadeira Hidráulica","CATERPILLAR","329D MHPU","LOCALIZAÇÃO E SOLUÇÃO DO PROBLEMA - CÓDIGOS DE FALHAS - ESCAVADEIRAS - CATERPILLAR","-","true","https://cdn.appmaq.com.br/appmaq-media/manuals/019ec335-f37e-7dfc-ab74-c75ce813b88c/019ec33a-629f-713f-b8f2-658ab547ade1.pdf"
"1720","Escavadeira Hidráulica","CATERPILLAR","329D MHPU","TREINAMENTO DO SISTEMA HIDRÁULICO DE ESCAVEDIRAS - CATERPILLAR -","-","true","https://cdn.appmaq.com.br/appmaq-media/manuals/019ec335-f37e-7dfc-ab74-c75ce813b88c/019ec33a-62dd-7d79-83e0-53d5525adf2e.pdf"
"1721","Escavadeira Hidráulica","CATERPILLAR","330","ELÉTRICA BASICA MÁQUINAS CATERPILLAR -","-","true","https://cdn.appmaq.com.br/appmaq-media/manuals/019ec33b-4937-72cc-8da6-cbe8eeb71636/019ec33b-fbae-7548-af71-23ba79044eea.pdf"
"1722","Escavadeira Hidráulica","CATERPILLAR","330","FICHA TÉCNICA ESCAVADEIRA - CATERPILLAR -330","-","true","https://cdn.appmaq.com.br/appmaq-media/manuals/019ec33b-4937-72cc-8da6-cbe8eeb71636/019ec33b-fc93-79de-a46f-676db55fb682.pdf"
"1723","Escavadeira Hidráulica","CATERPILLAR","330","FUNCIONAMENTO DA BOMBA HIDRAULICA ESCAVADEIRA - SÉRIE 300 -","-","true","https://cdn.appmaq.com.br/appmaq-media/manuals/019ec33b-4937-72cc-8da6-cbe8eeb71636/019ec33b-fd8d-7d50-9f84-0e98ca114747.pdf"
"1724","Escavadeira Hidráulica","CATERPILLAR","330","TREINAMENTO DO SISTEMA HIDRÁULICO DE ESCAVEDIRAS - CATERPILLAR -","-","true","https://cdn.appmaq.com.br/appmaq-media/manuals/019ec33b-4937-72cc-8da6-cbe8eeb71636/019ec33b-fee9-7256-a1d7-c3de2f149832.pdf"
"1725","Escavadeira Hidráulica","CATERPILLAR","330","TREINAMENTO ESCAVADEIRA - CATERPILLAR - 330 - 336D -","-","true","https://cdn.appmaq.com.br/appmaq-media/manuals/019ec33b-4937-72cc-8da6-cbe8eeb71636/019ec33c-0b3d-7b64-b750-579acdf33d37.pdf"
"1726","Escavadeira Hidráulica","CATERPILLAR","330B","DIAGRAMA -330B","-","true","https://cdn.appmaq.com.br/appmaq-media/manuals/019ecc84-9e10-7343-8b5d-cb8b24e65d7b/019ecd5a-5c7d-7189-9815-a0f0c62fcdfa.pdf"
"1727","Escavadeira Hidráulica","CATERPILLAR","330B","DIAGRAMA -330B Excavator","-","true","https://cdn.appmaq.com.br/appmaq-media/manuals/019ecc84-9e10-7343-8b5d-cb8b24e65d7b/019ecd5a-5af9-78b3-a3d2-1e6b9344fa91.pdf"
"1728","Escavadeira Hidráulica","CATERPILLAR","330B","DIAGRAMA -330B Excavators","-","true","https://cdn.appmaq.com.br/appmaq-media/manuals/019ecc84-9e10-7343-8b5d-cb8b24e65d7b/019ecd5a-5b5e-7809-a692-9643f004a4f1.pdf"
"1729","Escavadeira Hidráulica","CATERPILLAR","330B L","DIAGRAMA -330B L Excavator","-","true","https://cdn.appmaq.com.br/appmaq-media/manuals/0196f443-bf85-76df-bc1d-b67cc7ce162f/019ecd5b-2c45-78a0-aaa1-8584c3949b67.pdf"
"1730","Escavadeira Hidráulica","CATERPILLAR","330B L","DIAGRAMA -330B L Forest Swing Machine OK","-","true","https://cdn.appmaq.com.br/appmaq-media/manuals/0196f443-bf85-76df-bc1d-b67cc7ce162f/019ecd5b-2cb0-7af1-8909-e1fc84820c70.pdf"
"1731","Escavadeira Hidráulica","CATERPILLAR","330C","DIAGRAMA -330C Excavator","-","true","https://cdn.appmaq.com.br/appmaq-media/manuals/019ecd5e-7925-7108-8576-8b42c27bdb2b/019ecd5f-b7a3-7167-9696-867c970cfbab.pdf"
"1732","Escavadeira Hidráulica","CATERPILLAR","330C","ELÉTRICA BASICA MÁQUINAS CATERPILLAR -","-","true","https://cdn.appmaq.com.br/appmaq-media/manuals/019ecd5e-7925-7108-8576-8b42c27bdb2b/019ecd5f-b7c7-7e4b-b8bc-7af820166c25.pdf"
"1733","Escavadeira Hidráulica","CATERPILLAR","330C","FUNCIONAMENTO DA BOMBA HIDRAULICA ESCAVADEIRA - SÉRIE 300 -","-","true","https://cdn.appmaq.com.br/appmaq-media/manuals/019ecd5e-7925-7108-8576-8b42c27bdb2b/019ecd5f-b8cb-791d-ba90-a81407ffcea4.pdf"
"1734","Escavadeira Hidráulica","CATERPILLAR","330C","MANUAL TÉCNICO ESCAVADEIRA - CATERPILLAR - 330C - pdf","-","true","https://cdn.appmaq.com.br/appmaq-media/manuals/019ecd5e-7925-7108-8576-8b42c27bdb2b/019ecd5f-b91b-761b-8d17-d6d34b0b881e.pdf"
"1735","Escavadeira Hidráulica","CATERPILLAR","330C","SISTEMA HIDRÁULICO ESCAVADEIRA - CATERPILLAR - 330C -","-","true","https://cdn.appmaq.com.br/appmaq-media/manuals/019ecd5e-7925-7108-8576-8b42c27bdb2b/019ecd5f-ba0c-7c66-91dc-49b1adfee3b5.pdf"
"1736","Escavadeira Hidráulica","CATERPILLAR","330C","TREINAMENTO DO SISTEMA HIDRÁULICO DE ESCAVEDIRAS - CATERPILLAR -","-","true","https://cdn.appmaq.com.br/appmaq-media/manuals/019ecd5e-7925-7108-8576-8b42c27bdb2b/019ecd5f-ba35-7391-8ece-4663260980ad.pdf"
"1737","Escavadeira Hidráulica","CATERPILLAR","330C L","ELÉTRICA BASICA MÁQUINAS CATERPILLAR -","-","true","https://cdn.appmaq.com.br/appmaq-media/manuals/0196f443-bf85-7469-9432-5c1420ebb0fe/019ec33d-c6bf-7c23-a345-662877c02f0d.pdf"
"1738","Escavadeira Hidráulica","CATERPILLAR","330C L","FUNCIONAMENTO DA BOMBA HIDRAULICA ESCAVADEIRA - SÉRIE 300 -","-","true","https://cdn.appmaq.com.br/appmaq-media/manuals/0196f443-bf85-7469-9432-5c1420ebb0fe/019ec33d-c735-7ee1-b560-01bfee6177a5.pdf"
"1739","Escavadeira Hidráulica","CATERPILLAR","330C L","MANUAL TÉCNICO ESCAVADEIRA - CATERPILLAR - 330C - pdf","-","true","https://cdn.appmaq.com.br/appmaq-media/manuals/0196f443-bf85-7469-9432-5c1420ebb0fe/019ec33d-c752-72fc-a167-911bb50b31ea.pdf"
"1740","Escavadeira Hidráulica","CATERPILLAR","330C L","SISTEMA HIDRÁULICO ESCAVADEIRA - CATERPILLAR - 330C -","-","true","https://cdn.appmaq.com.br/appmaq-media/manuals/0196f443-bf85-7469-9432-5c1420ebb0fe/019ec33d-c82e-7ba9-9744-8d9f474dfe2a.pdf"
"1741","Escavadeira Hidráulica","CATERPILLAR","330C L","TREINAMENTO DO SISTEMA HIDRÁULICO DE ESCAVEDIRAS - CATERPILLAR -","-","true","https://cdn.appmaq.com.br/appmaq-media/manuals/0196f443-bf85-7469-9432-5c1420ebb0fe/019ec33d-c85e-7add-9ef5-fe9acc3c0e33.pdf"
"1742","Escavadeira Hidráulica","CATERPILLAR","330D MHPU","ELÉTRICA BASICA MÁQUINAS CATERPILLAR -","-","true","https://cdn.appmaq.com.br/appmaq-media/manuals/019ec33f-4ba1-7113-a8f1-cab60ce7063d/019ec341-0048-7d37-8217-b1ecdec0d41e.pdf"
"1743","Escavadeira Hidráulica","CATERPILLAR","330D MHPU","FUNCIONAMENTO DA BOMBA HIDRAULICA ESCAVADEIRA - SÉRIE 300 -","-","true","https://cdn.appmaq.com.br/appmaq-media/manuals/019ec33f-4ba1-7113-a8f1-cab60ce7063d/019ec341-00bd-7704-a839-f5f30beb77bb.pdf"
"1744","Escavadeira Hidráulica","CATERPILLAR","330D MHPU","LOCALIZAÇÃO E SOLUÇÃO DO PROBLEMA - CÓDIGOS DE FALHAS - ESCAVADEIRAS - CATERPILLAR","-","true","https://cdn.appmaq.com.br/appmaq-media/manuals/019ec33f-4ba1-7113-a8f1-cab60ce7063d/019ec341-00f0-7822-8613-509265c3565a.pdf"
"1745","Escavadeira Hidráulica","CATERPILLAR","330D MHPU","TREINAMENTO DO SISTEMA HIDRÁULICO DE ESCAVEDIRAS - CATERPILLAR -","-","true","https://cdn.appmaq.com.br/appmaq-media/manuals/019ec33f-4ba1-7113-a8f1-cab60ce7063d/019ec341-013b-790c-b0c0-f4f898d4aa35.pdf"
"1746","Escavadeira Hidráulica","CATERPILLAR","330 FB","DIAGRAMA -320 FB - 320 LL - 325 FB - 325 LL - 330 FB - 330 LL","-","true","https://cdn.appmaq.com.br/appmaq-media/manuals/019ecc83-070a-7f04-905e-a822a1d31405/019ecd57-2b3a-79b2-b34d-882040dd6232.pdf"
"1747","Escavadeira Hidráulica","CATERPILLAR","330GC tier 3","ELÉTRICA BASICA MÁQUINAS CATERPILLAR -","-","true","https://cdn.appmaq.com.br/appmaq-media/manuals/019d5a02-59c7-7468-abbc-ac2a71c7e0fe/019ec342-0731-70c2-9839-388457f6e712.pdf"
"1748","Escavadeira Hidráulica","CATERPILLAR","330GC tier 3","FICHA TÉCNICA ESCAVADEIRA - CATERPILLAR - 330-GC","-","true","https://cdn.appmaq.com.br/appmaq-media/manuals/019d5a02-59c7-7468-abbc-ac2a71c7e0fe/019ec342-081b-78da-8e77-d33836f33ad2.pdf"
"1749","Escavadeira Hidráulica","CATERPILLAR","330GC tier 3","FUNCIONAMENTO DA BOMBA HIDRAULICA ESCAVADEIRA - SÉRIE 300 -","-","true","https://cdn.appmaq.com.br/appmaq-media/manuals/019d5a02-59c7-7468-abbc-ac2a71c7e0fe/019ec342-094b-7b2c-bcfa-28fd436847e5.pdf"
"1750","Escavadeira Hidráulica","CATERPILLAR","330GC tier 3","TREINAMENTO DO SISTEMA HIDRÁULICO DE ESCAVEDIRAS - CATERPILLAR -","-","true","https://cdn.appmaq.com.br/appmaq-media/manuals/019d5a02-59c7-7468-abbc-ac2a71c7e0fe/019ec342-0a27-7286-8776-16b94242347c.pdf"
"1751","Escavadeira Hidráulica","CATERPILLAR","330 L","DIAGRAMA -330, 330 L & 330 LN","-","true","https://cdn.appmaq.com.br/appmaq-media/manuals/019ecd60-9a24-7476-8e5b-95613425d3f8/019ecd61-61bc-785a-bc99-0a172930657f.pdf"
"1752","Escavadeira Hidráulica","CATERPILLAR","330 L","DIAGRAMA -330 & 330L Excavators","-","true","https://cdn.appmaq.com.br/appmaq-media/manuals/019ecd60-9a24-7476-8e5b-95613425d3f8/019ecd61-61a7-70b0-98c4-a35d0ccfc9bd.pdf"
"1753","Escavadeira Hidráulica","CATERPILLAR","330 LL","DIAGRAMA -320 FB - 320 LL - 325 FB - 325 LL - 330 FB - 330 LL","-","true","https://cdn.appmaq.com.br/appmaq-media/manuals/019ecc83-3cd0-70df-9d90-044ef1091d1c/019ecd57-c64e-7ec9-97c9-cf76c6d0d9b5.pdf"
"1754","Escavadeira Hidráulica","CATERPILLAR","330 LN","DIAGRAMA -330, 330 L & 330 LN","-","true","https://cdn.appmaq.com.br/appmaq-media/manuals/019ecd58-91ac-79a0-b84c-36835b913c31/019ecd59-9b68-7154-98bc-76ffd6400888.pdf"
"1755","Escavadeira Hidráulica","CATERPILLAR","336","ELÉTRICA BASICA MÁQUINAS CATERPILLAR -","-","true","https://cdn.appmaq.com.br/appmaq-media/manuals/01957100-b0e1-735b-80df-6f2e9025a32e/019ec343-efb8-7b00-a6e3-03e40c49cf97.pdf"
"1756","Escavadeira Hidráulica","CATERPILLAR","336","FICHA TÉCNICA ESCAVADEIRA - CATERPILLAR - 336","-","true","https://cdn.appmaq.com.br/appmaq-media/manuals/01957100-b0e1-735b-80df-6f2e9025a32e/019ec343-f027-7c1a-b5e7-094dbab87264.pdf"
"1757","Escavadeira Hidráulica","CATERPILLAR","336","FICHA TÉCNICA ESCAVADEIRA - CATERPILLAR 336","-","true","https://cdn.appmaq.com.br/appmaq-media/manuals/01957100-b0e1-735b-80df-6f2e9025a32e/019ec343-f0ef-764a-a3d5-cc3fc83159f6.pdf"
"1758","Escavadeira Hidráulica","CATERPILLAR","336","FUNCIONAMENTO DA BOMBA HIDRAULICA ESCAVADEIRA - SÉRIE 300 -","-","true","https://cdn.appmaq.com.br/appmaq-media/manuals/01957100-b0e1-735b-80df-6f2e9025a32e/019ec343-f11a-7980-b263-a95501e9c9bb.pdf"
"1759","Escavadeira Hidráulica","CATERPILLAR","336","MANUAL DE OPERAÇÃO E MANUTENÇÃO - 336 - 336 GC","-","true","https://cdn.appmaq.com.br/appmaq-media/manuals/01957100-b0e1-735b-80df-6f2e9025a32e/019ee5f4-5d6f-795a-bfa1-a3c7b78a9d96.pdf"
"1760","Escavadeira Hidráulica","CATERPILLAR","336","MANUAL DE OPERAÇÃO ESCAVADEIRA - CATERPILLAR - 336 -","-","true","https://cdn.appmaq.com.br/appmaq-media/manuals/01957100-b0e1-735b-80df-6f2e9025a32e/019ec343-f154-7628-9e0b-dd887662e556.pdf"
"1761","Escavadeira Hidráulica","CATERPILLAR","336","TREINAMENTO DO SISTEMA HIDRÁULICO DE ESCAVEDIRAS - CATERPILLAR -","-","true","https://cdn.appmaq.com.br/appmaq-media/manuals/01957100-b0e1-735b-80df-6f2e9025a32e/019ec343-f1ed-727d-837b-2b1802668167.pdf"
"1762","Escavadeira Hidráulica","CATERPILLAR","336D","ELÉTRICA BASICA MÁQUINAS CATERPILLAR -","-","true","https://cdn.appmaq.com.br/appmaq-media/manuals/01957100-b0e3-769e-893e-9031b6222f8a/019ec345-381a-7fb8-8d8b-ea2e1331a93c.pdf"
"1763","Escavadeira Hidráulica","CATERPILLAR","336D","FUNCIONAMENTO DA BOMBA HIDRAULICA ESCAVADEIRA - SÉRIE 300 -","-","true","https://cdn.appmaq.com.br/appmaq-media/manuals/01957100-b0e3-769e-893e-9031b6222f8a/019ec345-388e-712e-9855-65e5e6b257d3.pdf"
"1764","Escavadeira Hidráulica","CATERPILLAR","336D","LOCALIZAÇÃO E SOLUÇÃO DO PROBLEMA - CÓDIGOS DE FALHAS - ESCAVADEIRAS - CATERPILLAR","-","true","https://cdn.appmaq.com.br/appmaq-media/manuals/01957100-b0e3-769e-893e-9031b6222f8a/019ec345-38b2-786f-bc23-d33289f0ca2e.pdf"
"1765","Escavadeira Hidráulica","CATERPILLAR","336D","MANUAL DE INSTRUÇÃO TÉCNICA ESCAVADEIRA - CATERPILLAR - 336D -","-","true","https://cdn.appmaq.com.br/appmaq-media/manuals/01957100-b0e3-769e-893e-9031b6222f8a/019ec345-397d-708a-b08d-49ddca67fe13.pdf"
"1766","Escavadeira Hidráulica","CATERPILLAR","336D","TREINAMENTO DO SISTEMA HIDRÁULICO DE ESCAVEDIRAS - CATERPILLAR -","-","true","https://cdn.appmaq.com.br/appmaq-media/manuals/01957100-b0e3-769e-893e-9031b6222f8a/019ec345-3a77-71a9-9b74-60a6df056c55.pdf"
"1767","Escavadeira Hidráulica","CATERPILLAR","336D","TREINAMENTO ESCAVADEIRA - CATERPILLAR - 330 - 336D -","-","true","https://cdn.appmaq.com.br/appmaq-media/manuals/01957100-b0e3-769e-893e-9031b6222f8a/019ec345-3df0-7ac7-b8f3-8b954e194e73.pdf"
"1768","Escavadeira Hidráulica","CATERPILLAR","336D","VALVULAS SELONOIDE ESCAVADEIRA - CATERPILLAR - 320D - 320D LRR - 321D LCR - 323D - 324D - 325D - 328D LCR - 329D - 330D -336D- 340D","-","true","https://cdn.appmaq.com.br/appmaq-media/manuals/01957100-b0e3-769e-893e-9031b6222f8a/019ec348-4f10-70f1-98b9-1f9706597238.pdf"
"1769","Escavadeira Hidráulica","CATERPILLAR","336D2","ELÉTRICA BASICA MÁQUINAS CATERPILLAR -","-","true","https://cdn.appmaq.com.br/appmaq-media/manuals/0196f443-bf85-7836-9d74-8b5f83595311/019ec34d-79dc-7647-9d2b-6417f64e9523.pdf"
"1770","Escavadeira Hidráulica","CATERPILLAR","336D2","FUNCIONAMENTO DA BOMBA HIDRAULICA ESCAVADEIRA - SÉRIE 300 -","-","true","https://cdn.appmaq.com.br/appmaq-media/manuals/0196f443-bf85-7836-9d74-8b5f83595311/019ec34d-7a74-7d14-b3e1-e39c15bfd119.pdf"
"1771","Escavadeira Hidráulica","CATERPILLAR","336D2","LOCALIZAÇÃO E SOLUÇÃO DO PROBLEMA - CÓDIGOS DE FALHAS - ESCAVADEIRAS - CATERPILLAR","-","true","https://cdn.appmaq.com.br/appmaq-media/manuals/0196f443-bf85-7836-9d74-8b5f83595311/019ec34d-7ac3-7ca6-a298-b01049e4eacf.pdf"
"1772","Escavadeira Hidráulica","CATERPILLAR","336D2","SISTEMA HIDRÁULICO ESCAVADEIRA - CATERPILLAR -324D2 L","-","true","https://cdn.appmaq.com.br/appmaq-media/manuals/0196f443-bf85-7836-9d74-8b5f83595311/019ec34d-7b6e-76e0-958c-20408fdbaeb8.pdf"
"1773","Escavadeira Hidráulica","CATERPILLAR","336D2","TREINAMENTO DO SISTEMA HIDRÁULICO DE ESCAVEDIRAS - CATERPILLAR -","-","true","https://cdn.appmaq.com.br/appmaq-media/manuals/0196f443-bf85-7836-9d74-8b5f83595311/019ec34d-7bf4-76f3-bfea-0e2f5e126036.pdf"
"1774","Escavadeira Hidráulica","CATERPILLAR","336D L","ELÉTRICA BASICA MÁQUINAS CATERPILLAR -","-","true","https://cdn.appmaq.com.br/appmaq-media/manuals/01957100-b0e3-763e-81a2-1a8ceec8dfe8/019ec350-6924-71fa-a41f-56bfafd2edbf.pdf"
"1775","Escavadeira Hidráulica","CATERPILLAR","336D L","ESPECIFICAÇÃO TÉCNICA ESCAVADEIRA - CATERPILLAR - 320D - 320DL -","-","true","https://cdn.appmaq.com.br/appmaq-media/manuals/01957100-b0e3-763e-81a2-1a8ceec8dfe8/019ec350-6998-7db5-984b-625ac17ce25d.pdf"
"1776","Escavadeira Hidráulica","CATERPILLAR","336D L","ESPECIFICAÇÃO TÉCNICA ESCAVADEIRA - CATERPILLAR -336D - E 336DL -pdf","-","true","https://cdn.appmaq.com.br/appmaq-media/manuals/01957100-b0e3-763e-81a2-1a8ceec8dfe8/019ec350-6ad1-7db5-bea7-07f160958079.pdf"
"1777","Escavadeira Hidráulica","CATERPILLAR","336D L","ESPECIFICAÇÃO TÉCNICA ESCAVADEIRA - CATERPILLAR - 336D L -","-","true","https://cdn.appmaq.com.br/appmaq-media/manuals/01957100-b0e3-763e-81a2-1a8ceec8dfe8/019ec350-69d2-7ab6-a751-d5bfe236ab00.pdf"
"1778","Escavadeira Hidráulica","CATERPILLAR","336D L","FUNCIONAMENTO DA BOMBA HIDRAULICA ESCAVADEIRA - SÉRIE 300 -","-","true","https://cdn.appmaq.com.br/appmaq-media/manuals/01957100-b0e3-763e-81a2-1a8ceec8dfe8/019ec350-6b48-7266-a1bd-5ecaf272fdb1.pdf"
"1779","Escavadeira Hidráulica","CATERPILLAR","336D L","MANUAL TÉCNICO DE OPERAÇÃO ESCAVADEIRA - CATERPILLAR - 336D","-","true","https://cdn.appmaq.com.br/appmaq-media/manuals/01957100-b0e3-763e-81a2-1a8ceec8dfe8/019ec350-6b68-78e7-808d-c2a501f156f5.pdf"
"1780","Escavadeira Hidráulica","CATERPILLAR","336D L","TREINAMENTO DO SISTEMA HIDRÁULICO DE ESCAVEDIRAS - CATERPILLAR -","-","true","https://cdn.appmaq.com.br/appmaq-media/manuals/01957100-b0e3-763e-81a2-1a8ceec8dfe8/019ec350-6ca7-7056-926f-9806464a9168.pdf"
"1781","Escavadeira Hidráulica","CATERPILLAR","336D MHPU","ELÉTRICA BASICA MÁQUINAS CATERPILLAR -","-","true","https://cdn.appmaq.com.br/appmaq-media/manuals/019ec349-7a8f-7c87-af87-023b009ef0a3/019ec34a-c2fb-7046-8578-ff1638bf6c76.pdf"
"1782","Escavadeira Hidráulica","CATERPILLAR","336D MHPU","FUNCIONAMENTO DA BOMBA HIDRAULICA ESCAVADEIRA - SÉRIE 300 -","-","true","https://cdn.appmaq.com.br/appmaq-media/manuals/019ec349-7a8f-7c87-af87-023b009ef0a3/019ec34a-c389-722e-9070-9264f21802f6.pdf"
"1783","Escavadeira Hidráulica","CATERPILLAR","336D MHPU","LOCALIZAÇÃO E SOLUÇÃO DO PROBLEMA - CÓDIGOS DE FALHAS - ESCAVADEIRAS - CATERPILLAR","-","true","https://cdn.appmaq.com.br/appmaq-media/manuals/019ec349-7a8f-7c87-af87-023b009ef0a3/019ec34a-c4b4-702f-bb96-6accca53365f.pdf"
"1784","Escavadeira Hidráulica","CATERPILLAR","336D MHPU","TREINAMENTO DO SISTEMA HIDRÁULICO DE ESCAVEDIRAS - CATERPILLAR -","-","true","https://cdn.appmaq.com.br/appmaq-media/manuals/019ec349-7a8f-7c87-af87-023b009ef0a3/019ec34a-c53e-7786-ac97-fb3bb38fc479.pdf"
"1785","Escavadeira Hidráulica","CATERPILLAR","336 GC","MANUAL DE OPERAÇÃO E MANUTENÇÃO - 336 - 336 GC","-","true","https://cdn.appmaq.com.br/appmaq-media/manuals/019ee5f5-ff20-7235-bc8c-b2e6e86f3e76/019ee5f7-0a2f-78b5-a64a-da3472e5799c.pdf"
"1786","Escavadeira Hidráulica","CATERPILLAR","340","ELÉTRICA BASICA MÁQUINAS CATERPILLAR -","-","true","https://cdn.appmaq.com.br/appmaq-media/manuals/019d5a04-0fff-75fa-b125-31c235952121/019ec355-4b5f-77fc-8b76-4c8cfefded72.pdf"
"1787","Escavadeira Hidráulica","CATERPILLAR","340","FICHA TÉCNICA ESCAVADEIRA - CATERPILLAR - 340","-","true","https://cdn.appmaq.com.br/appmaq-media/manuals/019d5a04-0fff-75fa-b125-31c235952121/019ec355-4bcf-7ad1-a7cb-2eebc8d48d8a.pdf"
"1788","Escavadeira Hidráulica","CATERPILLAR","340","FUNCIONAMENTO DA BOMBA HIDRAULICA ESCAVADEIRA - SÉRIE 300 -","-","true","https://cdn.appmaq.com.br/appmaq-media/manuals/019d5a04-0fff-75fa-b125-31c235952121/019ec355-4c22-751d-8606-74421e218d99.pdf"
"1789","Escavadeira Hidráulica","CATERPILLAR","340","MANUAL DE OPERAÇÃO E MANUTENÇÃO ESCAVADEIRA - CATERPILLAR - 340 -","-","true","https://cdn.appmaq.com.br/appmaq-media/manuals/019d5a04-0fff-75fa-b125-31c235952121/019ec355-4ca3-7f6c-8696-cecbb401bb33.pdf"
"1790","Escavadeira Hidráulica","CATERPILLAR","340","TREINAMENTO DO SISTEMA HIDRÁULICO DE ESCAVEDIRAS - CATERPILLAR -","-","true","https://cdn.appmaq.com.br/appmaq-media/manuals/019d5a04-0fff-75fa-b125-31c235952121/019ec355-4f27-7a58-aa96-1bc4f576ac33.pdf"
"1791","Escavadeira Hidráulica","CATERPILLAR","340D","ELÉTRICA BASICA MÁQUINAS CATERPILLAR -","-","true","https://cdn.appmaq.com.br/appmaq-media/manuals/019ec354-009c-7944-9fcf-120b40e56e57/019ec357-198a-7177-b96d-455f73298596.pdf"
"1792","Escavadeira Hidráulica","CATERPILLAR","340D","FUNCIONAMENTO DA BOMBA HIDRAULICA ESCAVADEIRA - SÉRIE 300 -","-","true","https://cdn.appmaq.com.br/appmaq-media/manuals/019ec354-009c-7944-9fcf-120b40e56e57/019ec357-19fb-7e3e-a954-fec5a2dd8f2b.pdf"
"1793","Escavadeira Hidráulica","CATERPILLAR","340D","LOCALIZAÇÃO E SOLUÇÃO DO PROBLEMA - CÓDIGOS DE FALHAS - ESCAVADEIRAS - CATERPILLAR","-","true","https://cdn.appmaq.com.br/appmaq-media/manuals/019ec354-009c-7944-9fcf-120b40e56e57/019ec357-1aee-7440-90e4-76eed1e61afc.pdf"
"1794","Escavadeira Hidráulica","CATERPILLAR","340D","TREINAMENTO DO SISTEMA HIDRÁULICO DE ESCAVEDIRAS - CATERPILLAR -","-","true","https://cdn.appmaq.com.br/appmaq-media/manuals/019ec354-009c-7944-9fcf-120b40e56e57/019ec357-1b46-7dbb-8b36-751b484da081.pdf"
"1795","Escavadeira Hidráulica","CATERPILLAR","340D","VALVULAS SELONOIDE ESCAVADEIRA - CATERPILLAR - 320D - 320D LRR - 321D LCR - 323D - 324D - 325D - 328D LCR - 329D - 340D","-","true","https://cdn.appmaq.com.br/appmaq-media/manuals/019ec354-009c-7944-9fcf-120b40e56e57/019ec357-1e80-7e91-9bf1-9121b6cbba44.pdf"
"1796","Escavadeira Hidráulica","CATERPILLAR","340D2","ELÉTRICA BASICA MÁQUINAS CATERPILLAR -","-","true","https://cdn.appmaq.com.br/appmaq-media/manuals/019ec354-5c04-7d2c-b162-a4836aa15b34/019ec357-b5fe-77b2-9576-6796249b028d.pdf"
"1797","Escavadeira Hidráulica","CATERPILLAR","340D2","FUNCIONAMENTO DA BOMBA HIDRAULICA ESCAVADEIRA - SÉRIE 300 -","-","true","https://cdn.appmaq.com.br/appmaq-media/manuals/019ec354-5c04-7d2c-b162-a4836aa15b34/019ec357-b69e-79cb-adf7-6c73ead83080.pdf"
"1798","Escavadeira Hidráulica","CATERPILLAR","340D2","LOCALIZAÇÃO E SOLUÇÃO DO PROBLEMA - CÓDIGOS DE FALHAS - ESCAVADEIRAS - CATERPILLAR","-","true","https://cdn.appmaq.com.br/appmaq-media/manuals/019ec354-5c04-7d2c-b162-a4836aa15b34/019ec357-b795-79a3-82fe-0ef6d158192d.pdf"
"1799","Escavadeira Hidráulica","CATERPILLAR","340D2","TREINAMENTO DO SISTEMA HIDRÁULICO DE ESCAVEDIRAS - CATERPILLAR -","-","true","https://cdn.appmaq.com.br/appmaq-media/manuals/019ec354-5c04-7d2c-b162-a4836aa15b34/019ec357-b864-7257-8fe2-a816bdf79610.pdf"
"1800","Escavadeira Hidráulica","CATERPILLAR","340UHD","ELÉTRICA BASICA MÁQUINAS CATERPILLAR -","-","true","https://cdn.appmaq.com.br/appmaq-media/manuals/019d5a08-e492-7aec-a7f2-995bc9578ac1/019ec358-abe7-7b05-90f2-901f50bbd754.pdf"
"1801","Escavadeira Hidráulica","CATERPILLAR","340UHD","FICHA TÉCNICA ESCAVADEIRA - CATERPILLAR - 340-UHD","-","true","https://cdn.appmaq.com.br/appmaq-media/manuals/019d5a08-e492-7aec-a7f2-995bc9578ac1/019ec358-ac86-7a27-8692-51536c87f21b.pdf"
"1802","Escavadeira Hidráulica","CATERPILLAR","340UHD","FUNCIONAMENTO DA BOMBA HIDRAULICA ESCAVADEIRA - SÉRIE 300 -","-","true","https://cdn.appmaq.com.br/appmaq-media/manuals/019d5a08-e492-7aec-a7f2-995bc9578ac1/019ec358-ad41-77c0-972f-e1e69534c698.pdf"
"1803","Escavadeira Hidráulica","CATERPILLAR","340UHD","TREINAMENTO DO SISTEMA HIDRÁULICO DE ESCAVEDIRAS - CATERPILLAR -","-","true","https://cdn.appmaq.com.br/appmaq-media/manuals/019d5a08-e492-7aec-a7f2-995bc9578ac1/019ec358-adea-7d20-9de3-0a3c8a314018.pdf"
"1804","Escavadeira Hidráulica","CATERPILLAR","345B","DIAGRAMA -345B Excavator","-","true","https://cdn.appmaq.com.br/appmaq-media/manuals/019ecc9e-ceeb-79eb-8b21-686c406d759b/019ecd62-2436-77bf-b5a2-725bcffc8f35.pdf"
"1805","Escavadeira Hidráulica","CATERPILLAR","345B","DIAGRAMA -345B Excavator (2)","-","true","https://cdn.appmaq.com.br/appmaq-media/manuals/019ecc9e-ceeb-79eb-8b21-686c406d759b/019ecd62-240e-7d79-b4f5-ec6d5b830a63.pdf"
"1806","Escavadeira Hidráulica","CATERPILLAR","345B","DIAGRAMA -345B Series II and W345B Series II","-","true","https://cdn.appmaq.com.br/appmaq-media/manuals/019ecc9e-ceeb-79eb-8b21-686c406d759b/019ecd62-246d-7693-9137-d447b2a08f63.pdf"
"1807","Escavadeira Hidráulica","CATERPILLAR","345B","DIAGRAMA -345B Series II Excavator","-","true","https://cdn.appmaq.com.br/appmaq-media/manuals/019ecc9e-ceeb-79eb-8b21-686c406d759b/019ecd62-2766-7082-9b74-d8a5c9c7bd72.pdf"
"1808","Escavadeira Hidráulica","CATERPILLAR","345B","DIAGRAMA -345B Series II Excavator (2)","-","true","https://cdn.appmaq.com.br/appmaq-media/manuals/019ecc9e-ceeb-79eb-8b21-686c406d759b/019ecd62-24af-7593-9172-3c9a148f35a8.pdf"
"1809","Escavadeira Hidráulica","CATERPILLAR","345B","DIAGRAMA -345B Series II Excavator (3)","-","true","https://cdn.appmaq.com.br/appmaq-media/manuals/019ecc9e-ceeb-79eb-8b21-686c406d759b/019ecd62-262d-70c4-840b-b8ff8e25bfd5.pdf"
"1810","Escavadeira Hidráulica","CATERPILLAR","345B L","DIAGRAMA -345B L Excavator","-","true","https://cdn.appmaq.com.br/appmaq-media/manuals/019ecc9e-298d-77aa-94cb-b7d00eb8d93c/019ecd62-d3a4-7d2c-9447-307ab33eedbc.pdf"
"1811","Escavadeira Hidráulica","CATERPILLAR","345D","ELÉTRICA BASICA MÁQUINAS CATERPILLAR -","-","true","https://cdn.appmaq.com.br/appmaq-media/manuals/0195b3ba-39a6-7ec8-b56a-eafb491f71ce/019ec359-549f-7532-9969-242f55dcfd19.pdf"
"1812","Escavadeira Hidráulica","CATERPILLAR","345D","FUNCIONAMENTO DA BOMBA HIDRAULICA ESCAVADEIRA - SÉRIE 300 -","-","true","https://cdn.appmaq.com.br/appmaq-media/manuals/0195b3ba-39a6-7ec8-b56a-eafb491f71ce/019ec359-550f-78cc-8896-853f5acaf2b8.pdf"
"1813","Escavadeira Hidráulica","CATERPILLAR","345D","MANUAL DE OPERAÇÃO E MANUTENÇÃO ESCAVADEIRA - CATERPILLAR - 345D - 349D - 349D2 -","-","true","https://cdn.appmaq.com.br/appmaq-media/manuals/0195b3ba-39a6-7ec8-b56a-eafb491f71ce/019ec359-55c0-79d7-b580-5f4fb1720b6e.pdf"
"1814","Escavadeira Hidráulica","CATERPILLAR","345D","TREINAMENTO DO SISTEMA HIDRÁULICO DE ESCAVEDIRAS - CATERPILLAR -","-","true","https://cdn.appmaq.com.br/appmaq-media/manuals/0195b3ba-39a6-7ec8-b56a-eafb491f71ce/019ec359-56cc-7f9d-9149-4ae886f31033.pdf"
"1815","Escavadeira Hidráulica","CATERPILLAR","349D","ELÉTRICA BASICA MÁQUINAS CATERPILLAR -","-","true","https://cdn.appmaq.com.br/appmaq-media/manuals/01957100-b0e3-7565-80f9-8936fcefacb2/019ec35a-77be-76a9-a724-c24f5f95e906.pdf"
"1816","Escavadeira Hidráulica","CATERPILLAR","349D","FUNCIONAMENTO DA BOMBA HIDRAULICA ESCAVADEIRA - SÉRIE 300 -","-","true","https://cdn.appmaq.com.br/appmaq-media/manuals/01957100-b0e3-7565-80f9-8936fcefacb2/019ec35a-7894-7f4b-a10f-394522908b7d.pdf"
"1817","Escavadeira Hidráulica","CATERPILLAR","349D","MANUAL DE OPERAÇÃO E MANUTENÇÃO ESCAVADEIRA - CATERPILLAR - 345D - 349D - 349D2 -","-","true","https://cdn.appmaq.com.br/appmaq-media/manuals/01957100-b0e3-7565-80f9-8936fcefacb2/019ec35a-7abe-75c6-ac2f-e6c0b623c729.pdf"
"1818","Escavadeira Hidráulica","CATERPILLAR","349D","TREINAMENTO DO SISTEMA HIDRÁULICO DE ESCAVADEIRA - CATERPILLAR -","-","true","https://cdn.appmaq.com.br/appmaq-media/manuals/01957100-b0e3-7565-80f9-8936fcefacb2/019ec35a-7fab-7bff-ad75-1ff88ca3af40.pdf"
"1819","Escavadeira Hidráulica","CATERPILLAR","349D2L","ELÉTRICA BASICA MÁQUINAS CATERPILLAR -","-","true","https://cdn.appmaq.com.br/appmaq-media/manuals/0196f443-bf85-75e5-a600-864fd4e670be/019ec35b-7e33-76a0-9afa-2c6582a8d339.pdf"
"1820","Escavadeira Hidráulica","CATERPILLAR","349D2L","FUNCIONAMENTO DA BOMBA HIDRAULICA ESCAVADEIRA - SÉRIE 300 -","-","true","https://cdn.appmaq.com.br/appmaq-media/manuals/0196f443-bf85-75e5-a600-864fd4e670be/019ec35b-7ea8-7d73-b401-6b8a97ea841f.pdf"
"1821","Escavadeira Hidráulica","CATERPILLAR","349D2L","MANUAL DE OPERAÇÃO E MANUTENÇÃO ESCAVADEIRA - CATERPILLAR - 345D - 349D - 349D2 -","-","true","https://cdn.appmaq.com.br/appmaq-media/manuals/0196f443-bf85-75e5-a600-864fd4e670be/019ec35b-7eee-7818-8e24-e68a9dc892dc.pdf"
"1822","Escavadeira Hidráulica","CATERPILLAR","349D2L","TREINAMENTO DO SISTEMA HIDRÁULICO DE ESCAVADEIRA - CATERPILLAR -","-","true","https://cdn.appmaq.com.br/appmaq-media/manuals/0196f443-bf85-75e5-a600-864fd4e670be/019ec35b-8061-76a1-a5e5-48dc6d19033b.pdf"
"1823","Escavadeira Hidráulica","CATERPILLAR","350","DIAGRAMA -350 & 350 L Excavators","-","true","https://cdn.appmaq.com.br/appmaq-media/manuals/019d5a04-c18f-7ab9-96c3-2df1a28c8606/019ecd64-1a98-7870-b8c4-a333ae2cddab.pdf"
"1824","Escavadeira Hidráulica","CATERPILLAR","350","DIAGRAMA -350 & 350 L Excavators (2)","-","true","https://cdn.appmaq.com.br/appmaq-media/manuals/019d5a04-c18f-7ab9-96c3-2df1a28c8606/019ecd63-a76d-79fe-9ddc-1471f5c3d1d6.pdf"
"1825","Escavadeira Hidráulica","CATERPILLAR","350","ELÉTRICA BASICA MÁQUINAS CATERPILLAR -","-","true","https://cdn.appmaq.com.br/appmaq-media/manuals/019d5a04-c18f-7ab9-96c3-2df1a28c8606/019ec35d-45dd-7f49-88b9-58b79b97fafd.pdf"
"1826","Escavadeira Hidráulica","CATERPILLAR","350","FICHA TÉCNICA ESCAVADEIRA - CATERPILLAR - 350","-","true","https://cdn.appmaq.com.br/appmaq-media/manuals/019d5a04-c18f-7ab9-96c3-2df1a28c8606/019ec35d-4652-72a1-ad8b-42f997d754e2.pdf"
"1827","Escavadeira Hidráulica","CATERPILLAR","350","FUNCIONAMENTO DA BOMBA HIDRAULICA ESCAVADEIRA - SÉRIE 300 -","-","true","https://cdn.appmaq.com.br/appmaq-media/manuals/019d5a04-c18f-7ab9-96c3-2df1a28c8606/019ec35d-469e-75ff-b85a-f20a44e2265e.pdf"
"1828","Escavadeira Hidráulica","CATERPILLAR","350","TREINAMENTO DO SISTEMA HIDRÁULICO DE ESCAVEDIRAS - CATERPILLAR -","-","true","https://cdn.appmaq.com.br/appmaq-media/manuals/019d5a04-c18f-7ab9-96c3-2df1a28c8606/019ec35d-4781-7afa-9743-8280151cd973.pdf"
"1829","Escavadeira Hidráulica","CATERPILLAR","350 L","DIAGRAMA -350 & 350 L Excavators","-","true","https://cdn.appmaq.com.br/appmaq-media/manuals/019ecd64-ed65-79ae-bda7-00ac55ce4a0f/019ecd65-9a0e-74bc-b197-ab1a763c12ea.pdf"
"1830","Escavadeira Hidráulica","CATERPILLAR","350 L","DIAGRAMA -350 & 350 L Excavators (2)","-","true","https://cdn.appmaq.com.br/appmaq-media/manuals/019ecd64-ed65-79ae-bda7-00ac55ce4a0f/019ecd65-998d-7082-96b9-f4aceee6be1d.pdf"
"1831","Escavadeira Hidráulica","CATERPILLAR","352","ELÉTRICA BASICA MÁQUINAS CATERPILLAR -","-","true","https://cdn.appmaq.com.br/appmaq-media/manuals/019d5a05-4cf1-7710-a7ca-58751bfbbf07/019ec35e-2b4c-74c4-9dad-a0828604bc56.pdf"
"1832","Escavadeira Hidráulica","CATERPILLAR","352","FICHA TÉCNICA ESCAVADEIRA - CATERPILLAR - 352","-","true","https://cdn.appmaq.com.br/appmaq-media/manuals/019d5a05-4cf1-7710-a7ca-58751bfbbf07/019ec35e-2bbe-74f1-8bcc-8756a11432c5.pdf"
"1833","Escavadeira Hidráulica","CATERPILLAR","352","FUNCIONAMENTO DA BOMBA HIDRAULICA ESCAVADEIRA - SÉRIE 300 -","-","true","https://cdn.appmaq.com.br/appmaq-media/manuals/019d5a05-4cf1-7710-a7ca-58751bfbbf07/019ec35e-2bfc-72aa-861c-8b3a98c3df39.pdf"
"1834","Escavadeira Hidráulica","CATERPILLAR","352","TREINAMENTO DO SISTEMA HIDRÁULICO DE ESCAVEDIRAS - CATERPILLAR -","-","true","https://cdn.appmaq.com.br/appmaq-media/manuals/019d5a05-4cf1-7710-a7ca-58751bfbbf07/019ec35e-2cd5-7a71-a000-327ff242fcfe.pdf"
"1835","Escavadeira Hidráulica","CATERPILLAR","352UHD","ELÉTRICA BASICA MÁQUINAS CATERPILLAR -","-","true","https://cdn.appmaq.com.br/appmaq-media/manuals/019d5a09-47a0-7b54-92b4-18c3280d3a4e/019ec35e-d9db-70d3-a523-6448455aec19.pdf"
"1836","Escavadeira Hidráulica","CATERPILLAR","352UHD","FICHA TÉCNICA ESCAVADEIRA - CATERPILLAR - 352-UHD","-","true","https://cdn.appmaq.com.br/appmaq-media/manuals/019d5a09-47a0-7b54-92b4-18c3280d3a4e/019ec35e-da4a-7c1d-b9e4-6d45518eac7c.pdf"
"1837","Escavadeira Hidráulica","CATERPILLAR","352UHD","FUNCIONAMENTO DA BOMBA HIDRAULICA ESCAVADEIRA - SÉRIE 300 -","-","true","https://cdn.appmaq.com.br/appmaq-media/manuals/019d5a09-47a0-7b54-92b4-18c3280d3a4e/019ec35e-dab9-764b-bf98-1adb5d33d4c2.pdf"
"1838","Escavadeira Hidráulica","CATERPILLAR","352UHD","TREINAMENTO DO SISTEMA HIDRÁULICO DE ESCAVEDIRAS - CATERPILLAR -","-","true","https://cdn.appmaq.com.br/appmaq-media/manuals/019d5a09-47a0-7b54-92b4-18c3280d3a4e/019ec35e-db28-7685-8f4a-f7bca9e18178.pdf"
"1839","Escavadeira Hidráulica","CATERPILLAR","365B","DIAGRAMA -365B Electrical System","-","true","https://cdn.appmaq.com.br/appmaq-media/manuals/019eccb4-b5ad-70c8-bab8-228a6c936467/019ecd66-455b-702c-a36e-330990f1dad1.pdf"
"1840","Escavadeira Hidráulica","CATERPILLAR","365B","DIAGRAMA -365B Excavator","-","true","https://cdn.appmaq.com.br/appmaq-media/manuals/019eccb4-b5ad-70c8-bab8-228a6c936467/019ecd66-4571-7c99-90ce-f0603085b327.pdf"
"1841","Escavadeira Hidráulica","CATERPILLAR","365B L","DIAGRAMA -365B L Excavator","-","true","https://cdn.appmaq.com.br/appmaq-media/manuals/019eccb5-67f9-7975-b1a8-b7091be4962b/019ecd67-5939-723a-bdaa-e71667595c6a.pdf"
"1842","Escavadeira Hidráulica","CATERPILLAR","375","DIAGRAMA -375 and 375 L Excavator","-","true","https://cdn.appmaq.com.br/appmaq-media/manuals/019eccb6-6803-701e-92c7-a33a60339169/019ecd67-e7eb-72f7-9dcd-3bbd5714bb16.pdf"
"1843","Escavadeira Hidráulica","CATERPILLAR","375 L","DIAGRAMA -375 and 375 L Excavator","-","true","https://cdn.appmaq.com.br/appmaq-media/manuals/019eccb6-a937-721e-b169-24cc0df2ae83/019ecd68-6a24-7b78-b31f-7f912219cff2.pdf"
"1844","Escavadeira Hidráulica","HYUNDAI","HX150L","APRESENTAÇÃO TÉCNICA ESCAVADEIRA - HYUNDAI - HX150L-T3","-","true","https://cdn.appmaq.com.br/appmaq-media/manuals/019abe00-c8d6-78e1-9b0a-7d380edbd975/019e8a0e-8e36-75c0-8d19-982304d6fbc9.pdf"
"1845","Escavadeira Hidráulica","HYUNDAI","HX150L","TREINAMENTO DE COMPONENTES PARA MANUTENÇÃO EM ESCAVADEIRAS - HYUNDAI -","-","true","https://cdn.appmaq.com.br/appmaq-media/manuals/019abe00-c8d6-78e1-9b0a-7d380edbd975/019e8a0e-8f46-78b6-830b-53ba7a1e25fd.pdf"
"1846","Escavadeira Hidráulica","HYUNDAI","HX220L","APRESENTAÇÃO TÉCNICA ESCAVADEIRA - HYUNDAI - HX220L-T3 -","-","true","https://cdn.appmaq.com.br/appmaq-media/manuals/019abe01-0ef3-7f1b-ad46-2ea71ca4348c/019e8a0f-25cd-73b7-a5f3-d3c99ffd4780.pdf"
"1847","Escavadeira Hidráulica","HYUNDAI","HX220L","TREINAMENTO DE COMPONENTES PARA MANUTENÇÃO EM ESCAVADEIRAS - HYUNDAI -","-","true","https://cdn.appmaq.com.br/appmaq-media/manuals/019abe01-0ef3-7f1b-ad46-2ea71ca4348c/019e8a0f-26c7-70fb-95dd-17245725f4c5.pdf"
"1848","Escavadeira Hidráulica","HYUNDAI","HX220L-LR","APRESENTAÇÃO ESCAVADEIRA - HYUNDAI - HX220L-T3 -","-","true","https://cdn.appmaq.com.br/appmaq-media/manuals/019e8a11-4ac9-7403-a12f-3a23dcfb1163/019e8a12-0dae-7160-b6aa-c787245999ba.pdf"
"1849","Escavadeira Hidráulica","HYUNDAI","HX220L-LR","TREINAMENTO DE COMPONENTES PARA MANUTENÇÃO EM ESCAVADEIRAS - HYUNDAI -","-","true","https://cdn.appmaq.com.br/appmaq-media/manuals/019e8a11-4ac9-7403-a12f-3a23dcfb1163/019e8a12-0e8b-7dde-8601-b4f2d21f9b72.pdf"
"1850","Escavadeira Hidráulica","HYUNDAI","HX260L","APRESENTAÇÃO ESCAVADEIRA - HYUNDAI - HX260L -T3","-","true","https://cdn.appmaq.com.br/appmaq-media/manuals/019abe05-b6c6-7a20-9b04-02afb506375d/019e8a0f-f6b1-79df-962f-0929b74df7bd.pdf"
"1851","Escavadeira Hidráulica","HYUNDAI","HX260L","TREINAMENTO DE COMPONENTES PARA MANUTENÇÃO EM ESCAVADEIRAS - HYUNDAI -","-","true","https://cdn.appmaq.com.br/appmaq-media/manuals/019abe05-b6c6-7a20-9b04-02afb506375d/019e8a0f-f779-7198-afc9-aa51fc3b91d6.pdf"
"1852","Escavadeira Hidráulica","HYUNDAI","HX350L","APRESENTAÇÃO TÉCNICA ESCAVADEIRA - HYUNDAI - HX350L -","-","true","https://cdn.appmaq.com.br/appmaq-media/manuals/019abe06-aabc-7a4f-91f9-9b998bb09dbc/019e8a12-ba0f-7fb9-884a-784c54aced31.pdf"
"1853","Escavadeira Hidráulica","HYUNDAI","HX350L","TREINAMENTO DE COMPONENTES PARA MANUTENÇÃO EM ESCAVADEIRAS - HYUNDAI -","-","true","https://cdn.appmaq.com.br/appmaq-media/manuals/019abe06-aabc-7a4f-91f9-9b998bb09dbc/019e8a12-bc69-70a0-a90a-b5fe077fe501.pdf"
"1854","Escavadeira Hidráulica","HYUNDAI","HX400L","APRESENTAÇÃO TÉCNICA ESCAVADEIRA - HYUNDAI - HX400L -","-","true","https://cdn.appmaq.com.br/appmaq-media/manuals/01976441-4512-7225-9ada-a24f764a92d7/019e8a13-4ddb-7662-b0e9-e08451f27524.pdf"
"1855","Escavadeira Hidráulica","HYUNDAI","HX400L","TREINAMENTO DE COMPONENTES PARA MANUTENÇÃO EM ESCAVADEIRAS - HYUNDAI -","-","true","https://cdn.appmaq.com.br/appmaq-media/manuals/01976441-4512-7225-9ada-a24f764a92d7/019e8a13-4e40-7a5c-af28-9497f54a0090.pdf"
"1856","Escavadeira Hidráulica","HYUNDAI","HX500L","APRESENTAÇÃO TÉCNICA ESCAVADEIRA - HYUNDAI - HX500L -","-","true","https://cdn.appmaq.com.br/appmaq-media/manuals/019abe07-1d94-76ea-a12b-0bc661279329/019e8a13-e89b-71f4-8672-152979cae29b.pdf"
"1857","Escavadeira Hidráulica","HYUNDAI","HX500L","TREINAMENTO DE COMPONETES PARA MANUTENÇÃO EM ESCAVADEIRAS - HYUNDAI -","-","true","https://cdn.appmaq.com.br/appmaq-media/manuals/019abe07-1d94-76ea-a12b-0bc661279329/019e8a13-e92b-78e1-8fb6-ca72714bab42.pdf"
"1858","Escavadeira Hidráulica","HYUNDAI","R140LC-7","CATALOGO DE PEÇAS ESCAVADEIRA -HYUNDAI -R140LC-7 -","-","true","https://cdn.appmaq.com.br/appmaq-media/manuals/019e8a16-74bd-7661-b337-3a93e469ec39/019e8abd-1ba5-74ff-9401-a3945228a32e.pdf"
"1859","Escavadeira Hidráulica","HYUNDAI","R140LC-7","ESPECIFICAÇÃO TÉCNICA ESCAVADEIRA - HYUNDAI -R140LC-7","-","true","https://cdn.appmaq.com.br/appmaq-media/manuals/019e8a16-74bd-7661-b337-3a93e469ec39/019e8a17-fabe-7f2e-abfa-b6f7af4223ec.pdf"
"1860","Escavadeira Hidráulica","HYUNDAI","R140LC-7","FOLHETO TÉCNICO ESCAVDEIRA - HYUNDAI - 140LC-7 -","-","true","https://cdn.appmaq.com.br/appmaq-media/manuals/019e8a16-74bd-7661-b337-3a93e469ec39/019e8a17-fafb-7b6e-8c5e-0d434ff059bd.pdf"
"1861","Escavadeira Hidráulica","HYUNDAI","R140LC-7","GUIA HIDRÁULICO ESCAVADEIRAS - HYUNDAI - R140LC -7A - R140W-7A - R160 - 180LC-7A - R170W-7A - R210LC-7A - R250LC-7A","-","true","https://cdn.appmaq.com.br/appmaq-media/manuals/019e8a16-74bd-7661-b337-3a93e469ec39/019e8a17-fba5-771c-aeec-e06748a20eb5.pdf"
"1862","Escavadeira Hidráulica","HYUNDAI","R140LC-7","MANUAL DE OPERAÇÃO ELETROMECANICO E HIDRÁULICO ESCAVADEIRA - HYUNDAI - SÉRIE 7","-","true","https://cdn.appmaq.com.br/appmaq-media/manuals/019e8a16-74bd-7661-b337-3a93e469ec39/019e8a17-fca2-7f70-bc01-ef8b3fa3b8ea.pdf"
"1863","Escavadeira Hidráulica","HYUNDAI","R140LC-7","MANUAL DO OPERADOR ESCAVADEIRA - HYUNDAI - R140LC-7","-","true","https://cdn.appmaq.com.br/appmaq-media/manuals/019e8a16-74bd-7661-b337-3a93e469ec39/019e8a17-fd77-79a1-83c3-06920e56a418.pdf"
"1864","Escavadeira Hidráulica","HYUNDAI","R140LC-7","TREINAMENTO DE COMPONENTES PARA MANUTENÇÃO EM ESCAVADEIRAS - HYUNDAI -","-","true","https://cdn.appmaq.com.br/appmaq-media/manuals/019e8a16-74bd-7661-b337-3a93e469ec39/019e8a18-0405-7a67-afe2-8a1408fe11cb.pdf"
"1865","Escavadeira Hidráulica","HYUNDAI","R140LC-9SB","ESPECIFICAÇÃO TÉCNICA ESCAVADEIRA - HYUNDAI -R140LC-7","-","true","https://cdn.appmaq.com.br/appmaq-media/manuals/01957100-b0e3-7f2c-8157-1898f448c6bf/019e8a14-cc9e-77f3-8afd-8660e9803d41.pdf"
"1866","Escavadeira Hidráulica","HYUNDAI","R140LC-9SB","FOLHETO TÉCNICO ESCAVDEIRA - HYUNDAI - 140LC-7 -","-","true","https://cdn.appmaq.com.br/appmaq-media/manuals/01957100-b0e3-7f2c-8157-1898f448c6bf/019e8a14-ccdb-7d99-9ec4-059346b6bc3e.pdf"
"1867","Escavadeira Hidráulica","HYUNDAI","R140LC-9SB","GUIA HIDRÁULICO ESCAVADEIRAS - HYUNDAI - R140LC -7A - R140W-7A - R160 - 180LC-7A - R170W-7A - R210LC-7A - R250LC-7A","-","true","https://cdn.appmaq.com.br/appmaq-media/manuals/01957100-b0e3-7f2c-8157-1898f448c6bf/019e8a14-cd8f-73ba-bcc2-39178bb7c0bc.pdf"
"1868","Escavadeira Hidráulica","HYUNDAI","R140LC-9SB","MANUAL DE OPERAÇÃO ELETROMECANICO E HIDRÁULICO ESCAVADEIRA - HYUNDAI - SÉRIE 7","-","true","https://cdn.appmaq.com.br/appmaq-media/manuals/01957100-b0e3-7f2c-8157-1898f448c6bf/019e8a14-ceb0-7a39-b192-91b83f0a3642.pdf"
"1869","Escavadeira Hidráulica","HYUNDAI","R140LC-9SB","MANUAL DO OPERADOR ESCAVADEIRA - HYUNDAI - R140LC-7","-","true","https://cdn.appmaq.com.br/appmaq-media/manuals/01957100-b0e3-7f2c-8157-1898f448c6bf/019e8a14-d001-7bb4-81af-782cc87ce933.pdf"
"1870","Escavadeira Hidráulica","HYUNDAI","R140LC-9SB","TREINAMENTO DE COMPONENTES PARA MANUTENÇÃO EM ESCAVADEIRAS - HYUNDAI -","-","true","https://cdn.appmaq.com.br/appmaq-media/manuals/01957100-b0e3-7f2c-8157-1898f448c6bf/019e8a14-d654-7333-87e4-be5dc23f60ff.pdf"
"1871","Escavadeira Hidráulica","HYUNDAI","R140W-7A","GUIA HIDRÁULICO ESCAVADEIRAS - HYUNDAI - R140LC -7A - R140W-7A - R160 - 180LC-7A - R170W-7A - R210LC-7A - R250LC-7A","-","true","https://cdn.appmaq.com.br/appmaq-media/manuals/019e89f0-5f6b-723e-a590-60ebc1d045d3/019e8a18-ae3f-78ba-927f-dae0ebbd7c51.pdf"
"1872","Escavadeira Hidráulica","HYUNDAI","R140W-7A","MANUAL DE OPERAÇÃO ELETROMECANICO E HIDRÁULICO ESCAVADEIRA - HYUNDAI - SÉRIE 7","-","true","https://cdn.appmaq.com.br/appmaq-media/manuals/019e89f0-5f6b-723e-a590-60ebc1d045d3/019e8a18-af0d-74be-a271-e47f5c21bab3.pdf"
"1873","Escavadeira Hidráulica","HYUNDAI","R140W-7A","TREINAMENTO DE COMPONENTES PARA MANUTENÇÃO EM ESCAVADEIRAS - HYUNDAI -","-","true","https://cdn.appmaq.com.br/appmaq-media/manuals/019e89f0-5f6b-723e-a590-60ebc1d045d3/019e8a18-afe4-77ad-8049-2b128b3eb7db.pdf"
"1874","Escavadeira Hidráulica","HYUNDAI","R150LC-9SB","APRESENTAÇÃO TÉCNICA ESCAVADEIRA - HYUNDAI - R150LC-9 -","-","true","https://cdn.appmaq.com.br/appmaq-media/manuals/0195b3ba-39a6-77bc-8a40-c9e8dc9dbf1b/019e8a19-8f3e-74de-b3d5-7ee86075138a.pdf"
"1875","Escavadeira Hidráulica","HYUNDAI","R150LC-9SB","MANUAL DE MANUTENCAO E OPERACAO ESCAVADEIRA - HYUNDAI - R150LC -","-","true","https://cdn.appmaq.com.br/appmaq-media/manuals/0195b3ba-39a6-77bc-8a40-c9e8dc9dbf1b/019e8a19-90ee-7a50-8377-0d2c95218f14.pdf"
"1876","Escavadeira Hidráulica","HYUNDAI","R150LC-9SB","TREINAMENTO DE COMPONETES PARA MANUTENÇÃO EM ESCAVADEIRAS - HYUNDAI -","-","true","https://cdn.appmaq.com.br/appmaq-media/manuals/0195b3ba-39a6-77bc-8a40-c9e8dc9dbf1b/019e8a19-91ca-7514-87b1-1e4ece7f8322.pdf"
"1877","Escavadeira Hidráulica","HYUNDAI","R160LC-7","ESPECIFICAÇÃO TÉCNICA ESCAVADEIRA - HYUNDAI -R160LC-7 -","-","true","https://cdn.appmaq.com.br/appmaq-media/manuals/0197c277-f8ac-72fb-bd46-e2d01a6110ca/019e8a1a-51c8-7029-a1e0-c6f1fa62c0ca.pdf"
"1878","Escavadeira Hidráulica","HYUNDAI","R160LC-7","GUIA HIDRÁULICO ESCAVADEIRAS - HYUNDAI - R140LC -7A - R140W-7A - R160 - 180LC-7A - R170W-7A - R210LC-7A - R250LC-7A","-","true","https://cdn.appmaq.com.br/appmaq-media/manuals/0197c277-f8ac-72fb-bd46-e2d01a6110ca/019e8a1a-56cd-705e-abf5-aadf96fdb5f9.pdf"
"1879","Escavadeira Hidráulica","HYUNDAI","R160LC-7","MANUAL DE OPERAÇÃO ELETROMECANICO E HIDRÁULICO ESCAVADEIRA - HYUNDAI - SÉRIE 7","-","true","https://cdn.appmaq.com.br/appmaq-media/manuals/0197c277-f8ac-72fb-bd46-e2d01a6110ca/019e8a1a-59e2-7e2e-97de-2de3777f26a7.pdf"
"1880","Escavadeira Hidráulica","HYUNDAI","R160LC-7","TREINAMENTO DE COMPONENTES PARA MANUTENÇÃO EM ESCAVADEIRAS - HYUNDAI -","-","true","https://cdn.appmaq.com.br/appmaq-media/manuals/0197c277-f8ac-72fb-bd46-e2d01a6110ca/019e8a1a-5d04-7cc2-891b-fc7be1beb377.pdf"
"1881","Escavadeira Hidráulica","HYUNDAI","R160LC-9","APRESENTAÇÃO TÉCNICA ESCAVADEIRA - HYUNDAI -R160LC-9 -","-","true","https://cdn.appmaq.com.br/appmaq-media/manuals/019e8a1a-cfad-7b4e-b681-1e4e14e85084/019e8a1c-6b0d-7aa4-9b3b-9db5108ee8e4.pdf"
"1882","Escavadeira Hidráulica","HYUNDAI","R160LC-9","FOLHETO TÉCNICO ESCAVADEIRA - HYUNDAI - R140LC-9S -","-","true","https://cdn.appmaq.com.br/appmaq-media/manuals/019e8a1a-cfad-7b4e-b681-1e4e14e85084/019e8a1c-6b24-7efd-8db5-84727b461b6b.pdf"
"1883","Escavadeira Hidráulica","HYUNDAI","R160LC-9","MANUAL D ESERVIÇO ESCAVADEIRA - HYUNDAI - ROBEX-160LC-9A -","-","true","https://cdn.appmaq.com.br/appmaq-media/manuals/019e8a1a-cfad-7b4e-b681-1e4e14e85084/019e8a1c-6b84-7821-8a3d-b5aca55d171c.pdf"
"1884","Escavadeira Hidráulica","HYUNDAI","R170W-7A","GUIA HIDRÁULICO ESCAVADEIRAS - HYUNDAI - R140LC -7A - R140W-7A - R160 - 180LC-7A - R170W-7A - R210LC-7A - R290LC-7A -R360LC-7- R500LC-7","-","true","https://cdn.appmaq.com.br/appmaq-media/manuals/019e89ef-7a9b-74e1-8653-016957c16224/019e8a1d-66e5-78c8-8932-9b0988c40dd7.pdf"
"1885","Escavadeira Hidráulica","HYUNDAI","R170W-7A","MANUAL DE OPERAÇÃO ELETROMECANICO E HIDRÁULICO ESCAVADEIRA - HYUNDAI - SÉRIE 7","-","true","https://cdn.appmaq.com.br/appmaq-media/manuals/019e89ef-7a9b-74e1-8653-016957c16224/019e8a1d-67ea-7751-a352-e3b967958831.pdf"
"1886","Escavadeira Hidráulica","HYUNDAI","R170W-7A","TREINAMENTO DE COMPONENTES PARA MANUTENÇÃO EM ESCAVADEIRAS - HYUNDAI -","-","true","https://cdn.appmaq.com.br/appmaq-media/manuals/019e89ef-7a9b-74e1-8653-016957c16224/019e8a1d-69cf-7613-8cc8-c3984d250bf2.pdf"
"1887","Escavadeira Hidráulica","HYUNDAI","R180LC-7","GUIA HIDRÁULICO ESCAVADEIRAS - HYUNDAI - R140LC -7A - R140W-7A - R160 - 180LC-7A - R170W-7A - R210LC-7A - R250LC-7A","-","true","https://cdn.appmaq.com.br/appmaq-media/manuals/019e89f1-93d0-73f3-afa5-a229150aff30/019e8a20-7f3f-7c0e-bd59-1430d34c0ae9.pdf"
"1888","Escavadeira Hidráulica","HYUNDAI","R180LC-7","MANUAL DE OPERAÇÃO ELETROMECANICO E HIDRÁULICO ESCAVADEIRA - HYUNDAI - SÉRIE 7","-","true","https://cdn.appmaq.com.br/appmaq-media/manuals/019e89f1-93d0-73f3-afa5-a229150aff30/019e8a20-8009-74ed-b323-9fb409e68300.pdf"
"1889","Escavadeira Hidráulica","HYUNDAI","R180LC-7","TREINAMENTO DE COMPONENTES PARA MANUTENÇÃO EM ESCAVADEIRAS - HYUNDAI -","-","true","https://cdn.appmaq.com.br/appmaq-media/manuals/019e89f1-93d0-73f3-afa5-a229150aff30/019e8a20-80df-7635-8a03-cacb2eebcd77.pdf"
"1890","Escavadeira Hidráulica","HYUNDAI","R180LC-9SB","APRESENTAÇÃO TÉCNICA ESCAVADEIRA - HYUNDAI - R180LC-9","-","true","https://cdn.appmaq.com.br/appmaq-media/manuals/01957100-b0e3-7f04-ad2b-cf8c2187cebc/019e8a21-38b2-780c-890b-b4be83a978a7.pdf"
"1891","Escavadeira Hidráulica","HYUNDAI","R180LC-9SB","APRESENTAÇÃO TÉCNICA ESCAVADEIRA - HYUNDAI -R180LC-9 -","-","true","https://cdn.appmaq.com.br/appmaq-media/manuals/01957100-b0e3-7f04-ad2b-cf8c2187cebc/019e8a21-3a00-7fc1-acb9-038d6928f067.pdf"
"1892","Escavadeira Hidráulica","HYUNDAI","R180LC-9SB","CATALOGO DE PEÇAS ESCAVADEIRA - HYUNDAI - R180LC-9 -","-","true","https://cdn.appmaq.com.br/appmaq-media/manuals/01957100-b0e3-7f04-ad2b-cf8c2187cebc/019e8a21-3a9c-77f1-8422-51e8d40a7d64.pdf"
"1893","Escavadeira Hidráulica","HYUNDAI","R180LC-9SB","TREINAMENTO DE COMPONENTES PARA MANUTENÇÃO EM ESCAVADEIRAS - HYUNDAI -","-","true","https://cdn.appmaq.com.br/appmaq-media/manuals/01957100-b0e3-7f04-ad2b-cf8c2187cebc/019e8a21-3b7a-779b-935d-ca0f79d05995.pdf"
"1894","Escavadeira Hidráulica","HYUNDAI","R200-9B","INSTRUÇÃO DE REVISÃO ESCAVADEIRA - HYUNDAI - R200-9B","-","true","https://cdn.appmaq.com.br/appmaq-media/manuals/0195b3ba-39a6-755a-97a4-5429956f6e68/019e8a22-1b99-75b7-b3e4-8005a86ca2c8.pdf"
"1895","Escavadeira Hidráulica","HYUNDAI","R200-9B","PLANO DE MANUTENÇÃO ESCAVADEIRA - HYUNDAI - R200-9B","-","true","https://cdn.appmaq.com.br/appmaq-media/manuals/0195b3ba-39a6-755a-97a4-5429956f6e68/019e8a22-1ba4-73de-a3a0-d8e04c91f6b6.pdf"
"1896","Escavadeira Hidráulica","HYUNDAI","R200-9B","TREINAMENTO DE COMPONENTES PARA MANUTENÇÃO EM ESCAVADEIRAS - HYUNDAI -","-","true","https://cdn.appmaq.com.br/appmaq-media/manuals/0195b3ba-39a6-755a-97a4-5429956f6e68/019e8a22-1bbf-7760-8504-c694e2cbd3bc.pdf"
"1897","Escavadeira Hidráulica","HYUNDAI","R200-9S","APRESENTAÇÃO ESCAVADEIRA - HYUNDAI - R200-9S -","-","true","https://cdn.appmaq.com.br/appmaq-media/manuals/019e89f2-c689-7ebf-bb18-7c83974c3ab3/019e8a22-cbea-7412-80f5-626bfc800226.pdf"
"1898","Escavadeira Hidráulica","HYUNDAI","R200-9S","APRESENTAÇÃO TÉCNICA ESCAVADEIRA - HYUNDAI - R200-9 -","-","true","https://cdn.appmaq.com.br/appmaq-media/manuals/019e89f2-c689-7ebf-bb18-7c83974c3ab3/019e8a22-cc6c-7d2f-8681-d03113cd4158.pdf"
"1899","Escavadeira Hidráulica","HYUNDAI","R200-9S","TREINAMENTO DE COMPONENTES PARA MANUTENÇÃO EM ESCAVADEIRAS - HYUNDAI -","-","true","https://cdn.appmaq.com.br/appmaq-media/manuals/019e89f2-c689-7ebf-bb18-7c83974c3ab3/019e8a22-ce41-7193-9972-9c45ffdc8f25.pdf"
"1900","Escavadeira Hidráulica","HYUNDAI","R200W-7","GUIA HIDRÁULICO ESCAVADEIRAS - HYUNDAI - R140LC -7A - R140W-7A - R160 - 180LC-7A - R170W-7A - R210LC-7A - R290LC-7A -R360LC-7- R500LC-7","-","true","https://cdn.appmaq.com.br/appmaq-media/manuals/019e89f3-c571-7ff9-8653-79369eb9205b/019e8a23-90c8-7e77-a05e-c88b6068f589.pdf"
"1901","Escavadeira Hidráulica","HYUNDAI","R200W-7","MANUAL DE OPERAÇÃO ELETROMECANICO E HIDRÁULICO ESCAVADEIRA - HYUNDAI - SÉRIE 7","-","true","https://cdn.appmaq.com.br/appmaq-media/manuals/019e89f3-c571-7ff9-8653-79369eb9205b/019e8a23-91dd-7d57-9f5a-fde9f99717c4.pdf"
"1902","Escavadeira Hidráulica","HYUNDAI","R210LC-7","APRESENTAÇÃO TÉCNICA ESCAVADEIRA - HYUNDAI - R210LC-7 -","-","true","https://cdn.appmaq.com.br/appmaq-media/manuals/01957100-b0e0-7679-9bfc-544b7d7b1344/019e8a9a-0d20-792a-a844-ffe78715e02b.pdf"
"1903","Escavadeira Hidráulica","HYUNDAI","R210LC-7","APRESENTAÇÃO TÉCNICA ESCAVADEIRA -HYUNDAI - R-210LC-7 -E-LONG - REACH","-","true","https://cdn.appmaq.com.br/appmaq-media/manuals/01957100-b0e0-7679-9bfc-544b7d7b1344/019e8a9a-0d81-7854-b4a5-cd125176a261.pdf"
"1904","Escavadeira Hidráulica","HYUNDAI","R210LC-7","ESPECIFICAÇÃO TÉCNICA ESCAVADEIRA - HYUNDAI - R210LC-7","-","true","https://cdn.appmaq.com.br/appmaq-media/manuals/01957100-b0e0-7679-9bfc-544b7d7b1344/019e8a9a-0e6d-7ec9-82b3-8c20b372972f.pdf"
"1905","Escavadeira Hidráulica","HYUNDAI","R210LC-7","GUIA HIDRÁULICO ESCAVADEIRAS - HYUNDAI - R140LC -7A - R140W-7A - R160 - 180LC-7A - R170W-7A - R210LC-7A - R250LC-7A","-","true","https://cdn.appmaq.com.br/appmaq-media/manuals/01957100-b0e0-7679-9bfc-544b7d7b1344/019e8a9a-0f9a-75c3-90f1-d266c1a9ffa2.pdf"
"1906","Escavadeira Hidráulica","HYUNDAI","R210LC-7","MANUAL DE OFICINA ESCAVADEIRA - HYUNDAI - R210LC-7 -","-","true","https://cdn.appmaq.com.br/appmaq-media/manuals/01957100-b0e0-7679-9bfc-544b7d7b1344/019e8a9a-115a-7416-85b5-68eb152b5d33.pdf"
"1907","Escavadeira Hidráulica","HYUNDAI","R210LC-7","MANUAL DE OPERAÇÃO ELETROMECANICO E HIDRÁULICO ESCAVADEIRA - HYUNDAI - SÉRIE 7","-","true","https://cdn.appmaq.com.br/appmaq-media/manuals/01957100-b0e0-7679-9bfc-544b7d7b1344/019e8a9a-1600-7992-bbc9-eb38a373dbc8.pdf"
"1908","Escavadeira Hidráulica","HYUNDAI","R210LC-7","MANUAL DE SERVIÇO ESCAVADEIRA - R210LC -7 -","-","true","https://cdn.appmaq.com.br/appmaq-media/manuals/01957100-b0e0-7679-9bfc-544b7d7b1344/019e8a9a-176f-7dad-9137-3948b838344e.pdf"
"1909","Escavadeira Hidráulica","HYUNDAI","R210LC-7","MANUAL DO OPERADOR - ESCAVADEIRA - HYUNDAI - R210LC-7 -","-","true","https://cdn.appmaq.com.br/appmaq-media/manuals/01957100-b0e0-7679-9bfc-544b7d7b1344/019e8a9a-1f60-7e32-a8a2-2c8be6882b8a.pdf"
"1910","Escavadeira Hidráulica","HYUNDAI","R210LC-7","MANUAL DO OPERADOR ESCAVADEIRA - HYUNDAI - R210LC-7 -","-","true","https://cdn.appmaq.com.br/appmaq-media/manuals/01957100-b0e0-7679-9bfc-544b7d7b1344/019e8a9a-22ec-78df-b2fc-b0d5875d49dd.pdf"
"1911","Escavadeira Hidráulica","HYUNDAI","R210LC-7","MANUAL DO OPERADOR ESCAVADEIRA - HYUNDAI -R210LC-7-","-","true","https://cdn.appmaq.com.br/appmaq-media/manuals/01957100-b0e0-7679-9bfc-544b7d7b1344/019e8a9a-b127-714a-b4c0-591dde022748.pdf"
"1912","Escavadeira Hidráulica","HYUNDAI","R210LC-7","PLANO DE MANUTENÇÃO ESCAVADEIRA - HYUNDAI R210LC -7-","-","true","https://cdn.appmaq.com.br/appmaq-media/manuals/01957100-b0e0-7679-9bfc-544b7d7b1344/019e8a9a-b1d0-7f01-a86c-372d2d242065.pdf"
"1913","Escavadeira Hidráulica","HYUNDAI","R210LC-7","TREINAMENTO DE COMPONENTES PARA MANUTENÇÃO EM ESCAVADEIRAS - HYUNDAI -","-","true","https://cdn.appmaq.com.br/appmaq-media/manuals/01957100-b0e0-7679-9bfc-544b7d7b1344/019e8a9a-b1e6-7426-8bcb-124b218aaa79.pdf"
"1914","Escavadeira Hidráulica","HYUNDAI","R220LC-9SB","APRESENTAÇÃO DA ESCAVADEIRA - HYUNDAI - -R220LC-9S","-","true","https://cdn.appmaq.com.br/appmaq-media/manuals/01957100-b0e0-7255-94b1-e9a632be47fd/019e8aa0-3dc9-71a2-8b57-22c1eec4b1bb.pdf"
"1915","Escavadeira Hidráulica","HYUNDAI","R220LC-9SB","APRESENTAÇÃO TÉCNICA ESCAVADEIRA - HYUNDAI - R220LC-9 -","-","true","https://cdn.appmaq.com.br/appmaq-media/manuals/01957100-b0e0-7255-94b1-e9a632be47fd/019e8aa0-3e22-7365-a287-6b789bf6695e.pdf"
"1916","Escavadeira Hidráulica","HYUNDAI","R220LC-9SB","CATALOGO DE PEÇAS ESCAVADEIRA - HYUNDAI - R220LC-9 - 2018 -","-","true","https://cdn.appmaq.com.br/appmaq-media/manuals/01957100-b0e0-7255-94b1-e9a632be47fd/019e8aa0-3f3c-721f-908e-0615e0b46afd.pdf"
"1917","Escavadeira Hidráulica","HYUNDAI","R220LC-9SB","CATALOGO DE PEÇAS - R220LC-9 - PT","-","true","https://cdn.appmaq.com.br/appmaq-media/manuals/01957100-b0e0-7255-94b1-e9a632be47fd/019f14b8-5e3a-7e35-b2f8-246db9a0b981.pdf"
"1918","Escavadeira Hidráulica","HYUNDAI","R220LC-9SB","FOLHETO TÉCNICO ESCAVADEIRA - HIUNDAI - R220LC-9S -","-","true","https://cdn.appmaq.com.br/appmaq-media/manuals/01957100-b0e0-7255-94b1-e9a632be47fd/019e8aa0-43a8-76e3-a54d-5b41f007678e.pdf"
"1919","Escavadeira Hidráulica","HYUNDAI","R220LC-9SB","FOLHETO TÉCNICO ESCAVADEIRA - HYUNDAI -R220LC- 2025 -","-","true","https://cdn.appmaq.com.br/appmaq-media/manuals/01957100-b0e0-7255-94b1-e9a632be47fd/019e8aa0-44a4-763a-aab6-2d62a8908234.pdf"
"1920","Escavadeira Hidráulica","HYUNDAI","R220LC-9SB","FOLHETO TÉCNICO ESCAVADEIRA - HYUNDAI -R220LC-9 - 2020","-","true","https://cdn.appmaq.com.br/appmaq-media/manuals/01957100-b0e0-7255-94b1-e9a632be47fd/019e8aa0-4357-7f19-a6d6-be2f5c8f3525.pdf"
"1921","Escavadeira Hidráulica","HYUNDAI","R220LC-9SB","FOLHETO TÉCNICO ESCAVADEIRA - ROBEX -R220LC-9S -","-","true","https://cdn.appmaq.com.br/appmaq-media/manuals/01957100-b0e0-7255-94b1-e9a632be47fd/019e8aa0-45e5-7c25-b468-a4671847a24a.pdf"
"1922","Escavadeira Hidráulica","HYUNDAI","R220LC-9SB","MANUAL DE MANUTENCAO E OPERACAO ESCAVADEIRA - HYUNDAI -R220LC-9S -","-","true","https://cdn.appmaq.com.br/appmaq-media/manuals/01957100-b0e0-7255-94b1-e9a632be47fd/019e8aa0-46c9-7fb5-b5f1-b7e5aeda3013.pdf"
"1923","Escavadeira Hidráulica","HYUNDAI","R220LC-9SB","MANUAL DE OPERADOR ESCAVADEIRA - HYUNDAI -R220LC-9S -","-","true","https://cdn.appmaq.com.br/appmaq-media/manuals/01957100-b0e0-7255-94b1-e9a632be47fd/019e8aa0-495a-72a2-9601-eea1b05a87ea.pdf"
"1924","Escavadeira Hidráulica","HYUNDAI","R220LC-9SB","MANUAL DO OPERADOR ESCAVADEIRA - HYUNDAI - R220LC-9S -","-","true","https://cdn.appmaq.com.br/appmaq-media/manuals/01957100-b0e0-7255-94b1-e9a632be47fd/019e8aa0-4b5d-7401-a26e-36c726d91840.pdf"
"1925","Escavadeira Hidráulica","HYUNDAI","R220LC-9SB","MANUAL DO OPERADOR ESCAVADEIRA - HYUNDAI - R220LC-9-T3 -","-","true","https://cdn.appmaq.com.br/appmaq-media/manuals/01957100-b0e0-7255-94b1-e9a632be47fd/019e8aa0-4dd7-7487-87e1-25b99b1dd425.pdf"
"1926","Escavadeira Hidráulica","HYUNDAI","R220LC-9SB","TREINAMENTO DE COMPONENTES PARA MANUTENÇÃO EM ESCAVADEIRAS - HYUNDAI -","-","true","https://cdn.appmaq.com.br/appmaq-media/manuals/01957100-b0e0-7255-94b1-e9a632be47fd/019e8aa0-4f31-71a4-82e0-3b8a50e044f0.pdf"
"1927","Escavadeira Hidráulica","HYUNDAI","R225LVS","MANUAL DO OPERADOR ESCAVADEIRA - HYUNDAI - R225LVS -","-","true","https://cdn.appmaq.com.br/appmaq-media/manuals/0199b45c-27c7-78b6-8569-4905a01589c6/019e8aa2-411b-7724-9d64-8912a2a7e099.pdf"
"1928","Escavadeira Hidráulica","HYUNDAI","R250LC-7","GUIA HIDRÁULICO ESCAVADEIRAS - HYUNDAI - R140LC -7A - R140W-7A - R160 - 180LC-7A - R170W-7A - R210LC-7A - R250LC-7A","-","true","https://cdn.appmaq.com.br/appmaq-media/manuals/01974f8c-3b30-7251-9723-6380ccebe547/019e8aa3-4bd8-7a90-86e7-0ab1afea4dd3.pdf"
"1929","Escavadeira Hidráulica","HYUNDAI","R250LC-7","MANUAL DE OPERAÇÃO ELETROMECANICO E HIDRÁULICO ESCAVADEIRA - HYUNDAI - SÉRIE 7","-","true","https://cdn.appmaq.com.br/appmaq-media/manuals/01974f8c-3b30-7251-9723-6380ccebe547/019e8aa3-4d10-75b5-991c-8a8cff56ecac.pdf"
"1930","Escavadeira Hidráulica","HYUNDAI","R250LC-7","TREINAMENTO DE COMPONENTES PARA MANUTENÇÃO EM ESCAVADEIRAS - HYUNDAI -","-","true","https://cdn.appmaq.com.br/appmaq-media/manuals/01974f8c-3b30-7251-9723-6380ccebe547/019e8aa3-50a3-7d45-bad2-fbf316d39bd2.pdf"
"1931","Escavadeira Hidráulica","HYUNDAI","R260LC-9SB","APRESENTAÇÃO TÉCNICA ESCAVADEIRA - HYUNDAI - R260LC-9 -","-","true","https://cdn.appmaq.com.br/appmaq-media/manuals/0196f443-bf9f-7534-8a42-7465a72c766d/019e8aa6-ab90-7aef-a8e0-183f1a4f6db6.pdf"
"1932","Escavadeira Hidráulica","HYUNDAI","R260LC-9SB","MANUAL DO OPERADOR ESCAVADEIRA - HYUNDAI - R260LC-9S -","-","true","https://cdn.appmaq.com.br/appmaq-media/manuals/0196f443-bf9f-7534-8a42-7465a72c766d/019e8aa6-b395-7348-bf55-895a5b3376c4.pdf"
"1933","Escavadeira Hidráulica","HYUNDAI","R260LC-9SB","MANUAL DO OPERADOR ESCAVADEIRA - HYUNDAI -R260LC-9S -","-","true","https://cdn.appmaq.com.br/appmaq-media/manuals/0196f443-bf9f-7534-8a42-7465a72c766d/019e8aa6-c195-7d6b-90fa-7558b914a7a9.pdf"
"1934","Escavadeira Hidráulica","HYUNDAI","R260LC-9SB","MANUAL DO OPERADOR ESCAVADEIRA - HYUNDAI - R260LC-9SB-T3 - 2024","-","true","https://cdn.appmaq.com.br/appmaq-media/manuals/0196f443-bf9f-7534-8a42-7465a72c766d/019e8aa6-bbfe-798f-9711-5f03f45d0691.pdf"
"1935","Escavadeira Hidráulica","HYUNDAI","R260LC-9SB","TREINAMENTO DE COMPONENTES PARA MANUTENÇÃO EM ESCAVADEIRAS - HYUNDAI -","-","true","https://cdn.appmaq.com.br/appmaq-media/manuals/0196f443-bf9f-7534-8a42-7465a72c766d/019e8aa6-c563-7ffe-9510-f69118011635.pdf"
"1936","Escavadeira Hidráulica","HYUNDAI","R290LC-7","GUIA HIDRÁULICO ESCAVADEIRAS - HYUNDAI - R140LC -7A - R140W-7A - R160 - 180LC-7A - R170W-7A - R210LC-7A - R290LC-7A -R360LC-7- R500LC-7","-","true","https://cdn.appmaq.com.br/appmaq-media/manuals/019e89f7-c1f9-7e7e-8a24-205f48342694/019e8aac-6b6f-7a73-a902-75c1dc837ce8.pdf"
"1937","Escavadeira Hidráulica","HYUNDAI","R290LC-7","MANUAL DE OPERAÇÃO ELETROMECANICO E HIDRÁULICO ESCAVADEIRA - HYUNDAI - SÉRIE 7","-","true","https://cdn.appmaq.com.br/appmaq-media/manuals/019e89f7-c1f9-7e7e-8a24-205f48342694/019e8aac-6c3a-7de6-8c5b-57fd1ffe6dab.pdf"
"1938","Escavadeira Hidráulica","HYUNDAI","R290LC-7","MANUAL DE USO ESCAVADEIRA - HYUNDAI - R290LC-7A-","-","true","https://cdn.appmaq.com.br/appmaq-media/manuals/019e89f7-c1f9-7e7e-8a24-205f48342694/019e8aac-6d64-7bab-99eb-cbb1d302c722.pdf"
"1939","Escavadeira Hidráulica","HYUNDAI","R290LC-7","TREINAMENTO DE COMPONENTES PARA MANUTENÇÃO EM ESCAVADEIRAS - HYUNDAI -","-","true","https://cdn.appmaq.com.br/appmaq-media/manuals/019e89f7-c1f9-7e7e-8a24-205f48342694/019e8aac-6e53-7ca9-ac25-2b9672cc8315.pdf"
"1940","Escavadeira Hidráulica","HYUNDAI","R300LC-9S","MANUAL DE SERVIÇO ESCAVADEIRA - HYUNDAI - ROBEX -300LC-9S -","-","true","https://cdn.appmaq.com.br/appmaq-media/manuals/019e89f9-2fd0-7a16-b8e0-d2a345caa47c/019e8aad-9c58-7b3f-b82a-8a860625f394.pdf"
"1941","Escavadeira Hidráulica","HYUNDAI","R320LC-7","MANUAL DE OPERAÇÃO ELETROMECANICO E HIDRÁULICO ESCAVADEIRA - HYUNDAI - SÉRIE 7","-","true","https://cdn.appmaq.com.br/appmaq-media/manuals/0196f443-bf9f-725e-9bf5-6f3fd3f5ed89/019e8aae-5cd9-7d77-8ce7-c8ce2eab5ece.pdf"
"1942","Escavadeira Hidráulica","HYUNDAI","R320LC-7","MANUAL DO OPERADOR ESCAVADEIRA - HYUNDAI - R320LC-7 -","-","true","https://cdn.appmaq.com.br/appmaq-media/manuals/0196f443-bf9f-725e-9bf5-6f3fd3f5ed89/019e8aae-5d87-772e-89c8-02f5da0985cc.pdf"
"1943","Escavadeira Hidráulica","HYUNDAI","R320LC-7","TREINAMENTO DE COMPONENTES PARA MANUTENÇÃO EM ESCAVADEIRAS - HYUNDAI -","-","true","https://cdn.appmaq.com.br/appmaq-media/manuals/0196f443-bf9f-725e-9bf5-6f3fd3f5ed89/019e8aae-5e88-7b45-ba29-f78915c8048a.pdf"
"1944","Escavadeira Hidráulica","HYUNDAI","R330LC-9","MANUAL DE SERVIÇO ESCAVADEIRA - HYUNDAI -R330LC-9S -","-","true","https://cdn.appmaq.com.br/appmaq-media/manuals/0196f443-bf9f-79d0-bb9f-600182c45fe1/019e8aaf-02ac-7609-95a4-50eb45f4a47b.pdf"
"1945","Escavadeira Hidráulica","HYUNDAI","R360LC-7","ESPECIFICAÇÃO TÉCNICA ESCAVADEIRA - HYUNDAI - R360LC-7A -","-","true","https://cdn.appmaq.com.br/appmaq-media/manuals/01957100-b0e3-7455-9a5d-889ececdbf63/019e8ab0-169e-715d-a21f-06d95b7299e1.pdf"
"1946","Escavadeira Hidráulica","HYUNDAI","R360LC-7","GUIA HIDRÁULICO ESCAVADEIRAS - HYUNDAI - R140LC -7A - R140W-7A - R160 - 180LC-7A - R170W-7A - R210LC-7A - R290LC-7A -R360LC-7- R500LC-7","-","true","https://cdn.appmaq.com.br/appmaq-media/manuals/01957100-b0e3-7455-9a5d-889ececdbf63/019e8ab0-16e5-79ec-a017-3530f4f79b5f.pdf"
"1947","Escavadeira Hidráulica","HYUNDAI","R360LC-7","MANUAL DE OPERAÇÃO ELETROMECANICO E HIDRÁULICO ESCAVADEIRA - HYUNDAI - SÉRIE 7","-","true","https://cdn.appmaq.com.br/appmaq-media/manuals/01957100-b0e3-7455-9a5d-889ececdbf63/019e8ab0-1a21-7650-b3e6-ef5fe97321e9.pdf"
"1948","Escavadeira Hidráulica","HYUNDAI","R360LC-7","MANUAL D EOPERAÇÃO ESCAVADEIRA - HYUNDAI - R360LC-7 -","-","true","https://cdn.appmaq.com.br/appmaq-media/manuals/01957100-b0e3-7455-9a5d-889ececdbf63/019e8ab0-180e-7c65-981b-7e909b7c9cd0.pdf"
"1949","Escavadeira Hidráulica","HYUNDAI","R360LC-7","MANUAL SERVIÇO ESCAVDEIRA - HYUNDAI - R360LC-7A - INGLES -","-","true","https://cdn.appmaq.com.br/appmaq-media/manuals/01957100-b0e3-7455-9a5d-889ececdbf63/019e8ab0-1c90-740b-bfa7-b5442d150518.pdf"
"1950","Escavadeira Hidráulica","HYUNDAI","R360LC-7","TREINAMENTO DE COMPONENTES PARA MANUTENÇÃO EM ESCAVADEIRAS - HYUNDAI -","-","true","https://cdn.appmaq.com.br/appmaq-media/manuals/01957100-b0e3-7455-9a5d-889ececdbf63/019e8ab0-213a-7e34-b6fc-db2820b702c0.pdf"
"1951","Escavadeira Hidráulica","HYUNDAI","R380LC-9","MANUAL DE OPERADOR ESCAVADEIRA - HYUNDAI - R380LC-9S -","-","true","https://cdn.appmaq.com.br/appmaq-media/manuals/01957100-b0e3-78bc-848b-0722b3b31561/019e8ab0-c85a-72b9-a819-1a3d700c3f30.pdf"
"1952","Escavadeira Hidráulica","HYUNDAI","R450LC-7","MANUAL DE OPERAÇÃO ELETROMECANICO E HIDRÁULICO ESCAVADEIRA - HYUNDAI - SÉRIE 7","-","true","https://cdn.appmaq.com.br/appmaq-media/manuals/019e89fa-614d-79fe-85c2-c919971fe534/019e8ab1-c107-7b12-a34e-46b0d6b37685.pdf"
"1953","Escavadeira Hidráulica","HYUNDAI","R450LC-7","TREINAMENTO DE COMPONENTES PARA MANUTENÇÃO EM ESCAVADEIRAS - HYUNDAI -","-","true","https://cdn.appmaq.com.br/appmaq-media/manuals/019e89fa-614d-79fe-85c2-c919971fe534/019e8ab1-c1b5-70da-abba-245bfafbe694.pdf"
"1954","Escavadeira Hidráulica","HYUNDAI","R480LC-9S","MANUAL DO OPERADOR ESCAVADEIRA - HYUNDAI -R480LC-9S -","-","true","https://cdn.appmaq.com.br/appmaq-media/manuals/01957100-b0e3-79df-9fcf-0dd6c3cf3bca/019e8ab2-789f-75c6-be12-1b1f6255d256.pdf"
"1955","Escavadeira Hidráulica","HYUNDAI","R500LC-7","MANUAL DE OPERAÇÃO ELETROMECANICO E HIDRÁULICO ESCAVADEIRA - HYUNDAI - SÉRIE 7","-","true","https://cdn.appmaq.com.br/appmaq-media/manuals/019ad752-a57a-7252-ba25-f85da6effbfc/019e8ab3-d5d6-78b0-b639-213e324ee086.pdf"
"1956","Escavadeira Hidráulica","HYUNDAI","R500LC-7","MANUAL DO OPERADOR ESCAVADEIRA - HYUNDAI -R500-7A -","-","true","https://cdn.appmaq.com.br/appmaq-media/manuals/019ad752-a57a-7252-ba25-f85da6effbfc/019e8ab3-d6ae-7417-b4ef-d8f3e4838845.pdf"
"1957","Escavadeira Hidráulica","JCB","JS115","JCB MOTOR 3 TIER MANUAL DE MANUTENÇÃO","-","true","https://cdn.appmaq.com.br/appmaq-media/manuals/019e3cb3-76c1-74d8-8ffd-56c36045dc68/019e4199-71fc-7455-8a25-cd4cfe41d853.pdf"
"1958","Escavadeira Hidráulica","JCB","JS115","MANUAL DE TREINAMENTO DE EXCELENCIA TECNICA - ESCAVADEIRAS - JCB -","-","true","https://cdn.appmaq.com.br/appmaq-media/manuals/019e3cb3-76c1-74d8-8ffd-56c36045dc68/019e4199-722b-75ab-b6f5-147098b29a00.pdf"
"1959","Escavadeira Hidráulica","JCB","JS115","MANUAL DO OPERADOR DA ESCAVADEIRA - JCB -JS115 -","-","true","https://cdn.appmaq.com.br/appmaq-media/manuals/019e3cb3-76c1-74d8-8ffd-56c36045dc68/019e4199-7343-7105-9cb7-6db3a94d47c9.pdf"
"1960","Escavadeira Hidráulica","JCB","JS115","MANUAL DO OPERADOR ESCAVADEIRA - JCB- JS115 -","-","true","https://cdn.appmaq.com.br/appmaq-media/manuals/019e3cb3-76c1-74d8-8ffd-56c36045dc68/019e4199-7877-7da6-a150-d53ae83c86bd.pdf"
"1961","Escavadeira Hidráulica","JCB","JS115","MANUAL DO OPERADOR ESCAVADEIRA -JCB- JS115 - MWM","-","true","https://cdn.appmaq.com.br/appmaq-media/manuals/019e3cb3-76c1-74d8-8ffd-56c36045dc68/019e4199-7d8e-7647-b8a2-9e6eae7a3c05.pdf"
"1962","Escavadeira Hidráulica","JCB","JS115","PORTIFÓLIO DA LINHA DE MÁQUINAS - JCB-","-","true","https://cdn.appmaq.com.br/appmaq-media/manuals/019e3cb3-76c1-74d8-8ffd-56c36045dc68/019e4199-7ed1-7f10-8847-a270f6f13c5f.pdf"
"1963","Escavadeira Hidráulica","JCB","JS130","JCB MOTOR 3 TIER MANUAL DE MANUTENÇÃO","-","true","https://cdn.appmaq.com.br/appmaq-media/manuals/019e3cb3-cb8c-7d10-937e-f68e66474bbb/019e419a-4fdb-7f87-9e91-4a48296837c8.pdf"
"1964","Escavadeira Hidráulica","JCB","JS130","MANUAL DE TREINAMENTO DE EXCELENCIA TECNICA - ESCAVADEIRAS - JCB -","-","true","https://cdn.appmaq.com.br/appmaq-media/manuals/019e3cb3-cb8c-7d10-937e-f68e66474bbb/019e419a-5007-7d46-b706-4363043b131a.pdf"
"1965","Escavadeira Hidráulica","JCB","JS130","MANUAL DO OPERADOR DA ESCAVADEIRA - JCB - JS130 -","-","true","https://cdn.appmaq.com.br/appmaq-media/manuals/019e3cb3-cb8c-7d10-937e-f68e66474bbb/019e419a-5109-748d-aaf0-3bb140b9ade7.pdf"
"1966","Escavadeira Hidráulica","JCB","JS130","MANUAL DO OPERADOR ESCAVADEIRA - JCB-JS130 -","-","true","https://cdn.appmaq.com.br/appmaq-media/manuals/019e3cb3-cb8c-7d10-937e-f68e66474bbb/019e419a-56c9-76c4-a96c-2362187ff49b.pdf"
"1967","Escavadeira Hidráulica","JCB","JS130","MANUAL DO OPERADOR ESCAVADEIRA -JCB- JS130 - MWM","-","true","https://cdn.appmaq.com.br/appmaq-media/manuals/019e3cb3-cb8c-7d10-937e-f68e66474bbb/019e419a-55a9-734b-a558-ead19db0d533.pdf"
"1968","Escavadeira Hidráulica","JCB","JS130","PORTIFÓLIO DA LINHA DE MÁQUINAS - JCB-","-","true","https://cdn.appmaq.com.br/appmaq-media/manuals/019e3cb3-cb8c-7d10-937e-f68e66474bbb/019e419a-5cb4-7bd2-adb1-3b44645c8403.pdf"
"1969","Escavadeira Hidráulica","JCB","JS130LC","ESPECIFICAÇÃO TÉCNICA ESCAVADEIRA JCB - JS130LC-","-","true","https://cdn.appmaq.com.br/appmaq-media/manuals/0195b3ba-39a6-72ab-9a42-186bfd889e50/019e419e-5c68-7feb-8553-04f5a9a73d29.pdf"
"1970","Escavadeira Hidráulica","JCB","JS130LC","FOLHETO TÉCNICO ESCAVADEIRA -JCB -J S130LC-","-","true","https://cdn.appmaq.com.br/appmaq-media/manuals/0195b3ba-39a6-72ab-9a42-186bfd889e50/019e419e-5cad-7643-a395-e7275017a4e5.pdf"
"1971","Escavadeira Hidráulica","JCB","JS130LC","JCB MOTOR 3 TIER MANUAL DE MANUTENÇÃO","-","true","https://cdn.appmaq.com.br/appmaq-media/manuals/0195b3ba-39a6-72ab-9a42-186bfd889e50/019e419e-5d47-7838-8296-e30b9e11cf2b.pdf"
"1972","Escavadeira Hidráulica","JCB","JS130LC","MANUAL DE TREINAMENTO DE EXCELENCIA TECNICA - ESCAVADEIRAS - JCB -","-","true","https://cdn.appmaq.com.br/appmaq-media/manuals/0195b3ba-39a6-72ab-9a42-186bfd889e50/019e419e-5e1f-7434-aba3-a7b5a8abebde.pdf"
"1973","Escavadeira Hidráulica","JCB","JS130LC","MANUAL DO OPERADOR ESCAVADEIRA -JCB- JS130LC- MWM","-","true","https://cdn.appmaq.com.br/appmaq-media/manuals/0195b3ba-39a6-72ab-9a42-186bfd889e50/019e419e-5fff-7971-ba8d-d24c27a6ad5a.pdf"
"1974","Escavadeira Hidráulica","JCB","JS130LC","PORTIFÓLIO DA LINHA DE MÁQUINAS - JCB-","-","true","https://cdn.appmaq.com.br/appmaq-media/manuals/0195b3ba-39a6-72ab-9a42-186bfd889e50/019e419e-61b0-75bd-8712-b6f68bd5d79d.pdf"
"1975","Escavadeira Hidráulica","JCB","JS131","JCB MOTOR 3 TIER MANUAL DE MANUTENÇÃO","-","true","https://cdn.appmaq.com.br/appmaq-media/manuals/019e3cb6-07b3-7f0a-b91f-6e509dc585ec/019e419f-73c2-7f76-b084-501d09f04660.pdf"
"1976","Escavadeira Hidráulica","JCB","JS131","MANUAL DE TREINAMENTO DE EXCELENCIA TECNICA - ESCAVADEIRAS - JCB -","-","true","https://cdn.appmaq.com.br/appmaq-media/manuals/019e3cb6-07b3-7f0a-b91f-6e509dc585ec/019e419f-73f4-75c9-896c-bab665a06a44.pdf"
"1977","Escavadeira Hidráulica","JCB","JS131","MANUAL DO OPERADOR DA ESCAVADEIRA - JCB - JS131 -","-","true","https://cdn.appmaq.com.br/appmaq-media/manuals/019e3cb6-07b3-7f0a-b91f-6e509dc585ec/019e419f-753e-7129-bc9e-80864f64af95.pdf"
"1978","Escavadeira Hidráulica","JCB","JS131","MANUAL DO OPERADOR ESCAVADEIRA - JCB -JS131 -","-","true","https://cdn.appmaq.com.br/appmaq-media/manuals/019e3cb6-07b3-7f0a-b91f-6e509dc585ec/019e419f-799c-7633-819d-30aed91227e5.pdf"
"1979","Escavadeira Hidráulica","JCB","JS131","PORTIFÓLIO DA LINHA DE MÁQUINAS - JCB-","-","true","https://cdn.appmaq.com.br/appmaq-media/manuals/019e3cb6-07b3-7f0a-b91f-6e509dc585ec/019e419f-7ea5-7337-a3e2-b5c7c8300320.pdf"
"1980","Escavadeira Hidráulica","JCB","JS145","JCB MOTOR 3 TIER MANUAL DE MANUTENÇÃO","-","true","https://cdn.appmaq.com.br/appmaq-media/manuals/019e3cb6-6b8a-7f51-bd98-a011cc99a109/019e41a1-132e-7952-8ca5-e84134ffc996.pdf"
"1981","Escavadeira Hidráulica","JCB","JS145","MANUAL DE TREINAMENTO DE EXCELENCIA TECNICA - ESCAVADEIRAS - JCB -","-","true","https://cdn.appmaq.com.br/appmaq-media/manuals/019e3cb6-6b8a-7f51-bd98-a011cc99a109/019e41a1-135b-7292-b72b-d36857b6ecb2.pdf"
"1982","Escavadeira Hidráulica","JCB","JS145","MANUAL DO OPERADOR DA ESCAVADEIRA - JCB - JS145 -","-","true","https://cdn.appmaq.com.br/appmaq-media/manuals/019e3cb6-6b8a-7f51-bd98-a011cc99a109/019e41a1-1495-7f5b-90f4-2a4f08e8fc61.pdf"
"1983","Escavadeira Hidráulica","JCB","JS145","MANUAL DO OPERADOR ESCAVADEIRA - JCB -JS145 -","-","true","https://cdn.appmaq.com.br/appmaq-media/manuals/019e3cb6-6b8a-7f51-bd98-a011cc99a109/019e41a1-1974-722f-9099-94266b838eda.pdf"
"1984","Escavadeira Hidráulica","JCB","JS145","MANUAL DO OPERADOR ESCAVADEIRA -JCB- JS145 - MWM","-","true","https://cdn.appmaq.com.br/appmaq-media/manuals/019e3cb6-6b8a-7f51-bd98-a011cc99a109/019e41a1-1df3-7c2d-9eee-4053b47628b0.pdf"
"1985","Escavadeira Hidráulica","JCB","JS145","PORTIFÓLIO DA LINHA DE MÁQUINAS - JCB-","-","true","https://cdn.appmaq.com.br/appmaq-media/manuals/019e3cb6-6b8a-7f51-bd98-a011cc99a109/019e41a1-1f1b-7733-8e04-ee167cb1b625.pdf"
"1986","Escavadeira Hidráulica","JCB","JS160","JCB MOTOR 3 TIER MANUAL DE MANUTENÇÃO","-","true","https://cdn.appmaq.com.br/appmaq-media/manuals/019e3cb6-d26c-7571-ac0e-b0a65790a829/019e41a1-e618-70ab-b6d8-6aa6589c72d5.pdf"
"1987","Escavadeira Hidráulica","JCB","JS160","MANUAL DE OPERADOR DA ESCAVDEIRA - JCB - JS160 -","-","true","https://cdn.appmaq.com.br/appmaq-media/manuals/019e3cb6-d26c-7571-ac0e-b0a65790a829/019e41a1-e65b-72bb-8083-f70d6d5a48a6.pdf"
"1988","Escavadeira Hidráulica","JCB","JS160","MANUAL DE TREINAMENTO DE EXCELENCIA TECNICA - ESCAVADEIRAS - JCB -","-","true","https://cdn.appmaq.com.br/appmaq-media/manuals/019e3cb6-d26c-7571-ac0e-b0a65790a829/019e41a1-eb2e-7418-ba39-d75d3994858d.pdf"
"1989","Escavadeira Hidráulica","JCB","JS160","MANUAL DO OPERADOR DA ESCAVADEIRA - JCB - JS160 -","-","true","https://cdn.appmaq.com.br/appmaq-media/manuals/019e3cb6-d26c-7571-ac0e-b0a65790a829/019e41a1-ee9d-76f1-9ca0-56616c1f5773.pdf"
"1990","Escavadeira Hidráulica","JCB","JS160","MANUAL DO OPERADOR ESCAVADEIRA - JCB -JS160 -","-","true","https://cdn.appmaq.com.br/appmaq-media/manuals/019e3cb6-d26c-7571-ac0e-b0a65790a829/019e41a1-f37c-74a0-886f-d6db307d678f.pdf"
"1991","Escavadeira Hidráulica","JCB","JS160","MANUAL DO OPERADOR ESCAVADEIRA -JCB- JS160 - MWM","-","true","https://cdn.appmaq.com.br/appmaq-media/manuals/019e3cb6-d26c-7571-ac0e-b0a65790a829/019e41a1-f798-726d-9896-4317041ff505.pdf"
"1992","Escavadeira Hidráulica","JCB","JS160","PORTIFÓLIO DA LINHA DE MÁQUINAS - JCB-","-","true","https://cdn.appmaq.com.br/appmaq-media/manuals/019e3cb6-d26c-7571-ac0e-b0a65790a829/019e41a1-f918-7b58-84f8-ab1bf6da38a7.pdf"
"1993","Escavadeira Hidráulica","JCB","JS160LC","APRESENTAÇÃO TÉCNICA ESCAVADEIRA - JS160LC -JCB","-","true","https://cdn.appmaq.com.br/appmaq-media/manuals/0196f443-bf98-78a5-b9a5-676ee5e99d06/019e41a3-04eb-78cf-8176-d7030f663cdd.pdf"
"1994","Escavadeira Hidráulica","JCB","JS160LC","ESPECIFICAÇÃO TÉCNICA ESCAVADEIRA -JCB-JS160LC","-","true","https://cdn.appmaq.com.br/appmaq-media/manuals/0196f443-bf98-78a5-b9a5-676ee5e99d06/019e41a3-0569-7f63-98ea-c76d4962899c.pdf"
"1995","Escavadeira Hidráulica","JCB","JS160LC","MANUAL DE TREINAMENTO DE EXCELENCIA TECNICA - ESCAVADEIRAS - JCB -","-","true","https://cdn.appmaq.com.br/appmaq-media/manuals/0196f443-bf98-78a5-b9a5-676ee5e99d06/019e41a3-0599-7df0-8fdb-bf8293339f1e.pdf"
"1996","Escavadeira Hidráulica","JCB","JS160LC","MANUAL DO OPERADOR ESCAVADEIRA -JCB- JS160LC - MWM","-","true","https://cdn.appmaq.com.br/appmaq-media/manuals/0196f443-bf98-78a5-b9a5-676ee5e99d06/019e41a3-06ae-755e-80fc-b63a498412ec.pdf"
"1997","Escavadeira Hidráulica","JCB","JS180","JCB MOTOR 3 TIER MANUAL DE MANUTENÇÃO","-","true","https://cdn.appmaq.com.br/appmaq-media/manuals/019e3cb7-6632-7ff0-9ce5-c108b9966506/019e41a3-ef10-742d-b522-ed8c51cc1f18.pdf"
"1998","Escavadeira Hidráulica","JCB","JS180","MANUAL DE OPERADOR DA ESCAVDEIRA - JCB - JS180 -","-","true","https://cdn.appmaq.com.br/appmaq-media/manuals/019e3cb7-6632-7ff0-9ce5-c108b9966506/019e41a3-ef3c-76c3-95ee-4897adf6d458.pdf"
"1999","Escavadeira Hidráulica","JCB","JS180","MANUAL DE TREINAMENTO DE EXCELENCIA TECNICA - ESCAVADEIRAS - JCB -","-","true","https://cdn.appmaq.com.br/appmaq-media/manuals/019e3cb7-6632-7ff0-9ce5-c108b9966506/019e41a3-f12e-7be5-8600-bb0b687c8ce8.pdf"
"2000","Escavadeira Hidráulica","JCB","JS180","MANUAL DO OPERADOR DA ESCAVADEIRA - JCB - JS180 -","-","true","https://cdn.appmaq.com.br/appmaq-media/manuals/019e3cb7-6632-7ff0-9ce5-c108b9966506/019e41a3-f244-7e92-b803-786670a30571.pdf"