"prioridade","marca","modelo","tipo_documento","pasta_destino","total_manuais_admin","existe_no_admin","arquivos_locais","status_coleta","consulta_sugerida","candidatos_parecidos_appmaq"
"1","MASSEY FERGUSON","8S.305","manual_servico_oficina","E:\MANUAIS_APPMAQ\Trator Agricola\MASSEY FERGUSON\8S.305\02_manual_servico_oficina","4","False","0","pesquisar","MASSEY FERGUSON 8S.305 manual servico oficina service workshop repair",""
"1","MASSEY FERGUSON","MF3306","manual_servico_oficina","E:\MANUAIS_APPMAQ\Trator Agricola\MASSEY FERGUSON\MF3306\02_manual_servico_oficina","4","False","0","pesquisar","MASSEY FERGUSON MF3306 manual servico oficina service workshop repair",""
"1","MASSEY FERGUSON","MF3307","manual_servico_oficina","E:\MANUAIS_APPMAQ\Trator Agricola\MASSEY FERGUSON\MF3307\02_manual_servico_oficina","4","False","0","pesquisar","MASSEY FERGUSON MF3307 manual servico oficina service workshop repair",""
"1","MASSEY FERGUSON","MF3308","manual_servico_oficina","E:\MANUAIS_APPMAQ\Trator Agricola\MASSEY FERGUSON\MF3308\02_manual_servico_oficina","4","False","0","pesquisar","MASSEY FERGUSON MF3308 manual servico oficina service workshop repair",""
"1","MASSEY FERGUSON","MF4290","catalogo_pecas","E:\MANUAIS_APPMAQ\Trator Agricola\MASSEY FERGUSON\MF4290\03_catalogo_pecas","1","False","0","pesquisar","MASSEY FERGUSON MF4290 catalogo pecas parts catalog",""
"1","MASSEY FERGUSON","MF4290","manual_operador","E:\MANUAIS_APPMAQ\Trator Agricola\MASSEY FERGUSON\MF4290\01_manual_operador","1","False","0","pesquisar","MASSEY FERGUSON MF4290 manual operador operator manual",""
"1","MASSEY FERGUSON","MF4408","manual_servico_oficina","E:\MANUAIS_APPMAQ\Trator Agricola\MASSEY FERGUSON\MF4408\02_manual_servico_oficina","5","False","0","pesquisar","MASSEY FERGUSON MF4408 manual servico oficina service workshop repair",""
"1","MASSEY FERGUSON","MF4409","manual_servico_oficina","E:\MANUAIS_APPMAQ\Trator Agricola\MASSEY FERGUSON\MF4409\02_manual_servico_oficina","5","False","0","pesquisar","MASSEY FERGUSON MF4409 manual servico oficina service workshop repair",""
"1","MASSEY FERGUSON","MF4410","manual_servico_oficina","E:\MANUAIS_APPMAQ\Trator Agricola\MASSEY FERGUSON\MF4410\02_manual_servico_oficina","10","False","0","pesquisar","MASSEY FERGUSON MF4410 manual servico oficina service workshop repair",""
"1","MASSEY FERGUSON","MF4707","catalogo_pecas","E:\MANUAIS_APPMAQ\Trator Agricola\MASSEY FERGUSON\MF4707\03_catalogo_pecas","0","False","0","pesquisar","MASSEY FERGUSON MF4707 catalogo pecas parts catalog",""
"1","MASSEY FERGUSON","MF4707","ficha_tecnica_folheto","E:\MANUAIS_APPMAQ\Trator Agricola\MASSEY FERGUSON\MF4707\07_ficha_tecnica_folheto","0","False","0","pesquisar","MASSEY FERGUSON MF4707 ficha tecnica especificacoes folheto brochure specifications",""
"1","MASSEY FERGUSON","MF4707","manual_eletrico_hidraulico","E:\MANUAIS_APPMAQ\Trator Agricola\MASSEY FERGUSON\MF4707\05_manual_eletrico_hidraulico","0","False","0","pesquisar","MASSEY FERGUSON MF4707 manual eletrico hidraulico diagrama electrical hydraulic",""
"1","MASSEY FERGUSON","MF4707","manual_manutencao","E:\MANUAIS_APPMAQ\Trator Agricola\MASSEY FERGUSON\MF4707\04_manual_manutencao","0","False","0","pesquisar","MASSEY FERGUSON MF4707 manual manutencao maintenance",""
"1","MASSEY FERGUSON","MF4707","manual_operador","E:\MANUAIS_APPMAQ\Trator Agricola\MASSEY FERGUSON\MF4707\01_manual_operador","0","False","0","pesquisar","MASSEY FERGUSON MF4707 manual operador operator manual",""
"1","MASSEY FERGUSON","MF4707","manual_servico_oficina","E:\MANUAIS_APPMAQ\Trator Agricola\MASSEY FERGUSON\MF4707\02_manual_servico_oficina","0","False","0","pesquisar","MASSEY FERGUSON MF4707 manual servico oficina service workshop repair",""
"1","MASSEY FERGUSON","MF4707","treinamento_diagnostico","E:\MANUAIS_APPMAQ\Trator Agricola\MASSEY FERGUSON\MF4707\06_boletim_treinamento_diagnostico","0","False","0","pesquisar","MASSEY FERGUSON MF4707 treinamento diagnostico calibracao training diagnostic",""
"1","MASSEY FERGUSON","MF4708","manual_servico_oficina","E:\MANUAIS_APPMAQ\Trator Agricola\MASSEY FERGUSON\MF4708\02_manual_servico_oficina","5","False","0","pesquisar","MASSEY FERGUSON MF4708 manual servico oficina service workshop repair",""
"1","MASSEY FERGUSON","MF4709","manual_servico_oficina","E:\MANUAIS_APPMAQ\Trator Agricola\MASSEY FERGUSON\MF4709\02_manual_servico_oficina","5","False","0","pesquisar","MASSEY FERGUSON MF4709 manual servico oficina service workshop repair",""
"1","MASSEY FERGUSON","MF50","manual_servico_oficina","E:\MANUAIS_APPMAQ\Trator Agricola\MASSEY FERGUSON\MF50\02_manual_servico_oficina","3","False","0","pesquisar","MASSEY FERGUSON MF50 manual servico oficina service workshop repair",""
"1","NEW HOLLAND","T9.470 - COM LEVANTE","manual_operador","E:\MANUAIS_APPMAQ\Trator Agricola\NEW HOLLAND\T9.470 - COM LEVANTE\01_manual_operador","5","False","0","pesquisar","NEW HOLLAND T9.470 - COM LEVANTE manual operador operator manual",""
"1","NEW HOLLAND","T9.470 - COM LEVANTE","manual_servico_oficina","E:\MANUAIS_APPMAQ\Trator Agricola\NEW HOLLAND\T9.470 - COM LEVANTE\02_manual_servico_oficina","5","False","0","pesquisar","NEW HOLLAND T9.470 - COM LEVANTE manual servico oficina service workshop repair",""
"1","NEW HOLLAND","T9.470 - PIVOT","manual_operador","E:\MANUAIS_APPMAQ\Trator Agricola\NEW HOLLAND\T9.470 - PIVOT\01_manual_operador","5","False","0","pesquisar","NEW HOLLAND T9.470 - PIVOT manual operador operator manual",""
"1","NEW HOLLAND","T9.470 - PIVOT","manual_servico_oficina","E:\MANUAIS_APPMAQ\Trator Agricola\NEW HOLLAND\T9.470 - PIVOT\02_manual_servico_oficina","5","False","0","pesquisar","NEW HOLLAND T9.470 - PIVOT manual servico oficina service workshop repair",""
"1","NEW HOLLAND","T9.480","manual_servico_oficina","E:\MANUAIS_APPMAQ\Trator Agricola\NEW HOLLAND\T9.480\02_manual_servico_oficina","5","False","0","pesquisar","NEW HOLLAND T9.480 manual servico oficina service workshop repair",""
"1","NEW HOLLAND","T9.520 - COM LEVANTE","manual_operador","E:\MANUAIS_APPMAQ\Trator Agricola\NEW HOLLAND\T9.520 - COM LEVANTE\01_manual_operador","5","False","0","pesquisar","NEW HOLLAND T9.520 - COM LEVANTE manual operador operator manual",""
"1","NEW HOLLAND","T9.520 - COM LEVANTE","manual_servico_oficina","E:\MANUAIS_APPMAQ\Trator Agricola\NEW HOLLAND\T9.520 - COM LEVANTE\02_manual_servico_oficina","5","False","0","pesquisar","NEW HOLLAND T9.520 - COM LEVANTE manual servico oficina service workshop repair",""
"1","NEW HOLLAND","T9.520 - PIVOT","manual_operador","E:\MANUAIS_APPMAQ\Trator Agricola\NEW HOLLAND\T9.520 - PIVOT\01_manual_operador","5","False","0","pesquisar","NEW HOLLAND T9.520 - PIVOT manual operador operator manual",""
"1","NEW HOLLAND","T9.520 - PIVOT","manual_servico_oficina","E:\MANUAIS_APPMAQ\Trator Agricola\NEW HOLLAND\T9.520 - PIVOT\02_manual_servico_oficina","5","False","0","pesquisar","NEW HOLLAND T9.520 - PIVOT manual servico oficina service workshop repair",""
"1","NEW HOLLAND","T9.565","manual_servico_oficina","E:\MANUAIS_APPMAQ\Trator Agricola\NEW HOLLAND\T9.565\02_manual_servico_oficina","5","False","0","pesquisar","NEW HOLLAND T9.565 manual servico oficina service workshop repair",""
"1","NEW HOLLAND","T9.580 - COM LEVANTE","manual_operador","E:\MANUAIS_APPMAQ\Trator Agricola\NEW HOLLAND\T9.580 - COM LEVANTE\01_manual_operador","5","False","0","pesquisar","NEW HOLLAND T9.580 - COM LEVANTE manual operador operator manual",""
"1","NEW HOLLAND","T9.580 - COM LEVANTE","manual_servico_oficina","E:\MANUAIS_APPMAQ\Trator Agricola\NEW HOLLAND\T9.580 - COM LEVANTE\02_manual_servico_oficina","5","False","0","pesquisar","NEW HOLLAND T9.580 - COM LEVANTE manual servico oficina service workshop repair",""
"1","NEW HOLLAND","T9.580 - PIVOT","manual_operador","E:\MANUAIS_APPMAQ\Trator Agricola\NEW HOLLAND\T9.580 - PIVOT\01_manual_operador","5","False","0","pesquisar","NEW HOLLAND T9.580 - PIVOT manual operador operator manual",""
"1","NEW HOLLAND","T9.580 - PIVOT","manual_servico_oficina","E:\MANUAIS_APPMAQ\Trator Agricola\NEW HOLLAND\T9.580 - PIVOT\02_manual_servico_oficina","5","False","0","pesquisar","NEW HOLLAND T9.580 - PIVOT manual servico oficina service workshop repair",""
"1","NEW HOLLAND","T9.615 - COM LEVANTE","manual_servico_oficina","E:\MANUAIS_APPMAQ\Trator Agricola\NEW HOLLAND\T9.615 - COM LEVANTE\02_manual_servico_oficina","6","False","0","pesquisar","NEW HOLLAND T9.615 - COM LEVANTE manual servico oficina service workshop repair",""
"1","NEW HOLLAND","T9.615 - PIVOT","manual_servico_oficina","E:\MANUAIS_APPMAQ\Trator Agricola\NEW HOLLAND\T9.615 - PIVOT\02_manual_servico_oficina","6","False","0","pesquisar","NEW HOLLAND T9.615 - PIVOT manual servico oficina service workshop repair",""
"1","NEW HOLLAND","T9.700 - PIVOT","manual_servico_oficina","E:\MANUAIS_APPMAQ\Trator Agricola\NEW HOLLAND\T9.700 - PIVOT\02_manual_servico_oficina","8","False","0","pesquisar","NEW HOLLAND T9.700 - PIVOT manual servico oficina service workshop repair",""
"1","NEW HOLLAND","TK4.80N","catalogo_pecas","E:\MANUAIS_APPMAQ\Trator Agricola\NEW HOLLAND\TK4.80N\03_catalogo_pecas","0","False","0","pesquisar","NEW HOLLAND TK4.80N catalogo pecas parts catalog","TK4.80"
"1","NEW HOLLAND","TK4.80N","ficha_tecnica_folheto","E:\MANUAIS_APPMAQ\Trator Agricola\NEW HOLLAND\TK4.80N\07_ficha_tecnica_folheto","0","False","0","pesquisar","NEW HOLLAND TK4.80N ficha tecnica especificacoes folheto brochure specifications","TK4.80"
"1","NEW HOLLAND","TK4.80N","manual_eletrico_hidraulico","E:\MANUAIS_APPMAQ\Trator Agricola\NEW HOLLAND\TK4.80N\05_manual_eletrico_hidraulico","0","False","0","pesquisar","NEW HOLLAND TK4.80N manual eletrico hidraulico diagrama electrical hydraulic","TK4.80"
"1","NEW HOLLAND","TK4.80N","manual_manutencao","E:\MANUAIS_APPMAQ\Trator Agricola\NEW HOLLAND\TK4.80N\04_manual_manutencao","0","False","0","pesquisar","NEW HOLLAND TK4.80N manual manutencao maintenance","TK4.80"
"1","NEW HOLLAND","TK4.80N","manual_operador","E:\MANUAIS_APPMAQ\Trator Agricola\NEW HOLLAND\TK4.80N\01_manual_operador","0","False","0","pesquisar","NEW HOLLAND TK4.80N manual operador operator manual","TK4.80"
"1","NEW HOLLAND","TK4.80N","manual_servico_oficina","E:\MANUAIS_APPMAQ\Trator Agricola\NEW HOLLAND\TK4.80N\02_manual_servico_oficina","0","False","0","pesquisar","NEW HOLLAND TK4.80N manual servico oficina service workshop repair","TK4.80"
"1","NEW HOLLAND","TK4.80N","treinamento_diagnostico","E:\MANUAIS_APPMAQ\Trator Agricola\NEW HOLLAND\TK4.80N\06_boletim_treinamento_diagnostico","0","False","0","pesquisar","NEW HOLLAND TK4.80N treinamento diagnostico calibracao training diagnostic","TK4.80"
"1","NEW HOLLAND","TL100","manual_operador","E:\MANUAIS_APPMAQ\Trator Agricola\NEW HOLLAND\TL100\01_manual_operador","5","False","0","pesquisar","NEW HOLLAND TL100 manual operador operator manual",""
"1","NEW HOLLAND","TL100","manual_servico_oficina","E:\MANUAIS_APPMAQ\Trator Agricola\NEW HOLLAND\TL100\02_manual_servico_oficina","5","False","0","pesquisar","NEW HOLLAND TL100 manual servico oficina service workshop repair",""
"1","NEW HOLLAND","TL5.100","manual_servico_oficina","E:\MANUAIS_APPMAQ\Trator Agricola\NEW HOLLAND\TL5.100\02_manual_servico_oficina","7","False","0","pesquisar","NEW HOLLAND TL5.100 manual servico oficina service workshop repair",""
"1","NEW HOLLAND","TL5.80","manual_servico_oficina","E:\MANUAIS_APPMAQ\Trator Agricola\NEW HOLLAND\TL5.80\02_manual_servico_oficina","7","False","0","pesquisar","NEW HOLLAND TL5.80 manual servico oficina service workshop repair",""
"1","NEW HOLLAND","TL5.90","manual_servico_oficina","E:\MANUAIS_APPMAQ\Trator Agricola\NEW HOLLAND\TL5.90\02_manual_servico_oficina","7","False","0","pesquisar","NEW HOLLAND TL5.90 manual servico oficina service workshop repair",""
"1","NEW HOLLAND","TL60E","manual_servico_oficina","E:\MANUAIS_APPMAQ\Trator Agricola\NEW HOLLAND\TL60E\02_manual_servico_oficina","8","False","0","pesquisar","NEW HOLLAND TL60E manual servico oficina service workshop repair",""
"1","NEW HOLLAND","TL65","manual_servico_oficina","E:\MANUAIS_APPMAQ\Trator Agricola\NEW HOLLAND\TL65\02_manual_servico_oficina","6","False","0","pesquisar","NEW HOLLAND TL65 manual servico oficina service workshop repair",""
"1","NEW HOLLAND","TL70","manual_operador","E:\MANUAIS_APPMAQ\Trator Agricola\NEW HOLLAND\TL70\01_manual_operador","5","False","0","pesquisar","NEW HOLLAND TL70 manual operador operator manual",""
"1","NEW HOLLAND","TL70","manual_servico_oficina","E:\MANUAIS_APPMAQ\Trator Agricola\NEW HOLLAND\TL70\02_manual_servico_oficina","5","False","0","pesquisar","NEW HOLLAND TL70 manual servico oficina service workshop repair",""
"1","NEW HOLLAND","TL75","manual_servico_oficina","E:\MANUAIS_APPMAQ\Trator Agricola\NEW HOLLAND\TL75\02_manual_servico_oficina","7","False","0","pesquisar","NEW HOLLAND TL75 manual servico oficina service workshop repair",""
"1","NEW HOLLAND","TL75E","manual_servico_oficina","E:\MANUAIS_APPMAQ\Trator Agricola\NEW HOLLAND\TL75E\02_manual_servico_oficina","7","False","0","pesquisar","NEW HOLLAND TL75E manual servico oficina service workshop repair",""
"1","NEW HOLLAND","TL80","manual_operador","E:\MANUAIS_APPMAQ\Trator Agricola\NEW HOLLAND\TL80\01_manual_operador","5","False","0","pesquisar","NEW HOLLAND TL80 manual operador operator manual",""
"1","NEW HOLLAND","TL80","manual_servico_oficina","E:\MANUAIS_APPMAQ\Trator Agricola\NEW HOLLAND\TL80\02_manual_servico_oficina","5","False","0","pesquisar","NEW HOLLAND TL80 manual servico oficina service workshop repair",""
"1","NEW HOLLAND","TL85","manual_servico_oficina","E:\MANUAIS_APPMAQ\Trator Agricola\NEW HOLLAND\TL85\02_manual_servico_oficina","7","False","0","pesquisar","NEW HOLLAND TL85 manual servico oficina service workshop repair",""
"1","NEW HOLLAND","TL85E","manual_servico_oficina","E:\MANUAIS_APPMAQ\Trator Agricola\NEW HOLLAND\TL85E\02_manual_servico_oficina","7","False","0","pesquisar","NEW HOLLAND TL85E manual servico oficina service workshop repair",""
"1","NEW HOLLAND","TL90","manual_servico_oficina","E:\MANUAIS_APPMAQ\Trator Agricola\NEW HOLLAND\TL90\02_manual_servico_oficina","6","False","0","pesquisar","NEW HOLLAND TL90 manual servico oficina service workshop repair",""
"1","NEW HOLLAND","TL95","manual_servico_oficina","E:\MANUAIS_APPMAQ\Trator Agricola\NEW HOLLAND\TL95\02_manual_servico_oficina","6","False","0","pesquisar","NEW HOLLAND TL95 manual servico oficina service workshop repair",""
"1","NEW HOLLAND","TL95E","manual_servico_oficina","E:\MANUAIS_APPMAQ\Trator Agricola\NEW HOLLAND\TL95E\02_manual_servico_oficina","7","False","0","pesquisar","NEW HOLLAND TL95E manual servico oficina service workshop repair",""
"1","NEW HOLLAND","TM.7020","manual_operador","E:\MANUAIS_APPMAQ\Trator Agricola\NEW HOLLAND\TM.7020\01_manual_operador","5","False","0","pesquisar","NEW HOLLAND TM.7020 manual operador operator manual",""
"1","NEW HOLLAND","TM.7020","manual_servico_oficina","E:\MANUAIS_APPMAQ\Trator Agricola\NEW HOLLAND\TM.7020\02_manual_servico_oficina","5","False","0","pesquisar","NEW HOLLAND TM.7020 manual servico oficina service workshop repair",""
"1","NEW HOLLAND","TM.7040","manual_operador","E:\MANUAIS_APPMAQ\Trator Agricola\NEW HOLLAND\TM.7040\01_manual_operador","5","False","0","pesquisar","NEW HOLLAND TM.7040 manual operador operator manual",""
"1","NEW HOLLAND","TM.7040","manual_servico_oficina","E:\MANUAIS_APPMAQ\Trator Agricola\NEW HOLLAND\TM.7040\02_manual_servico_oficina","5","False","0","pesquisar","NEW HOLLAND TM.7040 manual servico oficina service workshop repair",""
"1","NEW HOLLAND","TM120","manual_operador","E:\MANUAIS_APPMAQ\Trator Agricola\NEW HOLLAND\TM120\01_manual_operador","3","False","0","pesquisar","NEW HOLLAND TM120 manual operador operator manual",""
"1","NEW HOLLAND","TM120","manual_servico_oficina","E:\MANUAIS_APPMAQ\Trator Agricola\NEW HOLLAND\TM120\02_manual_servico_oficina","3","False","0","pesquisar","NEW HOLLAND TM120 manual servico oficina service workshop repair",""
"1","NEW HOLLAND","TM135","manual_operador","E:\MANUAIS_APPMAQ\Trator Agricola\NEW HOLLAND\TM135\01_manual_operador","4","False","0","pesquisar","NEW HOLLAND TM135 manual operador operator manual",""
"1","NEW HOLLAND","TM135","manual_servico_oficina","E:\MANUAIS_APPMAQ\Trator Agricola\NEW HOLLAND\TM135\02_manual_servico_oficina","4","False","0","pesquisar","NEW HOLLAND TM135 manual servico oficina service workshop repair",""
"1","NEW HOLLAND","TM140","manual_operador","E:\MANUAIS_APPMAQ\Trator Agricola\NEW HOLLAND\TM140\01_manual_operador","3","False","0","pesquisar","NEW HOLLAND TM140 manual operador operator manual",""
"1","NEW HOLLAND","TM140","manual_servico_oficina","E:\MANUAIS_APPMAQ\Trator Agricola\NEW HOLLAND\TM140\02_manual_servico_oficina","3","False","0","pesquisar","NEW HOLLAND TM140 manual servico oficina service workshop repair",""
"1","NEW HOLLAND","TM150","manual_operador","E:\MANUAIS_APPMAQ\Trator Agricola\NEW HOLLAND\TM150\01_manual_operador","4","False","0","pesquisar","NEW HOLLAND TM150 manual operador operator manual",""
"1","NEW HOLLAND","TM150","manual_servico_oficina","E:\MANUAIS_APPMAQ\Trator Agricola\NEW HOLLAND\TM150\02_manual_servico_oficina","4","False","0","pesquisar","NEW HOLLAND TM150 manual servico oficina service workshop repair",""
"1","NEW HOLLAND","TM165","manual_operador","E:\MANUAIS_APPMAQ\Trator Agricola\NEW HOLLAND\TM165\01_manual_operador","4","False","0","pesquisar","NEW HOLLAND TM165 manual operador operator manual",""
"1","NEW HOLLAND","TM165","manual_servico_oficina","E:\MANUAIS_APPMAQ\Trator Agricola\NEW HOLLAND\TM165\02_manual_servico_oficina","4","False","0","pesquisar","NEW HOLLAND TM165 manual servico oficina service workshop repair",""
"1","NEW HOLLAND","TM7010","manual_operador","E:\MANUAIS_APPMAQ\Trator Agricola\NEW HOLLAND\TM7010\01_manual_operador","5","False","0","pesquisar","NEW HOLLAND TM7010 manual operador operator manual",""
"1","NEW HOLLAND","TM7010","manual_servico_oficina","E:\MANUAIS_APPMAQ\Trator Agricola\NEW HOLLAND\TM7010\02_manual_servico_oficina","5","False","0","pesquisar","NEW HOLLAND TM7010 manual servico oficina service workshop repair",""
"1","NEW HOLLAND","TS100","manual_operador","E:\MANUAIS_APPMAQ\Trator Agricola\NEW HOLLAND\TS100\01_manual_operador","4","False","0","pesquisar","NEW HOLLAND TS100 manual operador operator manual",""
"1","NEW HOLLAND","TS100","manual_servico_oficina","E:\MANUAIS_APPMAQ\Trator Agricola\NEW HOLLAND\TS100\02_manual_servico_oficina","4","False","0","pesquisar","NEW HOLLAND TS100 manual servico oficina service workshop repair",""
"1","NEW HOLLAND","TS110","manual_operador","E:\MANUAIS_APPMAQ\Trator Agricola\NEW HOLLAND\TS110\01_manual_operador","4","False","0","pesquisar","NEW HOLLAND TS110 manual operador operator manual",""
"1","NEW HOLLAND","TS110","manual_servico_oficina","E:\MANUAIS_APPMAQ\Trator Agricola\NEW HOLLAND\TS110\02_manual_servico_oficina","4","False","0","pesquisar","NEW HOLLAND TS110 manual servico oficina service workshop repair",""
"1","NEW HOLLAND","TS120","manual_operador","E:\MANUAIS_APPMAQ\Trator Agricola\NEW HOLLAND\TS120\01_manual_operador","4","False","0","pesquisar","NEW HOLLAND TS120 manual operador operator manual",""
"1","NEW HOLLAND","TS120","manual_servico_oficina","E:\MANUAIS_APPMAQ\Trator Agricola\NEW HOLLAND\TS120\02_manual_servico_oficina","4","False","0","pesquisar","NEW HOLLAND TS120 manual servico oficina service workshop repair",""
"1","NEW HOLLAND","TS6020","manual_operador","E:\MANUAIS_APPMAQ\Trator Agricola\NEW HOLLAND\TS6020\01_manual_operador","3","False","0","pesquisar","NEW HOLLAND TS6020 manual operador operator manual",""
"1","NEW HOLLAND","TS6020","manual_servico_oficina","E:\MANUAIS_APPMAQ\Trator Agricola\NEW HOLLAND\TS6020\02_manual_servico_oficina","3","False","0","pesquisar","NEW HOLLAND TS6020 manual servico oficina service workshop repair",""
"1","NEW HOLLAND","TS6040","manual_operador","E:\MANUAIS_APPMAQ\Trator Agricola\NEW HOLLAND\TS6040\01_manual_operador","3","False","0","pesquisar","NEW HOLLAND TS6040 manual operador operator manual",""
"1","NEW HOLLAND","TS6040","manual_servico_oficina","E:\MANUAIS_APPMAQ\Trator Agricola\NEW HOLLAND\TS6040\02_manual_servico_oficina","3","False","0","pesquisar","NEW HOLLAND TS6040 manual servico oficina service workshop repair",""
"1","NEW HOLLAND","TT3.50","manual_operador","E:\MANUAIS_APPMAQ\Trator Agricola\NEW HOLLAND\TT3.50\01_manual_operador","4","False","0","pesquisar","NEW HOLLAND TT3.50 manual operador operator manual",""
"1","NEW HOLLAND","TT3.50","manual_servico_oficina","E:\MANUAIS_APPMAQ\Trator Agricola\NEW HOLLAND\TT3.50\02_manual_servico_oficina","4","False","0","pesquisar","NEW HOLLAND TT3.50 manual servico oficina service workshop repair",""
"1","NEW HOLLAND","TT3840","manual_servico_oficina","E:\MANUAIS_APPMAQ\Trator Agricola\NEW HOLLAND\TT3840\02_manual_servico_oficina","5","False","0","pesquisar","NEW HOLLAND TT3840 manual servico oficina service workshop repair",""
"1","NEW HOLLAND","TT3880","manual_servico_oficina","E:\MANUAIS_APPMAQ\Trator Agricola\NEW HOLLAND\TT3880\02_manual_servico_oficina","5","False","0","pesquisar","NEW HOLLAND TT3880 manual servico oficina service workshop repair",""
"1","NEW HOLLAND","TT3880F","manual_servico_oficina","E:\MANUAIS_APPMAQ\Trator Agricola\NEW HOLLAND\TT3880F\02_manual_servico_oficina","5","False","0","pesquisar","NEW HOLLAND TT3880F manual servico oficina service workshop repair",""
"1","NEW HOLLAND","TT4.75","manual_operador","E:\MANUAIS_APPMAQ\Trator Agricola\NEW HOLLAND\TT4.75\01_manual_operador","6","False","0","pesquisar","NEW HOLLAND TT4.75 manual operador operator manual",""
"1","NEW HOLLAND","TT4.90","manual_operador","E:\MANUAIS_APPMAQ\Trator Agricola\NEW HOLLAND\TT4.90\01_manual_operador","5","False","0","pesquisar","NEW HOLLAND TT4.90 manual operador operator manual",""
"1","NEW HOLLAND","TT4030","manual_operador","E:\MANUAIS_APPMAQ\Trator Agricola\NEW HOLLAND\TT4030\01_manual_operador","5","False","0","pesquisar","NEW HOLLAND TT4030 manual operador operator manual",""
"1","NEW HOLLAND","TT4030","manual_servico_oficina","E:\MANUAIS_APPMAQ\Trator Agricola\NEW HOLLAND\TT4030\02_manual_servico_oficina","5","False","0","pesquisar","NEW HOLLAND TT4030 manual servico oficina service workshop repair",""
"1","NEW HOLLAND","TT55","catalogo_pecas","E:\MANUAIS_APPMAQ\Trator Agricola\NEW HOLLAND\TT55\03_catalogo_pecas","0","False","0","pesquisar","NEW HOLLAND TT55 catalogo pecas parts catalog","TT55F"
"1","NEW HOLLAND","TT55","ficha_tecnica_folheto","E:\MANUAIS_APPMAQ\Trator Agricola\NEW HOLLAND\TT55\07_ficha_tecnica_folheto","0","False","0","pesquisar","NEW HOLLAND TT55 ficha tecnica especificacoes folheto brochure specifications","TT55F"
"1","NEW HOLLAND","TT55","manual_eletrico_hidraulico","E:\MANUAIS_APPMAQ\Trator Agricola\NEW HOLLAND\TT55\05_manual_eletrico_hidraulico","0","False","0","pesquisar","NEW HOLLAND TT55 manual eletrico hidraulico diagrama electrical hydraulic","TT55F"
"1","NEW HOLLAND","TT55","manual_manutencao","E:\MANUAIS_APPMAQ\Trator Agricola\NEW HOLLAND\TT55\04_manual_manutencao","0","False","0","pesquisar","NEW HOLLAND TT55 manual manutencao maintenance","TT55F"
"1","NEW HOLLAND","TT55","manual_operador","E:\MANUAIS_APPMAQ\Trator Agricola\NEW HOLLAND\TT55\01_manual_operador","0","False","0","pesquisar","NEW HOLLAND TT55 manual operador operator manual","TT55F"
"1","NEW HOLLAND","TT55","manual_servico_oficina","E:\MANUAIS_APPMAQ\Trator Agricola\NEW HOLLAND\TT55\02_manual_servico_oficina","0","False","0","pesquisar","NEW HOLLAND TT55 manual servico oficina service workshop repair","TT55F"
"1","NEW HOLLAND","TT55","treinamento_diagnostico","E:\MANUAIS_APPMAQ\Trator Agricola\NEW HOLLAND\TT55\06_boletim_treinamento_diagnostico","0","False","0","pesquisar","NEW HOLLAND TT55 treinamento diagnostico calibracao training diagnostic","TT55F"
"1","NEW HOLLAND","TT65F","manual_operador","E:\MANUAIS_APPMAQ\Trator Agricola\NEW HOLLAND\TT65F\01_manual_operador","5","False","0","pesquisar","NEW HOLLAND TT65F manual operador operator manual",""
"1","NEW HOLLAND","TT65F","manual_servico_oficina","E:\MANUAIS_APPMAQ\Trator Agricola\NEW HOLLAND\TT65F\02_manual_servico_oficina","5","False","0","pesquisar","NEW HOLLAND TT65F manual servico oficina service workshop repair",""
"1","NEW HOLLAND","TT75","catalogo_pecas","E:\MANUAIS_APPMAQ\Trator Agricola\NEW HOLLAND\TT75\03_catalogo_pecas","0","False","0","pesquisar","NEW HOLLAND TT75 catalogo pecas parts catalog","TT75F"
"1","NEW HOLLAND","TT75","ficha_tecnica_folheto","E:\MANUAIS_APPMAQ\Trator Agricola\NEW HOLLAND\TT75\07_ficha_tecnica_folheto","0","False","0","pesquisar","NEW HOLLAND TT75 ficha tecnica especificacoes folheto brochure specifications","TT75F"
"1","NEW HOLLAND","TT75","manual_eletrico_hidraulico","E:\MANUAIS_APPMAQ\Trator Agricola\NEW HOLLAND\TT75\05_manual_eletrico_hidraulico","0","False","0","pesquisar","NEW HOLLAND TT75 manual eletrico hidraulico diagrama electrical hydraulic","TT75F"
"1","NEW HOLLAND","TT75","manual_manutencao","E:\MANUAIS_APPMAQ\Trator Agricola\NEW HOLLAND\TT75\04_manual_manutencao","0","False","0","pesquisar","NEW HOLLAND TT75 manual manutencao maintenance","TT75F"
"1","NEW HOLLAND","TT75","manual_operador","E:\MANUAIS_APPMAQ\Trator Agricola\NEW HOLLAND\TT75\01_manual_operador","0","False","0","pesquisar","NEW HOLLAND TT75 manual operador operator manual","TT75F"
"1","NEW HOLLAND","TT75","manual_servico_oficina","E:\MANUAIS_APPMAQ\Trator Agricola\NEW HOLLAND\TT75\02_manual_servico_oficina","0","False","0","pesquisar","NEW HOLLAND TT75 manual servico oficina service workshop repair","TT75F"
"1","NEW HOLLAND","TT75","treinamento_diagnostico","E:\MANUAIS_APPMAQ\Trator Agricola\NEW HOLLAND\TT75\06_boletim_treinamento_diagnostico","0","False","0","pesquisar","NEW HOLLAND TT75 treinamento diagnostico calibracao training diagnostic","TT75F"
"1","VALTRA","1280","manual_servico_oficina","E:\MANUAIS_APPMAQ\Trator Agricola\VALTRA\1280\02_manual_servico_oficina","4","False","0","pesquisar","VALTRA 1280 manual servico oficina service workshop repair",""
"1","VALTRA","1380 S","manual_servico_oficina","E:\MANUAIS_APPMAQ\Trator Agricola\VALTRA\1380 S\02_manual_servico_oficina","4","False","0","pesquisar","VALTRA 1380 S manual servico oficina service workshop repair",""
"1","VALTRA","1780","manual_servico_oficina","E:\MANUAIS_APPMAQ\Trator Agricola\VALTRA\1780\02_manual_servico_oficina","4","False","0","pesquisar","VALTRA 1780 manual servico oficina service workshop repair",""
"1","VALTRA","585","manual_servico_oficina","E:\MANUAIS_APPMAQ\Trator Agricola\VALTRA\585\02_manual_servico_oficina","5","False","0","pesquisar","VALTRA 585 manual servico oficina service workshop repair",""
"1","VALTRA","685","manual_servico_oficina","E:\MANUAIS_APPMAQ\Trator Agricola\VALTRA\685\02_manual_servico_oficina","5","False","0","pesquisar","VALTRA 685 manual servico oficina service workshop repair",""
"1","VALTRA","785","manual_servico_oficina","E:\MANUAIS_APPMAQ\Trator Agricola\VALTRA\785\02_manual_servico_oficina","5","False","0","pesquisar","VALTRA 785 manual servico oficina service workshop repair",""
"1","VALTRA","800","manual_servico_oficina","E:\MANUAIS_APPMAQ\Trator Agricola\VALTRA\800\02_manual_servico_oficina","4","False","0","pesquisar","VALTRA 800 manual servico oficina service workshop repair",""
"1","VALTRA","885","manual_servico_oficina","E:\MANUAIS_APPMAQ\Trator Agricola\VALTRA\885\02_manual_servico_oficina","4","False","0","pesquisar","VALTRA 885 manual servico oficina service workshop repair",""
"1","VALTRA","985","manual_servico_oficina","E:\MANUAIS_APPMAQ\Trator Agricola\VALTRA\985\02_manual_servico_oficina","4","False","0","pesquisar","VALTRA 985 manual servico oficina service workshop repair",""
"1","VALTRA","A104","manual_servico_oficina","E:\MANUAIS_APPMAQ\Trator Agricola\VALTRA\A104\02_manual_servico_oficina","7","False","0","pesquisar","VALTRA A104 manual servico oficina service workshop repair",""
"1","VALTRA","A114","manual_servico_oficina","E:\MANUAIS_APPMAQ\Trator Agricola\VALTRA\A114\02_manual_servico_oficina","7","False","0","pesquisar","VALTRA A114 manual servico oficina service workshop repair",""
"1","VALTRA","A114LP","manual_servico_oficina","E:\MANUAIS_APPMAQ\Trator Agricola\VALTRA\A114LP\02_manual_servico_oficina","4","False","0","pesquisar","VALTRA A114LP manual servico oficina service workshop repair",""
"1","VALTRA","A124","manual_servico_oficina","E:\MANUAIS_APPMAQ\Trator Agricola\VALTRA\A124\02_manual_servico_oficina","7","False","0","pesquisar","VALTRA A124 manual servico oficina service workshop repair",""
"1","VALTRA","A124H","manual_servico_oficina","E:\MANUAIS_APPMAQ\Trator Agricola\VALTRA\A124H\02_manual_servico_oficina","5","False","0","pesquisar","VALTRA A124H manual servico oficina service workshop repair",""
"1","VALTRA","A124LC","manual_servico_oficina","E:\MANUAIS_APPMAQ\Trator Agricola\VALTRA\A124LC\02_manual_servico_oficina","4","False","0","pesquisar","VALTRA A124LC manual servico oficina service workshop repair",""
"1","VALTRA","A124LP","manual_servico_oficina","E:\MANUAIS_APPMAQ\Trator Agricola\VALTRA\A124LP\02_manual_servico_oficina","4","False","0","pesquisar","VALTRA A124LP manual servico oficina service workshop repair",""
"1","VALTRA","A134","manual_servico_oficina","E:\MANUAIS_APPMAQ\Trator Agricola\VALTRA\A134\02_manual_servico_oficina","7","False","0","pesquisar","VALTRA A134 manual servico oficina service workshop repair",""
"1","VALTRA","A134H","manual_servico_oficina","E:\MANUAIS_APPMAQ\Trator Agricola\VALTRA\A134H\02_manual_servico_oficina","5","False","0","pesquisar","VALTRA A134H manual servico oficina service workshop repair",""
"1","VALTRA","A144","manual_servico_oficina","E:\MANUAIS_APPMAQ\Trator Agricola\VALTRA\A144\02_manual_servico_oficina","5","False","0","pesquisar","VALTRA A144 manual servico oficina service workshop repair",""
"1","VALTRA","A144H","manual_servico_oficina","E:\MANUAIS_APPMAQ\Trator Agricola\VALTRA\A144H\02_manual_servico_oficina","5","False","0","pesquisar","VALTRA A144H manual servico oficina service workshop repair",""
"1","VALTRA","A144L","manual_servico_oficina","E:\MANUAIS_APPMAQ\Trator Agricola\VALTRA\A144L\02_manual_servico_oficina","4","False","0","pesquisar","VALTRA A144L manual servico oficina service workshop repair",""
"1","VALTRA","A144LC","manual_servico_oficina","E:\MANUAIS_APPMAQ\Trator Agricola\VALTRA\A144LC\02_manual_servico_oficina","4","False","0","pesquisar","VALTRA A144LC manual servico oficina service workshop repair",""
"1","VALTRA","A52s","manual_servico_oficina","E:\MANUAIS_APPMAQ\Trator Agricola\VALTRA\A52s\02_manual_servico_oficina","5","False","0","pesquisar","VALTRA A52s manual servico oficina service workshop repair",""
"1","VALTRA","A550","manual_servico_oficina","E:\MANUAIS_APPMAQ\Trator Agricola\VALTRA\A550\02_manual_servico_oficina","4","False","0","pesquisar","VALTRA A550 manual servico oficina service workshop repair",""
"1","VALTRA","A62s","manual_servico_oficina","E:\MANUAIS_APPMAQ\Trator Agricola\VALTRA\A62s\02_manual_servico_oficina","5","False","0","pesquisar","VALTRA A62s manual servico oficina service workshop repair",""
"1","VALTRA","A63F","manual_servico_oficina","E:\MANUAIS_APPMAQ\Trator Agricola\VALTRA\A63F\02_manual_servico_oficina","6","False","0","pesquisar","VALTRA A63F manual servico oficina service workshop repair",""
"1","VALTRA","A73F","manual_servico_oficina","E:\MANUAIS_APPMAQ\Trator Agricola\VALTRA\A73F\02_manual_servico_oficina","5","False","0","pesquisar","VALTRA A73F manual servico oficina service workshop repair",""
"1","VALTRA","A74","manual_servico_oficina","E:\MANUAIS_APPMAQ\Trator Agricola\VALTRA\A74\02_manual_servico_oficina","4","False","0","pesquisar","VALTRA A74 manual servico oficina service workshop repair",""
"1","VALTRA","A74SC","manual_servico_oficina","E:\MANUAIS_APPMAQ\Trator Agricola\VALTRA\A74SC\02_manual_servico_oficina","3","False","0","pesquisar","VALTRA A74SC manual servico oficina service workshop repair",""
"1","VALTRA","A750","manual_servico_oficina","E:\MANUAIS_APPMAQ\Trator Agricola\VALTRA\A750\02_manual_servico_oficina","8","False","0","pesquisar","VALTRA A750 manual servico oficina service workshop repair",""
"1","VALTRA","A800C","catalogo_pecas","E:\MANUAIS_APPMAQ\Trator Agricola\VALTRA\A800C\03_catalogo_pecas","0","False","0","pesquisar","VALTRA A800C catalogo pecas parts catalog",""
"1","VALTRA","A800C","ficha_tecnica_folheto","E:\MANUAIS_APPMAQ\Trator Agricola\VALTRA\A800C\07_ficha_tecnica_folheto","0","False","0","pesquisar","VALTRA A800C ficha tecnica especificacoes folheto brochure specifications",""
"1","VALTRA","A800C","manual_eletrico_hidraulico","E:\MANUAIS_APPMAQ\Trator Agricola\VALTRA\A800C\05_manual_eletrico_hidraulico","0","False","0","pesquisar","VALTRA A800C manual eletrico hidraulico diagrama electrical hydraulic",""
"1","VALTRA","A800C","manual_manutencao","E:\MANUAIS_APPMAQ\Trator Agricola\VALTRA\A800C\04_manual_manutencao","0","False","0","pesquisar","VALTRA A800C manual manutencao maintenance",""
"1","VALTRA","A800C","manual_operador","E:\MANUAIS_APPMAQ\Trator Agricola\VALTRA\A800C\01_manual_operador","0","False","0","pesquisar","VALTRA A800C manual operador operator manual",""
"1","VALTRA","A800C","manual_servico_oficina","E:\MANUAIS_APPMAQ\Trator Agricola\VALTRA\A800C\02_manual_servico_oficina","0","False","0","pesquisar","VALTRA A800C manual servico oficina service workshop repair",""
"1","VALTRA","A800C","treinamento_diagnostico","E:\MANUAIS_APPMAQ\Trator Agricola\VALTRA\A800C\06_boletim_treinamento_diagnostico","0","False","0","pesquisar","VALTRA A800C treinamento diagnostico calibracao training diagnostic",""
"1","VALTRA","A800P","catalogo_pecas","E:\MANUAIS_APPMAQ\Trator Agricola\VALTRA\A800P\03_catalogo_pecas","0","False","0","pesquisar","VALTRA A800P catalogo pecas parts catalog",""
"1","VALTRA","A800P","ficha_tecnica_folheto","E:\MANUAIS_APPMAQ\Trator Agricola\VALTRA\A800P\07_ficha_tecnica_folheto","0","False","0","pesquisar","VALTRA A800P ficha tecnica especificacoes folheto brochure specifications",""
"1","VALTRA","A800P","manual_eletrico_hidraulico","E:\MANUAIS_APPMAQ\Trator Agricola\VALTRA\A800P\05_manual_eletrico_hidraulico","0","False","0","pesquisar","VALTRA A800P manual eletrico hidraulico diagrama electrical hydraulic",""
"1","VALTRA","A800P","manual_manutencao","E:\MANUAIS_APPMAQ\Trator Agricola\VALTRA\A800P\04_manual_manutencao","0","False","0","pesquisar","VALTRA A800P manual manutencao maintenance",""
"1","VALTRA","A800P","manual_operador","E:\MANUAIS_APPMAQ\Trator Agricola\VALTRA\A800P\01_manual_operador","0","False","0","pesquisar","VALTRA A800P manual operador operator manual",""
"1","VALTRA","A800P","manual_servico_oficina","E:\MANUAIS_APPMAQ\Trator Agricola\VALTRA\A800P\02_manual_servico_oficina","0","False","0","pesquisar","VALTRA A800P manual servico oficina service workshop repair",""
"1","VALTRA","A800P","treinamento_diagnostico","E:\MANUAIS_APPMAQ\Trator Agricola\VALTRA\A800P\06_boletim_treinamento_diagnostico","0","False","0","pesquisar","VALTRA A800P treinamento diagnostico calibracao training diagnostic",""
"1","VALTRA","A800R","catalogo_pecas","E:\MANUAIS_APPMAQ\Trator Agricola\VALTRA\A800R\03_catalogo_pecas","0","False","0","pesquisar","VALTRA A800R catalogo pecas parts catalog",""
"1","VALTRA","A800R","ficha_tecnica_folheto","E:\MANUAIS_APPMAQ\Trator Agricola\VALTRA\A800R\07_ficha_tecnica_folheto","0","False","0","pesquisar","VALTRA A800R ficha tecnica especificacoes folheto brochure specifications",""
"1","VALTRA","A800R","manual_eletrico_hidraulico","E:\MANUAIS_APPMAQ\Trator Agricola\VALTRA\A800R\05_manual_eletrico_hidraulico","0","False","0","pesquisar","VALTRA A800R manual eletrico hidraulico diagrama electrical hydraulic",""
"1","VALTRA","A800R","manual_manutencao","E:\MANUAIS_APPMAQ\Trator Agricola\VALTRA\A800R\04_manual_manutencao","0","False","0","pesquisar","VALTRA A800R manual manutencao maintenance",""
"1","VALTRA","A800R","manual_operador","E:\MANUAIS_APPMAQ\Trator Agricola\VALTRA\A800R\01_manual_operador","0","False","0","pesquisar","VALTRA A800R manual operador operator manual",""
"1","VALTRA","A800R","manual_servico_oficina","E:\MANUAIS_APPMAQ\Trator Agricola\VALTRA\A800R\02_manual_servico_oficina","0","False","1","baixado_local_validar_appmaq","VALTRA A800R manual servico oficina service workshop repair",""
"1","VALTRA","A800R","treinamento_diagnostico","E:\MANUAIS_APPMAQ\Trator Agricola\VALTRA\A800R\06_boletim_treinamento_diagnostico","0","False","0","pesquisar","VALTRA A800R treinamento diagnostico calibracao training diagnostic",""
"1","VALTRA","A83F","manual_servico_oficina","E:\MANUAIS_APPMAQ\Trator Agricola\VALTRA\A83F\02_manual_servico_oficina","6","False","0","pesquisar","VALTRA A83F manual servico oficina service workshop repair",""
"1","VALTRA","A84","manual_servico_oficina","E:\MANUAIS_APPMAQ\Trator Agricola\VALTRA\A84\02_manual_servico_oficina","4","False","0","pesquisar","VALTRA A84 manual servico oficina service workshop repair",""
"1","VALTRA","A850","catalogo_pecas","E:\MANUAIS_APPMAQ\Trator Agricola\VALTRA\A850\03_catalogo_pecas","0","False","0","pesquisar","VALTRA A850 catalogo pecas parts catalog","A850F"
"1","VALTRA","A850","ficha_tecnica_folheto","E:\MANUAIS_APPMAQ\Trator Agricola\VALTRA\A850\07_ficha_tecnica_folheto","0","False","0","pesquisar","VALTRA A850 ficha tecnica especificacoes folheto brochure specifications","A850F"
"1","VALTRA","A850","manual_eletrico_hidraulico","E:\MANUAIS_APPMAQ\Trator Agricola\VALTRA\A850\05_manual_eletrico_hidraulico","0","False","0","pesquisar","VALTRA A850 manual eletrico hidraulico diagrama electrical hydraulic","A850F"
"1","VALTRA","A850","manual_manutencao","E:\MANUAIS_APPMAQ\Trator Agricola\VALTRA\A850\04_manual_manutencao","0","False","0","pesquisar","VALTRA A850 manual manutencao maintenance","A850F"
"1","VALTRA","A850","manual_operador","E:\MANUAIS_APPMAQ\Trator Agricola\VALTRA\A850\01_manual_operador","0","False","0","pesquisar","VALTRA A850 manual operador operator manual","A850F"
"1","VALTRA","A850","manual_servico_oficina","E:\MANUAIS_APPMAQ\Trator Agricola\VALTRA\A850\02_manual_servico_oficina","0","False","0","pesquisar","VALTRA A850 manual servico oficina service workshop repair","A850F"
"1","VALTRA","A850","treinamento_diagnostico","E:\MANUAIS_APPMAQ\Trator Agricola\VALTRA\A850\06_boletim_treinamento_diagnostico","0","False","0","pesquisar","VALTRA A850 treinamento diagnostico calibracao training diagnostic","A850F"
"1","VALTRA","A850C","catalogo_pecas","E:\MANUAIS_APPMAQ\Trator Agricola\VALTRA\A850C\03_catalogo_pecas","0","False","0","pesquisar","VALTRA A850C catalogo pecas parts catalog",""
"1","VALTRA","A850C","ficha_tecnica_folheto","E:\MANUAIS_APPMAQ\Trator Agricola\VALTRA\A850C\07_ficha_tecnica_folheto","0","False","0","pesquisar","VALTRA A850C ficha tecnica especificacoes folheto brochure specifications",""
"1","VALTRA","A850C","manual_eletrico_hidraulico","E:\MANUAIS_APPMAQ\Trator Agricola\VALTRA\A850C\05_manual_eletrico_hidraulico","0","False","0","pesquisar","VALTRA A850C manual eletrico hidraulico diagrama electrical hydraulic",""
"1","VALTRA","A850C","manual_manutencao","E:\MANUAIS_APPMAQ\Trator Agricola\VALTRA\A850C\04_manual_manutencao","0","False","0","pesquisar","VALTRA A850C manual manutencao maintenance",""
"1","VALTRA","A850C","manual_operador","E:\MANUAIS_APPMAQ\Trator Agricola\VALTRA\A850C\01_manual_operador","0","False","0","pesquisar","VALTRA A850C manual operador operator manual",""
"1","VALTRA","A850C","manual_servico_oficina","E:\MANUAIS_APPMAQ\Trator Agricola\VALTRA\A850C\02_manual_servico_oficina","0","False","0","pesquisar","VALTRA A850C manual servico oficina service workshop repair",""
"1","VALTRA","A850C","treinamento_diagnostico","E:\MANUAIS_APPMAQ\Trator Agricola\VALTRA\A850C\06_boletim_treinamento_diagnostico","0","False","0","pesquisar","VALTRA A850C treinamento diagnostico calibracao training diagnostic",""
"1","VALTRA","A850F","manual_servico_oficina","E:\MANUAIS_APPMAQ\Trator Agricola\VALTRA\A850F\02_manual_servico_oficina","5","False","0","pesquisar","VALTRA A850F manual servico oficina service workshop repair",""
"1","VALTRA","A850R","catalogo_pecas","E:\MANUAIS_APPMAQ\Trator Agricola\VALTRA\A850R\03_catalogo_pecas","0","False","0","pesquisar","VALTRA A850R catalogo pecas parts catalog",""
"1","VALTRA","A850R","ficha_tecnica_folheto","E:\MANUAIS_APPMAQ\Trator Agricola\VALTRA\A850R\07_ficha_tecnica_folheto","0","False","0","pesquisar","VALTRA A850R ficha tecnica especificacoes folheto brochure specifications",""
"1","VALTRA","A850R","manual_eletrico_hidraulico","E:\MANUAIS_APPMAQ\Trator Agricola\VALTRA\A850R\05_manual_eletrico_hidraulico","0","False","0","pesquisar","VALTRA A850R manual eletrico hidraulico diagrama electrical hydraulic",""
"1","VALTRA","A850R","manual_manutencao","E:\MANUAIS_APPMAQ\Trator Agricola\VALTRA\A850R\04_manual_manutencao","0","False","0","pesquisar","VALTRA A850R manual manutencao maintenance",""
"1","VALTRA","A850R","manual_operador","E:\MANUAIS_APPMAQ\Trator Agricola\VALTRA\A850R\01_manual_operador","0","False","0","pesquisar","VALTRA A850R manual operador operator manual",""
"1","VALTRA","A850R","manual_servico_oficina","E:\MANUAIS_APPMAQ\Trator Agricola\VALTRA\A850R\02_manual_servico_oficina","0","False","1","baixado_local_validar_appmaq","VALTRA A850R manual servico oficina service workshop repair",""
"1","VALTRA","A850R","treinamento_diagnostico","E:\MANUAIS_APPMAQ\Trator Agricola\VALTRA\A850R\06_boletim_treinamento_diagnostico","0","False","0","pesquisar","VALTRA A850R treinamento diagnostico calibracao training diagnostic",""
"1","VALTRA","A93F","manual_servico_oficina","E:\MANUAIS_APPMAQ\Trator Agricola\VALTRA\A93F\02_manual_servico_oficina","6","False","0","pesquisar","VALTRA A93F manual servico oficina service workshop repair",""
"1","VALTRA","A94","manual_servico_oficina","E:\MANUAIS_APPMAQ\Trator Agricola\VALTRA\A94\02_manual_servico_oficina","7","False","0","pesquisar","VALTRA A94 manual servico oficina service workshop repair",""
"1","VALTRA","A950","catalogo_pecas","E:\MANUAIS_APPMAQ\Trator Agricola\VALTRA\A950\03_catalogo_pecas","0","False","0","pesquisar","VALTRA A950 catalogo pecas parts catalog",""
"1","VALTRA","A950","ficha_tecnica_folheto","E:\MANUAIS_APPMAQ\Trator Agricola\VALTRA\A950\07_ficha_tecnica_folheto","0","False","0","pesquisar","VALTRA A950 ficha tecnica especificacoes folheto brochure specifications",""
"1","VALTRA","A950","manual_eletrico_hidraulico","E:\MANUAIS_APPMAQ\Trator Agricola\VALTRA\A950\05_manual_eletrico_hidraulico","0","False","0","pesquisar","VALTRA A950 manual eletrico hidraulico diagrama electrical hydraulic",""
"1","VALTRA","A950","manual_manutencao","E:\MANUAIS_APPMAQ\Trator Agricola\VALTRA\A950\04_manual_manutencao","0","False","0","pesquisar","VALTRA A950 manual manutencao maintenance",""
"1","VALTRA","A950","manual_operador","E:\MANUAIS_APPMAQ\Trator Agricola\VALTRA\A950\01_manual_operador","0","False","0","pesquisar","VALTRA A950 manual operador operator manual",""
"1","VALTRA","A950","manual_servico_oficina","E:\MANUAIS_APPMAQ\Trator Agricola\VALTRA\A950\02_manual_servico_oficina","0","False","0","pesquisar","VALTRA A950 manual servico oficina service workshop repair",""
"1","VALTRA","A950","treinamento_diagnostico","E:\MANUAIS_APPMAQ\Trator Agricola\VALTRA\A950\06_boletim_treinamento_diagnostico","0","False","0","pesquisar","VALTRA A950 treinamento diagnostico calibracao training diagnostic",""
"1","VALTRA","A950C","catalogo_pecas","E:\MANUAIS_APPMAQ\Trator Agricola\VALTRA\A950C\03_catalogo_pecas","0","False","0","pesquisar","VALTRA A950C catalogo pecas parts catalog",""
"1","VALTRA","A950C","ficha_tecnica_folheto","E:\MANUAIS_APPMAQ\Trator Agricola\VALTRA\A950C\07_ficha_tecnica_folheto","0","False","0","pesquisar","VALTRA A950C ficha tecnica especificacoes folheto brochure specifications",""
"1","VALTRA","A950C","manual_eletrico_hidraulico","E:\MANUAIS_APPMAQ\Trator Agricola\VALTRA\A950C\05_manual_eletrico_hidraulico","0","False","0","pesquisar","VALTRA A950C manual eletrico hidraulico diagrama electrical hydraulic",""
"1","VALTRA","A950C","manual_manutencao","E:\MANUAIS_APPMAQ\Trator Agricola\VALTRA\A950C\04_manual_manutencao","0","False","0","pesquisar","VALTRA A950C manual manutencao maintenance",""
"1","VALTRA","A950C","manual_operador","E:\MANUAIS_APPMAQ\Trator Agricola\VALTRA\A950C\01_manual_operador","0","False","0","pesquisar","VALTRA A950C manual operador operator manual",""
"1","VALTRA","A950C","manual_servico_oficina","E:\MANUAIS_APPMAQ\Trator Agricola\VALTRA\A950C\02_manual_servico_oficina","0","False","0","pesquisar","VALTRA A950C manual servico oficina service workshop repair",""
"1","VALTRA","A950C","treinamento_diagnostico","E:\MANUAIS_APPMAQ\Trator Agricola\VALTRA\A950C\06_boletim_treinamento_diagnostico","0","False","0","pesquisar","VALTRA A950C treinamento diagnostico calibracao training diagnostic",""
"1","VALTRA","A950R","catalogo_pecas","E:\MANUAIS_APPMAQ\Trator Agricola\VALTRA\A950R\03_catalogo_pecas","0","False","0","pesquisar","VALTRA A950R catalogo pecas parts catalog",""
"1","VALTRA","A950R","ficha_tecnica_folheto","E:\MANUAIS_APPMAQ\Trator Agricola\VALTRA\A950R\07_ficha_tecnica_folheto","0","False","0","pesquisar","VALTRA A950R ficha tecnica especificacoes folheto brochure specifications",""
"1","VALTRA","A950R","manual_eletrico_hidraulico","E:\MANUAIS_APPMAQ\Trator Agricola\VALTRA\A950R\05_manual_eletrico_hidraulico","0","False","0","pesquisar","VALTRA A950R manual eletrico hidraulico diagrama electrical hydraulic",""
"1","VALTRA","A950R","manual_manutencao","E:\MANUAIS_APPMAQ\Trator Agricola\VALTRA\A950R\04_manual_manutencao","0","False","0","pesquisar","VALTRA A950R manual manutencao maintenance",""
"1","VALTRA","A950R","manual_operador","E:\MANUAIS_APPMAQ\Trator Agricola\VALTRA\A950R\01_manual_operador","0","False","0","pesquisar","VALTRA A950R manual operador operator manual",""
"1","VALTRA","A950R","manual_servico_oficina","E:\MANUAIS_APPMAQ\Trator Agricola\VALTRA\A950R\02_manual_servico_oficina","0","False","1","baixado_local_validar_appmaq","VALTRA A950R manual servico oficina service workshop repair",""
"1","VALTRA","A950R","treinamento_diagnostico","E:\MANUAIS_APPMAQ\Trator Agricola\VALTRA\A950R\06_boletim_treinamento_diagnostico","0","False","0","pesquisar","VALTRA A950R treinamento diagnostico calibracao training diagnostic",""
"1","VALTRA","A990","catalogo_pecas","E:\MANUAIS_APPMAQ\Trator Agricola\VALTRA\A990\03_catalogo_pecas","0","False","0","pesquisar","VALTRA A990 catalogo pecas parts catalog",""
"1","VALTRA","A990","ficha_tecnica_folheto","E:\MANUAIS_APPMAQ\Trator Agricola\VALTRA\A990\07_ficha_tecnica_folheto","0","False","0","pesquisar","VALTRA A990 ficha tecnica especificacoes folheto brochure specifications",""
"1","VALTRA","A990","manual_eletrico_hidraulico","E:\MANUAIS_APPMAQ\Trator Agricola\VALTRA\A990\05_manual_eletrico_hidraulico","0","False","0","pesquisar","VALTRA A990 manual eletrico hidraulico diagrama electrical hydraulic",""
"1","VALTRA","A990","manual_manutencao","E:\MANUAIS_APPMAQ\Trator Agricola\VALTRA\A990\04_manual_manutencao","0","False","0","pesquisar","VALTRA A990 manual manutencao maintenance",""
"1","VALTRA","A990","manual_operador","E:\MANUAIS_APPMAQ\Trator Agricola\VALTRA\A990\01_manual_operador","0","False","0","pesquisar","VALTRA A990 manual operador operator manual",""
"1","VALTRA","A990","manual_servico_oficina","E:\MANUAIS_APPMAQ\Trator Agricola\VALTRA\A990\02_manual_servico_oficina","0","False","0","pesquisar","VALTRA A990 manual servico oficina service workshop repair",""
"1","VALTRA","A990","treinamento_diagnostico","E:\MANUAIS_APPMAQ\Trator Agricola\VALTRA\A990\06_boletim_treinamento_diagnostico","0","False","0","pesquisar","VALTRA A990 treinamento diagnostico calibracao training diagnostic",""
"1","VALTRA","A990C","catalogo_pecas","E:\MANUAIS_APPMAQ\Trator Agricola\VALTRA\A990C\03_catalogo_pecas","0","False","0","pesquisar","VALTRA A990C catalogo pecas parts catalog",""
"1","VALTRA","A990C","ficha_tecnica_folheto","E:\MANUAIS_APPMAQ\Trator Agricola\VALTRA\A990C\07_ficha_tecnica_folheto","0","False","0","pesquisar","VALTRA A990C ficha tecnica especificacoes folheto brochure specifications",""
"1","VALTRA","A990C","manual_eletrico_hidraulico","E:\MANUAIS_APPMAQ\Trator Agricola\VALTRA\A990C\05_manual_eletrico_hidraulico","0","False","0","pesquisar","VALTRA A990C manual eletrico hidraulico diagrama electrical hydraulic",""
"1","VALTRA","A990C","manual_manutencao","E:\MANUAIS_APPMAQ\Trator Agricola\VALTRA\A990C\04_manual_manutencao","0","False","0","pesquisar","VALTRA A990C manual manutencao maintenance",""
"1","VALTRA","A990C","manual_operador","E:\MANUAIS_APPMAQ\Trator Agricola\VALTRA\A990C\01_manual_operador","0","False","0","pesquisar","VALTRA A990C manual operador operator manual",""
"1","VALTRA","A990C","manual_servico_oficina","E:\MANUAIS_APPMAQ\Trator Agricola\VALTRA\A990C\02_manual_servico_oficina","0","False","0","pesquisar","VALTRA A990C manual servico oficina service workshop repair",""
"1","VALTRA","A990C","treinamento_diagnostico","E:\MANUAIS_APPMAQ\Trator Agricola\VALTRA\A990C\06_boletim_treinamento_diagnostico","0","False","0","pesquisar","VALTRA A990C treinamento diagnostico calibracao training diagnostic",""
"1","VALTRA","A990R","catalogo_pecas","E:\MANUAIS_APPMAQ\Trator Agricola\VALTRA\A990R\03_catalogo_pecas","0","False","0","pesquisar","VALTRA A990R catalogo pecas parts catalog",""
"1","VALTRA","A990R","ficha_tecnica_folheto","E:\MANUAIS_APPMAQ\Trator Agricola\VALTRA\A990R\07_ficha_tecnica_folheto","0","False","0","pesquisar","VALTRA A990R ficha tecnica especificacoes folheto brochure specifications",""
"1","VALTRA","A990R","manual_eletrico_hidraulico","E:\MANUAIS_APPMAQ\Trator Agricola\VALTRA\A990R\05_manual_eletrico_hidraulico","0","False","0","pesquisar","VALTRA A990R manual eletrico hidraulico diagrama electrical hydraulic",""
"1","VALTRA","A990R","manual_manutencao","E:\MANUAIS_APPMAQ\Trator Agricola\VALTRA\A990R\04_manual_manutencao","0","False","0","pesquisar","VALTRA A990R manual manutencao maintenance",""
"1","VALTRA","A990R","manual_operador","E:\MANUAIS_APPMAQ\Trator Agricola\VALTRA\A990R\01_manual_operador","0","False","0","pesquisar","VALTRA A990R manual operador operator manual",""
"1","VALTRA","A990R","manual_servico_oficina","E:\MANUAIS_APPMAQ\Trator Agricola\VALTRA\A990R\02_manual_servico_oficina","0","False","1","baixado_local_validar_appmaq","VALTRA A990R manual servico oficina service workshop repair",""
"1","VALTRA","A990R","treinamento_diagnostico","E:\MANUAIS_APPMAQ\Trator Agricola\VALTRA\A990R\06_boletim_treinamento_diagnostico","0","False","0","pesquisar","VALTRA A990R treinamento diagnostico calibracao training diagnostic",""
"1","VALTRA","BF75","manual_servico_oficina","E:\MANUAIS_APPMAQ\Trator Agricola\VALTRA\BF75\02_manual_servico_oficina","5","False","0","pesquisar","VALTRA BF75 manual servico oficina service workshop repair",""
"1","VALTRA","BH140","manual_servico_oficina","E:\MANUAIS_APPMAQ\Trator Agricola\VALTRA\BH140\02_manual_servico_oficina","5","False","0","pesquisar","VALTRA BH140 manual servico oficina service workshop repair",""
"1","VALTRA","BH145","manual_servico_oficina","E:\MANUAIS_APPMAQ\Trator Agricola\VALTRA\BH145\02_manual_servico_oficina","6","False","0","pesquisar","VALTRA BH145 manual servico oficina service workshop repair",""
"1","VALTRA","BH160","manual_servico_oficina","E:\MANUAIS_APPMAQ\Trator Agricola\VALTRA\BH160\02_manual_servico_oficina","6","False","0","pesquisar","VALTRA BH160 manual servico oficina service workshop repair",""
"1","VALTRA","BH165","manual_servico_oficina","E:\MANUAIS_APPMAQ\Trator Agricola\VALTRA\BH165\02_manual_servico_oficina","7","False","0","pesquisar","VALTRA BH165 manual servico oficina service workshop repair",""
"1","VALTRA","BH180","manual_servico_oficina","E:\MANUAIS_APPMAQ\Trator Agricola\VALTRA\BH180\02_manual_servico_oficina","7","False","0","pesquisar","VALTRA BH180 manual servico oficina service workshop repair",""
"1","VALTRA","BH185i","manual_servico_oficina","E:\MANUAIS_APPMAQ\Trator Agricola\VALTRA\BH185i\02_manual_servico_oficina","8","False","0","pesquisar","VALTRA BH185i manual servico oficina service workshop repair",""
"1","VALTRA","BH205i","manual_servico_oficina","E:\MANUAIS_APPMAQ\Trator Agricola\VALTRA\BH205i\02_manual_servico_oficina","6","False","0","pesquisar","VALTRA BH205i manual servico oficina service workshop repair",""
"1","VALTRA","BL77","manual_servico_oficina","E:\MANUAIS_APPMAQ\Trator Agricola\VALTRA\BL77\02_manual_servico_oficina","4","False","0","pesquisar","VALTRA BL77 manual servico oficina service workshop repair",""
"1","VALTRA","BL88","manual_servico_oficina","E:\MANUAIS_APPMAQ\Trator Agricola\VALTRA\BL88\02_manual_servico_oficina","4","False","0","pesquisar","VALTRA BL88 manual servico oficina service workshop repair",""
"1","VALTRA","BM115","catalogo_pecas","E:\MANUAIS_APPMAQ\Trator Agricola\VALTRA\BM115\03_catalogo_pecas","0","False","0","pesquisar","VALTRA BM115 catalogo pecas parts catalog",""
"1","VALTRA","BM115","ficha_tecnica_folheto","E:\MANUAIS_APPMAQ\Trator Agricola\VALTRA\BM115\07_ficha_tecnica_folheto","0","False","0","pesquisar","VALTRA BM115 ficha tecnica especificacoes folheto brochure specifications",""
"1","VALTRA","BM115","manual_eletrico_hidraulico","E:\MANUAIS_APPMAQ\Trator Agricola\VALTRA\BM115\05_manual_eletrico_hidraulico","0","False","0","pesquisar","VALTRA BM115 manual eletrico hidraulico diagrama electrical hydraulic",""
"1","VALTRA","BM115","manual_manutencao","E:\MANUAIS_APPMAQ\Trator Agricola\VALTRA\BM115\04_manual_manutencao","0","False","0","pesquisar","VALTRA BM115 manual manutencao maintenance",""
"1","VALTRA","BM115","manual_operador","E:\MANUAIS_APPMAQ\Trator Agricola\VALTRA\BM115\01_manual_operador","0","False","0","pesquisar","VALTRA BM115 manual operador operator manual",""
"1","VALTRA","BM115","manual_servico_oficina","E:\MANUAIS_APPMAQ\Trator Agricola\VALTRA\BM115\02_manual_servico_oficina","0","False","0","pesquisar","VALTRA BM115 manual servico oficina service workshop repair",""
"1","VALTRA","BM115","treinamento_diagnostico","E:\MANUAIS_APPMAQ\Trator Agricola\VALTRA\BM115\06_boletim_treinamento_diagnostico","0","False","0","pesquisar","VALTRA BM115 treinamento diagnostico calibracao training diagnostic",""
"1","VALTRA","BM115C","catalogo_pecas","E:\MANUAIS_APPMAQ\Trator Agricola\VALTRA\BM115C\03_catalogo_pecas","0","False","0","pesquisar","VALTRA BM115C catalogo pecas parts catalog",""
"1","VALTRA","BM115C","ficha_tecnica_folheto","E:\MANUAIS_APPMAQ\Trator Agricola\VALTRA\BM115C\07_ficha_tecnica_folheto","0","False","0","pesquisar","VALTRA BM115C ficha tecnica especificacoes folheto brochure specifications",""
"1","VALTRA","BM115C","manual_eletrico_hidraulico","E:\MANUAIS_APPMAQ\Trator Agricola\VALTRA\BM115C\05_manual_eletrico_hidraulico","0","False","0","pesquisar","VALTRA BM115C manual eletrico hidraulico diagrama electrical hydraulic",""
"1","VALTRA","BM115C","manual_manutencao","E:\MANUAIS_APPMAQ\Trator Agricola\VALTRA\BM115C\04_manual_manutencao","0","False","0","pesquisar","VALTRA BM115C manual manutencao maintenance",""
"1","VALTRA","BM115C","manual_operador","E:\MANUAIS_APPMAQ\Trator Agricola\VALTRA\BM115C\01_manual_operador","0","False","0","pesquisar","VALTRA BM115C manual operador operator manual",""
"1","VALTRA","BM115C","manual_servico_oficina","E:\MANUAIS_APPMAQ\Trator Agricola\VALTRA\BM115C\02_manual_servico_oficina","0","False","0","pesquisar","VALTRA BM115C manual servico oficina service workshop repair",""
"1","VALTRA","BM115C","treinamento_diagnostico","E:\MANUAIS_APPMAQ\Trator Agricola\VALTRA\BM115C\06_boletim_treinamento_diagnostico","0","False","0","pesquisar","VALTRA BM115C treinamento diagnostico calibracao training diagnostic",""
"1","VALTRA","BM135","catalogo_pecas","E:\MANUAIS_APPMAQ\Trator Agricola\VALTRA\BM135\03_catalogo_pecas","0","False","0","pesquisar","VALTRA BM135 catalogo pecas parts catalog",""
"1","VALTRA","BM135","ficha_tecnica_folheto","E:\MANUAIS_APPMAQ\Trator Agricola\VALTRA\BM135\07_ficha_tecnica_folheto","0","False","0","pesquisar","VALTRA BM135 ficha tecnica especificacoes folheto brochure specifications",""
"1","VALTRA","BM135","manual_eletrico_hidraulico","E:\MANUAIS_APPMAQ\Trator Agricola\VALTRA\BM135\05_manual_eletrico_hidraulico","0","False","0","pesquisar","VALTRA BM135 manual eletrico hidraulico diagrama electrical hydraulic",""
"1","VALTRA","BM135","manual_manutencao","E:\MANUAIS_APPMAQ\Trator Agricola\VALTRA\BM135\04_manual_manutencao","0","False","0","pesquisar","VALTRA BM135 manual manutencao maintenance",""
"1","VALTRA","BM135","manual_operador","E:\MANUAIS_APPMAQ\Trator Agricola\VALTRA\BM135\01_manual_operador","0","False","0","pesquisar","VALTRA BM135 manual operador operator manual",""
"1","VALTRA","BM135","manual_servico_oficina","E:\MANUAIS_APPMAQ\Trator Agricola\VALTRA\BM135\02_manual_servico_oficina","0","False","0","pesquisar","VALTRA BM135 manual servico oficina service workshop repair",""
"1","VALTRA","BM135","treinamento_diagnostico","E:\MANUAIS_APPMAQ\Trator Agricola\VALTRA\BM135\06_boletim_treinamento_diagnostico","0","False","0","pesquisar","VALTRA BM135 treinamento diagnostico calibracao training diagnostic",""
"1","VALTRA","BM135C","catalogo_pecas","E:\MANUAIS_APPMAQ\Trator Agricola\VALTRA\BM135C\03_catalogo_pecas","0","False","0","pesquisar","VALTRA BM135C catalogo pecas parts catalog",""
"1","VALTRA","BM135C","ficha_tecnica_folheto","E:\MANUAIS_APPMAQ\Trator Agricola\VALTRA\BM135C\07_ficha_tecnica_folheto","0","False","0","pesquisar","VALTRA BM135C ficha tecnica especificacoes folheto brochure specifications",""
"1","VALTRA","BM135C","manual_eletrico_hidraulico","E:\MANUAIS_APPMAQ\Trator Agricola\VALTRA\BM135C\05_manual_eletrico_hidraulico","0","False","0","pesquisar","VALTRA BM135C manual eletrico hidraulico diagrama electrical hydraulic",""
"1","VALTRA","BM135C","manual_manutencao","E:\MANUAIS_APPMAQ\Trator Agricola\VALTRA\BM135C\04_manual_manutencao","0","False","0","pesquisar","VALTRA BM135C manual manutencao maintenance",""
"1","VALTRA","BM135C","manual_operador","E:\MANUAIS_APPMAQ\Trator Agricola\VALTRA\BM135C\01_manual_operador","0","False","0","pesquisar","VALTRA BM135C manual operador operator manual",""
"1","VALTRA","BM135C","manual_servico_oficina","E:\MANUAIS_APPMAQ\Trator Agricola\VALTRA\BM135C\02_manual_servico_oficina","0","False","0","pesquisar","VALTRA BM135C manual servico oficina service workshop repair",""
"1","VALTRA","BM135C","treinamento_diagnostico","E:\MANUAIS_APPMAQ\Trator Agricola\VALTRA\BM135C\06_boletim_treinamento_diagnostico","0","False","0","pesquisar","VALTRA BM135C treinamento diagnostico calibracao training diagnostic",""
"1","VALTRA","BT170","catalogo_pecas","E:\MANUAIS_APPMAQ\Trator Agricola\VALTRA\BT170\03_catalogo_pecas","0","False","0","pesquisar","VALTRA BT170 catalogo pecas parts catalog",""
"1","VALTRA","BT170","ficha_tecnica_folheto","E:\MANUAIS_APPMAQ\Trator Agricola\VALTRA\BT170\07_ficha_tecnica_folheto","0","False","0","pesquisar","VALTRA BT170 ficha tecnica especificacoes folheto brochure specifications",""
"1","VALTRA","BT170","manual_eletrico_hidraulico","E:\MANUAIS_APPMAQ\Trator Agricola\VALTRA\BT170\05_manual_eletrico_hidraulico","0","False","0","pesquisar","VALTRA BT170 manual eletrico hidraulico diagrama electrical hydraulic",""
"1","VALTRA","BT170","manual_manutencao","E:\MANUAIS_APPMAQ\Trator Agricola\VALTRA\BT170\04_manual_manutencao","0","False","0","pesquisar","VALTRA BT170 manual manutencao maintenance",""
"1","VALTRA","BT170","manual_operador","E:\MANUAIS_APPMAQ\Trator Agricola\VALTRA\BT170\01_manual_operador","0","False","0","pesquisar","VALTRA BT170 manual operador operator manual",""
"1","VALTRA","BT170","manual_servico_oficina","E:\MANUAIS_APPMAQ\Trator Agricola\VALTRA\BT170\02_manual_servico_oficina","0","False","0","pesquisar","VALTRA BT170 manual servico oficina service workshop repair",""
"1","VALTRA","BT170","treinamento_diagnostico","E:\MANUAIS_APPMAQ\Trator Agricola\VALTRA\BT170\06_boletim_treinamento_diagnostico","0","False","0","pesquisar","VALTRA BT170 treinamento diagnostico calibracao training diagnostic",""
"1","VALTRA","BT190","catalogo_pecas","E:\MANUAIS_APPMAQ\Trator Agricola\VALTRA\BT190\03_catalogo_pecas","0","False","0","pesquisar","VALTRA BT190 catalogo pecas parts catalog",""
"1","VALTRA","BT190","ficha_tecnica_folheto","E:\MANUAIS_APPMAQ\Trator Agricola\VALTRA\BT190\07_ficha_tecnica_folheto","0","False","0","pesquisar","VALTRA BT190 ficha tecnica especificacoes folheto brochure specifications",""
"1","VALTRA","BT190","manual_eletrico_hidraulico","E:\MANUAIS_APPMAQ\Trator Agricola\VALTRA\BT190\05_manual_eletrico_hidraulico","0","False","0","pesquisar","VALTRA BT190 manual eletrico hidraulico diagrama electrical hydraulic",""
"1","VALTRA","BT190","manual_manutencao","E:\MANUAIS_APPMAQ\Trator Agricola\VALTRA\BT190\04_manual_manutencao","0","False","0","pesquisar","VALTRA BT190 manual manutencao maintenance",""
"1","VALTRA","BT190","manual_operador","E:\MANUAIS_APPMAQ\Trator Agricola\VALTRA\BT190\01_manual_operador","0","False","0","pesquisar","VALTRA BT190 manual operador operator manual",""
"1","VALTRA","BT190","manual_servico_oficina","E:\MANUAIS_APPMAQ\Trator Agricola\VALTRA\BT190\02_manual_servico_oficina","0","False","0","pesquisar","VALTRA BT190 manual servico oficina service workshop repair",""
"1","VALTRA","BT190","treinamento_diagnostico","E:\MANUAIS_APPMAQ\Trator Agricola\VALTRA\BT190\06_boletim_treinamento_diagnostico","0","False","0","pesquisar","VALTRA BT190 treinamento diagnostico calibracao training diagnostic",""
"1","VALTRA","BT210","catalogo_pecas","E:\MANUAIS_APPMAQ\Trator Agricola\VALTRA\BT210\03_catalogo_pecas","0","False","0","pesquisar","VALTRA BT210 catalogo pecas parts catalog",""
"1","VALTRA","BT210","ficha_tecnica_folheto","E:\MANUAIS_APPMAQ\Trator Agricola\VALTRA\BT210\07_ficha_tecnica_folheto","0","False","0","pesquisar","VALTRA BT210 ficha tecnica especificacoes folheto brochure specifications",""
"1","VALTRA","BT210","manual_eletrico_hidraulico","E:\MANUAIS_APPMAQ\Trator Agricola\VALTRA\BT210\05_manual_eletrico_hidraulico","0","False","0","pesquisar","VALTRA BT210 manual eletrico hidraulico diagrama electrical hydraulic",""
"1","VALTRA","BT210","manual_manutencao","E:\MANUAIS_APPMAQ\Trator Agricola\VALTRA\BT210\04_manual_manutencao","0","False","0","pesquisar","VALTRA BT210 manual manutencao maintenance",""
"1","VALTRA","BT210","manual_operador","E:\MANUAIS_APPMAQ\Trator Agricola\VALTRA\BT210\01_manual_operador","0","False","0","pesquisar","VALTRA BT210 manual operador operator manual",""
"1","VALTRA","BT210","manual_servico_oficina","E:\MANUAIS_APPMAQ\Trator Agricola\VALTRA\BT210\02_manual_servico_oficina","0","False","0","pesquisar","VALTRA BT210 manual servico oficina service workshop repair",""
"1","VALTRA","BT210","treinamento_diagnostico","E:\MANUAIS_APPMAQ\Trator Agricola\VALTRA\BT210\06_boletim_treinamento_diagnostico","0","False","0","pesquisar","VALTRA BT210 treinamento diagnostico calibracao training diagnostic",""
"1","VALTRA","T120","manual_servico_oficina","E:\MANUAIS_APPMAQ\Trator Agricola\VALTRA\T120\02_manual_servico_oficina","4","False","0","pesquisar","VALTRA T120 manual servico oficina service workshop repair",""
"2","MASSEY FERGUSON","MF4290","manual_eletrico_hidraulico","E:\MANUAIS_APPMAQ\Trator Agricola\MASSEY FERGUSON\MF4290\05_manual_eletrico_hidraulico","1","False","0","pesquisar","MASSEY FERGUSON MF4290 manual eletrico hidraulico diagrama electrical hydraulic",""
"2","MASSEY FERGUSON","MF4290","manual_manutencao","E:\MANUAIS_APPMAQ\Trator Agricola\MASSEY FERGUSON\MF4290\04_manual_manutencao","1","False","0","pesquisar","MASSEY FERGUSON MF4290 manual manutencao maintenance",""
"2","NEW HOLLAND","T9.470 - COM LEVANTE","manual_eletrico_hidraulico","E:\MANUAIS_APPMAQ\Trator Agricola\NEW HOLLAND\T9.470 - COM LEVANTE\05_manual_eletrico_hidraulico","5","False","0","pesquisar","NEW HOLLAND T9.470 - COM LEVANTE manual eletrico hidraulico diagrama electrical hydraulic",""
"2","NEW HOLLAND","T9.470 - COM LEVANTE","manual_manutencao","E:\MANUAIS_APPMAQ\Trator Agricola\NEW HOLLAND\T9.470 - COM LEVANTE\04_manual_manutencao","5","False","0","pesquisar","NEW HOLLAND T9.470 - COM LEVANTE manual manutencao maintenance",""
"2","NEW HOLLAND","T9.470 - PIVOT","manual_eletrico_hidraulico","E:\MANUAIS_APPMAQ\Trator Agricola\NEW HOLLAND\T9.470 - PIVOT\05_manual_eletrico_hidraulico","5","False","0","pesquisar","NEW HOLLAND T9.470 - PIVOT manual eletrico hidraulico diagrama electrical hydraulic",""
"2","NEW HOLLAND","T9.470 - PIVOT","manual_manutencao","E:\MANUAIS_APPMAQ\Trator Agricola\NEW HOLLAND\T9.470 - PIVOT\04_manual_manutencao","5","False","0","pesquisar","NEW HOLLAND T9.470 - PIVOT manual manutencao maintenance",""
"2","NEW HOLLAND","T9.480","manual_eletrico_hidraulico","E:\MANUAIS_APPMAQ\Trator Agricola\NEW HOLLAND\T9.480\05_manual_eletrico_hidraulico","5","False","0","pesquisar","NEW HOLLAND T9.480 manual eletrico hidraulico diagrama electrical hydraulic",""
"2","NEW HOLLAND","T9.480","manual_manutencao","E:\MANUAIS_APPMAQ\Trator Agricola\NEW HOLLAND\T9.480\04_manual_manutencao","5","False","0","pesquisar","NEW HOLLAND T9.480 manual manutencao maintenance",""
"2","NEW HOLLAND","T9.520 - COM LEVANTE","manual_eletrico_hidraulico","E:\MANUAIS_APPMAQ\Trator Agricola\NEW HOLLAND\T9.520 - COM LEVANTE\05_manual_eletrico_hidraulico","5","False","0","pesquisar","NEW HOLLAND T9.520 - COM LEVANTE manual eletrico hidraulico diagrama electrical hydraulic",""
"2","NEW HOLLAND","T9.520 - COM LEVANTE","manual_manutencao","E:\MANUAIS_APPMAQ\Trator Agricola\NEW HOLLAND\T9.520 - COM LEVANTE\04_manual_manutencao","5","False","0","pesquisar","NEW HOLLAND T9.520 - COM LEVANTE manual manutencao maintenance",""
"2","NEW HOLLAND","T9.520 - PIVOT","manual_eletrico_hidraulico","E:\MANUAIS_APPMAQ\Trator Agricola\NEW HOLLAND\T9.520 - PIVOT\05_manual_eletrico_hidraulico","5","False","0","pesquisar","NEW HOLLAND T9.520 - PIVOT manual eletrico hidraulico diagrama electrical hydraulic",""
"2","NEW HOLLAND","T9.520 - PIVOT","manual_manutencao","E:\MANUAIS_APPMAQ\Trator Agricola\NEW HOLLAND\T9.520 - PIVOT\04_manual_manutencao","5","False","0","pesquisar","NEW HOLLAND T9.520 - PIVOT manual manutencao maintenance",""
"2","NEW HOLLAND","T9.565","manual_eletrico_hidraulico","E:\MANUAIS_APPMAQ\Trator Agricola\NEW HOLLAND\T9.565\05_manual_eletrico_hidraulico","5","False","0","pesquisar","NEW HOLLAND T9.565 manual eletrico hidraulico diagrama electrical hydraulic",""
"2","NEW HOLLAND","T9.565","manual_manutencao","E:\MANUAIS_APPMAQ\Trator Agricola\NEW HOLLAND\T9.565\04_manual_manutencao","5","False","0","pesquisar","NEW HOLLAND T9.565 manual manutencao maintenance",""
"2","NEW HOLLAND","T9.580 - COM LEVANTE","manual_eletrico_hidraulico","E:\MANUAIS_APPMAQ\Trator Agricola\NEW HOLLAND\T9.580 - COM LEVANTE\05_manual_eletrico_hidraulico","5","False","0","pesquisar","NEW HOLLAND T9.580 - COM LEVANTE manual eletrico hidraulico diagrama electrical hydraulic",""
"2","NEW HOLLAND","T9.580 - COM LEVANTE","manual_manutencao","E:\MANUAIS_APPMAQ\Trator Agricola\NEW HOLLAND\T9.580 - COM LEVANTE\04_manual_manutencao","5","False","0","pesquisar","NEW HOLLAND T9.580 - COM LEVANTE manual manutencao maintenance",""
"2","NEW HOLLAND","T9.580 - PIVOT","manual_eletrico_hidraulico","E:\MANUAIS_APPMAQ\Trator Agricola\NEW HOLLAND\T9.580 - PIVOT\05_manual_eletrico_hidraulico","5","False","0","pesquisar","NEW HOLLAND T9.580 - PIVOT manual eletrico hidraulico diagrama electrical hydraulic",""
"2","NEW HOLLAND","T9.580 - PIVOT","manual_manutencao","E:\MANUAIS_APPMAQ\Trator Agricola\NEW HOLLAND\T9.580 - PIVOT\04_manual_manutencao","5","False","0","pesquisar","NEW HOLLAND T9.580 - PIVOT manual manutencao maintenance",""
"2","NEW HOLLAND","T9.615 - COM LEVANTE","manual_eletrico_hidraulico","E:\MANUAIS_APPMAQ\Trator Agricola\NEW HOLLAND\T9.615 - COM LEVANTE\05_manual_eletrico_hidraulico","6","False","0","pesquisar","NEW HOLLAND T9.615 - COM LEVANTE manual eletrico hidraulico diagrama electrical hydraulic",""
"2","NEW HOLLAND","T9.615 - COM LEVANTE","manual_manutencao","E:\MANUAIS_APPMAQ\Trator Agricola\NEW HOLLAND\T9.615 - COM LEVANTE\04_manual_manutencao","6","False","0","pesquisar","NEW HOLLAND T9.615 - COM LEVANTE manual manutencao maintenance",""
"2","NEW HOLLAND","T9.615 - PIVOT","manual_eletrico_hidraulico","E:\MANUAIS_APPMAQ\Trator Agricola\NEW HOLLAND\T9.615 - PIVOT\05_manual_eletrico_hidraulico","6","False","0","pesquisar","NEW HOLLAND T9.615 - PIVOT manual eletrico hidraulico diagrama electrical hydraulic",""
"2","NEW HOLLAND","T9.615 - PIVOT","manual_manutencao","E:\MANUAIS_APPMAQ\Trator Agricola\NEW HOLLAND\T9.615 - PIVOT\04_manual_manutencao","6","False","0","pesquisar","NEW HOLLAND T9.615 - PIVOT manual manutencao maintenance",""
"2","NEW HOLLAND","T9.700 - PIVOT","manual_eletrico_hidraulico","E:\MANUAIS_APPMAQ\Trator Agricola\NEW HOLLAND\T9.700 - PIVOT\05_manual_eletrico_hidraulico","8","False","0","pesquisar","NEW HOLLAND T9.700 - PIVOT manual eletrico hidraulico diagrama electrical hydraulic",""
"2","NEW HOLLAND","T9.700 - PIVOT","manual_manutencao","E:\MANUAIS_APPMAQ\Trator Agricola\NEW HOLLAND\T9.700 - PIVOT\04_manual_manutencao","8","False","0","pesquisar","NEW HOLLAND T9.700 - PIVOT manual manutencao maintenance",""
"2","NEW HOLLAND","TL100","manual_eletrico_hidraulico","E:\MANUAIS_APPMAQ\Trator Agricola\NEW HOLLAND\TL100\05_manual_eletrico_hidraulico","5","False","0","pesquisar","NEW HOLLAND TL100 manual eletrico hidraulico diagrama electrical hydraulic",""
"2","NEW HOLLAND","TL100","manual_manutencao","E:\MANUAIS_APPMAQ\Trator Agricola\NEW HOLLAND\TL100\04_manual_manutencao","5","False","0","pesquisar","NEW HOLLAND TL100 manual manutencao maintenance",""
"2","NEW HOLLAND","TL5.100","manual_eletrico_hidraulico","E:\MANUAIS_APPMAQ\Trator Agricola\NEW HOLLAND\TL5.100\05_manual_eletrico_hidraulico","7","False","0","pesquisar","NEW HOLLAND TL5.100 manual eletrico hidraulico diagrama electrical hydraulic",""
"2","NEW HOLLAND","TL5.100","manual_manutencao","E:\MANUAIS_APPMAQ\Trator Agricola\NEW HOLLAND\TL5.100\04_manual_manutencao","7","False","0","pesquisar","NEW HOLLAND TL5.100 manual manutencao maintenance",""
"2","NEW HOLLAND","TL5.80","manual_eletrico_hidraulico","E:\MANUAIS_APPMAQ\Trator Agricola\NEW HOLLAND\TL5.80\05_manual_eletrico_hidraulico","7","False","0","pesquisar","NEW HOLLAND TL5.80 manual eletrico hidraulico diagrama electrical hydraulic",""
"2","NEW HOLLAND","TL5.80","manual_manutencao","E:\MANUAIS_APPMAQ\Trator Agricola\NEW HOLLAND\TL5.80\04_manual_manutencao","7","False","0","pesquisar","NEW HOLLAND TL5.80 manual manutencao maintenance",""
"2","NEW HOLLAND","TL5.90","manual_eletrico_hidraulico","E:\MANUAIS_APPMAQ\Trator Agricola\NEW HOLLAND\TL5.90\05_manual_eletrico_hidraulico","7","False","0","pesquisar","NEW HOLLAND TL5.90 manual eletrico hidraulico diagrama electrical hydraulic",""
"2","NEW HOLLAND","TL5.90","manual_manutencao","E:\MANUAIS_APPMAQ\Trator Agricola\NEW HOLLAND\TL5.90\04_manual_manutencao","7","False","0","pesquisar","NEW HOLLAND TL5.90 manual manutencao maintenance",""
"2","NEW HOLLAND","TL60E","manual_eletrico_hidraulico","E:\MANUAIS_APPMAQ\Trator Agricola\NEW HOLLAND\TL60E\05_manual_eletrico_hidraulico","8","False","0","pesquisar","NEW HOLLAND TL60E manual eletrico hidraulico diagrama electrical hydraulic",""
"2","NEW HOLLAND","TL60E","manual_manutencao","E:\MANUAIS_APPMAQ\Trator Agricola\NEW HOLLAND\TL60E\04_manual_manutencao","8","False","0","pesquisar","NEW HOLLAND TL60E manual manutencao maintenance",""
"2","NEW HOLLAND","TL65","manual_eletrico_hidraulico","E:\MANUAIS_APPMAQ\Trator Agricola\NEW HOLLAND\TL65\05_manual_eletrico_hidraulico","6","False","0","pesquisar","NEW HOLLAND TL65 manual eletrico hidraulico diagrama electrical hydraulic",""
"2","NEW HOLLAND","TL65","manual_manutencao","E:\MANUAIS_APPMAQ\Trator Agricola\NEW HOLLAND\TL65\04_manual_manutencao","6","False","0","pesquisar","NEW HOLLAND TL65 manual manutencao maintenance",""
"2","NEW HOLLAND","TL70","manual_eletrico_hidraulico","E:\MANUAIS_APPMAQ\Trator Agricola\NEW HOLLAND\TL70\05_manual_eletrico_hidraulico","5","False","0","pesquisar","NEW HOLLAND TL70 manual eletrico hidraulico diagrama electrical hydraulic",""
"2","NEW HOLLAND","TL70","manual_manutencao","E:\MANUAIS_APPMAQ\Trator Agricola\NEW HOLLAND\TL70\04_manual_manutencao","5","False","0","pesquisar","NEW HOLLAND TL70 manual manutencao maintenance",""
"2","NEW HOLLAND","TL75","manual_eletrico_hidraulico","E:\MANUAIS_APPMAQ\Trator Agricola\NEW HOLLAND\TL75\05_manual_eletrico_hidraulico","7","False","0","pesquisar","NEW HOLLAND TL75 manual eletrico hidraulico diagrama electrical hydraulic",""
"2","NEW HOLLAND","TL75","manual_manutencao","E:\MANUAIS_APPMAQ\Trator Agricola\NEW HOLLAND\TL75\04_manual_manutencao","7","False","0","pesquisar","NEW HOLLAND TL75 manual manutencao maintenance",""
"2","NEW HOLLAND","TL75E","manual_eletrico_hidraulico","E:\MANUAIS_APPMAQ\Trator Agricola\NEW HOLLAND\TL75E\05_manual_eletrico_hidraulico","7","False","0","pesquisar","NEW HOLLAND TL75E manual eletrico hidraulico diagrama electrical hydraulic",""
"2","NEW HOLLAND","TL75E","manual_manutencao","E:\MANUAIS_APPMAQ\Trator Agricola\NEW HOLLAND\TL75E\04_manual_manutencao","7","False","0","pesquisar","NEW HOLLAND TL75E manual manutencao maintenance",""
"2","NEW HOLLAND","TL80","manual_eletrico_hidraulico","E:\MANUAIS_APPMAQ\Trator Agricola\NEW HOLLAND\TL80\05_manual_eletrico_hidraulico","5","False","0","pesquisar","NEW HOLLAND TL80 manual eletrico hidraulico diagrama electrical hydraulic",""
"2","NEW HOLLAND","TL80","manual_manutencao","E:\MANUAIS_APPMAQ\Trator Agricola\NEW HOLLAND\TL80\04_manual_manutencao","5","False","0","pesquisar","NEW HOLLAND TL80 manual manutencao maintenance",""
"2","NEW HOLLAND","TL85","manual_eletrico_hidraulico","E:\MANUAIS_APPMAQ\Trator Agricola\NEW HOLLAND\TL85\05_manual_eletrico_hidraulico","7","False","0","pesquisar","NEW HOLLAND TL85 manual eletrico hidraulico diagrama electrical hydraulic",""
"2","NEW HOLLAND","TL85","manual_manutencao","E:\MANUAIS_APPMAQ\Trator Agricola\NEW HOLLAND\TL85\04_manual_manutencao","7","False","0","pesquisar","NEW HOLLAND TL85 manual manutencao maintenance",""
"2","NEW HOLLAND","TL85E","manual_eletrico_hidraulico","E:\MANUAIS_APPMAQ\Trator Agricola\NEW HOLLAND\TL85E\05_manual_eletrico_hidraulico","7","False","0","pesquisar","NEW HOLLAND TL85E manual eletrico hidraulico diagrama electrical hydraulic",""
"2","NEW HOLLAND","TL85E","manual_manutencao","E:\MANUAIS_APPMAQ\Trator Agricola\NEW HOLLAND\TL85E\04_manual_manutencao","7","False","0","pesquisar","NEW HOLLAND TL85E manual manutencao maintenance",""
"2","NEW HOLLAND","TL90","manual_eletrico_hidraulico","E:\MANUAIS_APPMAQ\Trator Agricola\NEW HOLLAND\TL90\05_manual_eletrico_hidraulico","6","False","0","pesquisar","NEW HOLLAND TL90 manual eletrico hidraulico diagrama electrical hydraulic",""
"2","NEW HOLLAND","TL90","manual_manutencao","E:\MANUAIS_APPMAQ\Trator Agricola\NEW HOLLAND\TL90\04_manual_manutencao","6","False","0","pesquisar","NEW HOLLAND TL90 manual manutencao maintenance",""
"2","NEW HOLLAND","TL95","manual_eletrico_hidraulico","E:\MANUAIS_APPMAQ\Trator Agricola\NEW HOLLAND\TL95\05_manual_eletrico_hidraulico","6","False","0","pesquisar","NEW HOLLAND TL95 manual eletrico hidraulico diagrama electrical hydraulic",""
"2","NEW HOLLAND","TL95","manual_manutencao","E:\MANUAIS_APPMAQ\Trator Agricola\NEW HOLLAND\TL95\04_manual_manutencao","6","False","0","pesquisar","NEW HOLLAND TL95 manual manutencao maintenance",""
"2","NEW HOLLAND","TL95E","manual_eletrico_hidraulico","E:\MANUAIS_APPMAQ\Trator Agricola\NEW HOLLAND\TL95E\05_manual_eletrico_hidraulico","7","False","0","pesquisar","NEW HOLLAND TL95E manual eletrico hidraulico diagrama electrical hydraulic",""
"2","NEW HOLLAND","TL95E","manual_manutencao","E:\MANUAIS_APPMAQ\Trator Agricola\NEW HOLLAND\TL95E\04_manual_manutencao","7","False","0","pesquisar","NEW HOLLAND TL95E manual manutencao maintenance",""
"2","NEW HOLLAND","TM.7020","manual_eletrico_hidraulico","E:\MANUAIS_APPMAQ\Trator Agricola\NEW HOLLAND\TM.7020\05_manual_eletrico_hidraulico","5","False","0","pesquisar","NEW HOLLAND TM.7020 manual eletrico hidraulico diagrama electrical hydraulic",""
"2","NEW HOLLAND","TM.7020","manual_manutencao","E:\MANUAIS_APPMAQ\Trator Agricola\NEW HOLLAND\TM.7020\04_manual_manutencao","5","False","0","pesquisar","NEW HOLLAND TM.7020 manual manutencao maintenance",""
"2","NEW HOLLAND","TM.7040","manual_eletrico_hidraulico","E:\MANUAIS_APPMAQ\Trator Agricola\NEW HOLLAND\TM.7040\05_manual_eletrico_hidraulico","5","False","0","pesquisar","NEW HOLLAND TM.7040 manual eletrico hidraulico diagrama electrical hydraulic",""
"2","NEW HOLLAND","TM.7040","manual_manutencao","E:\MANUAIS_APPMAQ\Trator Agricola\NEW HOLLAND\TM.7040\04_manual_manutencao","5","False","0","pesquisar","NEW HOLLAND TM.7040 manual manutencao maintenance",""
"2","NEW HOLLAND","TM120","manual_eletrico_hidraulico","E:\MANUAIS_APPMAQ\Trator Agricola\NEW HOLLAND\TM120\05_manual_eletrico_hidraulico","3","False","0","pesquisar","NEW HOLLAND TM120 manual eletrico hidraulico diagrama electrical hydraulic",""
"2","NEW HOLLAND","TM120","manual_manutencao","E:\MANUAIS_APPMAQ\Trator Agricola\NEW HOLLAND\TM120\04_manual_manutencao","3","False","0","pesquisar","NEW HOLLAND TM120 manual manutencao maintenance",""
"2","NEW HOLLAND","TM135","manual_eletrico_hidraulico","E:\MANUAIS_APPMAQ\Trator Agricola\NEW HOLLAND\TM135\05_manual_eletrico_hidraulico","4","False","0","pesquisar","NEW HOLLAND TM135 manual eletrico hidraulico diagrama electrical hydraulic",""
"2","NEW HOLLAND","TM135","manual_manutencao","E:\MANUAIS_APPMAQ\Trator Agricola\NEW HOLLAND\TM135\04_manual_manutencao","4","False","0","pesquisar","NEW HOLLAND TM135 manual manutencao maintenance",""
"2","NEW HOLLAND","TM140","manual_eletrico_hidraulico","E:\MANUAIS_APPMAQ\Trator Agricola\NEW HOLLAND\TM140\05_manual_eletrico_hidraulico","3","False","0","pesquisar","NEW HOLLAND TM140 manual eletrico hidraulico diagrama electrical hydraulic",""
"2","NEW HOLLAND","TM140","manual_manutencao","E:\MANUAIS_APPMAQ\Trator Agricola\NEW HOLLAND\TM140\04_manual_manutencao","3","False","0","pesquisar","NEW HOLLAND TM140 manual manutencao maintenance",""
"2","NEW HOLLAND","TM150","manual_eletrico_hidraulico","E:\MANUAIS_APPMAQ\Trator Agricola\NEW HOLLAND\TM150\05_manual_eletrico_hidraulico","4","False","0","pesquisar","NEW HOLLAND TM150 manual eletrico hidraulico diagrama electrical hydraulic",""
"2","NEW HOLLAND","TM150","manual_manutencao","E:\MANUAIS_APPMAQ\Trator Agricola\NEW HOLLAND\TM150\04_manual_manutencao","4","False","0","pesquisar","NEW HOLLAND TM150 manual manutencao maintenance",""
"2","NEW HOLLAND","TM165","manual_eletrico_hidraulico","E:\MANUAIS_APPMAQ\Trator Agricola\NEW HOLLAND\TM165\05_manual_eletrico_hidraulico","4","False","0","pesquisar","NEW HOLLAND TM165 manual eletrico hidraulico diagrama electrical hydraulic",""
"2","NEW HOLLAND","TM165","manual_manutencao","E:\MANUAIS_APPMAQ\Trator Agricola\NEW HOLLAND\TM165\04_manual_manutencao","4","False","0","pesquisar","NEW HOLLAND TM165 manual manutencao maintenance",""
"2","NEW HOLLAND","TM7010","manual_eletrico_hidraulico","E:\MANUAIS_APPMAQ\Trator Agricola\NEW HOLLAND\TM7010\05_manual_eletrico_hidraulico","5","False","0","pesquisar","NEW HOLLAND TM7010 manual eletrico hidraulico diagrama electrical hydraulic",""
"2","NEW HOLLAND","TM7010","manual_manutencao","E:\MANUAIS_APPMAQ\Trator Agricola\NEW HOLLAND\TM7010\04_manual_manutencao","5","False","0","pesquisar","NEW HOLLAND TM7010 manual manutencao maintenance",""
"2","NEW HOLLAND","TS100","manual_eletrico_hidraulico","E:\MANUAIS_APPMAQ\Trator Agricola\NEW HOLLAND\TS100\05_manual_eletrico_hidraulico","4","False","0","pesquisar","NEW HOLLAND TS100 manual eletrico hidraulico diagrama electrical hydraulic",""
"2","NEW HOLLAND","TS100","manual_manutencao","E:\MANUAIS_APPMAQ\Trator Agricola\NEW HOLLAND\TS100\04_manual_manutencao","4","False","0","pesquisar","NEW HOLLAND TS100 manual manutencao maintenance",""
"2","NEW HOLLAND","TS110","manual_eletrico_hidraulico","E:\MANUAIS_APPMAQ\Trator Agricola\NEW HOLLAND\TS110\05_manual_eletrico_hidraulico","4","False","0","pesquisar","NEW HOLLAND TS110 manual eletrico hidraulico diagrama electrical hydraulic",""
"2","NEW HOLLAND","TS110","manual_manutencao","E:\MANUAIS_APPMAQ\Trator Agricola\NEW HOLLAND\TS110\04_manual_manutencao","4","False","0","pesquisar","NEW HOLLAND TS110 manual manutencao maintenance",""
"2","NEW HOLLAND","TS120","manual_eletrico_hidraulico","E:\MANUAIS_APPMAQ\Trator Agricola\NEW HOLLAND\TS120\05_manual_eletrico_hidraulico","4","False","0","pesquisar","NEW HOLLAND TS120 manual eletrico hidraulico diagrama electrical hydraulic",""
"2","NEW HOLLAND","TS120","manual_manutencao","E:\MANUAIS_APPMAQ\Trator Agricola\NEW HOLLAND\TS120\04_manual_manutencao","4","False","0","pesquisar","NEW HOLLAND TS120 manual manutencao maintenance",""
"2","NEW HOLLAND","TS6020","manual_eletrico_hidraulico","E:\MANUAIS_APPMAQ\Trator Agricola\NEW HOLLAND\TS6020\05_manual_eletrico_hidraulico","3","False","0","pesquisar","NEW HOLLAND TS6020 manual eletrico hidraulico diagrama electrical hydraulic",""
"2","NEW HOLLAND","TS6020","manual_manutencao","E:\MANUAIS_APPMAQ\Trator Agricola\NEW HOLLAND\TS6020\04_manual_manutencao","3","False","0","pesquisar","NEW HOLLAND TS6020 manual manutencao maintenance",""
"2","NEW HOLLAND","TS6040","manual_eletrico_hidraulico","E:\MANUAIS_APPMAQ\Trator Agricola\NEW HOLLAND\TS6040\05_manual_eletrico_hidraulico","3","False","0","pesquisar","NEW HOLLAND TS6040 manual eletrico hidraulico diagrama electrical hydraulic",""
"2","NEW HOLLAND","TS6040","manual_manutencao","E:\MANUAIS_APPMAQ\Trator Agricola\NEW HOLLAND\TS6040\04_manual_manutencao","3","False","0","pesquisar","NEW HOLLAND TS6040 manual manutencao maintenance",""
"2","NEW HOLLAND","TT3.50","manual_eletrico_hidraulico","E:\MANUAIS_APPMAQ\Trator Agricola\NEW HOLLAND\TT3.50\05_manual_eletrico_hidraulico","4","False","0","pesquisar","NEW HOLLAND TT3.50 manual eletrico hidraulico diagrama electrical hydraulic",""
"2","NEW HOLLAND","TT3.50","manual_manutencao","E:\MANUAIS_APPMAQ\Trator Agricola\NEW HOLLAND\TT3.50\04_manual_manutencao","4","False","0","pesquisar","NEW HOLLAND TT3.50 manual manutencao maintenance",""
"2","NEW HOLLAND","TT3840","manual_eletrico_hidraulico","E:\MANUAIS_APPMAQ\Trator Agricola\NEW HOLLAND\TT3840\05_manual_eletrico_hidraulico","5","False","0","pesquisar","NEW HOLLAND TT3840 manual eletrico hidraulico diagrama electrical hydraulic",""
"2","NEW HOLLAND","TT3840","manual_manutencao","E:\MANUAIS_APPMAQ\Trator Agricola\NEW HOLLAND\TT3840\04_manual_manutencao","5","False","0","pesquisar","NEW HOLLAND TT3840 manual manutencao maintenance",""
"2","NEW HOLLAND","TT3880","manual_eletrico_hidraulico","E:\MANUAIS_APPMAQ\Trator Agricola\NEW HOLLAND\TT3880\05_manual_eletrico_hidraulico","5","False","0","pesquisar","NEW HOLLAND TT3880 manual eletrico hidraulico diagrama electrical hydraulic",""
"2","NEW HOLLAND","TT3880","manual_manutencao","E:\MANUAIS_APPMAQ\Trator Agricola\NEW HOLLAND\TT3880\04_manual_manutencao","5","False","0","pesquisar","NEW HOLLAND TT3880 manual manutencao maintenance",""
"2","NEW HOLLAND","TT3880F","manual_eletrico_hidraulico","E:\MANUAIS_APPMAQ\Trator Agricola\NEW HOLLAND\TT3880F\05_manual_eletrico_hidraulico","5","False","0","pesquisar","NEW HOLLAND TT3880F manual eletrico hidraulico diagrama electrical hydraulic",""
"2","NEW HOLLAND","TT3880F","manual_manutencao","E:\MANUAIS_APPMAQ\Trator Agricola\NEW HOLLAND\TT3880F\04_manual_manutencao","5","False","0","pesquisar","NEW HOLLAND TT3880F manual manutencao maintenance",""
"2","NEW HOLLAND","TT4.75","manual_eletrico_hidraulico","E:\MANUAIS_APPMAQ\Trator Agricola\NEW HOLLAND\TT4.75\05_manual_eletrico_hidraulico","6","False","0","pesquisar","NEW HOLLAND TT4.75 manual eletrico hidraulico diagrama electrical hydraulic",""
"2","NEW HOLLAND","TT4.75","manual_manutencao","E:\MANUAIS_APPMAQ\Trator Agricola\NEW HOLLAND\TT4.75\04_manual_manutencao","6","False","0","pesquisar","NEW HOLLAND TT4.75 manual manutencao maintenance",""
"2","NEW HOLLAND","TT4.90","manual_eletrico_hidraulico","E:\MANUAIS_APPMAQ\Trator Agricola\NEW HOLLAND\TT4.90\05_manual_eletrico_hidraulico","5","False","0","pesquisar","NEW HOLLAND TT4.90 manual eletrico hidraulico diagrama electrical hydraulic",""
"2","NEW HOLLAND","TT4.90","manual_manutencao","E:\MANUAIS_APPMAQ\Trator Agricola\NEW HOLLAND\TT4.90\04_manual_manutencao","5","False","0","pesquisar","NEW HOLLAND TT4.90 manual manutencao maintenance",""
"2","NEW HOLLAND","TT4030","manual_eletrico_hidraulico","E:\MANUAIS_APPMAQ\Trator Agricola\NEW HOLLAND\TT4030\05_manual_eletrico_hidraulico","5","False","0","pesquisar","NEW HOLLAND TT4030 manual eletrico hidraulico diagrama electrical hydraulic",""
"2","NEW HOLLAND","TT4030","manual_manutencao","E:\MANUAIS_APPMAQ\Trator Agricola\NEW HOLLAND\TT4030\04_manual_manutencao","5","False","0","pesquisar","NEW HOLLAND TT4030 manual manutencao maintenance",""
"2","NEW HOLLAND","TT65F","manual_eletrico_hidraulico","E:\MANUAIS_APPMAQ\Trator Agricola\NEW HOLLAND\TT65F\05_manual_eletrico_hidraulico","5","False","0","pesquisar","NEW HOLLAND TT65F manual eletrico hidraulico diagrama electrical hydraulic",""
"2","NEW HOLLAND","TT65F","manual_manutencao","E:\MANUAIS_APPMAQ\Trator Agricola\NEW HOLLAND\TT65F\04_manual_manutencao","5","False","0","pesquisar","NEW HOLLAND TT65F manual manutencao maintenance",""
"2","VALTRA","A104","manual_eletrico_hidraulico","E:\MANUAIS_APPMAQ\Trator Agricola\VALTRA\A104\05_manual_eletrico_hidraulico","7","False","0","pesquisar","VALTRA A104 manual eletrico hidraulico diagrama electrical hydraulic",""
"2","VALTRA","A114","manual_eletrico_hidraulico","E:\MANUAIS_APPMAQ\Trator Agricola\VALTRA\A114\05_manual_eletrico_hidraulico","7","False","0","pesquisar","VALTRA A114 manual eletrico hidraulico diagrama electrical hydraulic",""
"2","VALTRA","A114LP","manual_eletrico_hidraulico","E:\MANUAIS_APPMAQ\Trator Agricola\VALTRA\A114LP\05_manual_eletrico_hidraulico","4","False","0","pesquisar","VALTRA A114LP manual eletrico hidraulico diagrama electrical hydraulic",""
"2","VALTRA","A124","manual_eletrico_hidraulico","E:\MANUAIS_APPMAQ\Trator Agricola\VALTRA\A124\05_manual_eletrico_hidraulico","7","False","0","pesquisar","VALTRA A124 manual eletrico hidraulico diagrama electrical hydraulic",""
"2","VALTRA","A124H","manual_eletrico_hidraulico","E:\MANUAIS_APPMAQ\Trator Agricola\VALTRA\A124H\05_manual_eletrico_hidraulico","5","False","0","pesquisar","VALTRA A124H manual eletrico hidraulico diagrama electrical hydraulic",""
"2","VALTRA","A124LC","manual_eletrico_hidraulico","E:\MANUAIS_APPMAQ\Trator Agricola\VALTRA\A124LC\05_manual_eletrico_hidraulico","4","False","0","pesquisar","VALTRA A124LC manual eletrico hidraulico diagrama electrical hydraulic",""
"2","VALTRA","A124LP","manual_eletrico_hidraulico","E:\MANUAIS_APPMAQ\Trator Agricola\VALTRA\A124LP\05_manual_eletrico_hidraulico","4","False","0","pesquisar","VALTRA A124LP manual eletrico hidraulico diagrama electrical hydraulic",""
"2","VALTRA","A134","manual_eletrico_hidraulico","E:\MANUAIS_APPMAQ\Trator Agricola\VALTRA\A134\05_manual_eletrico_hidraulico","7","False","0","pesquisar","VALTRA A134 manual eletrico hidraulico diagrama electrical hydraulic",""
"2","VALTRA","A134H","manual_eletrico_hidraulico","E:\MANUAIS_APPMAQ\Trator Agricola\VALTRA\A134H\05_manual_eletrico_hidraulico","5","False","0","pesquisar","VALTRA A134H manual eletrico hidraulico diagrama electrical hydraulic",""
"2","VALTRA","A144","manual_eletrico_hidraulico","E:\MANUAIS_APPMAQ\Trator Agricola\VALTRA\A144\05_manual_eletrico_hidraulico","5","False","0","pesquisar","VALTRA A144 manual eletrico hidraulico diagrama electrical hydraulic",""
"2","VALTRA","A144H","manual_eletrico_hidraulico","E:\MANUAIS_APPMAQ\Trator Agricola\VALTRA\A144H\05_manual_eletrico_hidraulico","5","False","0","pesquisar","VALTRA A144H manual eletrico hidraulico diagrama electrical hydraulic",""
"2","VALTRA","A144L","manual_eletrico_hidraulico","E:\MANUAIS_APPMAQ\Trator Agricola\VALTRA\A144L\05_manual_eletrico_hidraulico","4","False","0","pesquisar","VALTRA A144L manual eletrico hidraulico diagrama electrical hydraulic",""
"2","VALTRA","A144LC","manual_eletrico_hidraulico","E:\MANUAIS_APPMAQ\Trator Agricola\VALTRA\A144LC\05_manual_eletrico_hidraulico","4","False","0","pesquisar","VALTRA A144LC manual eletrico hidraulico diagrama electrical hydraulic",""
"2","VALTRA","A52s","manual_eletrico_hidraulico","E:\MANUAIS_APPMAQ\Trator Agricola\VALTRA\A52s\05_manual_eletrico_hidraulico","5","False","0","pesquisar","VALTRA A52s manual eletrico hidraulico diagrama electrical hydraulic",""
"2","VALTRA","A550","manual_eletrico_hidraulico","E:\MANUAIS_APPMAQ\Trator Agricola\VALTRA\A550\05_manual_eletrico_hidraulico","4","False","0","pesquisar","VALTRA A550 manual eletrico hidraulico diagrama electrical hydraulic",""
"2","VALTRA","A62s","manual_eletrico_hidraulico","E:\MANUAIS_APPMAQ\Trator Agricola\VALTRA\A62s\05_manual_eletrico_hidraulico","5","False","0","pesquisar","VALTRA A62s manual eletrico hidraulico diagrama electrical hydraulic",""
"2","VALTRA","A63F","manual_eletrico_hidraulico","E:\MANUAIS_APPMAQ\Trator Agricola\VALTRA\A63F\05_manual_eletrico_hidraulico","6","False","0","pesquisar","VALTRA A63F manual eletrico hidraulico diagrama electrical hydraulic",""
"2","VALTRA","A73F","manual_eletrico_hidraulico","E:\MANUAIS_APPMAQ\Trator Agricola\VALTRA\A73F\05_manual_eletrico_hidraulico","5","False","0","pesquisar","VALTRA A73F manual eletrico hidraulico diagrama electrical hydraulic",""
"2","VALTRA","A74","manual_eletrico_hidraulico","E:\MANUAIS_APPMAQ\Trator Agricola\VALTRA\A74\05_manual_eletrico_hidraulico","4","False","0","pesquisar","VALTRA A74 manual eletrico hidraulico diagrama electrical hydraulic",""
"2","VALTRA","A74s","manual_eletrico_hidraulico","E:\MANUAIS_APPMAQ\Trator Agricola\VALTRA\A74s\05_manual_eletrico_hidraulico","7","False","0","pesquisar","VALTRA A74s manual eletrico hidraulico diagrama electrical hydraulic",""
"2","VALTRA","A74SC","manual_eletrico_hidraulico","E:\MANUAIS_APPMAQ\Trator Agricola\VALTRA\A74SC\05_manual_eletrico_hidraulico","3","False","0","pesquisar","VALTRA A74SC manual eletrico hidraulico diagrama electrical hydraulic",""
"2","VALTRA","A750","manual_eletrico_hidraulico","E:\MANUAIS_APPMAQ\Trator Agricola\VALTRA\A750\05_manual_eletrico_hidraulico","8","False","0","pesquisar","VALTRA A750 manual eletrico hidraulico diagrama electrical hydraulic",""
"2","VALTRA","A83F","manual_eletrico_hidraulico","E:\MANUAIS_APPMAQ\Trator Agricola\VALTRA\A83F\05_manual_eletrico_hidraulico","6","False","0","pesquisar","VALTRA A83F manual eletrico hidraulico diagrama electrical hydraulic",""
"2","VALTRA","A84","manual_eletrico_hidraulico","E:\MANUAIS_APPMAQ\Trator Agricola\VALTRA\A84\05_manual_eletrico_hidraulico","4","False","0","pesquisar","VALTRA A84 manual eletrico hidraulico diagrama electrical hydraulic",""
"2","VALTRA","A84s","manual_eletrico_hidraulico","E:\MANUAIS_APPMAQ\Trator Agricola\VALTRA\A84s\05_manual_eletrico_hidraulico","7","False","0","pesquisar","VALTRA A84s manual eletrico hidraulico diagrama electrical hydraulic",""
"2","VALTRA","A850F","manual_eletrico_hidraulico","E:\MANUAIS_APPMAQ\Trator Agricola\VALTRA\A850F\05_manual_eletrico_hidraulico","5","False","0","pesquisar","VALTRA A850F manual eletrico hidraulico diagrama electrical hydraulic",""
"2","VALTRA","A93F","manual_eletrico_hidraulico","E:\MANUAIS_APPMAQ\Trator Agricola\VALTRA\A93F\05_manual_eletrico_hidraulico","6","False","0","pesquisar","VALTRA A93F manual eletrico hidraulico diagrama electrical hydraulic",""
"2","VALTRA","A94","manual_eletrico_hidraulico","E:\MANUAIS_APPMAQ\Trator Agricola\VALTRA\A94\05_manual_eletrico_hidraulico","7","False","0","pesquisar","VALTRA A94 manual eletrico hidraulico diagrama electrical hydraulic",""
"2","VALTRA","A94S","manual_eletrico_hidraulico","E:\MANUAIS_APPMAQ\Trator Agricola\VALTRA\A94S\05_manual_eletrico_hidraulico","7","False","0","pesquisar","VALTRA A94S manual eletrico hidraulico diagrama electrical hydraulic",""
"3","MASSEY FERGUSON","8S.205","treinamento_diagnostico","E:\MANUAIS_APPMAQ\Trator Agricola\MASSEY FERGUSON\8S.205\06_boletim_treinamento_diagnostico","6","False","0","pesquisar","MASSEY FERGUSON 8S.205 treinamento diagnostico calibracao training diagnostic",""
"3","MASSEY FERGUSON","8S.225","treinamento_diagnostico","E:\MANUAIS_APPMAQ\Trator Agricola\MASSEY FERGUSON\8S.225\06_boletim_treinamento_diagnostico","6","False","0","pesquisar","MASSEY FERGUSON 8S.225 treinamento diagnostico calibracao training diagnostic",""
"3","MASSEY FERGUSON","8S.245","treinamento_diagnostico","E:\MANUAIS_APPMAQ\Trator Agricola\MASSEY FERGUSON\8S.245\06_boletim_treinamento_diagnostico","6","False","0","pesquisar","MASSEY FERGUSON 8S.245 treinamento diagnostico calibracao training diagnostic",""
"3","MASSEY FERGUSON","8S.265","treinamento_diagnostico","E:\MANUAIS_APPMAQ\Trator Agricola\MASSEY FERGUSON\8S.265\06_boletim_treinamento_diagnostico","6","False","0","pesquisar","MASSEY FERGUSON 8S.265 treinamento diagnostico calibracao training diagnostic",""
"3","MASSEY FERGUSON","8S.285","treinamento_diagnostico","E:\MANUAIS_APPMAQ\Trator Agricola\MASSEY FERGUSON\8S.285\06_boletim_treinamento_diagnostico","6","False","0","pesquisar","MASSEY FERGUSON 8S.285 treinamento diagnostico calibracao training diagnostic",""
"3","MASSEY FERGUSON","8S.305","treinamento_diagnostico","E:\MANUAIS_APPMAQ\Trator Agricola\MASSEY FERGUSON\8S.305\06_boletim_treinamento_diagnostico","4","False","0","pesquisar","MASSEY FERGUSON 8S.305 treinamento diagnostico calibracao training diagnostic",""
"3","MASSEY FERGUSON","MF235","ficha_tecnica_folheto","E:\MANUAIS_APPMAQ\Trator Agricola\MASSEY FERGUSON\MF235\07_ficha_tecnica_folheto","5","False","0","pesquisar","MASSEY FERGUSON MF235 ficha tecnica especificacoes folheto brochure specifications",""
"3","MASSEY FERGUSON","MF235","treinamento_diagnostico","E:\MANUAIS_APPMAQ\Trator Agricola\MASSEY FERGUSON\MF235\06_boletim_treinamento_diagnostico","5","False","0","pesquisar","MASSEY FERGUSON MF235 treinamento diagnostico calibracao training diagnostic",""
"3","MASSEY FERGUSON","MF250","ficha_tecnica_folheto","E:\MANUAIS_APPMAQ\Trator Agricola\MASSEY FERGUSON\MF250\07_ficha_tecnica_folheto","5","False","0","pesquisar","MASSEY FERGUSON MF250 ficha tecnica especificacoes folheto brochure specifications",""
"3","MASSEY FERGUSON","MF250","treinamento_diagnostico","E:\MANUAIS_APPMAQ\Trator Agricola\MASSEY FERGUSON\MF250\06_boletim_treinamento_diagnostico","5","False","0","pesquisar","MASSEY FERGUSON MF250 treinamento diagnostico calibracao training diagnostic",""
"3","MASSEY FERGUSON","MF255","ficha_tecnica_folheto","E:\MANUAIS_APPMAQ\Trator Agricola\MASSEY FERGUSON\MF255\07_ficha_tecnica_folheto","5","False","0","pesquisar","MASSEY FERGUSON MF255 ficha tecnica especificacoes folheto brochure specifications",""
"3","MASSEY FERGUSON","MF255","treinamento_diagnostico","E:\MANUAIS_APPMAQ\Trator Agricola\MASSEY FERGUSON\MF255\06_boletim_treinamento_diagnostico","5","False","0","pesquisar","MASSEY FERGUSON MF255 treinamento diagnostico calibracao training diagnostic",""
"3","MASSEY FERGUSON","MF255 ADVANCED","ficha_tecnica_folheto","E:\MANUAIS_APPMAQ\Trator Agricola\MASSEY FERGUSON\MF255 ADVANCED\07_ficha_tecnica_folheto","4","False","0","pesquisar","MASSEY FERGUSON MF255 ADVANCED ficha tecnica especificacoes folheto brochure specifications",""
"3","MASSEY FERGUSON","MF255 ADVANCED","treinamento_diagnostico","E:\MANUAIS_APPMAQ\Trator Agricola\MASSEY FERGUSON\MF255 ADVANCED\06_boletim_treinamento_diagnostico","4","False","0","pesquisar","MASSEY FERGUSON MF255 ADVANCED treinamento diagnostico calibracao training diagnostic",""
"3","MASSEY FERGUSON","MF265","ficha_tecnica_folheto","E:\MANUAIS_APPMAQ\Trator Agricola\MASSEY FERGUSON\MF265\07_ficha_tecnica_folheto","4","False","0","pesquisar","MASSEY FERGUSON MF265 ficha tecnica especificacoes folheto brochure specifications",""
"3","MASSEY FERGUSON","MF265","treinamento_diagnostico","E:\MANUAIS_APPMAQ\Trator Agricola\MASSEY FERGUSON\MF265\06_boletim_treinamento_diagnostico","4","False","0","pesquisar","MASSEY FERGUSON MF265 treinamento diagnostico calibracao training diagnostic",""
"3","MASSEY FERGUSON","MF275","ficha_tecnica_folheto","E:\MANUAIS_APPMAQ\Trator Agricola\MASSEY FERGUSON\MF275\07_ficha_tecnica_folheto","4","False","0","pesquisar","MASSEY FERGUSON MF275 ficha tecnica especificacoes folheto brochure specifications",""
"3","MASSEY FERGUSON","MF275","treinamento_diagnostico","E:\MANUAIS_APPMAQ\Trator Agricola\MASSEY FERGUSON\MF275\06_boletim_treinamento_diagnostico","4","False","0","pesquisar","MASSEY FERGUSON MF275 treinamento diagnostico calibracao training diagnostic",""
"3","MASSEY FERGUSON","MF283","ficha_tecnica_folheto","E:\MANUAIS_APPMAQ\Trator Agricola\MASSEY FERGUSON\MF283\07_ficha_tecnica_folheto","4","False","0","pesquisar","MASSEY FERGUSON MF283 ficha tecnica especificacoes folheto brochure specifications",""
"3","MASSEY FERGUSON","MF283","treinamento_diagnostico","E:\MANUAIS_APPMAQ\Trator Agricola\MASSEY FERGUSON\MF283\06_boletim_treinamento_diagnostico","4","False","0","pesquisar","MASSEY FERGUSON MF283 treinamento diagnostico calibracao training diagnostic",""
"3","MASSEY FERGUSON","MF290","treinamento_diagnostico","E:\MANUAIS_APPMAQ\Trator Agricola\MASSEY FERGUSON\MF290\06_boletim_treinamento_diagnostico","10","False","0","pesquisar","MASSEY FERGUSON MF290 treinamento diagnostico calibracao training diagnostic",""
"3","MASSEY FERGUSON","MF291","ficha_tecnica_folheto","E:\MANUAIS_APPMAQ\Trator Agricola\MASSEY FERGUSON\MF291\07_ficha_tecnica_folheto","4","False","0","pesquisar","MASSEY FERGUSON MF291 ficha tecnica especificacoes folheto brochure specifications",""
"3","MASSEY FERGUSON","MF291","treinamento_diagnostico","E:\MANUAIS_APPMAQ\Trator Agricola\MASSEY FERGUSON\MF291\06_boletim_treinamento_diagnostico","4","False","0","pesquisar","MASSEY FERGUSON MF291 treinamento diagnostico calibracao training diagnostic",""
"3","MASSEY FERGUSON","MF292","treinamento_diagnostico","E:\MANUAIS_APPMAQ\Trator Agricola\MASSEY FERGUSON\MF292\06_boletim_treinamento_diagnostico","5","False","0","pesquisar","MASSEY FERGUSON MF292 treinamento diagnostico calibracao training diagnostic",""
"3","MASSEY FERGUSON","MF296","ficha_tecnica_folheto","E:\MANUAIS_APPMAQ\Trator Agricola\MASSEY FERGUSON\MF296\07_ficha_tecnica_folheto","4","False","0","pesquisar","MASSEY FERGUSON MF296 ficha tecnica especificacoes folheto brochure specifications",""
"3","MASSEY FERGUSON","MF296","treinamento_diagnostico","E:\MANUAIS_APPMAQ\Trator Agricola\MASSEY FERGUSON\MF296\06_boletim_treinamento_diagnostico","4","False","0","pesquisar","MASSEY FERGUSON MF296 treinamento diagnostico calibracao training diagnostic",""
"3","MASSEY FERGUSON","MF297","ficha_tecnica_folheto","E:\MANUAIS_APPMAQ\Trator Agricola\MASSEY FERGUSON\MF297\07_ficha_tecnica_folheto","4","False","0","pesquisar","MASSEY FERGUSON MF297 ficha tecnica especificacoes folheto brochure specifications",""
"3","MASSEY FERGUSON","MF297","treinamento_diagnostico","E:\MANUAIS_APPMAQ\Trator Agricola\MASSEY FERGUSON\MF297\06_boletim_treinamento_diagnostico","4","False","0","pesquisar","MASSEY FERGUSON MF297 treinamento diagnostico calibracao training diagnostic",""
"3","MASSEY FERGUSON","MF299","treinamento_diagnostico","E:\MANUAIS_APPMAQ\Trator Agricola\MASSEY FERGUSON\MF299\06_boletim_treinamento_diagnostico","5","False","0","pesquisar","MASSEY FERGUSON MF299 treinamento diagnostico calibracao training diagnostic",""
"3","MASSEY FERGUSON","MF3306","treinamento_diagnostico","E:\MANUAIS_APPMAQ\Trator Agricola\MASSEY FERGUSON\MF3306\06_boletim_treinamento_diagnostico","4","False","0","pesquisar","MASSEY FERGUSON MF3306 treinamento diagnostico calibracao training diagnostic",""
"3","MASSEY FERGUSON","MF3307","treinamento_diagnostico","E:\MANUAIS_APPMAQ\Trator Agricola\MASSEY FERGUSON\MF3307\06_boletim_treinamento_diagnostico","4","False","0","pesquisar","MASSEY FERGUSON MF3307 treinamento diagnostico calibracao training diagnostic",""
"3","MASSEY FERGUSON","MF3308","treinamento_diagnostico","E:\MANUAIS_APPMAQ\Trator Agricola\MASSEY FERGUSON\MF3308\06_boletim_treinamento_diagnostico","4","False","0","pesquisar","MASSEY FERGUSON MF3308 treinamento diagnostico calibracao training diagnostic",""
"3","MASSEY FERGUSON","MF4265","treinamento_diagnostico","E:\MANUAIS_APPMAQ\Trator Agricola\MASSEY FERGUSON\MF4265\06_boletim_treinamento_diagnostico","7","False","0","pesquisar","MASSEY FERGUSON MF4265 treinamento diagnostico calibracao training diagnostic",""
"3","MASSEY FERGUSON","MF4275","treinamento_diagnostico","E:\MANUAIS_APPMAQ\Trator Agricola\MASSEY FERGUSON\MF4275\06_boletim_treinamento_diagnostico","8","False","0","pesquisar","MASSEY FERGUSON MF4275 treinamento diagnostico calibracao training diagnostic",""
"3","MASSEY FERGUSON","MF4280","treinamento_diagnostico","E:\MANUAIS_APPMAQ\Trator Agricola\MASSEY FERGUSON\MF4280\06_boletim_treinamento_diagnostico","5","False","0","pesquisar","MASSEY FERGUSON MF4280 treinamento diagnostico calibracao training diagnostic",""
"3","MASSEY FERGUSON","MF4283","treinamento_diagnostico","E:\MANUAIS_APPMAQ\Trator Agricola\MASSEY FERGUSON\MF4283\06_boletim_treinamento_diagnostico","6","False","0","pesquisar","MASSEY FERGUSON MF4283 treinamento diagnostico calibracao training diagnostic",""
"3","MASSEY FERGUSON","MF4290","ficha_tecnica_folheto","E:\MANUAIS_APPMAQ\Trator Agricola\MASSEY FERGUSON\MF4290\07_ficha_tecnica_folheto","1","False","0","pesquisar","MASSEY FERGUSON MF4290 ficha tecnica especificacoes folheto brochure specifications",""
"3","MASSEY FERGUSON","MF4290","treinamento_diagnostico","E:\MANUAIS_APPMAQ\Trator Agricola\MASSEY FERGUSON\MF4290\06_boletim_treinamento_diagnostico","1","False","0","pesquisar","MASSEY FERGUSON MF4290 treinamento diagnostico calibracao training diagnostic",""
"3","MASSEY FERGUSON","MF4292","treinamento_diagnostico","E:\MANUAIS_APPMAQ\Trator Agricola\MASSEY FERGUSON\MF4292\06_boletim_treinamento_diagnostico","6","False","0","pesquisar","MASSEY FERGUSON MF4292 treinamento diagnostico calibracao training diagnostic",""
"3","MASSEY FERGUSON","MF4297","treinamento_diagnostico","E:\MANUAIS_APPMAQ\Trator Agricola\MASSEY FERGUSON\MF4297\06_boletim_treinamento_diagnostico","6","False","0","pesquisar","MASSEY FERGUSON MF4297 treinamento diagnostico calibracao training diagnostic",""
"3","MASSEY FERGUSON","MF4299","treinamento_diagnostico","E:\MANUAIS_APPMAQ\Trator Agricola\MASSEY FERGUSON\MF4299\06_boletim_treinamento_diagnostico","6","False","0","pesquisar","MASSEY FERGUSON MF4299 treinamento diagnostico calibracao training diagnostic",""
"3","MASSEY FERGUSON","MF4305","treinamento_diagnostico","E:\MANUAIS_APPMAQ\Trator Agricola\MASSEY FERGUSON\MF4305\06_boletim_treinamento_diagnostico","3","False","0","pesquisar","MASSEY FERGUSON MF4305 treinamento diagnostico calibracao training diagnostic",""
"3","MASSEY FERGUSON","MF4307","treinamento_diagnostico","E:\MANUAIS_APPMAQ\Trator Agricola\MASSEY FERGUSON\MF4307\06_boletim_treinamento_diagnostico","6","False","0","pesquisar","MASSEY FERGUSON MF4307 treinamento diagnostico calibracao training diagnostic",""
"3","MASSEY FERGUSON","MF4408","treinamento_diagnostico","E:\MANUAIS_APPMAQ\Trator Agricola\MASSEY FERGUSON\MF4408\06_boletim_treinamento_diagnostico","5","False","0","pesquisar","MASSEY FERGUSON MF4408 treinamento diagnostico calibracao training diagnostic",""
"3","MASSEY FERGUSON","MF4409","treinamento_diagnostico","E:\MANUAIS_APPMAQ\Trator Agricola\MASSEY FERGUSON\MF4409\06_boletim_treinamento_diagnostico","5","False","0","pesquisar","MASSEY FERGUSON MF4409 treinamento diagnostico calibracao training diagnostic",""
"3","MASSEY FERGUSON","MF4410","treinamento_diagnostico","E:\MANUAIS_APPMAQ\Trator Agricola\MASSEY FERGUSON\MF4410\06_boletim_treinamento_diagnostico","10","False","0","pesquisar","MASSEY FERGUSON MF4410 treinamento diagnostico calibracao training diagnostic",""
"3","MASSEY FERGUSON","MF4708","treinamento_diagnostico","E:\MANUAIS_APPMAQ\Trator Agricola\MASSEY FERGUSON\MF4708\06_boletim_treinamento_diagnostico","5","False","0","pesquisar","MASSEY FERGUSON MF4708 treinamento diagnostico calibracao training diagnostic",""
"3","MASSEY FERGUSON","MF4709","treinamento_diagnostico","E:\MANUAIS_APPMAQ\Trator Agricola\MASSEY FERGUSON\MF4709\06_boletim_treinamento_diagnostico","5","False","0","pesquisar","MASSEY FERGUSON MF4709 treinamento diagnostico calibracao training diagnostic",""
"3","MASSEY FERGUSON","MF50","ficha_tecnica_folheto","E:\MANUAIS_APPMAQ\Trator Agricola\MASSEY FERGUSON\MF50\07_ficha_tecnica_folheto","3","False","0","pesquisar","MASSEY FERGUSON MF50 ficha tecnica especificacoes folheto brochure specifications",""
"3","MASSEY FERGUSON","MF50","treinamento_diagnostico","E:\MANUAIS_APPMAQ\Trator Agricola\MASSEY FERGUSON\MF50\06_boletim_treinamento_diagnostico","3","False","0","pesquisar","MASSEY FERGUSON MF50 treinamento diagnostico calibracao training diagnostic",""
"3","NEW HOLLAND","T9.470 - COM LEVANTE","treinamento_diagnostico","E:\MANUAIS_APPMAQ\Trator Agricola\NEW HOLLAND\T9.470 - COM LEVANTE\06_boletim_treinamento_diagnostico","5","False","0","pesquisar","NEW HOLLAND T9.470 - COM LEVANTE treinamento diagnostico calibracao training diagnostic",""
"3","NEW HOLLAND","T9.470 - PIVOT","treinamento_diagnostico","E:\MANUAIS_APPMAQ\Trator Agricola\NEW HOLLAND\T9.470 - PIVOT\06_boletim_treinamento_diagnostico","5","False","0","pesquisar","NEW HOLLAND T9.470 - PIVOT treinamento diagnostico calibracao training diagnostic",""
"3","NEW HOLLAND","T9.480","treinamento_diagnostico","E:\MANUAIS_APPMAQ\Trator Agricola\NEW HOLLAND\T9.480\06_boletim_treinamento_diagnostico","5","False","0","pesquisar","NEW HOLLAND T9.480 treinamento diagnostico calibracao training diagnostic",""
"3","NEW HOLLAND","T9.520 - COM LEVANTE","treinamento_diagnostico","E:\MANUAIS_APPMAQ\Trator Agricola\NEW HOLLAND\T9.520 - COM LEVANTE\06_boletim_treinamento_diagnostico","5","False","0","pesquisar","NEW HOLLAND T9.520 - COM LEVANTE treinamento diagnostico calibracao training diagnostic",""
"3","NEW HOLLAND","T9.520 - PIVOT","treinamento_diagnostico","E:\MANUAIS_APPMAQ\Trator Agricola\NEW HOLLAND\T9.520 - PIVOT\06_boletim_treinamento_diagnostico","5","False","0","pesquisar","NEW HOLLAND T9.520 - PIVOT treinamento diagnostico calibracao training diagnostic",""
"3","NEW HOLLAND","T9.565","treinamento_diagnostico","E:\MANUAIS_APPMAQ\Trator Agricola\NEW HOLLAND\T9.565\06_boletim_treinamento_diagnostico","5","False","0","pesquisar","NEW HOLLAND T9.565 treinamento diagnostico calibracao training diagnostic",""
"3","NEW HOLLAND","T9.580 - COM LEVANTE","treinamento_diagnostico","E:\MANUAIS_APPMAQ\Trator Agricola\NEW HOLLAND\T9.580 - COM LEVANTE\06_boletim_treinamento_diagnostico","5","False","0","pesquisar","NEW HOLLAND T9.580 - COM LEVANTE treinamento diagnostico calibracao training diagnostic",""
"3","NEW HOLLAND","T9.580 - PIVOT","treinamento_diagnostico","E:\MANUAIS_APPMAQ\Trator Agricola\NEW HOLLAND\T9.580 - PIVOT\06_boletim_treinamento_diagnostico","5","False","0","pesquisar","NEW HOLLAND T9.580 - PIVOT treinamento diagnostico calibracao training diagnostic",""
"3","NEW HOLLAND","T9.615 - COM LEVANTE","treinamento_diagnostico","E:\MANUAIS_APPMAQ\Trator Agricola\NEW HOLLAND\T9.615 - COM LEVANTE\06_boletim_treinamento_diagnostico","6","False","0","pesquisar","NEW HOLLAND T9.615 - COM LEVANTE treinamento diagnostico calibracao training diagnostic",""
"3","NEW HOLLAND","T9.615 - PIVOT","treinamento_diagnostico","E:\MANUAIS_APPMAQ\Trator Agricola\NEW HOLLAND\T9.615 - PIVOT\06_boletim_treinamento_diagnostico","6","False","0","pesquisar","NEW HOLLAND T9.615 - PIVOT treinamento diagnostico calibracao training diagnostic",""
"3","NEW HOLLAND","T9.700 - PIVOT","treinamento_diagnostico","E:\MANUAIS_APPMAQ\Trator Agricola\NEW HOLLAND\T9.700 - PIVOT\06_boletim_treinamento_diagnostico","8","False","0","pesquisar","NEW HOLLAND T9.700 - PIVOT treinamento diagnostico calibracao training diagnostic",""
"3","NEW HOLLAND","TL100","ficha_tecnica_folheto","E:\MANUAIS_APPMAQ\Trator Agricola\NEW HOLLAND\TL100\07_ficha_tecnica_folheto","5","False","0","pesquisar","NEW HOLLAND TL100 ficha tecnica especificacoes folheto brochure specifications",""
"3","NEW HOLLAND","TL100","treinamento_diagnostico","E:\MANUAIS_APPMAQ\Trator Agricola\NEW HOLLAND\TL100\06_boletim_treinamento_diagnostico","5","False","0","pesquisar","NEW HOLLAND TL100 treinamento diagnostico calibracao training diagnostic",""
"3","NEW HOLLAND","TL5.100","treinamento_diagnostico","E:\MANUAIS_APPMAQ\Trator Agricola\NEW HOLLAND\TL5.100\06_boletim_treinamento_diagnostico","7","False","0","pesquisar","NEW HOLLAND TL5.100 treinamento diagnostico calibracao training diagnostic",""
"3","NEW HOLLAND","TL5.80","treinamento_diagnostico","E:\MANUAIS_APPMAQ\Trator Agricola\NEW HOLLAND\TL5.80\06_boletim_treinamento_diagnostico","7","False","0","pesquisar","NEW HOLLAND TL5.80 treinamento diagnostico calibracao training diagnostic",""
"3","NEW HOLLAND","TL5.90","treinamento_diagnostico","E:\MANUAIS_APPMAQ\Trator Agricola\NEW HOLLAND\TL5.90\06_boletim_treinamento_diagnostico","7","False","0","pesquisar","NEW HOLLAND TL5.90 treinamento diagnostico calibracao training diagnostic",""
"3","NEW HOLLAND","TL60E","treinamento_diagnostico","E:\MANUAIS_APPMAQ\Trator Agricola\NEW HOLLAND\TL60E\06_boletim_treinamento_diagnostico","8","False","0","pesquisar","NEW HOLLAND TL60E treinamento diagnostico calibracao training diagnostic",""
"3","NEW HOLLAND","TL65","ficha_tecnica_folheto","E:\MANUAIS_APPMAQ\Trator Agricola\NEW HOLLAND\TL65\07_ficha_tecnica_folheto","6","False","0","pesquisar","NEW HOLLAND TL65 ficha tecnica especificacoes folheto brochure specifications",""
"3","NEW HOLLAND","TL65","treinamento_diagnostico","E:\MANUAIS_APPMAQ\Trator Agricola\NEW HOLLAND\TL65\06_boletim_treinamento_diagnostico","6","False","0","pesquisar","NEW HOLLAND TL65 treinamento diagnostico calibracao training diagnostic",""
"3","NEW HOLLAND","TL70","ficha_tecnica_folheto","E:\MANUAIS_APPMAQ\Trator Agricola\NEW HOLLAND\TL70\07_ficha_tecnica_folheto","5","False","0","pesquisar","NEW HOLLAND TL70 ficha tecnica especificacoes folheto brochure specifications",""
"3","NEW HOLLAND","TL70","treinamento_diagnostico","E:\MANUAIS_APPMAQ\Trator Agricola\NEW HOLLAND\TL70\06_boletim_treinamento_diagnostico","5","False","0","pesquisar","NEW HOLLAND TL70 treinamento diagnostico calibracao training diagnostic",""
"3","NEW HOLLAND","TL75","ficha_tecnica_folheto","E:\MANUAIS_APPMAQ\Trator Agricola\NEW HOLLAND\TL75\07_ficha_tecnica_folheto","7","False","0","pesquisar","NEW HOLLAND TL75 ficha tecnica especificacoes folheto brochure specifications",""
"3","NEW HOLLAND","TL75","treinamento_diagnostico","E:\MANUAIS_APPMAQ\Trator Agricola\NEW HOLLAND\TL75\06_boletim_treinamento_diagnostico","7","False","0","pesquisar","NEW HOLLAND TL75 treinamento diagnostico calibracao training diagnostic",""
"3","NEW HOLLAND","TL75E","treinamento_diagnostico","E:\MANUAIS_APPMAQ\Trator Agricola\NEW HOLLAND\TL75E\06_boletim_treinamento_diagnostico","7","False","0","pesquisar","NEW HOLLAND TL75E treinamento diagnostico calibracao training diagnostic",""
"3","NEW HOLLAND","TL80","ficha_tecnica_folheto","E:\MANUAIS_APPMAQ\Trator Agricola\NEW HOLLAND\TL80\07_ficha_tecnica_folheto","5","False","0","pesquisar","NEW HOLLAND TL80 ficha tecnica especificacoes folheto brochure specifications",""
"3","NEW HOLLAND","TL80","treinamento_diagnostico","E:\MANUAIS_APPMAQ\Trator Agricola\NEW HOLLAND\TL80\06_boletim_treinamento_diagnostico","5","False","0","pesquisar","NEW HOLLAND TL80 treinamento diagnostico calibracao training diagnostic",""
"3","NEW HOLLAND","TL85","ficha_tecnica_folheto","E:\MANUAIS_APPMAQ\Trator Agricola\NEW HOLLAND\TL85\07_ficha_tecnica_folheto","7","False","0","pesquisar","NEW HOLLAND TL85 ficha tecnica especificacoes folheto brochure specifications",""
"3","NEW HOLLAND","TL85","treinamento_diagnostico","E:\MANUAIS_APPMAQ\Trator Agricola\NEW HOLLAND\TL85\06_boletim_treinamento_diagnostico","7","False","0","pesquisar","NEW HOLLAND TL85 treinamento diagnostico calibracao training diagnostic",""
"3","NEW HOLLAND","TL85E","treinamento_diagnostico","E:\MANUAIS_APPMAQ\Trator Agricola\NEW HOLLAND\TL85E\06_boletim_treinamento_diagnostico","7","False","0","pesquisar","NEW HOLLAND TL85E treinamento diagnostico calibracao training diagnostic",""
"3","NEW HOLLAND","TL90","ficha_tecnica_folheto","E:\MANUAIS_APPMAQ\Trator Agricola\NEW HOLLAND\TL90\07_ficha_tecnica_folheto","6","False","0","pesquisar","NEW HOLLAND TL90 ficha tecnica especificacoes folheto brochure specifications",""
"3","NEW HOLLAND","TL90","treinamento_diagnostico","E:\MANUAIS_APPMAQ\Trator Agricola\NEW HOLLAND\TL90\06_boletim_treinamento_diagnostico","6","False","0","pesquisar","NEW HOLLAND TL90 treinamento diagnostico calibracao training diagnostic",""
"3","NEW HOLLAND","TL95","ficha_tecnica_folheto","E:\MANUAIS_APPMAQ\Trator Agricola\NEW HOLLAND\TL95\07_ficha_tecnica_folheto","6","False","0","pesquisar","NEW HOLLAND TL95 ficha tecnica especificacoes folheto brochure specifications",""
"3","NEW HOLLAND","TL95","treinamento_diagnostico","E:\MANUAIS_APPMAQ\Trator Agricola\NEW HOLLAND\TL95\06_boletim_treinamento_diagnostico","6","False","0","pesquisar","NEW HOLLAND TL95 treinamento diagnostico calibracao training diagnostic",""
"3","NEW HOLLAND","TL95E","treinamento_diagnostico","E:\MANUAIS_APPMAQ\Trator Agricola\NEW HOLLAND\TL95E\06_boletim_treinamento_diagnostico","7","False","0","pesquisar","NEW HOLLAND TL95E treinamento diagnostico calibracao training diagnostic",""
"3","NEW HOLLAND","TM.7020","treinamento_diagnostico","E:\MANUAIS_APPMAQ\Trator Agricola\NEW HOLLAND\TM.7020\06_boletim_treinamento_diagnostico","5","False","0","pesquisar","NEW HOLLAND TM.7020 treinamento diagnostico calibracao training diagnostic",""
"3","NEW HOLLAND","TM.7040","treinamento_diagnostico","E:\MANUAIS_APPMAQ\Trator Agricola\NEW HOLLAND\TM.7040\06_boletim_treinamento_diagnostico","5","False","0","pesquisar","NEW HOLLAND TM.7040 treinamento diagnostico calibracao training diagnostic",""
"3","NEW HOLLAND","TM120","ficha_tecnica_folheto","E:\MANUAIS_APPMAQ\Trator Agricola\NEW HOLLAND\TM120\07_ficha_tecnica_folheto","3","False","0","pesquisar","NEW HOLLAND TM120 ficha tecnica especificacoes folheto brochure specifications",""
"3","NEW HOLLAND","TM120","treinamento_diagnostico","E:\MANUAIS_APPMAQ\Trator Agricola\NEW HOLLAND\TM120\06_boletim_treinamento_diagnostico","3","False","0","pesquisar","NEW HOLLAND TM120 treinamento diagnostico calibracao training diagnostic",""
"3","NEW HOLLAND","TM135","treinamento_diagnostico","E:\MANUAIS_APPMAQ\Trator Agricola\NEW HOLLAND\TM135\06_boletim_treinamento_diagnostico","4","False","0","pesquisar","NEW HOLLAND TM135 treinamento diagnostico calibracao training diagnostic",""
"3","NEW HOLLAND","TM140","ficha_tecnica_folheto","E:\MANUAIS_APPMAQ\Trator Agricola\NEW HOLLAND\TM140\07_ficha_tecnica_folheto","3","False","0","pesquisar","NEW HOLLAND TM140 ficha tecnica especificacoes folheto brochure specifications",""
"3","NEW HOLLAND","TM140","treinamento_diagnostico","E:\MANUAIS_APPMAQ\Trator Agricola\NEW HOLLAND\TM140\06_boletim_treinamento_diagnostico","3","False","0","pesquisar","NEW HOLLAND TM140 treinamento diagnostico calibracao training diagnostic",""
"3","NEW HOLLAND","TM150","treinamento_diagnostico","E:\MANUAIS_APPMAQ\Trator Agricola\NEW HOLLAND\TM150\06_boletim_treinamento_diagnostico","4","False","0","pesquisar","NEW HOLLAND TM150 treinamento diagnostico calibracao training diagnostic",""
"3","NEW HOLLAND","TM165","treinamento_diagnostico","E:\MANUAIS_APPMAQ\Trator Agricola\NEW HOLLAND\TM165\06_boletim_treinamento_diagnostico","4","False","0","pesquisar","NEW HOLLAND TM165 treinamento diagnostico calibracao training diagnostic",""
"3","NEW HOLLAND","TM7010","treinamento_diagnostico","E:\MANUAIS_APPMAQ\Trator Agricola\NEW HOLLAND\TM7010\06_boletim_treinamento_diagnostico","5","False","0","pesquisar","NEW HOLLAND TM7010 treinamento diagnostico calibracao training diagnostic",""
"3","NEW HOLLAND","TS100","ficha_tecnica_folheto","E:\MANUAIS_APPMAQ\Trator Agricola\NEW HOLLAND\TS100\07_ficha_tecnica_folheto","4","False","0","pesquisar","NEW HOLLAND TS100 ficha tecnica especificacoes folheto brochure specifications",""
"3","NEW HOLLAND","TS100","treinamento_diagnostico","E:\MANUAIS_APPMAQ\Trator Agricola\NEW HOLLAND\TS100\06_boletim_treinamento_diagnostico","4","False","0","pesquisar","NEW HOLLAND TS100 treinamento diagnostico calibracao training diagnostic",""
"3","NEW HOLLAND","TS110","ficha_tecnica_folheto","E:\MANUAIS_APPMAQ\Trator Agricola\NEW HOLLAND\TS110\07_ficha_tecnica_folheto","4","False","0","pesquisar","NEW HOLLAND TS110 ficha tecnica especificacoes folheto brochure specifications",""
"3","NEW HOLLAND","TS110","treinamento_diagnostico","E:\MANUAIS_APPMAQ\Trator Agricola\NEW HOLLAND\TS110\06_boletim_treinamento_diagnostico","4","False","0","pesquisar","NEW HOLLAND TS110 treinamento diagnostico calibracao training diagnostic",""
"3","NEW HOLLAND","TS120","ficha_tecnica_folheto","E:\MANUAIS_APPMAQ\Trator Agricola\NEW HOLLAND\TS120\07_ficha_tecnica_folheto","4","False","0","pesquisar","NEW HOLLAND TS120 ficha tecnica especificacoes folheto brochure specifications",""
"3","NEW HOLLAND","TS120","treinamento_diagnostico","E:\MANUAIS_APPMAQ\Trator Agricola\NEW HOLLAND\TS120\06_boletim_treinamento_diagnostico","4","False","0","pesquisar","NEW HOLLAND TS120 treinamento diagnostico calibracao training diagnostic",""
"3","NEW HOLLAND","TS6020","ficha_tecnica_folheto","E:\MANUAIS_APPMAQ\Trator Agricola\NEW HOLLAND\TS6020\07_ficha_tecnica_folheto","3","False","0","pesquisar","NEW HOLLAND TS6020 ficha tecnica especificacoes folheto brochure specifications",""
"3","NEW HOLLAND","TS6020","treinamento_diagnostico","E:\MANUAIS_APPMAQ\Trator Agricola\NEW HOLLAND\TS6020\06_boletim_treinamento_diagnostico","3","False","0","pesquisar","NEW HOLLAND TS6020 treinamento diagnostico calibracao training diagnostic",""
"3","NEW HOLLAND","TS6040","ficha_tecnica_folheto","E:\MANUAIS_APPMAQ\Trator Agricola\NEW HOLLAND\TS6040\07_ficha_tecnica_folheto","3","False","0","pesquisar","NEW HOLLAND TS6040 ficha tecnica especificacoes folheto brochure specifications",""
"3","NEW HOLLAND","TS6040","treinamento_diagnostico","E:\MANUAIS_APPMAQ\Trator Agricola\NEW HOLLAND\TS6040\06_boletim_treinamento_diagnostico","3","False","0","pesquisar","NEW HOLLAND TS6040 treinamento diagnostico calibracao training diagnostic",""
"3","NEW HOLLAND","TT3.50","ficha_tecnica_folheto","E:\MANUAIS_APPMAQ\Trator Agricola\NEW HOLLAND\TT3.50\07_ficha_tecnica_folheto","4","False","0","pesquisar","NEW HOLLAND TT3.50 ficha tecnica especificacoes folheto brochure specifications",""
"3","NEW HOLLAND","TT3.50","treinamento_diagnostico","E:\MANUAIS_APPMAQ\Trator Agricola\NEW HOLLAND\TT3.50\06_boletim_treinamento_diagnostico","4","False","0","pesquisar","NEW HOLLAND TT3.50 treinamento diagnostico calibracao training diagnostic",""
"3","NEW HOLLAND","TT3840","ficha_tecnica_folheto","E:\MANUAIS_APPMAQ\Trator Agricola\NEW HOLLAND\TT3840\07_ficha_tecnica_folheto","5","False","0","pesquisar","NEW HOLLAND TT3840 ficha tecnica especificacoes folheto brochure specifications",""
"3","NEW HOLLAND","TT3840","treinamento_diagnostico","E:\MANUAIS_APPMAQ\Trator Agricola\NEW HOLLAND\TT3840\06_boletim_treinamento_diagnostico","5","False","0","pesquisar","NEW HOLLAND TT3840 treinamento diagnostico calibracao training diagnostic",""
"3","NEW HOLLAND","TT3880","ficha_tecnica_folheto","E:\MANUAIS_APPMAQ\Trator Agricola\NEW HOLLAND\TT3880\07_ficha_tecnica_folheto","5","False","0","pesquisar","NEW HOLLAND TT3880 ficha tecnica especificacoes folheto brochure specifications",""
"3","NEW HOLLAND","TT3880","treinamento_diagnostico","E:\MANUAIS_APPMAQ\Trator Agricola\NEW HOLLAND\TT3880\06_boletim_treinamento_diagnostico","5","False","0","pesquisar","NEW HOLLAND TT3880 treinamento diagnostico calibracao training diagnostic",""
"3","NEW HOLLAND","TT3880F","ficha_tecnica_folheto","E:\MANUAIS_APPMAQ\Trator Agricola\NEW HOLLAND\TT3880F\07_ficha_tecnica_folheto","5","False","0","pesquisar","NEW HOLLAND TT3880F ficha tecnica especificacoes folheto brochure specifications",""
"3","NEW HOLLAND","TT3880F","treinamento_diagnostico","E:\MANUAIS_APPMAQ\Trator Agricola\NEW HOLLAND\TT3880F\06_boletim_treinamento_diagnostico","5","False","0","pesquisar","NEW HOLLAND TT3880F treinamento diagnostico calibracao training diagnostic",""
"3","NEW HOLLAND","TT4.75","treinamento_diagnostico","E:\MANUAIS_APPMAQ\Trator Agricola\NEW HOLLAND\TT4.75\06_boletim_treinamento_diagnostico","6","False","0","pesquisar","NEW HOLLAND TT4.75 treinamento diagnostico calibracao training diagnostic",""
"3","NEW HOLLAND","TT4.90","ficha_tecnica_folheto","E:\MANUAIS_APPMAQ\Trator Agricola\NEW HOLLAND\TT4.90\07_ficha_tecnica_folheto","5","False","0","pesquisar","NEW HOLLAND TT4.90 ficha tecnica especificacoes folheto brochure specifications",""
"3","NEW HOLLAND","TT4.90","treinamento_diagnostico","E:\MANUAIS_APPMAQ\Trator Agricola\NEW HOLLAND\TT4.90\06_boletim_treinamento_diagnostico","5","False","0","pesquisar","NEW HOLLAND TT4.90 treinamento diagnostico calibracao training diagnostic",""
"3","NEW HOLLAND","TT4030","treinamento_diagnostico","E:\MANUAIS_APPMAQ\Trator Agricola\NEW HOLLAND\TT4030\06_boletim_treinamento_diagnostico","5","False","0","pesquisar","NEW HOLLAND TT4030 treinamento diagnostico calibracao training diagnostic",""
"3","NEW HOLLAND","TT65F","treinamento_diagnostico","E:\MANUAIS_APPMAQ\Trator Agricola\NEW HOLLAND\TT65F\06_boletim_treinamento_diagnostico","5","False","0","pesquisar","NEW HOLLAND TT65F treinamento diagnostico calibracao training diagnostic",""
"3","VALTRA","1280","ficha_tecnica_folheto","E:\MANUAIS_APPMAQ\Trator Agricola\VALTRA\1280\07_ficha_tecnica_folheto","4","False","0","pesquisar","VALTRA 1280 ficha tecnica especificacoes folheto brochure specifications",""
"3","VALTRA","1380 S","ficha_tecnica_folheto","E:\MANUAIS_APPMAQ\Trator Agricola\VALTRA\1380 S\07_ficha_tecnica_folheto","4","False","0","pesquisar","VALTRA 1380 S ficha tecnica especificacoes folheto brochure specifications",""
"3","VALTRA","1780","ficha_tecnica_folheto","E:\MANUAIS_APPMAQ\Trator Agricola\VALTRA\1780\07_ficha_tecnica_folheto","4","False","0","pesquisar","VALTRA 1780 ficha tecnica especificacoes folheto brochure specifications",""
"3","VALTRA","800","ficha_tecnica_folheto","E:\MANUAIS_APPMAQ\Trator Agricola\VALTRA\800\07_ficha_tecnica_folheto","4","False","0","pesquisar","VALTRA 800 ficha tecnica especificacoes folheto brochure specifications",""
"3","VALTRA","885","ficha_tecnica_folheto","E:\MANUAIS_APPMAQ\Trator Agricola\VALTRA\885\07_ficha_tecnica_folheto","4","False","0","pesquisar","VALTRA 885 ficha tecnica especificacoes folheto brochure specifications",""
"3","VALTRA","985","ficha_tecnica_folheto","E:\MANUAIS_APPMAQ\Trator Agricola\VALTRA\985\07_ficha_tecnica_folheto","4","False","0","pesquisar","VALTRA 985 ficha tecnica especificacoes folheto brochure specifications",""
"3","VALTRA","A104","treinamento_diagnostico","E:\MANUAIS_APPMAQ\Trator Agricola\VALTRA\A104\06_boletim_treinamento_diagnostico","7","False","0","pesquisar","VALTRA A104 treinamento diagnostico calibracao training diagnostic",""
"3","VALTRA","A114","treinamento_diagnostico","E:\MANUAIS_APPMAQ\Trator Agricola\VALTRA\A114\06_boletim_treinamento_diagnostico","7","False","0","pesquisar","VALTRA A114 treinamento diagnostico calibracao training diagnostic",""
"3","VALTRA","A114LP","treinamento_diagnostico","E:\MANUAIS_APPMAQ\Trator Agricola\VALTRA\A114LP\06_boletim_treinamento_diagnostico","4","False","0","pesquisar","VALTRA A114LP treinamento diagnostico calibracao training diagnostic",""
"3","VALTRA","A124","treinamento_diagnostico","E:\MANUAIS_APPMAQ\Trator Agricola\VALTRA\A124\06_boletim_treinamento_diagnostico","7","False","0","pesquisar","VALTRA A124 treinamento diagnostico calibracao training diagnostic",""
"3","VALTRA","A124H","treinamento_diagnostico","E:\MANUAIS_APPMAQ\Trator Agricola\VALTRA\A124H\06_boletim_treinamento_diagnostico","5","False","0","pesquisar","VALTRA A124H treinamento diagnostico calibracao training diagnostic",""
"3","VALTRA","A124LC","treinamento_diagnostico","E:\MANUAIS_APPMAQ\Trator Agricola\VALTRA\A124LC\06_boletim_treinamento_diagnostico","4","False","0","pesquisar","VALTRA A124LC treinamento diagnostico calibracao training diagnostic",""
"3","VALTRA","A124LP","treinamento_diagnostico","E:\MANUAIS_APPMAQ\Trator Agricola\VALTRA\A124LP\06_boletim_treinamento_diagnostico","4","False","0","pesquisar","VALTRA A124LP treinamento diagnostico calibracao training diagnostic",""
"3","VALTRA","A134","treinamento_diagnostico","E:\MANUAIS_APPMAQ\Trator Agricola\VALTRA\A134\06_boletim_treinamento_diagnostico","7","False","0","pesquisar","VALTRA A134 treinamento diagnostico calibracao training diagnostic",""
"3","VALTRA","A134H","treinamento_diagnostico","E:\MANUAIS_APPMAQ\Trator Agricola\VALTRA\A134H\06_boletim_treinamento_diagnostico","5","False","0","pesquisar","VALTRA A134H treinamento diagnostico calibracao training diagnostic",""
"3","VALTRA","A144","treinamento_diagnostico","E:\MANUAIS_APPMAQ\Trator Agricola\VALTRA\A144\06_boletim_treinamento_diagnostico","5","False","0","pesquisar","VALTRA A144 treinamento diagnostico calibracao training diagnostic",""
"3","VALTRA","A144H","treinamento_diagnostico","E:\MANUAIS_APPMAQ\Trator Agricola\VALTRA\A144H\06_boletim_treinamento_diagnostico","5","False","0","pesquisar","VALTRA A144H treinamento diagnostico calibracao training diagnostic",""
"3","VALTRA","A144L","treinamento_diagnostico","E:\MANUAIS_APPMAQ\Trator Agricola\VALTRA\A144L\06_boletim_treinamento_diagnostico","4","False","0","pesquisar","VALTRA A144L treinamento diagnostico calibracao training diagnostic",""
"3","VALTRA","A144LC","treinamento_diagnostico","E:\MANUAIS_APPMAQ\Trator Agricola\VALTRA\A144LC\06_boletim_treinamento_diagnostico","4","False","0","pesquisar","VALTRA A144LC treinamento diagnostico calibracao training diagnostic",""
"3","VALTRA","A52s","treinamento_diagnostico","E:\MANUAIS_APPMAQ\Trator Agricola\VALTRA\A52s\06_boletim_treinamento_diagnostico","5","False","0","pesquisar","VALTRA A52s treinamento diagnostico calibracao training diagnostic",""
"3","VALTRA","A550","treinamento_diagnostico","E:\MANUAIS_APPMAQ\Trator Agricola\VALTRA\A550\06_boletim_treinamento_diagnostico","4","False","0","pesquisar","VALTRA A550 treinamento diagnostico calibracao training diagnostic",""
"3","VALTRA","A62s","treinamento_diagnostico","E:\MANUAIS_APPMAQ\Trator Agricola\VALTRA\A62s\06_boletim_treinamento_diagnostico","5","False","0","pesquisar","VALTRA A62s treinamento diagnostico calibracao training diagnostic",""
"3","VALTRA","A63F","treinamento_diagnostico","E:\MANUAIS_APPMAQ\Trator Agricola\VALTRA\A63F\06_boletim_treinamento_diagnostico","6","False","0","pesquisar","VALTRA A63F treinamento diagnostico calibracao training diagnostic",""
"3","VALTRA","A73F","ficha_tecnica_folheto","E:\MANUAIS_APPMAQ\Trator Agricola\VALTRA\A73F\07_ficha_tecnica_folheto","5","False","0","pesquisar","VALTRA A73F ficha tecnica especificacoes folheto brochure specifications",""
"3","VALTRA","A73F","treinamento_diagnostico","E:\MANUAIS_APPMAQ\Trator Agricola\VALTRA\A73F\06_boletim_treinamento_diagnostico","5","False","0","pesquisar","VALTRA A73F treinamento diagnostico calibracao training diagnostic",""
"3","VALTRA","A74","treinamento_diagnostico","E:\MANUAIS_APPMAQ\Trator Agricola\VALTRA\A74\06_boletim_treinamento_diagnostico","4","False","0","pesquisar","VALTRA A74 treinamento diagnostico calibracao training diagnostic",""
"3","VALTRA","A74s","treinamento_diagnostico","E:\MANUAIS_APPMAQ\Trator Agricola\VALTRA\A74s\06_boletim_treinamento_diagnostico","7","False","0","pesquisar","VALTRA A74s treinamento diagnostico calibracao training diagnostic",""
"3","VALTRA","A74SC","ficha_tecnica_folheto","E:\MANUAIS_APPMAQ\Trator Agricola\VALTRA\A74SC\07_ficha_tecnica_folheto","3","False","0","pesquisar","VALTRA A74SC ficha tecnica especificacoes folheto brochure specifications",""
"3","VALTRA","A74SC","treinamento_diagnostico","E:\MANUAIS_APPMAQ\Trator Agricola\VALTRA\A74SC\06_boletim_treinamento_diagnostico","3","False","0","pesquisar","VALTRA A74SC treinamento diagnostico calibracao training diagnostic",""
"3","VALTRA","A750","treinamento_diagnostico","E:\MANUAIS_APPMAQ\Trator Agricola\VALTRA\A750\06_boletim_treinamento_diagnostico","8","False","0","pesquisar","VALTRA A750 treinamento diagnostico calibracao training diagnostic",""
"3","VALTRA","A83F","treinamento_diagnostico","E:\MANUAIS_APPMAQ\Trator Agricola\VALTRA\A83F\06_boletim_treinamento_diagnostico","6","False","0","pesquisar","VALTRA A83F treinamento diagnostico calibracao training diagnostic",""
"3","VALTRA","A84","treinamento_diagnostico","E:\MANUAIS_APPMAQ\Trator Agricola\VALTRA\A84\06_boletim_treinamento_diagnostico","4","False","0","pesquisar","VALTRA A84 treinamento diagnostico calibracao training diagnostic",""
"3","VALTRA","A84s","treinamento_diagnostico","E:\MANUAIS_APPMAQ\Trator Agricola\VALTRA\A84s\06_boletim_treinamento_diagnostico","7","False","0","pesquisar","VALTRA A84s treinamento diagnostico calibracao training diagnostic",""
"3","VALTRA","A850F","treinamento_diagnostico","E:\MANUAIS_APPMAQ\Trator Agricola\VALTRA\A850F\06_boletim_treinamento_diagnostico","5","False","0","pesquisar","VALTRA A850F treinamento diagnostico calibracao training diagnostic",""
"3","VALTRA","A93F","treinamento_diagnostico","E:\MANUAIS_APPMAQ\Trator Agricola\VALTRA\A93F\06_boletim_treinamento_diagnostico","6","False","0","pesquisar","VALTRA A93F treinamento diagnostico calibracao training diagnostic",""
"3","VALTRA","A94","treinamento_diagnostico","E:\MANUAIS_APPMAQ\Trator Agricola\VALTRA\A94\06_boletim_treinamento_diagnostico","7","False","0","pesquisar","VALTRA A94 treinamento diagnostico calibracao training diagnostic",""
"3","VALTRA","A94S","treinamento_diagnostico","E:\MANUAIS_APPMAQ\Trator Agricola\VALTRA\A94S\06_boletim_treinamento_diagnostico","7","False","0","pesquisar","VALTRA A94S treinamento diagnostico calibracao training diagnostic",""
"3","VALTRA","BF75","ficha_tecnica_folheto","E:\MANUAIS_APPMAQ\Trator Agricola\VALTRA\BF75\07_ficha_tecnica_folheto","5","False","0","pesquisar","VALTRA BF75 ficha tecnica especificacoes folheto brochure specifications",""
"3","VALTRA","BH140","ficha_tecnica_folheto","E:\MANUAIS_APPMAQ\Trator Agricola\VALTRA\BH140\07_ficha_tecnica_folheto","5","False","0","pesquisar","VALTRA BH140 ficha tecnica especificacoes folheto brochure specifications",""
"3","VALTRA","BH145","ficha_tecnica_folheto","E:\MANUAIS_APPMAQ\Trator Agricola\VALTRA\BH145\07_ficha_tecnica_folheto","6","False","0","pesquisar","VALTRA BH145 ficha tecnica especificacoes folheto brochure specifications",""
"3","VALTRA","BH205i","ficha_tecnica_folheto","E:\MANUAIS_APPMAQ\Trator Agricola\VALTRA\BH205i\07_ficha_tecnica_folheto","6","False","0","pesquisar","VALTRA BH205i ficha tecnica especificacoes folheto brochure specifications",""
"3","VALTRA","BL77","ficha_tecnica_folheto","E:\MANUAIS_APPMAQ\Trator Agricola\VALTRA\BL77\07_ficha_tecnica_folheto","4","False","0","pesquisar","VALTRA BL77 ficha tecnica especificacoes folheto brochure specifications",""
"3","VALTRA","BL88","ficha_tecnica_folheto","E:\MANUAIS_APPMAQ\Trator Agricola\VALTRA\BL88\07_ficha_tecnica_folheto","4","False","0","pesquisar","VALTRA BL88 ficha tecnica especificacoes folheto brochure specifications",""
"3","VALTRA","BM100","ficha_tecnica_folheto","E:\MANUAIS_APPMAQ\Trator Agricola\VALTRA\BM100\07_ficha_tecnica_folheto","5","False","0","pesquisar","VALTRA BM100 ficha tecnica especificacoes folheto brochure specifications",""
"3","VALTRA","BM110","ficha_tecnica_folheto","E:\MANUAIS_APPMAQ\Trator Agricola\VALTRA\BM110\07_ficha_tecnica_folheto","6","False","0","pesquisar","VALTRA BM110 ficha tecnica especificacoes folheto brochure specifications",""
"3","VALTRA","BM120","ficha_tecnica_folheto","E:\MANUAIS_APPMAQ\Trator Agricola\VALTRA\BM120\07_ficha_tecnica_folheto","5","False","0","pesquisar","VALTRA BM120 ficha tecnica especificacoes folheto brochure specifications",""
"3","VALTRA","BM125","ficha_tecnica_folheto","E:\MANUAIS_APPMAQ\Trator Agricola\VALTRA\BM125\07_ficha_tecnica_folheto","5","False","0","pesquisar","VALTRA BM125 ficha tecnica especificacoes folheto brochure specifications",""
"3","VALTRA","BM85","ficha_tecnica_folheto","E:\MANUAIS_APPMAQ\Trator Agricola\VALTRA\BM85\07_ficha_tecnica_folheto","5","False","0","pesquisar","VALTRA BM85 ficha tecnica especificacoes folheto brochure specifications",""
"3","VALTRA","T120","ficha_tecnica_folheto","E:\MANUAIS_APPMAQ\Trator Agricola\VALTRA\T120\07_ficha_tecnica_folheto","4","False","0","pesquisar","VALTRA T120 ficha tecnica especificacoes folheto brochure specifications",""
"4","MASSEY FERGUSON","8S.305","catalogo_pecas_complementar","E:\MANUAIS_APPMAQ\Trator Agricola\MASSEY FERGUSON\8S.305\09_catalogo_pecas_complementar","4","False","0","pesquisar","MASSEY FERGUSON 8S.305 catalogo pecas complementar spare parts",""
"4","MASSEY FERGUSON","8S.305","manual_complementar","E:\MANUAIS_APPMAQ\Trator Agricola\MASSEY FERGUSON\8S.305\08_manual_complementar","4","False","0","pesquisar","MASSEY FERGUSON 8S.305 manual complementar guia tecnico",""
"4","MASSEY FERGUSON","MF3306","catalogo_pecas_complementar","E:\MANUAIS_APPMAQ\Trator Agricola\MASSEY FERGUSON\MF3306\09_catalogo_pecas_complementar","4","False","0","pesquisar","MASSEY FERGUSON MF3306 catalogo pecas complementar spare parts",""
"4","MASSEY FERGUSON","MF3306","manual_complementar","E:\MANUAIS_APPMAQ\Trator Agricola\MASSEY FERGUSON\MF3306\08_manual_complementar","4","False","0","pesquisar","MASSEY FERGUSON MF3306 manual complementar guia tecnico",""
"4","MASSEY FERGUSON","MF3307","catalogo_pecas_complementar","E:\MANUAIS_APPMAQ\Trator Agricola\MASSEY FERGUSON\MF3307\09_catalogo_pecas_complementar","4","False","0","pesquisar","MASSEY FERGUSON MF3307 catalogo pecas complementar spare parts",""
"4","MASSEY FERGUSON","MF3307","manual_complementar","E:\MANUAIS_APPMAQ\Trator Agricola\MASSEY FERGUSON\MF3307\08_manual_complementar","4","False","0","pesquisar","MASSEY FERGUSON MF3307 manual complementar guia tecnico",""
"4","MASSEY FERGUSON","MF3308","catalogo_pecas_complementar","E:\MANUAIS_APPMAQ\Trator Agricola\MASSEY FERGUSON\MF3308\09_catalogo_pecas_complementar","4","False","0","pesquisar","MASSEY FERGUSON MF3308 catalogo pecas complementar spare parts",""
"4","MASSEY FERGUSON","MF3308","manual_complementar","E:\MANUAIS_APPMAQ\Trator Agricola\MASSEY FERGUSON\MF3308\08_manual_complementar","4","False","0","pesquisar","MASSEY FERGUSON MF3308 manual complementar guia tecnico",""
"4","MASSEY FERGUSON","MF4265","catalogo_pecas_complementar","E:\MANUAIS_APPMAQ\Trator Agricola\MASSEY FERGUSON\MF4265\09_catalogo_pecas_complementar","7","False","0","pesquisar","MASSEY FERGUSON MF4265 catalogo pecas complementar spare parts",""
"4","MASSEY FERGUSON","MF4265","manual_complementar","E:\MANUAIS_APPMAQ\Trator Agricola\MASSEY FERGUSON\MF4265\08_manual_complementar","7","False","0","pesquisar","MASSEY FERGUSON MF4265 manual complementar guia tecnico",""
"4","MASSEY FERGUSON","MF4275","catalogo_pecas_complementar","E:\MANUAIS_APPMAQ\Trator Agricola\MASSEY FERGUSON\MF4275\09_catalogo_pecas_complementar","8","False","0","pesquisar","MASSEY FERGUSON MF4275 catalogo pecas complementar spare parts",""
"4","MASSEY FERGUSON","MF4275","manual_complementar","E:\MANUAIS_APPMAQ\Trator Agricola\MASSEY FERGUSON\MF4275\08_manual_complementar","8","False","0","pesquisar","MASSEY FERGUSON MF4275 manual complementar guia tecnico",""
"4","MASSEY FERGUSON","MF4280","catalogo_pecas_complementar","E:\MANUAIS_APPMAQ\Trator Agricola\MASSEY FERGUSON\MF4280\09_catalogo_pecas_complementar","5","False","0","pesquisar","MASSEY FERGUSON MF4280 catalogo pecas complementar spare parts",""
"4","MASSEY FERGUSON","MF4280","manual_complementar","E:\MANUAIS_APPMAQ\Trator Agricola\MASSEY FERGUSON\MF4280\08_manual_complementar","5","False","0","pesquisar","MASSEY FERGUSON MF4280 manual complementar guia tecnico",""
"4","MASSEY FERGUSON","MF4283","catalogo_pecas_complementar","E:\MANUAIS_APPMAQ\Trator Agricola\MASSEY FERGUSON\MF4283\09_catalogo_pecas_complementar","6","False","0","pesquisar","MASSEY FERGUSON MF4283 catalogo pecas complementar spare parts",""
"4","MASSEY FERGUSON","MF4283","manual_complementar","E:\MANUAIS_APPMAQ\Trator Agricola\MASSEY FERGUSON\MF4283\08_manual_complementar","6","False","0","pesquisar","MASSEY FERGUSON MF4283 manual complementar guia tecnico",""
"4","MASSEY FERGUSON","MF4290","catalogo_pecas_complementar","E:\MANUAIS_APPMAQ\Trator Agricola\MASSEY FERGUSON\MF4290\09_catalogo_pecas_complementar","1","False","0","pesquisar","MASSEY FERGUSON MF4290 catalogo pecas complementar spare parts",""
"4","MASSEY FERGUSON","MF4290","manual_complementar","E:\MANUAIS_APPMAQ\Trator Agricola\MASSEY FERGUSON\MF4290\08_manual_complementar","1","False","0","pesquisar","MASSEY FERGUSON MF4290 manual complementar guia tecnico",""
"4","MASSEY FERGUSON","MF4292","catalogo_pecas_complementar","E:\MANUAIS_APPMAQ\Trator Agricola\MASSEY FERGUSON\MF4292\09_catalogo_pecas_complementar","6","False","0","pesquisar","MASSEY FERGUSON MF4292 catalogo pecas complementar spare parts",""
"4","MASSEY FERGUSON","MF4292","manual_complementar","E:\MANUAIS_APPMAQ\Trator Agricola\MASSEY FERGUSON\MF4292\08_manual_complementar","6","False","0","pesquisar","MASSEY FERGUSON MF4292 manual complementar guia tecnico",""
"4","MASSEY FERGUSON","MF4297","catalogo_pecas_complementar","E:\MANUAIS_APPMAQ\Trator Agricola\MASSEY FERGUSON\MF4297\09_catalogo_pecas_complementar","6","False","0","pesquisar","MASSEY FERGUSON MF4297 catalogo pecas complementar spare parts",""
"4","MASSEY FERGUSON","MF4297","manual_complementar","E:\MANUAIS_APPMAQ\Trator Agricola\MASSEY FERGUSON\MF4297\08_manual_complementar","6","False","0","pesquisar","MASSEY FERGUSON MF4297 manual complementar guia tecnico",""
"4","MASSEY FERGUSON","MF4299","catalogo_pecas_complementar","E:\MANUAIS_APPMAQ\Trator Agricola\MASSEY FERGUSON\MF4299\09_catalogo_pecas_complementar","6","False","0","pesquisar","MASSEY FERGUSON MF4299 catalogo pecas complementar spare parts",""
"4","MASSEY FERGUSON","MF4299","manual_complementar","E:\MANUAIS_APPMAQ\Trator Agricola\MASSEY FERGUSON\MF4299\08_manual_complementar","6","False","0","pesquisar","MASSEY FERGUSON MF4299 manual complementar guia tecnico",""
"4","MASSEY FERGUSON","MF4305","catalogo_pecas_complementar","E:\MANUAIS_APPMAQ\Trator Agricola\MASSEY FERGUSON\MF4305\09_catalogo_pecas_complementar","3","False","0","pesquisar","MASSEY FERGUSON MF4305 catalogo pecas complementar spare parts",""
"4","MASSEY FERGUSON","MF4305","manual_complementar","E:\MANUAIS_APPMAQ\Trator Agricola\MASSEY FERGUSON\MF4305\08_manual_complementar","3","False","0","pesquisar","MASSEY FERGUSON MF4305 manual complementar guia tecnico",""
"4","MASSEY FERGUSON","MF4307","catalogo_pecas_complementar","E:\MANUAIS_APPMAQ\Trator Agricola\MASSEY FERGUSON\MF4307\09_catalogo_pecas_complementar","6","False","0","pesquisar","MASSEY FERGUSON MF4307 catalogo pecas complementar spare parts",""
"4","MASSEY FERGUSON","MF4307","manual_complementar","E:\MANUAIS_APPMAQ\Trator Agricola\MASSEY FERGUSON\MF4307\08_manual_complementar","6","False","0","pesquisar","MASSEY FERGUSON MF4307 manual complementar guia tecnico",""
"4","MASSEY FERGUSON","MF4408","catalogo_pecas_complementar","E:\MANUAIS_APPMAQ\Trator Agricola\MASSEY FERGUSON\MF4408\09_catalogo_pecas_complementar","5","False","0","pesquisar","MASSEY FERGUSON MF4408 catalogo pecas complementar spare parts",""
"4","MASSEY FERGUSON","MF4408","manual_complementar","E:\MANUAIS_APPMAQ\Trator Agricola\MASSEY FERGUSON\MF4408\08_manual_complementar","5","False","0","pesquisar","MASSEY FERGUSON MF4408 manual complementar guia tecnico",""
"4","MASSEY FERGUSON","MF4409","catalogo_pecas_complementar","E:\MANUAIS_APPMAQ\Trator Agricola\MASSEY FERGUSON\MF4409\09_catalogo_pecas_complementar","5","False","0","pesquisar","MASSEY FERGUSON MF4409 catalogo pecas complementar spare parts",""
"4","MASSEY FERGUSON","MF4409","manual_complementar","E:\MANUAIS_APPMAQ\Trator Agricola\MASSEY FERGUSON\MF4409\08_manual_complementar","5","False","0","pesquisar","MASSEY FERGUSON MF4409 manual complementar guia tecnico",""
"4","MASSEY FERGUSON","MF4410","catalogo_pecas_complementar","E:\MANUAIS_APPMAQ\Trator Agricola\MASSEY FERGUSON\MF4410\09_catalogo_pecas_complementar","10","False","0","pesquisar","MASSEY FERGUSON MF4410 catalogo pecas complementar spare parts",""
"4","MASSEY FERGUSON","MF4410","manual_complementar","E:\MANUAIS_APPMAQ\Trator Agricola\MASSEY FERGUSON\MF4410\08_manual_complementar","10","False","0","pesquisar","MASSEY FERGUSON MF4410 manual complementar guia tecnico",""
"4","MASSEY FERGUSON","MF4707","catalogo_pecas_complementar","E:\MANUAIS_APPMAQ\Trator Agricola\MASSEY FERGUSON\MF4707\09_catalogo_pecas_complementar","0","False","0","pesquisar","MASSEY FERGUSON MF4707 catalogo pecas complementar spare parts",""
"4","MASSEY FERGUSON","MF4707","manual_complementar","E:\MANUAIS_APPMAQ\Trator Agricola\MASSEY FERGUSON\MF4707\08_manual_complementar","0","False","0","pesquisar","MASSEY FERGUSON MF4707 manual complementar guia tecnico",""
"4","MASSEY FERGUSON","MF4708","catalogo_pecas_complementar","E:\MANUAIS_APPMAQ\Trator Agricola\MASSEY FERGUSON\MF4708\09_catalogo_pecas_complementar","5","False","0","pesquisar","MASSEY FERGUSON MF4708 catalogo pecas complementar spare parts",""
"4","MASSEY FERGUSON","MF4708","manual_complementar","E:\MANUAIS_APPMAQ\Trator Agricola\MASSEY FERGUSON\MF4708\08_manual_complementar","5","False","0","pesquisar","MASSEY FERGUSON MF4708 manual complementar guia tecnico",""
"4","MASSEY FERGUSON","MF4709","catalogo_pecas_complementar","E:\MANUAIS_APPMAQ\Trator Agricola\MASSEY FERGUSON\MF4709\09_catalogo_pecas_complementar","5","False","0","pesquisar","MASSEY FERGUSON MF4709 catalogo pecas complementar spare parts",""
"4","MASSEY FERGUSON","MF4709","manual_complementar","E:\MANUAIS_APPMAQ\Trator Agricola\MASSEY FERGUSON\MF4709\08_manual_complementar","5","False","0","pesquisar","MASSEY FERGUSON MF4709 manual complementar guia tecnico",""
"4","MASSEY FERGUSON","MF50","catalogo_pecas_complementar","E:\MANUAIS_APPMAQ\Trator Agricola\MASSEY FERGUSON\MF50\09_catalogo_pecas_complementar","3","False","0","pesquisar","MASSEY FERGUSON MF50 catalogo pecas complementar spare parts",""
"4","MASSEY FERGUSON","MF50","manual_complementar","E:\MANUAIS_APPMAQ\Trator Agricola\MASSEY FERGUSON\MF50\08_manual_complementar","3","False","0","pesquisar","MASSEY FERGUSON MF50 manual complementar guia tecnico",""
"4","NEW HOLLAND","T9.470 - COM LEVANTE","catalogo_pecas_complementar","E:\MANUAIS_APPMAQ\Trator Agricola\NEW HOLLAND\T9.470 - COM LEVANTE\09_catalogo_pecas_complementar","5","False","0","pesquisar","NEW HOLLAND T9.470 - COM LEVANTE catalogo pecas complementar spare parts",""
"4","NEW HOLLAND","T9.470 - COM LEVANTE","manual_complementar","E:\MANUAIS_APPMAQ\Trator Agricola\NEW HOLLAND\T9.470 - COM LEVANTE\08_manual_complementar","5","False","0","pesquisar","NEW HOLLAND T9.470 - COM LEVANTE manual complementar guia tecnico",""
"4","NEW HOLLAND","T9.470 - PIVOT","catalogo_pecas_complementar","E:\MANUAIS_APPMAQ\Trator Agricola\NEW HOLLAND\T9.470 - PIVOT\09_catalogo_pecas_complementar","5","False","0","pesquisar","NEW HOLLAND T9.470 - PIVOT catalogo pecas complementar spare parts",""
"4","NEW HOLLAND","T9.470 - PIVOT","manual_complementar","E:\MANUAIS_APPMAQ\Trator Agricola\NEW HOLLAND\T9.470 - PIVOT\08_manual_complementar","5","False","0","pesquisar","NEW HOLLAND T9.470 - PIVOT manual complementar guia tecnico",""
"4","NEW HOLLAND","T9.480","catalogo_pecas_complementar","E:\MANUAIS_APPMAQ\Trator Agricola\NEW HOLLAND\T9.480\09_catalogo_pecas_complementar","5","False","0","pesquisar","NEW HOLLAND T9.480 catalogo pecas complementar spare parts",""
"4","NEW HOLLAND","T9.480","manual_complementar","E:\MANUAIS_APPMAQ\Trator Agricola\NEW HOLLAND\T9.480\08_manual_complementar","5","False","0","pesquisar","NEW HOLLAND T9.480 manual complementar guia tecnico",""
"4","NEW HOLLAND","T9.520 - COM LEVANTE","catalogo_pecas_complementar","E:\MANUAIS_APPMAQ\Trator Agricola\NEW HOLLAND\T9.520 - COM LEVANTE\09_catalogo_pecas_complementar","5","False","0","pesquisar","NEW HOLLAND T9.520 - COM LEVANTE catalogo pecas complementar spare parts",""
"4","NEW HOLLAND","T9.520 - COM LEVANTE","manual_complementar","E:\MANUAIS_APPMAQ\Trator Agricola\NEW HOLLAND\T9.520 - COM LEVANTE\08_manual_complementar","5","False","0","pesquisar","NEW HOLLAND T9.520 - COM LEVANTE manual complementar guia tecnico",""
"4","NEW HOLLAND","T9.520 - PIVOT","catalogo_pecas_complementar","E:\MANUAIS_APPMAQ\Trator Agricola\NEW HOLLAND\T9.520 - PIVOT\09_catalogo_pecas_complementar","5","False","0","pesquisar","NEW HOLLAND T9.520 - PIVOT catalogo pecas complementar spare parts",""
"4","NEW HOLLAND","T9.520 - PIVOT","manual_complementar","E:\MANUAIS_APPMAQ\Trator Agricola\NEW HOLLAND\T9.520 - PIVOT\08_manual_complementar","5","False","0","pesquisar","NEW HOLLAND T9.520 - PIVOT manual complementar guia tecnico",""
"4","NEW HOLLAND","T9.565","catalogo_pecas_complementar","E:\MANUAIS_APPMAQ\Trator Agricola\NEW HOLLAND\T9.565\09_catalogo_pecas_complementar","5","False","0","pesquisar","NEW HOLLAND T9.565 catalogo pecas complementar spare parts",""
"4","NEW HOLLAND","T9.565","manual_complementar","E:\MANUAIS_APPMAQ\Trator Agricola\NEW HOLLAND\T9.565\08_manual_complementar","5","False","0","pesquisar","NEW HOLLAND T9.565 manual complementar guia tecnico",""
"4","NEW HOLLAND","T9.580 - COM LEVANTE","catalogo_pecas_complementar","E:\MANUAIS_APPMAQ\Trator Agricola\NEW HOLLAND\T9.580 - COM LEVANTE\09_catalogo_pecas_complementar","5","False","0","pesquisar","NEW HOLLAND T9.580 - COM LEVANTE catalogo pecas complementar spare parts",""
"4","NEW HOLLAND","T9.580 - COM LEVANTE","manual_complementar","E:\MANUAIS_APPMAQ\Trator Agricola\NEW HOLLAND\T9.580 - COM LEVANTE\08_manual_complementar","5","False","0","pesquisar","NEW HOLLAND T9.580 - COM LEVANTE manual complementar guia tecnico",""
"4","NEW HOLLAND","T9.580 - PIVOT","catalogo_pecas_complementar","E:\MANUAIS_APPMAQ\Trator Agricola\NEW HOLLAND\T9.580 - PIVOT\09_catalogo_pecas_complementar","5","False","0","pesquisar","NEW HOLLAND T9.580 - PIVOT catalogo pecas complementar spare parts",""
"4","NEW HOLLAND","T9.580 - PIVOT","manual_complementar","E:\MANUAIS_APPMAQ\Trator Agricola\NEW HOLLAND\T9.580 - PIVOT\08_manual_complementar","5","False","0","pesquisar","NEW HOLLAND T9.580 - PIVOT manual complementar guia tecnico",""
"4","NEW HOLLAND","T9.615 - COM LEVANTE","catalogo_pecas_complementar","E:\MANUAIS_APPMAQ\Trator Agricola\NEW HOLLAND\T9.615 - COM LEVANTE\09_catalogo_pecas_complementar","6","False","0","pesquisar","NEW HOLLAND T9.615 - COM LEVANTE catalogo pecas complementar spare parts",""
"4","NEW HOLLAND","T9.615 - COM LEVANTE","manual_complementar","E:\MANUAIS_APPMAQ\Trator Agricola\NEW HOLLAND\T9.615 - COM LEVANTE\08_manual_complementar","6","False","0","pesquisar","NEW HOLLAND T9.615 - COM LEVANTE manual complementar guia tecnico",""
"4","NEW HOLLAND","T9.615 - PIVOT","catalogo_pecas_complementar","E:\MANUAIS_APPMAQ\Trator Agricola\NEW HOLLAND\T9.615 - PIVOT\09_catalogo_pecas_complementar","6","False","0","pesquisar","NEW HOLLAND T9.615 - PIVOT catalogo pecas complementar spare parts",""
"4","NEW HOLLAND","T9.615 - PIVOT","manual_complementar","E:\MANUAIS_APPMAQ\Trator Agricola\NEW HOLLAND\T9.615 - PIVOT\08_manual_complementar","6","False","0","pesquisar","NEW HOLLAND T9.615 - PIVOT manual complementar guia tecnico",""
"4","NEW HOLLAND","T9.700 - PIVOT","catalogo_pecas_complementar","E:\MANUAIS_APPMAQ\Trator Agricola\NEW HOLLAND\T9.700 - PIVOT\09_catalogo_pecas_complementar","8","False","0","pesquisar","NEW HOLLAND T9.700 - PIVOT catalogo pecas complementar spare parts",""
"4","NEW HOLLAND","T9.700 - PIVOT","manual_complementar","E:\MANUAIS_APPMAQ\Trator Agricola\NEW HOLLAND\T9.700 - PIVOT\08_manual_complementar","8","False","0","pesquisar","NEW HOLLAND T9.700 - PIVOT manual complementar guia tecnico",""
"4","NEW HOLLAND","TK4.80N","catalogo_pecas_complementar","E:\MANUAIS_APPMAQ\Trator Agricola\NEW HOLLAND\TK4.80N\09_catalogo_pecas_complementar","0","False","0","pesquisar","NEW HOLLAND TK4.80N catalogo pecas complementar spare parts","TK4.80"
"4","NEW HOLLAND","TK4.80N","manual_complementar","E:\MANUAIS_APPMAQ\Trator Agricola\NEW HOLLAND\TK4.80N\08_manual_complementar","0","False","0","pesquisar","NEW HOLLAND TK4.80N manual complementar guia tecnico","TK4.80"
"4","NEW HOLLAND","TL100","catalogo_pecas_complementar","E:\MANUAIS_APPMAQ\Trator Agricola\NEW HOLLAND\TL100\09_catalogo_pecas_complementar","5","False","0","pesquisar","NEW HOLLAND TL100 catalogo pecas complementar spare parts",""
"4","NEW HOLLAND","TL100","manual_complementar","E:\MANUAIS_APPMAQ\Trator Agricola\NEW HOLLAND\TL100\08_manual_complementar","5","False","0","pesquisar","NEW HOLLAND TL100 manual complementar guia tecnico",""
"4","NEW HOLLAND","TL5.100","catalogo_pecas_complementar","E:\MANUAIS_APPMAQ\Trator Agricola\NEW HOLLAND\TL5.100\09_catalogo_pecas_complementar","7","False","0","pesquisar","NEW HOLLAND TL5.100 catalogo pecas complementar spare parts",""
"4","NEW HOLLAND","TL5.100","manual_complementar","E:\MANUAIS_APPMAQ\Trator Agricola\NEW HOLLAND\TL5.100\08_manual_complementar","7","False","0","pesquisar","NEW HOLLAND TL5.100 manual complementar guia tecnico",""
"4","NEW HOLLAND","TL5.80","catalogo_pecas_complementar","E:\MANUAIS_APPMAQ\Trator Agricola\NEW HOLLAND\TL5.80\09_catalogo_pecas_complementar","7","False","0","pesquisar","NEW HOLLAND TL5.80 catalogo pecas complementar spare parts",""
"4","NEW HOLLAND","TL5.80","manual_complementar","E:\MANUAIS_APPMAQ\Trator Agricola\NEW HOLLAND\TL5.80\08_manual_complementar","7","False","0","pesquisar","NEW HOLLAND TL5.80 manual complementar guia tecnico",""
"4","NEW HOLLAND","TL5.90","catalogo_pecas_complementar","E:\MANUAIS_APPMAQ\Trator Agricola\NEW HOLLAND\TL5.90\09_catalogo_pecas_complementar","7","False","0","pesquisar","NEW HOLLAND TL5.90 catalogo pecas complementar spare parts",""
"4","NEW HOLLAND","TL5.90","manual_complementar","E:\MANUAIS_APPMAQ\Trator Agricola\NEW HOLLAND\TL5.90\08_manual_complementar","7","False","0","pesquisar","NEW HOLLAND TL5.90 manual complementar guia tecnico",""
"4","NEW HOLLAND","TL60E","catalogo_pecas_complementar","E:\MANUAIS_APPMAQ\Trator Agricola\NEW HOLLAND\TL60E\09_catalogo_pecas_complementar","8","False","0","pesquisar","NEW HOLLAND TL60E catalogo pecas complementar spare parts",""
"4","NEW HOLLAND","TL60E","manual_complementar","E:\MANUAIS_APPMAQ\Trator Agricola\NEW HOLLAND\TL60E\08_manual_complementar","8","False","0","pesquisar","NEW HOLLAND TL60E manual complementar guia tecnico",""
"4","NEW HOLLAND","TL65","catalogo_pecas_complementar","E:\MANUAIS_APPMAQ\Trator Agricola\NEW HOLLAND\TL65\09_catalogo_pecas_complementar","6","False","0","pesquisar","NEW HOLLAND TL65 catalogo pecas complementar spare parts",""
"4","NEW HOLLAND","TL65","manual_complementar","E:\MANUAIS_APPMAQ\Trator Agricola\NEW HOLLAND\TL65\08_manual_complementar","6","False","0","pesquisar","NEW HOLLAND TL65 manual complementar guia tecnico",""
"4","NEW HOLLAND","TL70","catalogo_pecas_complementar","E:\MANUAIS_APPMAQ\Trator Agricola\NEW HOLLAND\TL70\09_catalogo_pecas_complementar","5","False","0","pesquisar","NEW HOLLAND TL70 catalogo pecas complementar spare parts",""
"4","NEW HOLLAND","TL70","manual_complementar","E:\MANUAIS_APPMAQ\Trator Agricola\NEW HOLLAND\TL70\08_manual_complementar","5","False","0","pesquisar","NEW HOLLAND TL70 manual complementar guia tecnico",""
"4","NEW HOLLAND","TL75","catalogo_pecas_complementar","E:\MANUAIS_APPMAQ\Trator Agricola\NEW HOLLAND\TL75\09_catalogo_pecas_complementar","7","False","0","pesquisar","NEW HOLLAND TL75 catalogo pecas complementar spare parts",""
"4","NEW HOLLAND","TL75","manual_complementar","E:\MANUAIS_APPMAQ\Trator Agricola\NEW HOLLAND\TL75\08_manual_complementar","7","False","0","pesquisar","NEW HOLLAND TL75 manual complementar guia tecnico",""
"4","NEW HOLLAND","TL75E","catalogo_pecas_complementar","E:\MANUAIS_APPMAQ\Trator Agricola\NEW HOLLAND\TL75E\09_catalogo_pecas_complementar","7","False","0","pesquisar","NEW HOLLAND TL75E catalogo pecas complementar spare parts",""
"4","NEW HOLLAND","TL75E","manual_complementar","E:\MANUAIS_APPMAQ\Trator Agricola\NEW HOLLAND\TL75E\08_manual_complementar","7","False","0","pesquisar","NEW HOLLAND TL75E manual complementar guia tecnico",""
"4","NEW HOLLAND","TL80","catalogo_pecas_complementar","E:\MANUAIS_APPMAQ\Trator Agricola\NEW HOLLAND\TL80\09_catalogo_pecas_complementar","5","False","0","pesquisar","NEW HOLLAND TL80 catalogo pecas complementar spare parts",""
"4","NEW HOLLAND","TL80","manual_complementar","E:\MANUAIS_APPMAQ\Trator Agricola\NEW HOLLAND\TL80\08_manual_complementar","5","False","0","pesquisar","NEW HOLLAND TL80 manual complementar guia tecnico",""
"4","NEW HOLLAND","TL85","catalogo_pecas_complementar","E:\MANUAIS_APPMAQ\Trator Agricola\NEW HOLLAND\TL85\09_catalogo_pecas_complementar","7","False","0","pesquisar","NEW HOLLAND TL85 catalogo pecas complementar spare parts",""
"4","NEW HOLLAND","TL85","manual_complementar","E:\MANUAIS_APPMAQ\Trator Agricola\NEW HOLLAND\TL85\08_manual_complementar","7","False","0","pesquisar","NEW HOLLAND TL85 manual complementar guia tecnico",""
"4","NEW HOLLAND","TL85E","catalogo_pecas_complementar","E:\MANUAIS_APPMAQ\Trator Agricola\NEW HOLLAND\TL85E\09_catalogo_pecas_complementar","7","False","0","pesquisar","NEW HOLLAND TL85E catalogo pecas complementar spare parts",""
"4","NEW HOLLAND","TL85E","manual_complementar","E:\MANUAIS_APPMAQ\Trator Agricola\NEW HOLLAND\TL85E\08_manual_complementar","7","False","0","pesquisar","NEW HOLLAND TL85E manual complementar guia tecnico",""
"4","NEW HOLLAND","TL90","catalogo_pecas_complementar","E:\MANUAIS_APPMAQ\Trator Agricola\NEW HOLLAND\TL90\09_catalogo_pecas_complementar","6","False","0","pesquisar","NEW HOLLAND TL90 catalogo pecas complementar spare parts",""
"4","NEW HOLLAND","TL90","manual_complementar","E:\MANUAIS_APPMAQ\Trator Agricola\NEW HOLLAND\TL90\08_manual_complementar","6","False","0","pesquisar","NEW HOLLAND TL90 manual complementar guia tecnico",""
"4","NEW HOLLAND","TL95","catalogo_pecas_complementar","E:\MANUAIS_APPMAQ\Trator Agricola\NEW HOLLAND\TL95\09_catalogo_pecas_complementar","6","False","0","pesquisar","NEW HOLLAND TL95 catalogo pecas complementar spare parts",""
"4","NEW HOLLAND","TL95","manual_complementar","E:\MANUAIS_APPMAQ\Trator Agricola\NEW HOLLAND\TL95\08_manual_complementar","6","False","0","pesquisar","NEW HOLLAND TL95 manual complementar guia tecnico",""
"4","NEW HOLLAND","TL95E","catalogo_pecas_complementar","E:\MANUAIS_APPMAQ\Trator Agricola\NEW HOLLAND\TL95E\09_catalogo_pecas_complementar","7","False","0","pesquisar","NEW HOLLAND TL95E catalogo pecas complementar spare parts",""
"4","NEW HOLLAND","TL95E","manual_complementar","E:\MANUAIS_APPMAQ\Trator Agricola\NEW HOLLAND\TL95E\08_manual_complementar","7","False","0","pesquisar","NEW HOLLAND TL95E manual complementar guia tecnico",""
"4","NEW HOLLAND","TM.7020","catalogo_pecas_complementar","E:\MANUAIS_APPMAQ\Trator Agricola\NEW HOLLAND\TM.7020\09_catalogo_pecas_complementar","5","False","0","pesquisar","NEW HOLLAND TM.7020 catalogo pecas complementar spare parts",""
"4","NEW HOLLAND","TM.7020","manual_complementar","E:\MANUAIS_APPMAQ\Trator Agricola\NEW HOLLAND\TM.7020\08_manual_complementar","5","False","0","pesquisar","NEW HOLLAND TM.7020 manual complementar guia tecnico",""
"4","NEW HOLLAND","TM.7040","catalogo_pecas_complementar","E:\MANUAIS_APPMAQ\Trator Agricola\NEW HOLLAND\TM.7040\09_catalogo_pecas_complementar","5","False","0","pesquisar","NEW HOLLAND TM.7040 catalogo pecas complementar spare parts",""
"4","NEW HOLLAND","TM.7040","manual_complementar","E:\MANUAIS_APPMAQ\Trator Agricola\NEW HOLLAND\TM.7040\08_manual_complementar","5","False","0","pesquisar","NEW HOLLAND TM.7040 manual complementar guia tecnico",""
"4","NEW HOLLAND","TM120","catalogo_pecas_complementar","E:\MANUAIS_APPMAQ\Trator Agricola\NEW HOLLAND\TM120\09_catalogo_pecas_complementar","3","False","0","pesquisar","NEW HOLLAND TM120 catalogo pecas complementar spare parts",""
"4","NEW HOLLAND","TM120","manual_complementar","E:\MANUAIS_APPMAQ\Trator Agricola\NEW HOLLAND\TM120\08_manual_complementar","3","False","0","pesquisar","NEW HOLLAND TM120 manual complementar guia tecnico",""
"4","NEW HOLLAND","TM135","catalogo_pecas_complementar","E:\MANUAIS_APPMAQ\Trator Agricola\NEW HOLLAND\TM135\09_catalogo_pecas_complementar","4","False","0","pesquisar","NEW HOLLAND TM135 catalogo pecas complementar spare parts",""
"4","NEW HOLLAND","TM135","manual_complementar","E:\MANUAIS_APPMAQ\Trator Agricola\NEW HOLLAND\TM135\08_manual_complementar","4","False","0","pesquisar","NEW HOLLAND TM135 manual complementar guia tecnico",""
"4","NEW HOLLAND","TM140","catalogo_pecas_complementar","E:\MANUAIS_APPMAQ\Trator Agricola\NEW HOLLAND\TM140\09_catalogo_pecas_complementar","3","False","0","pesquisar","NEW HOLLAND TM140 catalogo pecas complementar spare parts",""
"4","NEW HOLLAND","TM140","manual_complementar","E:\MANUAIS_APPMAQ\Trator Agricola\NEW HOLLAND\TM140\08_manual_complementar","3","False","0","pesquisar","NEW HOLLAND TM140 manual complementar guia tecnico",""
"4","NEW HOLLAND","TM150","catalogo_pecas_complementar","E:\MANUAIS_APPMAQ\Trator Agricola\NEW HOLLAND\TM150\09_catalogo_pecas_complementar","4","False","0","pesquisar","NEW HOLLAND TM150 catalogo pecas complementar spare parts",""
"4","NEW HOLLAND","TM150","manual_complementar","E:\MANUAIS_APPMAQ\Trator Agricola\NEW HOLLAND\TM150\08_manual_complementar","4","False","0","pesquisar","NEW HOLLAND TM150 manual complementar guia tecnico",""
"4","NEW HOLLAND","TM165","catalogo_pecas_complementar","E:\MANUAIS_APPMAQ\Trator Agricola\NEW HOLLAND\TM165\09_catalogo_pecas_complementar","4","False","0","pesquisar","NEW HOLLAND TM165 catalogo pecas complementar spare parts",""
"4","NEW HOLLAND","TM165","manual_complementar","E:\MANUAIS_APPMAQ\Trator Agricola\NEW HOLLAND\TM165\08_manual_complementar","4","False","0","pesquisar","NEW HOLLAND TM165 manual complementar guia tecnico",""
"4","NEW HOLLAND","TM7010","catalogo_pecas_complementar","E:\MANUAIS_APPMAQ\Trator Agricola\NEW HOLLAND\TM7010\09_catalogo_pecas_complementar","5","False","0","pesquisar","NEW HOLLAND TM7010 catalogo pecas complementar spare parts",""
"4","NEW HOLLAND","TM7010","manual_complementar","E:\MANUAIS_APPMAQ\Trator Agricola\NEW HOLLAND\TM7010\08_manual_complementar","5","False","0","pesquisar","NEW HOLLAND TM7010 manual complementar guia tecnico",""
"4","NEW HOLLAND","TS100","catalogo_pecas_complementar","E:\MANUAIS_APPMAQ\Trator Agricola\NEW HOLLAND\TS100\09_catalogo_pecas_complementar","4","False","0","pesquisar","NEW HOLLAND TS100 catalogo pecas complementar spare parts",""
"4","NEW HOLLAND","TS100","manual_complementar","E:\MANUAIS_APPMAQ\Trator Agricola\NEW HOLLAND\TS100\08_manual_complementar","4","False","0","pesquisar","NEW HOLLAND TS100 manual complementar guia tecnico",""
"4","NEW HOLLAND","TS110","catalogo_pecas_complementar","E:\MANUAIS_APPMAQ\Trator Agricola\NEW HOLLAND\TS110\09_catalogo_pecas_complementar","4","False","0","pesquisar","NEW HOLLAND TS110 catalogo pecas complementar spare parts",""
"4","NEW HOLLAND","TS110","manual_complementar","E:\MANUAIS_APPMAQ\Trator Agricola\NEW HOLLAND\TS110\08_manual_complementar","4","False","0","pesquisar","NEW HOLLAND TS110 manual complementar guia tecnico",""
"4","NEW HOLLAND","TS120","catalogo_pecas_complementar","E:\MANUAIS_APPMAQ\Trator Agricola\NEW HOLLAND\TS120\09_catalogo_pecas_complementar","4","False","0","pesquisar","NEW HOLLAND TS120 catalogo pecas complementar spare parts",""
"4","NEW HOLLAND","TS120","manual_complementar","E:\MANUAIS_APPMAQ\Trator Agricola\NEW HOLLAND\TS120\08_manual_complementar","4","False","0","pesquisar","NEW HOLLAND TS120 manual complementar guia tecnico",""
"4","NEW HOLLAND","TS6020","catalogo_pecas_complementar","E:\MANUAIS_APPMAQ\Trator Agricola\NEW HOLLAND\TS6020\09_catalogo_pecas_complementar","3","False","0","pesquisar","NEW HOLLAND TS6020 catalogo pecas complementar spare parts",""
"4","NEW HOLLAND","TS6020","manual_complementar","E:\MANUAIS_APPMAQ\Trator Agricola\NEW HOLLAND\TS6020\08_manual_complementar","3","False","0","pesquisar","NEW HOLLAND TS6020 manual complementar guia tecnico",""
"4","NEW HOLLAND","TS6040","catalogo_pecas_complementar","E:\MANUAIS_APPMAQ\Trator Agricola\NEW HOLLAND\TS6040\09_catalogo_pecas_complementar","3","False","0","pesquisar","NEW HOLLAND TS6040 catalogo pecas complementar spare parts",""
"4","NEW HOLLAND","TS6040","manual_complementar","E:\MANUAIS_APPMAQ\Trator Agricola\NEW HOLLAND\TS6040\08_manual_complementar","3","False","0","pesquisar","NEW HOLLAND TS6040 manual complementar guia tecnico",""
"4","NEW HOLLAND","TT3.50","catalogo_pecas_complementar","E:\MANUAIS_APPMAQ\Trator Agricola\NEW HOLLAND\TT3.50\09_catalogo_pecas_complementar","4","False","0","pesquisar","NEW HOLLAND TT3.50 catalogo pecas complementar spare parts",""
"4","NEW HOLLAND","TT3.50","manual_complementar","E:\MANUAIS_APPMAQ\Trator Agricola\NEW HOLLAND\TT3.50\08_manual_complementar","4","False","0","pesquisar","NEW HOLLAND TT3.50 manual complementar guia tecnico",""
"4","NEW HOLLAND","TT3840","catalogo_pecas_complementar","E:\MANUAIS_APPMAQ\Trator Agricola\NEW HOLLAND\TT3840\09_catalogo_pecas_complementar","5","False","0","pesquisar","NEW HOLLAND TT3840 catalogo pecas complementar spare parts",""
"4","NEW HOLLAND","TT3840","manual_complementar","E:\MANUAIS_APPMAQ\Trator Agricola\NEW HOLLAND\TT3840\08_manual_complementar","5","False","0","pesquisar","NEW HOLLAND TT3840 manual complementar guia tecnico",""
"4","NEW HOLLAND","TT3880","catalogo_pecas_complementar","E:\MANUAIS_APPMAQ\Trator Agricola\NEW HOLLAND\TT3880\09_catalogo_pecas_complementar","5","False","0","pesquisar","NEW HOLLAND TT3880 catalogo pecas complementar spare parts",""
"4","NEW HOLLAND","TT3880","manual_complementar","E:\MANUAIS_APPMAQ\Trator Agricola\NEW HOLLAND\TT3880\08_manual_complementar","5","False","0","pesquisar","NEW HOLLAND TT3880 manual complementar guia tecnico",""
"4","NEW HOLLAND","TT3880F","catalogo_pecas_complementar","E:\MANUAIS_APPMAQ\Trator Agricola\NEW HOLLAND\TT3880F\09_catalogo_pecas_complementar","5","False","0","pesquisar","NEW HOLLAND TT3880F catalogo pecas complementar spare parts",""
"4","NEW HOLLAND","TT3880F","manual_complementar","E:\MANUAIS_APPMAQ\Trator Agricola\NEW HOLLAND\TT3880F\08_manual_complementar","5","False","0","pesquisar","NEW HOLLAND TT3880F manual complementar guia tecnico",""
"4","NEW HOLLAND","TT4.75","catalogo_pecas_complementar","E:\MANUAIS_APPMAQ\Trator Agricola\NEW HOLLAND\TT4.75\09_catalogo_pecas_complementar","6","False","0","pesquisar","NEW HOLLAND TT4.75 catalogo pecas complementar spare parts",""
"4","NEW HOLLAND","TT4.75","manual_complementar","E:\MANUAIS_APPMAQ\Trator Agricola\NEW HOLLAND\TT4.75\08_manual_complementar","6","False","0","pesquisar","NEW HOLLAND TT4.75 manual complementar guia tecnico",""
"4","NEW HOLLAND","TT4.90","catalogo_pecas_complementar","E:\MANUAIS_APPMAQ\Trator Agricola\NEW HOLLAND\TT4.90\09_catalogo_pecas_complementar","5","False","0","pesquisar","NEW HOLLAND TT4.90 catalogo pecas complementar spare parts",""
"4","NEW HOLLAND","TT4.90","manual_complementar","E:\MANUAIS_APPMAQ\Trator Agricola\NEW HOLLAND\TT4.90\08_manual_complementar","5","False","0","pesquisar","NEW HOLLAND TT4.90 manual complementar guia tecnico",""
"4","NEW HOLLAND","TT4030","catalogo_pecas_complementar","E:\MANUAIS_APPMAQ\Trator Agricola\NEW HOLLAND\TT4030\09_catalogo_pecas_complementar","5","False","0","pesquisar","NEW HOLLAND TT4030 catalogo pecas complementar spare parts",""
"4","NEW HOLLAND","TT4030","manual_complementar","E:\MANUAIS_APPMAQ\Trator Agricola\NEW HOLLAND\TT4030\08_manual_complementar","5","False","0","pesquisar","NEW HOLLAND TT4030 manual complementar guia tecnico",""
"4","NEW HOLLAND","TT55","catalogo_pecas_complementar","E:\MANUAIS_APPMAQ\Trator Agricola\NEW HOLLAND\TT55\09_catalogo_pecas_complementar","0","False","0","pesquisar","NEW HOLLAND TT55 catalogo pecas complementar spare parts","TT55F"
"4","NEW HOLLAND","TT55","manual_complementar","E:\MANUAIS_APPMAQ\Trator Agricola\NEW HOLLAND\TT55\08_manual_complementar","0","False","0","pesquisar","NEW HOLLAND TT55 manual complementar guia tecnico","TT55F"
"4","NEW HOLLAND","TT65F","catalogo_pecas_complementar","E:\MANUAIS_APPMAQ\Trator Agricola\NEW HOLLAND\TT65F\09_catalogo_pecas_complementar","5","False","0","pesquisar","NEW HOLLAND TT65F catalogo pecas complementar spare parts",""
"4","NEW HOLLAND","TT65F","manual_complementar","E:\MANUAIS_APPMAQ\Trator Agricola\NEW HOLLAND\TT65F\08_manual_complementar","5","False","0","pesquisar","NEW HOLLAND TT65F manual complementar guia tecnico",""
"4","NEW HOLLAND","TT75","catalogo_pecas_complementar","E:\MANUAIS_APPMAQ\Trator Agricola\NEW HOLLAND\TT75\09_catalogo_pecas_complementar","0","False","0","pesquisar","NEW HOLLAND TT75 catalogo pecas complementar spare parts","TT75F"
"4","NEW HOLLAND","TT75","manual_complementar","E:\MANUAIS_APPMAQ\Trator Agricola\NEW HOLLAND\TT75\08_manual_complementar","0","False","0","pesquisar","NEW HOLLAND TT75 manual complementar guia tecnico","TT75F"
"4","VALTRA","1280","catalogo_pecas_complementar","E:\MANUAIS_APPMAQ\Trator Agricola\VALTRA\1280\09_catalogo_pecas_complementar","4","False","0","pesquisar","VALTRA 1280 catalogo pecas complementar spare parts",""
"4","VALTRA","1280","manual_complementar","E:\MANUAIS_APPMAQ\Trator Agricola\VALTRA\1280\08_manual_complementar","4","False","0","pesquisar","VALTRA 1280 manual complementar guia tecnico",""
"4","VALTRA","1380 S","catalogo_pecas_complementar","E:\MANUAIS_APPMAQ\Trator Agricola\VALTRA\1380 S\09_catalogo_pecas_complementar","4","False","0","pesquisar","VALTRA 1380 S catalogo pecas complementar spare parts",""
"4","VALTRA","1380 S","manual_complementar","E:\MANUAIS_APPMAQ\Trator Agricola\VALTRA\1380 S\08_manual_complementar","4","False","0","pesquisar","VALTRA 1380 S manual complementar guia tecnico",""
"4","VALTRA","1780","catalogo_pecas_complementar","E:\MANUAIS_APPMAQ\Trator Agricola\VALTRA\1780\09_catalogo_pecas_complementar","4","False","0","pesquisar","VALTRA 1780 catalogo pecas complementar spare parts",""
"4","VALTRA","1780","manual_complementar","E:\MANUAIS_APPMAQ\Trator Agricola\VALTRA\1780\08_manual_complementar","4","False","0","pesquisar","VALTRA 1780 manual complementar guia tecnico",""
"4","VALTRA","585","catalogo_pecas_complementar","E:\MANUAIS_APPMAQ\Trator Agricola\VALTRA\585\09_catalogo_pecas_complementar","5","False","0","pesquisar","VALTRA 585 catalogo pecas complementar spare parts",""
"4","VALTRA","585","manual_complementar","E:\MANUAIS_APPMAQ\Trator Agricola\VALTRA\585\08_manual_complementar","5","False","0","pesquisar","VALTRA 585 manual complementar guia tecnico",""
"4","VALTRA","685","catalogo_pecas_complementar","E:\MANUAIS_APPMAQ\Trator Agricola\VALTRA\685\09_catalogo_pecas_complementar","5","False","0","pesquisar","VALTRA 685 catalogo pecas complementar spare parts",""
"4","VALTRA","685","manual_complementar","E:\MANUAIS_APPMAQ\Trator Agricola\VALTRA\685\08_manual_complementar","5","False","0","pesquisar","VALTRA 685 manual complementar guia tecnico",""
"4","VALTRA","785","catalogo_pecas_complementar","E:\MANUAIS_APPMAQ\Trator Agricola\VALTRA\785\09_catalogo_pecas_complementar","5","False","0","pesquisar","VALTRA 785 catalogo pecas complementar spare parts",""
"4","VALTRA","785","manual_complementar","E:\MANUAIS_APPMAQ\Trator Agricola\VALTRA\785\08_manual_complementar","5","False","0","pesquisar","VALTRA 785 manual complementar guia tecnico",""
"4","VALTRA","800","catalogo_pecas_complementar","E:\MANUAIS_APPMAQ\Trator Agricola\VALTRA\800\09_catalogo_pecas_complementar","4","False","0","pesquisar","VALTRA 800 catalogo pecas complementar spare parts",""
"4","VALTRA","800","manual_complementar","E:\MANUAIS_APPMAQ\Trator Agricola\VALTRA\800\08_manual_complementar","4","False","0","pesquisar","VALTRA 800 manual complementar guia tecnico",""
"4","VALTRA","885","catalogo_pecas_complementar","E:\MANUAIS_APPMAQ\Trator Agricola\VALTRA\885\09_catalogo_pecas_complementar","4","False","0","pesquisar","VALTRA 885 catalogo pecas complementar spare parts",""
"4","VALTRA","885","manual_complementar","E:\MANUAIS_APPMAQ\Trator Agricola\VALTRA\885\08_manual_complementar","4","False","0","pesquisar","VALTRA 885 manual complementar guia tecnico",""
"4","VALTRA","985","catalogo_pecas_complementar","E:\MANUAIS_APPMAQ\Trator Agricola\VALTRA\985\09_catalogo_pecas_complementar","4","False","0","pesquisar","VALTRA 985 catalogo pecas complementar spare parts",""
"4","VALTRA","985","manual_complementar","E:\MANUAIS_APPMAQ\Trator Agricola\VALTRA\985\08_manual_complementar","4","False","0","pesquisar","VALTRA 985 manual complementar guia tecnico",""
"4","VALTRA","A104","catalogo_pecas_complementar","E:\MANUAIS_APPMAQ\Trator Agricola\VALTRA\A104\09_catalogo_pecas_complementar","7","False","0","pesquisar","VALTRA A104 catalogo pecas complementar spare parts",""
"4","VALTRA","A104","manual_complementar","E:\MANUAIS_APPMAQ\Trator Agricola\VALTRA\A104\08_manual_complementar","7","False","0","pesquisar","VALTRA A104 manual complementar guia tecnico",""
"4","VALTRA","A114","catalogo_pecas_complementar","E:\MANUAIS_APPMAQ\Trator Agricola\VALTRA\A114\09_catalogo_pecas_complementar","7","False","0","pesquisar","VALTRA A114 catalogo pecas complementar spare parts",""
"4","VALTRA","A114","manual_complementar","E:\MANUAIS_APPMAQ\Trator Agricola\VALTRA\A114\08_manual_complementar","7","False","0","pesquisar","VALTRA A114 manual complementar guia tecnico",""
"4","VALTRA","A114LP","catalogo_pecas_complementar","E:\MANUAIS_APPMAQ\Trator Agricola\VALTRA\A114LP\09_catalogo_pecas_complementar","4","False","0","pesquisar","VALTRA A114LP catalogo pecas complementar spare parts",""
"4","VALTRA","A114LP","manual_complementar","E:\MANUAIS_APPMAQ\Trator Agricola\VALTRA\A114LP\08_manual_complementar","4","False","0","pesquisar","VALTRA A114LP manual complementar guia tecnico",""
"4","VALTRA","A124","catalogo_pecas_complementar","E:\MANUAIS_APPMAQ\Trator Agricola\VALTRA\A124\09_catalogo_pecas_complementar","7","False","0","pesquisar","VALTRA A124 catalogo pecas complementar spare parts",""
"4","VALTRA","A124","manual_complementar","E:\MANUAIS_APPMAQ\Trator Agricola\VALTRA\A124\08_manual_complementar","7","False","0","pesquisar","VALTRA A124 manual complementar guia tecnico",""
"4","VALTRA","A124H","catalogo_pecas_complementar","E:\MANUAIS_APPMAQ\Trator Agricola\VALTRA\A124H\09_catalogo_pecas_complementar","5","False","0","pesquisar","VALTRA A124H catalogo pecas complementar spare parts",""
"4","VALTRA","A124H","manual_complementar","E:\MANUAIS_APPMAQ\Trator Agricola\VALTRA\A124H\08_manual_complementar","5","False","0","pesquisar","VALTRA A124H manual complementar guia tecnico",""
"4","VALTRA","A124LC","catalogo_pecas_complementar","E:\MANUAIS_APPMAQ\Trator Agricola\VALTRA\A124LC\09_catalogo_pecas_complementar","4","False","0","pesquisar","VALTRA A124LC catalogo pecas complementar spare parts",""
"4","VALTRA","A124LC","manual_complementar","E:\MANUAIS_APPMAQ\Trator Agricola\VALTRA\A124LC\08_manual_complementar","4","False","0","pesquisar","VALTRA A124LC manual complementar guia tecnico",""
"4","VALTRA","A124LP","catalogo_pecas_complementar","E:\MANUAIS_APPMAQ\Trator Agricola\VALTRA\A124LP\09_catalogo_pecas_complementar","4","False","0","pesquisar","VALTRA A124LP catalogo pecas complementar spare parts",""
"4","VALTRA","A124LP","manual_complementar","E:\MANUAIS_APPMAQ\Trator Agricola\VALTRA\A124LP\08_manual_complementar","4","False","0","pesquisar","VALTRA A124LP manual complementar guia tecnico",""
"4","VALTRA","A134","catalogo_pecas_complementar","E:\MANUAIS_APPMAQ\Trator Agricola\VALTRA\A134\09_catalogo_pecas_complementar","7","False","0","pesquisar","VALTRA A134 catalogo pecas complementar spare parts",""
"4","VALTRA","A134","manual_complementar","E:\MANUAIS_APPMAQ\Trator Agricola\VALTRA\A134\08_manual_complementar","7","False","0","pesquisar","VALTRA A134 manual complementar guia tecnico",""
"4","VALTRA","A134H","catalogo_pecas_complementar","E:\MANUAIS_APPMAQ\Trator Agricola\VALTRA\A134H\09_catalogo_pecas_complementar","5","False","0","pesquisar","VALTRA A134H catalogo pecas complementar spare parts",""
"4","VALTRA","A134H","manual_complementar","E:\MANUAIS_APPMAQ\Trator Agricola\VALTRA\A134H\08_manual_complementar","5","False","0","pesquisar","VALTRA A134H manual complementar guia tecnico",""
"4","VALTRA","A144","catalogo_pecas_complementar","E:\MANUAIS_APPMAQ\Trator Agricola\VALTRA\A144\09_catalogo_pecas_complementar","5","False","0","pesquisar","VALTRA A144 catalogo pecas complementar spare parts",""
"4","VALTRA","A144","manual_complementar","E:\MANUAIS_APPMAQ\Trator Agricola\VALTRA\A144\08_manual_complementar","5","False","0","pesquisar","VALTRA A144 manual complementar guia tecnico",""
"4","VALTRA","A144H","catalogo_pecas_complementar","E:\MANUAIS_APPMAQ\Trator Agricola\VALTRA\A144H\09_catalogo_pecas_complementar","5","False","0","pesquisar","VALTRA A144H catalogo pecas complementar spare parts",""
"4","VALTRA","A144H","manual_complementar","E:\MANUAIS_APPMAQ\Trator Agricola\VALTRA\A144H\08_manual_complementar","5","False","0","pesquisar","VALTRA A144H manual complementar guia tecnico",""
"4","VALTRA","A144L","catalogo_pecas_complementar","E:\MANUAIS_APPMAQ\Trator Agricola\VALTRA\A144L\09_catalogo_pecas_complementar","4","False","0","pesquisar","VALTRA A144L catalogo pecas complementar spare parts",""
"4","VALTRA","A144L","manual_complementar","E:\MANUAIS_APPMAQ\Trator Agricola\VALTRA\A144L\08_manual_complementar","4","False","0","pesquisar","VALTRA A144L manual complementar guia tecnico",""
"4","VALTRA","A144LC","catalogo_pecas_complementar","E:\MANUAIS_APPMAQ\Trator Agricola\VALTRA\A144LC\09_catalogo_pecas_complementar","4","False","0","pesquisar","VALTRA A144LC catalogo pecas complementar spare parts",""
"4","VALTRA","A52s","catalogo_pecas_complementar","E:\MANUAIS_APPMAQ\Trator Agricola\VALTRA\A52s\09_catalogo_pecas_complementar","5","False","0","pesquisar","VALTRA A52s catalogo pecas complementar spare parts",""
"4","VALTRA","A52s","manual_complementar","E:\MANUAIS_APPMAQ\Trator Agricola\VALTRA\A52s\08_manual_complementar","5","False","0","pesquisar","VALTRA A52s manual complementar guia tecnico",""
"4","VALTRA","A550","catalogo_pecas_complementar","E:\MANUAIS_APPMAQ\Trator Agricola\VALTRA\A550\09_catalogo_pecas_complementar","4","False","0","pesquisar","VALTRA A550 catalogo pecas complementar spare parts",""
"4","VALTRA","A62s","catalogo_pecas_complementar","E:\MANUAIS_APPMAQ\Trator Agricola\VALTRA\A62s\09_catalogo_pecas_complementar","5","False","0","pesquisar","VALTRA A62s catalogo pecas complementar spare parts",""
"4","VALTRA","A62s","manual_complementar","E:\MANUAIS_APPMAQ\Trator Agricola\VALTRA\A62s\08_manual_complementar","5","False","0","pesquisar","VALTRA A62s manual complementar guia tecnico",""
"4","VALTRA","A63F","catalogo_pecas_complementar","E:\MANUAIS_APPMAQ\Trator Agricola\VALTRA\A63F\09_catalogo_pecas_complementar","6","False","0","pesquisar","VALTRA A63F catalogo pecas complementar spare parts",""
"4","VALTRA","A63F","manual_complementar","E:\MANUAIS_APPMAQ\Trator Agricola\VALTRA\A63F\08_manual_complementar","6","False","0","pesquisar","VALTRA A63F manual complementar guia tecnico",""
"4","VALTRA","A73F","catalogo_pecas_complementar","E:\MANUAIS_APPMAQ\Trator Agricola\VALTRA\A73F\09_catalogo_pecas_complementar","5","False","0","pesquisar","VALTRA A73F catalogo pecas complementar spare parts",""
"4","VALTRA","A73F","manual_complementar","E:\MANUAIS_APPMAQ\Trator Agricola\VALTRA\A73F\08_manual_complementar","5","False","0","pesquisar","VALTRA A73F manual complementar guia tecnico",""
"4","VALTRA","A74","catalogo_pecas_complementar","E:\MANUAIS_APPMAQ\Trator Agricola\VALTRA\A74\09_catalogo_pecas_complementar","4","False","0","pesquisar","VALTRA A74 catalogo pecas complementar spare parts",""
"4","VALTRA","A74SC","catalogo_pecas_complementar","E:\MANUAIS_APPMAQ\Trator Agricola\VALTRA\A74SC\09_catalogo_pecas_complementar","3","False","0","pesquisar","VALTRA A74SC catalogo pecas complementar spare parts",""
"4","VALTRA","A74SC","manual_complementar","E:\MANUAIS_APPMAQ\Trator Agricola\VALTRA\A74SC\08_manual_complementar","3","False","0","pesquisar","VALTRA A74SC manual complementar guia tecnico",""
"4","VALTRA","A750","catalogo_pecas_complementar","E:\MANUAIS_APPMAQ\Trator Agricola\VALTRA\A750\09_catalogo_pecas_complementar","8","False","0","pesquisar","VALTRA A750 catalogo pecas complementar spare parts",""
"4","VALTRA","A750","manual_complementar","E:\MANUAIS_APPMAQ\Trator Agricola\VALTRA\A750\08_manual_complementar","8","False","0","pesquisar","VALTRA A750 manual complementar guia tecnico",""
"4","VALTRA","A800C","catalogo_pecas_complementar","E:\MANUAIS_APPMAQ\Trator Agricola\VALTRA\A800C\09_catalogo_pecas_complementar","0","False","0","pesquisar","VALTRA A800C catalogo pecas complementar spare parts",""
"4","VALTRA","A800C","manual_complementar","E:\MANUAIS_APPMAQ\Trator Agricola\VALTRA\A800C\08_manual_complementar","0","False","0","pesquisar","VALTRA A800C manual complementar guia tecnico",""
"4","VALTRA","A800P","catalogo_pecas_complementar","E:\MANUAIS_APPMAQ\Trator Agricola\VALTRA\A800P\09_catalogo_pecas_complementar","0","False","0","pesquisar","VALTRA A800P catalogo pecas complementar spare parts",""
"4","VALTRA","A800P","manual_complementar","E:\MANUAIS_APPMAQ\Trator Agricola\VALTRA\A800P\08_manual_complementar","0","False","0","pesquisar","VALTRA A800P manual complementar guia tecnico",""
"4","VALTRA","A800R","catalogo_pecas_complementar","E:\MANUAIS_APPMAQ\Trator Agricola\VALTRA\A800R\09_catalogo_pecas_complementar","0","False","0","pesquisar","VALTRA A800R catalogo pecas complementar spare parts",""
"4","VALTRA","A800R","manual_complementar","E:\MANUAIS_APPMAQ\Trator Agricola\VALTRA\A800R\08_manual_complementar","0","False","0","pesquisar","VALTRA A800R manual complementar guia tecnico",""
"4","VALTRA","A83F","catalogo_pecas_complementar","E:\MANUAIS_APPMAQ\Trator Agricola\VALTRA\A83F\09_catalogo_pecas_complementar","6","False","0","pesquisar","VALTRA A83F catalogo pecas complementar spare parts",""
"4","VALTRA","A83F","manual_complementar","E:\MANUAIS_APPMAQ\Trator Agricola\VALTRA\A83F\08_manual_complementar","6","False","0","pesquisar","VALTRA A83F manual complementar guia tecnico",""
"4","VALTRA","A84","catalogo_pecas_complementar","E:\MANUAIS_APPMAQ\Trator Agricola\VALTRA\A84\09_catalogo_pecas_complementar","4","False","0","pesquisar","VALTRA A84 catalogo pecas complementar spare parts",""
"4","VALTRA","A84","manual_complementar","E:\MANUAIS_APPMAQ\Trator Agricola\VALTRA\A84\08_manual_complementar","4","False","0","pesquisar","VALTRA A84 manual complementar guia tecnico",""
"4","VALTRA","A850","catalogo_pecas_complementar","E:\MANUAIS_APPMAQ\Trator Agricola\VALTRA\A850\09_catalogo_pecas_complementar","0","False","0","pesquisar","VALTRA A850 catalogo pecas complementar spare parts","A850F"
"4","VALTRA","A850","manual_complementar","E:\MANUAIS_APPMAQ\Trator Agricola\VALTRA\A850\08_manual_complementar","0","False","0","pesquisar","VALTRA A850 manual complementar guia tecnico","A850F"
"4","VALTRA","A850C","catalogo_pecas_complementar","E:\MANUAIS_APPMAQ\Trator Agricola\VALTRA\A850C\09_catalogo_pecas_complementar","0","False","0","pesquisar","VALTRA A850C catalogo pecas complementar spare parts",""
"4","VALTRA","A850C","manual_complementar","E:\MANUAIS_APPMAQ\Trator Agricola\VALTRA\A850C\08_manual_complementar","0","False","0","pesquisar","VALTRA A850C manual complementar guia tecnico",""
"4","VALTRA","A850F","catalogo_pecas_complementar","E:\MANUAIS_APPMAQ\Trator Agricola\VALTRA\A850F\09_catalogo_pecas_complementar","5","False","0","pesquisar","VALTRA A850F catalogo pecas complementar spare parts",""
"4","VALTRA","A850F","manual_complementar","E:\MANUAIS_APPMAQ\Trator Agricola\VALTRA\A850F\08_manual_complementar","5","False","0","pesquisar","VALTRA A850F manual complementar guia tecnico",""
"4","VALTRA","A850R","catalogo_pecas_complementar","E:\MANUAIS_APPMAQ\Trator Agricola\VALTRA\A850R\09_catalogo_pecas_complementar","0","False","0","pesquisar","VALTRA A850R catalogo pecas complementar spare parts",""
"4","VALTRA","A850R","manual_complementar","E:\MANUAIS_APPMAQ\Trator Agricola\VALTRA\A850R\08_manual_complementar","0","False","0","pesquisar","VALTRA A850R manual complementar guia tecnico",""
"4","VALTRA","A93F","catalogo_pecas_complementar","E:\MANUAIS_APPMAQ\Trator Agricola\VALTRA\A93F\09_catalogo_pecas_complementar","6","False","0","pesquisar","VALTRA A93F catalogo pecas complementar spare parts",""
"4","VALTRA","A93F","manual_complementar","E:\MANUAIS_APPMAQ\Trator Agricola\VALTRA\A93F\08_manual_complementar","6","False","0","pesquisar","VALTRA A93F manual complementar guia tecnico",""
"4","VALTRA","A94","catalogo_pecas_complementar","E:\MANUAIS_APPMAQ\Trator Agricola\VALTRA\A94\09_catalogo_pecas_complementar","7","False","0","pesquisar","VALTRA A94 catalogo pecas complementar spare parts",""
"4","VALTRA","A950","catalogo_pecas_complementar","E:\MANUAIS_APPMAQ\Trator Agricola\VALTRA\A950\09_catalogo_pecas_complementar","0","False","0","pesquisar","VALTRA A950 catalogo pecas complementar spare parts",""
"4","VALTRA","A950","manual_complementar","E:\MANUAIS_APPMAQ\Trator Agricola\VALTRA\A950\08_manual_complementar","0","False","0","pesquisar","VALTRA A950 manual complementar guia tecnico",""
"4","VALTRA","A950C","catalogo_pecas_complementar","E:\MANUAIS_APPMAQ\Trator Agricola\VALTRA\A950C\09_catalogo_pecas_complementar","0","False","0","pesquisar","VALTRA A950C catalogo pecas complementar spare parts",""
"4","VALTRA","A950C","manual_complementar","E:\MANUAIS_APPMAQ\Trator Agricola\VALTRA\A950C\08_manual_complementar","0","False","0","pesquisar","VALTRA A950C manual complementar guia tecnico",""
"4","VALTRA","A950R","catalogo_pecas_complementar","E:\MANUAIS_APPMAQ\Trator Agricola\VALTRA\A950R\09_catalogo_pecas_complementar","0","False","0","pesquisar","VALTRA A950R catalogo pecas complementar spare parts",""
"4","VALTRA","A950R","manual_complementar","E:\MANUAIS_APPMAQ\Trator Agricola\VALTRA\A950R\08_manual_complementar","0","False","0","pesquisar","VALTRA A950R manual complementar guia tecnico",""
"4","VALTRA","A990","catalogo_pecas_complementar","E:\MANUAIS_APPMAQ\Trator Agricola\VALTRA\A990\09_catalogo_pecas_complementar","0","False","0","pesquisar","VALTRA A990 catalogo pecas complementar spare parts",""
"4","VALTRA","A990","manual_complementar","E:\MANUAIS_APPMAQ\Trator Agricola\VALTRA\A990\08_manual_complementar","0","False","0","pesquisar","VALTRA A990 manual complementar guia tecnico",""
"4","VALTRA","A990C","catalogo_pecas_complementar","E:\MANUAIS_APPMAQ\Trator Agricola\VALTRA\A990C\09_catalogo_pecas_complementar","0","False","0","pesquisar","VALTRA A990C catalogo pecas complementar spare parts",""
"4","VALTRA","A990C","manual_complementar","E:\MANUAIS_APPMAQ\Trator Agricola\VALTRA\A990C\08_manual_complementar","0","False","0","pesquisar","VALTRA A990C manual complementar guia tecnico",""
"4","VALTRA","A990R","catalogo_pecas_complementar","E:\MANUAIS_APPMAQ\Trator Agricola\VALTRA\A990R\09_catalogo_pecas_complementar","0","False","0","pesquisar","VALTRA A990R catalogo pecas complementar spare parts",""
"4","VALTRA","A990R","manual_complementar","E:\MANUAIS_APPMAQ\Trator Agricola\VALTRA\A990R\08_manual_complementar","0","False","0","pesquisar","VALTRA A990R manual complementar guia tecnico",""
"4","VALTRA","BF75","catalogo_pecas_complementar","E:\MANUAIS_APPMAQ\Trator Agricola\VALTRA\BF75\09_catalogo_pecas_complementar","5","False","0","pesquisar","VALTRA BF75 catalogo pecas complementar spare parts",""
"4","VALTRA","BF75","manual_complementar","E:\MANUAIS_APPMAQ\Trator Agricola\VALTRA\BF75\08_manual_complementar","5","False","0","pesquisar","VALTRA BF75 manual complementar guia tecnico",""
"4","VALTRA","BH140","catalogo_pecas_complementar","E:\MANUAIS_APPMAQ\Trator Agricola\VALTRA\BH140\09_catalogo_pecas_complementar","5","False","0","pesquisar","VALTRA BH140 catalogo pecas complementar spare parts",""
"4","VALTRA","BH140","manual_complementar","E:\MANUAIS_APPMAQ\Trator Agricola\VALTRA\BH140\08_manual_complementar","5","False","0","pesquisar","VALTRA BH140 manual complementar guia tecnico",""
"4","VALTRA","BH145","catalogo_pecas_complementar","E:\MANUAIS_APPMAQ\Trator Agricola\VALTRA\BH145\09_catalogo_pecas_complementar","6","False","0","pesquisar","VALTRA BH145 catalogo pecas complementar spare parts",""
"4","VALTRA","BH145","manual_complementar","E:\MANUAIS_APPMAQ\Trator Agricola\VALTRA\BH145\08_manual_complementar","6","False","0","pesquisar","VALTRA BH145 manual complementar guia tecnico",""
"4","VALTRA","BH160","catalogo_pecas_complementar","E:\MANUAIS_APPMAQ\Trator Agricola\VALTRA\BH160\09_catalogo_pecas_complementar","6","False","0","pesquisar","VALTRA BH160 catalogo pecas complementar spare parts",""
"4","VALTRA","BH160","manual_complementar","E:\MANUAIS_APPMAQ\Trator Agricola\VALTRA\BH160\08_manual_complementar","6","False","0","pesquisar","VALTRA BH160 manual complementar guia tecnico",""
"4","VALTRA","BH165","catalogo_pecas_complementar","E:\MANUAIS_APPMAQ\Trator Agricola\VALTRA\BH165\09_catalogo_pecas_complementar","7","False","0","pesquisar","VALTRA BH165 catalogo pecas complementar spare parts",""
"4","VALTRA","BH165","manual_complementar","E:\MANUAIS_APPMAQ\Trator Agricola\VALTRA\BH165\08_manual_complementar","7","False","0","pesquisar","VALTRA BH165 manual complementar guia tecnico",""
"4","VALTRA","BH180","catalogo_pecas_complementar","E:\MANUAIS_APPMAQ\Trator Agricola\VALTRA\BH180\09_catalogo_pecas_complementar","7","False","0","pesquisar","VALTRA BH180 catalogo pecas complementar spare parts",""
"4","VALTRA","BH180","manual_complementar","E:\MANUAIS_APPMAQ\Trator Agricola\VALTRA\BH180\08_manual_complementar","7","False","0","pesquisar","VALTRA BH180 manual complementar guia tecnico",""
"4","VALTRA","BH185i","catalogo_pecas_complementar","E:\MANUAIS_APPMAQ\Trator Agricola\VALTRA\BH185i\09_catalogo_pecas_complementar","8","False","0","pesquisar","VALTRA BH185i catalogo pecas complementar spare parts",""
"4","VALTRA","BH185i","manual_complementar","E:\MANUAIS_APPMAQ\Trator Agricola\VALTRA\BH185i\08_manual_complementar","8","False","0","pesquisar","VALTRA BH185i manual complementar guia tecnico",""
"4","VALTRA","BH205i","catalogo_pecas_complementar","E:\MANUAIS_APPMAQ\Trator Agricola\VALTRA\BH205i\09_catalogo_pecas_complementar","6","False","0","pesquisar","VALTRA BH205i catalogo pecas complementar spare parts",""
"4","VALTRA","BH205i","manual_complementar","E:\MANUAIS_APPMAQ\Trator Agricola\VALTRA\BH205i\08_manual_complementar","6","False","0","pesquisar","VALTRA BH205i manual complementar guia tecnico",""
"4","VALTRA","BL77","catalogo_pecas_complementar","E:\MANUAIS_APPMAQ\Trator Agricola\VALTRA\BL77\09_catalogo_pecas_complementar","4","False","0","pesquisar","VALTRA BL77 catalogo pecas complementar spare parts",""
"4","VALTRA","BL77","manual_complementar","E:\MANUAIS_APPMAQ\Trator Agricola\VALTRA\BL77\08_manual_complementar","4","False","0","pesquisar","VALTRA BL77 manual complementar guia tecnico",""
"4","VALTRA","BL88","catalogo_pecas_complementar","E:\MANUAIS_APPMAQ\Trator Agricola\VALTRA\BL88\09_catalogo_pecas_complementar","4","False","0","pesquisar","VALTRA BL88 catalogo pecas complementar spare parts",""
"4","VALTRA","BL88","manual_complementar","E:\MANUAIS_APPMAQ\Trator Agricola\VALTRA\BL88\08_manual_complementar","4","False","0","pesquisar","VALTRA BL88 manual complementar guia tecnico",""
"4","VALTRA","BM115","catalogo_pecas_complementar","E:\MANUAIS_APPMAQ\Trator Agricola\VALTRA\BM115\09_catalogo_pecas_complementar","0","False","0","pesquisar","VALTRA BM115 catalogo pecas complementar spare parts",""
"4","VALTRA","BM115","manual_complementar","E:\MANUAIS_APPMAQ\Trator Agricola\VALTRA\BM115\08_manual_complementar","0","False","0","pesquisar","VALTRA BM115 manual complementar guia tecnico",""
"4","VALTRA","BM115C","catalogo_pecas_complementar","E:\MANUAIS_APPMAQ\Trator Agricola\VALTRA\BM115C\09_catalogo_pecas_complementar","0","False","0","pesquisar","VALTRA BM115C catalogo pecas complementar spare parts",""
"4","VALTRA","BM115C","manual_complementar","E:\MANUAIS_APPMAQ\Trator Agricola\VALTRA\BM115C\08_manual_complementar","0","False","0","pesquisar","VALTRA BM115C manual complementar guia tecnico",""
"4","VALTRA","BM135","catalogo_pecas_complementar","E:\MANUAIS_APPMAQ\Trator Agricola\VALTRA\BM135\09_catalogo_pecas_complementar","0","False","0","pesquisar","VALTRA BM135 catalogo pecas complementar spare parts",""
"4","VALTRA","BM135","manual_complementar","E:\MANUAIS_APPMAQ\Trator Agricola\VALTRA\BM135\08_manual_complementar","0","False","0","pesquisar","VALTRA BM135 manual complementar guia tecnico",""
"4","VALTRA","BM135C","catalogo_pecas_complementar","E:\MANUAIS_APPMAQ\Trator Agricola\VALTRA\BM135C\09_catalogo_pecas_complementar","0","False","0","pesquisar","VALTRA BM135C catalogo pecas complementar spare parts",""
"4","VALTRA","BM135C","manual_complementar","E:\MANUAIS_APPMAQ\Trator Agricola\VALTRA\BM135C\08_manual_complementar","0","False","0","pesquisar","VALTRA BM135C manual complementar guia tecnico",""
"4","VALTRA","BT170","catalogo_pecas_complementar","E:\MANUAIS_APPMAQ\Trator Agricola\VALTRA\BT170\09_catalogo_pecas_complementar","0","False","0","pesquisar","VALTRA BT170 catalogo pecas complementar spare parts",""
"4","VALTRA","BT170","manual_complementar","E:\MANUAIS_APPMAQ\Trator Agricola\VALTRA\BT170\08_manual_complementar","0","False","0","pesquisar","VALTRA BT170 manual complementar guia tecnico",""
"4","VALTRA","BT190","catalogo_pecas_complementar","E:\MANUAIS_APPMAQ\Trator Agricola\VALTRA\BT190\09_catalogo_pecas_complementar","0","False","0","pesquisar","VALTRA BT190 catalogo pecas complementar spare parts",""
"4","VALTRA","BT190","manual_complementar","E:\MANUAIS_APPMAQ\Trator Agricola\VALTRA\BT190\08_manual_complementar","0","False","0","pesquisar","VALTRA BT190 manual complementar guia tecnico",""
"4","VALTRA","BT210","catalogo_pecas_complementar","E:\MANUAIS_APPMAQ\Trator Agricola\VALTRA\BT210\09_catalogo_pecas_complementar","0","False","0","pesquisar","VALTRA BT210 catalogo pecas complementar spare parts",""
"4","VALTRA","BT210","manual_complementar","E:\MANUAIS_APPMAQ\Trator Agricola\VALTRA\BT210\08_manual_complementar","0","False","0","pesquisar","VALTRA BT210 manual complementar guia tecnico",""
"4","VALTRA","T120","catalogo_pecas_complementar","E:\MANUAIS_APPMAQ\Trator Agricola\VALTRA\T120\09_catalogo_pecas_complementar","4","False","0","pesquisar","VALTRA T120 catalogo pecas complementar spare parts",""
"4","VALTRA","T120","manual_complementar","E:\MANUAIS_APPMAQ\Trator Agricola\VALTRA\T120\08_manual_complementar","4","False","0","pesquisar","VALTRA T120 manual complementar guia tecnico",""
"5","MASSEY FERGUSON","MF4265","manual_servico_oficina","E:\MANUAIS_APPMAQ\Trator Agricola\MASSEY FERGUSON\MF4265\02_manual_servico_oficina","7","False","1","baixado_local_validar_appmaq","MASSEY FERGUSON MF4265 manual servico oficina service workshop repair",""
"5","MASSEY FERGUSON","MF4275","manual_servico_oficina","E:\MANUAIS_APPMAQ\Trator Agricola\MASSEY FERGUSON\MF4275\02_manual_servico_oficina","8","False","1","baixado_local_validar_appmaq","MASSEY FERGUSON MF4275 manual servico oficina service workshop repair",""
"5","MASSEY FERGUSON","MF4280","manual_servico_oficina","E:\MANUAIS_APPMAQ\Trator Agricola\MASSEY FERGUSON\MF4280\02_manual_servico_oficina","5","False","1","baixado_local_validar_appmaq","MASSEY FERGUSON MF4280 manual servico oficina service workshop repair",""
"5","MASSEY FERGUSON","MF4283","manual_servico_oficina","E:\MANUAIS_APPMAQ\Trator Agricola\MASSEY FERGUSON\MF4283\02_manual_servico_oficina","6","False","1","baixado_local_validar_appmaq","MASSEY FERGUSON MF4283 manual servico oficina service workshop repair",""
"5","MASSEY FERGUSON","MF4290","manual_servico_oficina","E:\MANUAIS_APPMAQ\Trator Agricola\MASSEY FERGUSON\MF4290\02_manual_servico_oficina","1","False","1","baixado_local_validar_appmaq","MASSEY FERGUSON MF4290 manual servico oficina service workshop repair",""
"5","MASSEY FERGUSON","MF4292","manual_servico_oficina","E:\MANUAIS_APPMAQ\Trator Agricola\MASSEY FERGUSON\MF4292\02_manual_servico_oficina","6","False","1","baixado_local_validar_appmaq","MASSEY FERGUSON MF4292 manual servico oficina service workshop repair",""
"5","MASSEY FERGUSON","MF4297","manual_servico_oficina","E:\MANUAIS_APPMAQ\Trator Agricola\MASSEY FERGUSON\MF4297\02_manual_servico_oficina","6","False","1","baixado_local_validar_appmaq","MASSEY FERGUSON MF4297 manual servico oficina service workshop repair",""
"5","MASSEY FERGUSON","MF4299","manual_servico_oficina","E:\MANUAIS_APPMAQ\Trator Agricola\MASSEY FERGUSON\MF4299\02_manual_servico_oficina","6","False","1","baixado_local_validar_appmaq","MASSEY FERGUSON MF4299 manual servico oficina service workshop repair",""
"5","MASSEY FERGUSON","MF4305","manual_servico_oficina","E:\MANUAIS_APPMAQ\Trator Agricola\MASSEY FERGUSON\MF4305\02_manual_servico_oficina","3","False","1","baixado_local_validar_appmaq","MASSEY FERGUSON MF4305 manual servico oficina service workshop repair",""
"5","MASSEY FERGUSON","MF4307","manual_servico_oficina","E:\MANUAIS_APPMAQ\Trator Agricola\MASSEY FERGUSON\MF4307\02_manual_servico_oficina","6","False","1","baixado_local_validar_appmaq","MASSEY FERGUSON MF4307 manual servico oficina service workshop repair",""
"5","VALTRA","A144LC","manual_complementar","E:\MANUAIS_APPMAQ\Trator Agricola\VALTRA\A144LC\08_manual_complementar","4","False","1","baixado_local_validar_appmaq","VALTRA A144LC manual complementar guia tecnico",""
"5","VALTRA","A550","manual_complementar","E:\MANUAIS_APPMAQ\Trator Agricola\VALTRA\A550\08_manual_complementar","4","False","1","baixado_local_validar_appmaq","VALTRA A550 manual complementar guia tecnico",""
"5","VALTRA","A74","manual_complementar","E:\MANUAIS_APPMAQ\Trator Agricola\VALTRA\A74\08_manual_complementar","4","False","1","baixado_local_validar_appmaq","VALTRA A74 manual complementar guia tecnico",""
"5","VALTRA","A94","manual_complementar","E:\MANUAIS_APPMAQ\Trator Agricola\VALTRA\A94\08_manual_complementar","7","False","1","baixado_local_validar_appmaq","VALTRA A94 manual complementar guia tecnico",""
